instance_id,state_hex,optimal_cost,algorithm,algo_params,heuristic,heuristic_params,h_start,solved,termination,solution_cost,suboptimality,nodes_expanded,nodes_generated,h_batches,h_states,h_time_s,wall_time_s,batch_size
0,8cdfb65a7391e024,,idastar,"{""w"": 1.0}",pdb,"{""pdb_dir"": ""../phase1_data_generation/data/pdbs""}",36.00,1,solved,46,,22014,46622,12650,25814,2.2807,2.4849,1
1,65f87c9b3d421ae0,,idastar,"{""w"": 1.0}",pdb,"{""pdb_dir"": ""../phase1_data_generation/data/pdbs""}",38.00,1,solved,50,,333468,699446,85302,166552,15.4556,17.5753,1
2,da4f3be0c9816275,,idastar,"{""w"": 1.0}",pdb,"{""pdb_dir"": ""../phase1_data_generation/data/pdbs""}",42.00,1,solved,46,,824,1767,646,1305,0.1152,0.1238,1
3,eadbc6570128f394,,idastar,"{""w"": 1.0}",pdb,"{""pdb_dir"": ""../phase1_data_generation/data/pdbs""}",32.00,1,solved,40,,1654,3625,858,1796,0.1527,0.1668,1
4,fa8170c92d653be4,,idastar,"{""w"": 1.0}",pdb,"{""pdb_dir"": ""../phase1_data_generation/data/pdbs""}",32.00,1,solved,38,,814,1809,558,1205,0.0988,0.1066,1
5,da689174fe0523cb,,idastar,"{""w"": 1.0}",pdb,"{""pdb_dir"": ""../phase1_data_generation/data/pdbs""}",42.00,1,solved,50,,25337,53125,15318,31100,2.7337,2.9628,1
6,fa38e9bc752460d1,,idastar,"{""w"": 1.0}",pdb,"{""pdb_dir"": ""../phase1_data_generation/data/pdbs""}",34.00,1,solved,42,,4496,9789,2671,5582,0.4771,0.5186,1
7,0f6d73aeb8c51294,,idastar,"{""w"": 1.0}",pdb,"{""pdb_dir"": ""../phase1_data_generation/data/pdbs""}",32.00,1,solved,38,,975,2120,738,1578,0.1308,0.1408,1
8,f5c2ad80eb714693,,idastar,"{""w"": 1.0}",pdb,"{""pdb_dir"": ""../phase1_data_generation/data/pdbs""}",38.00,1,solved,44,,7793,16978,4128,8614,0.7226,0.7875,1
9,ea09fb7d1245386c,,idastar,"{""w"": 1.0}",pdb,"{""pdb_dir"": ""../phase1_data_generation/data/pdbs""}",34.00,1,solved,38,,548,1204,453,984,0.0792,0.0851,1
10,1f08a4d37c625eb9,,idastar,"{""w"": 1.0}",pdb,"{""pdb_dir"": ""../phase1_data_generation/data/pdbs""}",46.00,1,solved,50,,1576,3352,1228,2553,0.2136,0.2296,1
11,0cb47e6592a183df,,idastar,"{""w"": 1.0}",pdb,"{""pdb_dir"": ""../phase1_data_generation/data/pdbs""}",46.00,1,solved,50,,337,714,325,687,0.0563,0.0602,1
12,980a6fc437e2bd15,,idastar,"{""w"": 1.0}",pdb,"{""pdb_dir"": ""../phase1_data_generation/data/pdbs""}",38.00,1,solved,46,,29935,64350,14945,30815,2.6489,2.9108,1
13,ca05ed26f479b381,,idastar,"{""w"": 1.0}",pdb,"{""pdb_dir"": ""../phase1_data_generation/data/pdbs""}",38.00,1,solved,38,,51,104,52,104,0.0095,0.0103,1
14,9ec8fa3d2b645071,,idastar,"{""w"": 1.0}",pdb,"{""pdb_dir"": ""../phase1_data_generation/data/pdbs""}",30.00,1,solved,34,,357,817,291,657,0.0510,0.0549,1
15,6fbd9c583ea42017,,idastar,"{""w"": 1.0}",pdb,"{""pdb_dir"": ""../phase1_data_generation/data/pdbs""}",32.00,1,solved,40,,6443,13932,3819,7801,0.6757,0.7326,1
16,f1d7a82e340b65c9,,idastar,"{""w"": 1.0}",pdb,"{""pdb_dir"": ""../phase1_data_generation/data/pdbs""}",44.00,1,solved,44,,223,489,221,477,0.0391,0.0417,1
17,bd0c6e78a9f41352,,idastar,"{""w"": 1.0}",pdb,"{""pdb_dir"": ""../phase1_data_generation/data/pdbs""}",32.00,1,solved,34,,284,621,242,517,0.0427,0.0456,1
18,8f9d2b3046e17ac5,,idastar,"{""w"": 1.0}",pdb,"{""pdb_dir"": ""../phase1_data_generation/data/pdbs""}",38.00,1,solved,48,,7327,15953,4949,10475,0.8752,0.9443,1
19,09c5e4ad2861fb37,,idastar,"{""w"": 1.0}",pdb,"{""pdb_dir"": ""../phase1_data_generation/data/pdbs""}",40.00,1,solved,44,,511,1114,452,967,0.0794,0.0850,1
20,023e9f6db5ac1784,,idastar,"{""w"": 1.0}",pdb,"{""pdb_dir"": ""../phase1_data_generation/data/pdbs""}",38.00,1,solved,42,,939,2025,728,1569,0.1276,0.1371,1
21,3bac4f2e0581796d,,idastar,"{""w"": 1.0}",pdb,"{""pdb_dir"": ""../phase1_data_generation/data/pdbs""}",38.00,1,solved,46,,2364,4964,1530,3138,0.2717,0.2940,1
22,d90c78a4b236e5f1,,idastar,"{""w"": 1.0}",pdb,"{""pdb_dir"": ""../phase1_data_generation/data/pdbs""}",34.00,1,solved,38,,135,303,116,252,0.0205,0.0220,1
23,e2dc5af87309b641,,idastar,"{""w"": 1.0}",pdb,"{""pdb_dir"": ""../phase1_data_generation/data/pdbs""}",28.00,1,solved,38,,5120,11288,3246,6899,0.5734,0.6215,1
24,f94c7ab8650123ed,,idastar,"{""w"": 1.0}",pdb,"{""pdb_dir"": ""../phase1_data_generation/data/pdbs""}",36.00,1,solved,40,,3714,8073,2548,5347,0.4475,0.4828,1
25,cfda7312590eb648,,idastar,"{""w"": 1.0}",pdb,"{""pdb_dir"": ""../phase1_data_generation/data/pdbs""}",40.00,1,solved,48,,6636,14257,4292,8843,0.7653,0.8271,1
26,8964e23dbc0f1a75,,idastar,"{""w"": 1.0}",pdb,"{""pdb_dir"": ""../phase1_data_generation/data/pdbs""}",44.00,1,solved,54,,65668,140022,35228,71735,6.2855,6.8594,1
27,13647bae2c08d59f,,idastar,"{""w"": 1.0}",pdb,"{""pdb_dir"": ""../phase1_data_generation/data/pdbs""}",54.00,1,solved,60,,29739,63784,15545,32061,2.7546,3.0060,1
28,d208b59c46f37e1a,,idastar,"{""w"": 1.0}",pdb,"{""pdb_dir"": ""../phase1_data_generation/data/pdbs""}",40.00,1,solved,48,,5010,10605,2761,5620,0.4906,0.5335,1
29,7e158d906cf43ab2,,idastar,"{""w"": 1.0}",pdb,"{""pdb_dir"": ""../phase1_data_generation/data/pdbs""}",38.00,1,solved,44,,2739,5884,1952,4087,0.3457,0.3723,1
30,86d9b7304aef125c,,idastar,"{""w"": 1.0}",pdb,"{""pdb_dir"": ""../phase1_data_generation/data/pdbs""}",46.00,1,solved,52,,1765,3745,1429,2988,0.2542,0.2729,1
31,8d7cf61a4b0e2539,,idastar,"{""w"": 1.0}",pdb,"{""pdb_dir"": ""../phase1_data_generation/data/pdbs""}",42.00,1,solved,50,,14593,30825,9837,20155,1.7264,1.8647,1
32,b38cad416ef79052,,idastar,"{""w"": 1.0}",pdb,"{""pdb_dir"": ""../phase1_data_generation/data/pdbs""}",36.00,1,solved,44,,1776,3830,1217,2561,0.2156,0.2328,1
33,39f86eadbc027514,,idastar,"{""w"": 1.0}",pdb,"{""pdb_dir"": ""../phase1_data_generation/data/pdbs""}",36.00,1,solved,42,,1760,3857,1166,2462,0.2051,0.2217,1
34,b3ae5d607214cf98,,idastar,"{""w"": 1.0}",pdb,"{""pdb_dir"": ""../phase1_data_generation/data/pdbs""}",44.00,1,solved,54,,43701,95009,27267,56826,4.8588,5.2709,1
35,b98cdaf73605e412,,idastar,"{""w"": 1.0}",pdb,"{""pdb_dir"": ""../phase1_data_generation/data/pdbs""}",38.00,1,solved,44,,14658,32289,7766,16141,1.3540,1.4790,1
36,6f5ce03dba179482,,idastar,"{""w"": 1.0}",pdb,"{""pdb_dir"": ""../phase1_data_generation/data/pdbs""}",40.00,1,solved,44,,9848,20491,5297,10599,0.9422,1.0238,1
37,7301856e2bfac94d,,idastar,"{""w"": 1.0}",pdb,"{""pdb_dir"": ""../phase1_data_generation/data/pdbs""}",50.00,1,solved,60,,143542,301486,82265,166936,14.6472,15.9307,1
38,0fb75d943ec126a8,,idastar,"{""w"": 1.0}",pdb,"{""pdb_dir"": ""../phase1_data_generation/data/pdbs""}",36.00,1,solved,46,,30013,66068,11920,24779,2.1180,2.3447,1
39,e32c7015abd8f694,,idastar,"{""w"": 1.0}",pdb,"{""pdb_dir"": ""../phase1_data_generation/data/pdbs""}",36.00,1,solved,44,,7667,16724,5415,11484,0.9489,1.0249,1
40,f5048eb97d1a36c2,,idastar,"{""w"": 1.0}",pdb,"{""pdb_dir"": ""../phase1_data_generation/data/pdbs""}",34.00,1,solved,42,,6968,15371,3257,6888,0.5673,0.6227,1
41,63fbd92c840a751e,,idastar,"{""w"": 1.0}",pdb,"{""pdb_dir"": ""../phase1_data_generation/data/pdbs""}",42.00,1,solved,52,,43685,94777,20552,41842,3.6567,4.0120,1
42,5ecdf3b928071a46,,idastar,"{""w"": 1.0}",pdb,"{""pdb_dir"": ""../phase1_data_generation/data/pdbs""}",36.00,1,solved,40,,1179,2520,934,1964,0.1648,0.1770,1
43,e842cd67b901f3a5,,idastar,"{""w"": 1.0}",pdb,"{""pdb_dir"": ""../phase1_data_generation/data/pdbs""}",40.00,1,solved,44,,742,1526,613,1251,0.1086,0.1163,1
44,e5f1d3bc02a67498,,idastar,"{""w"": 1.0}",pdb,"{""pdb_dir"": ""../phase1_data_generation/data/pdbs""}",40.00,1,solved,48,,70463,149851,33279,67036,5.9615,6.5414,1
45,5df9b8e4a71c2036,,idastar,"{""w"": 1.0}",pdb,"{""pdb_dir"": ""../phase1_data_generation/data/pdbs""}",40.00,1,solved,46,,3838,8123,2959,6156,0.5248,0.5637,1
46,e91cf362ba5d7840,,idastar,"{""w"": 1.0}",pdb,"{""pdb_dir"": ""../phase1_data_generation/data/pdbs""}",36.00,1,solved,42,,8811,18828,5794,12005,1.0241,1.1084,1
47,134cfe8abd796052,,idastar,"{""w"": 1.0}",pdb,"{""pdb_dir"": ""../phase1_data_generation/data/pdbs""}",38.00,1,solved,46,,6184,13976,3699,7871,0.6527,0.7096,1
48,7fd425ca96083b1e,,idastar,"{""w"": 1.0}",pdb,"{""pdb_dir"": ""../phase1_data_generation/data/pdbs""}",36.00,1,solved,44,,9478,20431,6311,13220,1.1196,1.2097,1
49,e28cf1d50b4637a9,,idastar,"{""w"": 1.0}",pdb,"{""pdb_dir"": ""../phase1_data_generation/data/pdbs""}",34.00,1,solved,36,,455,967,360,754,0.0642,0.1012,1
50,6172a04cbde8f593,,idastar,"{""w"": 1.0}",pdb,"{""pdb_dir"": ""../phase1_data_generation/data/pdbs""}",48.00,1,solved,52,,1956,4173,1506,3152,0.2676,0.2874,1
51,81679da0befc3245,,idastar,"{""w"": 1.0}",pdb,"{""pdb_dir"": ""../phase1_data_generation/data/pdbs""}",42.00,1,solved,44,,283,612,273,587,0.0483,0.0515,1
52,79d850c2f6a4be31,,idastar,"{""w"": 1.0}",pdb,"{""pdb_dir"": ""../phase1_data_generation/data/pdbs""}",34.00,1,solved,44,,21490,47444,12133,25696,2.1419,2.3329,1
53,ef4568ac7d1932b0,,idastar,"{""w"": 1.0}",pdb,"{""pdb_dir"": ""../phase1_data_generation/data/pdbs""}",32.00,1,solved,44,,80104,171190,27336,55754,4.8900,5.4586,1
54,ec6d7120358b49af,,idastar,"{""w"": 1.0}",pdb,"{""pdb_dir"": ""../phase1_data_generation/data/pdbs""}",42.00,1,solved,50,,11135,22877,6853,13779,1.2150,1.3141,1
55,b8f4c015e69d327a,,idastar,"{""w"": 1.0}",pdb,"{""pdb_dir"": ""../phase1_data_generation/data/pdbs""}",38.00,1,solved,44,,2967,6367,1919,3979,0.3399,0.3671,1
56,d7083c5469efa21b,,idastar,"{""w"": 1.0}",pdb,"{""pdb_dir"": ""../phase1_data_generation/data/pdbs""}",40.00,1,solved,46,,892,1936,747,1586,0.1326,0.1423,1
57,ce856da1b9f47230,,idastar,"{""w"": 1.0}",pdb,"{""pdb_dir"": ""../phase1_data_generation/data/pdbs""}",38.00,1,solved,42,,471,998,369,774,0.0655,0.0704,1
58,bc9e83f60a74125d,,idastar,"{""w"": 1.0}",pdb,"{""pdb_dir"": ""../phase1_data_generation/data/pdbs""}",40.00,1,solved,46,,2691,5821,1878,3878,0.3337,0.3599,1
59,fcbd1e49720856a3,,idastar,"{""w"": 1.0}",pdb,"{""pdb_dir"": ""../phase1_data_generation/data/pdbs""}",40.00,1,solved,44,,1133,2457,969,2061,0.1721,0.1846,1
60,370fd5c469ab28e1,,idastar,"{""w"": 1.0}",pdb,"{""pdb_dir"": ""../phase1_data_generation/data/pdbs""}",40.00,1,solved,44,,166,365,156,339,0.0275,0.0295,1
61,d3bf746c08e92a15,,idastar,"{""w"": 1.0}",pdb,"{""pdb_dir"": ""../phase1_data_generation/data/pdbs""}",40.00,1,solved,42,,114,243,105,226,0.0184,0.0197,1
62,02f596cb7ade1348,,idastar,"{""w"": 1.0}",pdb,"{""pdb_dir"": ""../phase1_data_generation/data/pdbs""}",38.00,1,solved,48,,59231,121605,30907,61296,5.5112,6.0153,1
63,7f0e9a832dcb6145,,idastar,"{""w"": 1.0}",pdb,"{""pdb_dir"": ""../phase1_data_generation/data/pdbs""}",38.00,1,solved,40,,1100,2441,594,1278,0.1064,0.1159,1
64,94dc8ea60b3172f5,,idastar,"{""w"": 1.0}",pdb,"{""pdb_dir"": ""../phase1_data_generation/data/pdbs""}",38.00,1,solved,40,,201,438,178,382,0.0317,0.0339,1
65,2f3d5e748169a0cb,,idastar,"{""w"": 1.0}",pdb,"{""pdb_dir"": ""../phase1_data_generation/data/pdbs""}",46.00,1,solved,52,,6859,14492,4822,9859,0.8587,0.9254,1
66,2c08a4b9f7513de6,,idastar,"{""w"": 1.0}",pdb,"{""pdb_dir"": ""../phase1_data_generation/data/pdbs""}",38.00,1,solved,46,,11225,24570,6573,13901,1.1495,1.2497,1
67,e5b973c86f0d412a,,idastar,"{""w"": 1.0}",pdb,"{""pdb_dir"": ""../phase1_data_generation/data/pdbs""}",40.00,1,solved,44,,420,916,319,667,0.0558,0.0600,1
68,2f5c6d840e31ab79,,idastar,"{""w"": 1.0}",pdb,"{""pdb_dir"": ""../phase1_data_generation/data/pdbs""}",34.00,1,solved,40,,2208,4758,1662,3526,0.2894,0.3117,1
69,d6fca037b254e198,,idastar,"{""w"": 1.0}",pdb,"{""pdb_dir"": ""../phase1_data_generation/data/pdbs""}",38.00,1,solved,48,,85936,184763,44198,90747,7.8698,8.6060,1
70,a7ed91c82f453b60,,idastar,"{""w"": 1.0}",pdb,"{""pdb_dir"": ""../phase1_data_generation/data/pdbs""}",34.00,1,solved,40,,1513,3387,1078,2357,0.1905,0.2055,1
71,4b7d2f5a06ec1389,,idastar,"{""w"": 1.0}",pdb,"{""pdb_dir"": ""../phase1_data_generation/data/pdbs""}",42.00,1,solved,44,,1681,3593,978,1991,0.1736,0.1882,1
72,098eab472d6c351f,,idastar,"{""w"": 1.0}",pdb,"{""pdb_dir"": ""../phase1_data_generation/data/pdbs""}",40.00,1,solved,46,,1750,3881,1235,2651,0.2183,0.2356,1
73,af45c2b80e931d67,,idastar,"{""w"": 1.0}",pdb,"{""pdb_dir"": ""../phase1_data_generation/data/pdbs""}",46.00,1,solved,56,,59234,120148,28695,55661,5.1149,5.5851,1
74,be08179d6a2fc354,,idastar,"{""w"": 1.0}",pdb,"{""pdb_dir"": ""../phase1_data_generation/data/pdbs""}",36.00,1,solved,48,,26506,59272,13091,27491,2.3237,2.5465,1
75,3db4a19e7f05286c,,idastar,"{""w"": 1.0}",pdb,"{""pdb_dir"": ""../phase1_data_generation/data/pdbs""}",42.00,1,solved,50,,16061,35335,9995,20957,1.7674,1.9174,1
76,76ecf3d49805ba21,,idastar,"{""w"": 1.0}",pdb,"{""pdb_dir"": ""../phase1_data_generation/data/pdbs""}",26.00,1,solved,36,,6447,14415,3198,6711,0.5712,0.6254,1
77,facb6e19430d8725,,idastar,"{""w"": 1.0}",pdb,"{""pdb_dir"": ""../phase1_data_generation/data/pdbs""}",36.00,1,solved,44,,4776,10321,2678,5563,0.4752,0.5164,1
78,4906fce2b7d853a1,,idastar,"{""w"": 1.0}",pdb,"{""pdb_dir"": ""../phase1_data_generation/data/pdbs""}",40.00,1,solved,44,,1693,3585,1223,2487,0.2178,0.2343,1
79,46d780f9b5eca213,,idastar,"{""w"": 1.0}",pdb,"{""pdb_dir"": ""../phase1_data_generation/data/pdbs""}",46.00,1,solved,56,,172780,360949,92328,184807,16.4870,17.9845,1
80,de07416b398fa25c,,idastar,"{""w"": 1.0}",pdb,"{""pdb_dir"": ""../phase1_data_generation/data/pdbs""}",46.00,1,solved,52,,4538,9472,3560,7352,0.6290,0.6755,1
81,cb1afe9d62387045,,idastar,"{""w"": 1.0}",pdb,"{""pdb_dir"": ""../phase1_data_generation/data/pdbs""}",32.00,1,solved,34,,76,179,60,134,0.0107,0.0115,1
82,d5fc3ea8790146b2,,idastar,"{""w"": 1.0}",pdb,"{""pdb_dir"": ""../phase1_data_generation/data/pdbs""}",36.00,1,solved,40,,291,629,277,595,0.0493,0.0527,1
83,689f42bcd3e57a10,,idastar,"{""w"": 1.0}",pdb,"{""pdb_dir"": ""../phase1_data_generation/data/pdbs""}",40.00,1,solved,48,,5307,11141,3457,7015,0.6153,0.6647,1
84,384e67c0af291bd5,,idastar,"{""w"": 1.0}",pdb,"{""pdb_dir"": ""../phase1_data_generation/data/pdbs""}",42.00,1,solved,50,,38099,82919,20182,41720,3.5906,3.9217,1
85,f9d485730cb1a6e2,,idastar,"{""w"": 1.0}",pdb,"{""pdb_dir"": ""../phase1_data_generation/data/pdbs""}",40.00,1,solved,48,,2719,5813,2057,4352,0.3659,0.3944,1
86,f94c758ab631e2d0,,idastar,"{""w"": 1.0}",pdb,"{""pdb_dir"": ""../phase1_data_generation/data/pdbs""}",34.00,1,solved,42,,5058,11271,2719,5769,0.4866,0.5315,1
87,5becf9a0714d6328,,idastar,"{""w"": 1.0}",pdb,"{""pdb_dir"": ""../phase1_data_generation/data/pdbs""}",30.00,1,solved,34,,1078,2349,771,1634,0.1362,0.1470,1
88,670f591ce3d2a48b,,idastar,"{""w"": 1.0}",pdb,"{""pdb_dir"": ""../phase1_data_generation/data/pdbs""}",40.00,1,solved,48,,17633,37159,9483,18970,1.7011,1.8518,1
89,0d1ef39c7a524b68,,idastar,"{""w"": 1.0}",pdb,"{""pdb_dir"": ""../phase1_data_generation/data/pdbs""}",36.00,1,solved,44,,3946,8410,2542,5187,0.4542,0.4905,1
90,d18cf0e27946a5b3,,idastar,"{""w"": 1.0}",pdb,"{""pdb_dir"": ""../phase1_data_generation/data/pdbs""}",38.00,1,solved,44,,2668,5687,2197,4576,0.3929,0.4393,1
91,0389af6e2b7dc154,,idastar,"{""w"": 1.0}",pdb,"{""pdb_dir"": ""../phase1_data_generation/data/pdbs""}",38.00,1,solved,44,,2487,5433,1170,2475,0.2075,0.2269,1
92,76c9a048febd2351,,idastar,"{""w"": 1.0}",pdb,"{""pdb_dir"": ""../phase1_data_generation/data/pdbs""}",34.00,1,solved,40,,3847,8354,2753,5833,0.4834,0.5214,1
93,c207ebd8f6a19543,,idastar,"{""w"": 1.0}",pdb,"{""pdb_dir"": ""../phase1_data_generation/data/pdbs""}",42.00,1,solved,48,,17989,38254,8445,16982,1.4928,1.6338,1
94,7fe4bac82d651930,,idastar,"{""w"": 1.0}",pdb,"{""pdb_dir"": ""../phase1_data_generation/data/pdbs""}",32.00,1,solved,44,,19712,41972,10900,22466,1.9326,2.1041,1
95,7d6be28c3f9a1054,,idastar,"{""w"": 1.0}",pdb,"{""pdb_dir"": ""../phase1_data_generation/data/pdbs""}",28.00,1,solved,38,,3989,8737,2241,4710,0.3983,0.4332,1
96,b4d3ce96081a72f5,,idastar,"{""w"": 1.0}",pdb,"{""pdb_dir"": ""../phase1_data_generation/data/pdbs""}",46.00,1,solved,56,,23079,50125,15246,32127,2.6939,2.9151,1
97,9cab10dfe8537246,,idastar,"{""w"": 1.0}",pdb,"{""pdb_dir"": ""../phase1_data_generation/data/pdbs""}",44.00,1,solved,50,,1490,3174,1026,2109,0.1809,0.1951,1
98,c9ed7f13b405682a,,idastar,"{""w"": 1.0}",pdb,"{""pdb_dir"": ""../phase1_data_generation/data/pdbs""}",42.00,1,solved,50,,16575,35954,9086,18671,1.6226,1.7664,1
99,f58ab3427e6cd190,,idastar,"{""w"": 1.0}",pdb,"{""pdb_dir"": ""../phase1_data_generation/data/pdbs""}",40.00,1,solved,48,,12038,26173,6570,13639,1.1635,1.2666,1
100,cd9aef14265b8730,,idastar,"{""w"": 1.0}",pdb,"{""pdb_dir"": ""../phase1_data_generation/data/pdbs""}",42.00,1,solved,52,,165870,355770,75883,154983,13.5884,14.9582,1
101,29ed7f683ab4105c,,idastar,"{""w"": 1.0}",pdb,"{""pdb_dir"": ""../phase1_data_generation/data/pdbs""}",32.00,1,solved,42,,13236,29660,7186,15429,1.2769,1.3936,1
102,fd41bc60895a2e37,,idastar,"{""w"": 1.0}",pdb,"{""pdb_dir"": ""../phase1_data_generation/data/pdbs""}",40.00,1,solved,46,,2964,6216,2382,4931,0.4212,0.4522,1
103,ea017f926c5d3b84,,idastar,"{""w"": 1.0}",pdb,"{""pdb_dir"": ""../phase1_data_generation/data/pdbs""}",32.00,1,solved,44,,26980,58967,13629,28316,2.4248,2.6527,1
104,b8cfa1603d9e7254,,idastar,"{""w"": 1.0}",pdb,"{""pdb_dir"": ""../phase1_data_generation/data/pdbs""}",36.00,1,solved,42,,3373,7164,1891,3827,0.3343,0.3633,1
105,97fea518063db24c,,idastar,"{""w"": 1.0}",pdb,"{""pdb_dir"": ""../phase1_data_generation/data/pdbs""}",36.00,1,solved,40,,386,819,323,676,0.0567,0.0608,1
106,867b2fc9354ed01a,,idastar,"{""w"": 1.0}",pdb,"{""pdb_dir"": ""../phase1_data_generation/data/pdbs""}",44.00,1,solved,52,,77748,164238,41246,83303,7.3909,8.0668,1
107,7b8f3ae02c4d6915,,idastar,"{""w"": 1.0}",pdb,"{""pdb_dir"": ""../phase1_data_generation/data/pdbs""}",36.00,1,solved,38,,117,235,112,220,0.0196,0.0209,1
108,69a83015bfcd2e74,,idastar,"{""w"": 1.0}",pdb,"{""pdb_dir"": ""../phase1_data_generation/data/pdbs""}",38.00,1,solved,44,,3837,8257,2819,5912,0.4946,0.5333,1
109,5ed46b8fc70923a1,,idastar,"{""w"": 1.0}",pdb,"{""pdb_dir"": ""../phase1_data_generation/data/pdbs""}",44.00,1,solved,48,,5100,10859,3582,7369,0.6340,0.6829,1
110,d981e0af46c2b735,,idastar,"{""w"": 1.0}",pdb,"{""pdb_dir"": ""../phase1_data_generation/data/pdbs""}",38.00,1,solved,42,,318,672,260,542,0.0461,0.0494,1
111,9f0c3dab7528614e,,idastar,"{""w"": 1.0}",pdb,"{""pdb_dir"": ""../phase1_data_generation/data/pdbs""}",36.00,1,solved,42,,2668,5832,1736,3683,0.3078,0.3330,1
112,798d54b2ec0136af,,idastar,"{""w"": 1.0}",pdb,"{""pdb_dir"": ""../phase1_data_generation/data/pdbs""}",44.00,1,solved,48,,4090,9009,2519,5403,0.4446,0.4817,1
113,2ed87f340916c5ba,,idastar,"{""w"": 1.0}",pdb,"{""pdb_dir"": ""../phase1_data_generation/data/pdbs""}",44.00,1,solved,50,,14629,31861,6368,13202,1.1272,1.2401,1
114,3df75029ea186cb4,,idastar,"{""w"": 1.0}",pdb,"{""pdb_dir"": ""../phase1_data_generation/data/pdbs""}",46.00,1,solved,48,,1219,2667,894,1913,0.1561,0.1681,1
115,ba9c4827fe0d5361,,idastar,"{""w"": 1.0}",pdb,"{""pdb_dir"": ""../phase1_data_generation/data/pdbs""}",38.00,1,solved,42,,671,1499,564,1243,0.0973,0.1046,1
116,bedaf58c76023914,,idastar,"{""w"": 1.0}",pdb,"{""pdb_dir"": ""../phase1_data_generation/data/pdbs""}",28.00,1,solved,34,,2751,5839,1923,4054,0.3396,0.3660,1
117,8f36b09e24cda715,,idastar,"{""w"": 1.0}",pdb,"{""pdb_dir"": ""../phase1_data_generation/data/pdbs""}",42.00,1,solved,46,,1291,2761,1147,2437,0.2039,0.2182,1
118,fd081ce5b2a97364,,idastar,"{""w"": 1.0}",pdb,"{""pdb_dir"": ""../phase1_data_generation/data/pdbs""}",30.00,1,solved,30,,40,95,41,95,0.0072,0.0077,1
119,7e9bf05c3168d4a2,,idastar,"{""w"": 1.0}",pdb,"{""pdb_dir"": ""../phase1_data_generation/data/pdbs""}",36.00,1,solved,44,,4068,8875,2579,5401,0.4560,0.4932,1
120,a1e43fcd790b6285,,idastar,"{""w"": 1.0}",pdb,"{""pdb_dir"": ""../phase1_data_generation/data/pdbs""}",36.00,1,solved,44,,4705,10329,3167,6771,0.5602,0.6053,1
121,c6d830a51fb492e7,,idastar,"{""w"": 1.0}",pdb,"{""pdb_dir"": ""../phase1_data_generation/data/pdbs""}",40.00,1,solved,46,,12015,25448,6865,13854,1.2170,1.3219,1
122,a8cd60fb297e4351,,idastar,"{""w"": 1.0}",pdb,"{""pdb_dir"": ""../phase1_data_generation/data/pdbs""}",38.00,1,solved,42,,1550,3480,847,1811,0.1479,0.1612,1
123,84be6f3ac9d27510,,idastar,"{""w"": 1.0}",pdb,"{""pdb_dir"": ""../phase1_data_generation/data/pdbs""}",44.00,1,solved,48,,149,320,136,290,0.0242,0.0260,1
124,47a9201c3f5dbe86,,idastar,"{""w"": 1.0}",pdb,"{""pdb_dir"": ""../phase1_data_generation/data/pdbs""}",46.00,1,solved,50,,2210,4830,1741,3677,0.3023,0.3248,1
125,fe94c03a6db82517,,idastar,"{""w"": 1.0}",pdb,"{""pdb_dir"": ""../phase1_data_generation/data/pdbs""}",38.00,1,solved,44,,9158,20019,4801,10064,0.8366,0.9134,1
126,d84ce370a1f9256b,,idastar,"{""w"": 1.0}",pdb,"{""pdb_dir"": ""../phase1_data_generation/data/pdbs""}",38.00,1,solved,46,,2603,5594,1924,4006,0.3355,0.3611,1
127,cd9e1a8b0742f536,,idastar,"{""w"": 1.0}",pdb,"{""pdb_dir"": ""../phase1_data_generation/data/pdbs""}",46.00,1,solved,52,,16963,35952,11582,23878,2.0565,2.2220,1
128,6b587f1d29ac30e4,,idastar,"{""w"": 1.0}",pdb,"{""pdb_dir"": ""../phase1_data_generation/data/pdbs""}",34.00,1,solved,42,,30963,66353,13819,27899,2.4463,2.6883,1
129,ca89f035ed647b12,,idastar,"{""w"": 1.0}",pdb,"{""pdb_dir"": ""../phase1_data_generation/data/pdbs""}",36.00,1,solved,40,,161,336,144,294,0.0253,0.0271,1
130,0c8dbe9476f3512a,,idastar,"{""w"": 1.0}",pdb,"{""pdb_dir"": ""../phase1_data_generation/data/pdbs""}",42.00,1,solved,44,,504,1074,459,980,0.0808,0.0864,1
131,f31d9a54b68e207c,,idastar,"{""w"": 1.0}",pdb,"{""pdb_dir"": ""../phase1_data_generation/data/pdbs""}",38.00,1,solved,42,,855,1883,571,1219,0.1009,0.1228,1
132,e72d38cb910af645,,idastar,"{""w"": 1.0}",pdb,"{""pdb_dir"": ""../phase1_data_generation/data/pdbs""}",40.00,1,solved,46,,10257,22700,6834,14586,1.1966,1.2943,1
133,970d6f1b5ae832c4,,idastar,"{""w"": 1.0}",pdb,"{""pdb_dir"": ""../phase1_data_generation/data/pdbs""}",32.00,1,solved,40,,784,1678,505,1050,0.0892,0.0966,1
134,28f4dab037c596e1,,idastar,"{""w"": 1.0}",pdb,"{""pdb_dir"": ""../phase1_data_generation/data/pdbs""}",42.00,1,solved,48,,7493,16325,4611,9661,0.8172,0.8848,1
135,f593106ecadb8472,,idastar,"{""w"": 1.0}",pdb,"{""pdb_dir"": ""../phase1_data_generation/data/pdbs""}",52.00,1,solved,60,,392636,822966,184099,368804,33.0026,36.2291,1
136,ac983be7df145620,,idastar,"{""w"": 1.0}",pdb,"{""pdb_dir"": ""../phase1_data_generation/data/pdbs""}",38.00,1,solved,42,,452,1024,341,743,0.0592,0.0639,1
137,e601fd8ca924b375,,idastar,"{""w"": 1.0}",pdb,"{""pdb_dir"": ""../phase1_data_generation/data/pdbs""}",28.00,1,solved,34,,229,501,198,420,0.0344,0.0369,1
138,3ae9602d7fc51b84,,idastar,"{""w"": 1.0}",pdb,"{""pdb_dir"": ""../phase1_data_generation/data/pdbs""}",36.00,1,solved,42,,1998,4393,1319,2829,0.2311,0.2500,1
139,ced176fba3849025,,idastar,"{""w"": 1.0}",pdb,"{""pdb_dir"": ""../phase1_data_generation/data/pdbs""}",38.00,1,solved,46,,6501,14060,4170,8733,0.7372,0.7991,1
140,c9edba587201f634,,idastar,"{""w"": 1.0}",pdb,"{""pdb_dir"": ""../phase1_data_generation/data/pdbs""}",36.00,1,solved,40,,787,1648,566,1165,0.1000,0.1077,1
141,695abefc024178d3,,idastar,"{""w"": 1.0}",pdb,"{""pdb_dir"": ""../phase1_data_generation/data/pdbs""}",38.00,1,solved,42,,820,1783,590,1231,0.1043,0.1124,1
142,ca01b35e679d42f8,,idastar,"{""w"": 1.0}",pdb,"{""pdb_dir"": ""../phase1_data_generation/data/pdbs""}",46.00,1,solved,50,,3530,7693,2575,5465,0.4534,0.4887,1
143,9fd8a27c0e1b3645,,idastar,"{""w"": 1.0}",pdb,"{""pdb_dir"": ""../phase1_data_generation/data/pdbs""}",34.00,1,solved,40,,2435,5296,1664,3482,0.2939,0.3173,1
144,687fc5940e1adb32,,idastar,"{""w"": 1.0}",pdb,"{""pdb_dir"": ""../phase1_data_generation/data/pdbs""}",46.00,1,solved,52,,14244,28795,10806,21558,1.9260,2.0703,1
145,face3d912b648057,,idastar,"{""w"": 1.0}",pdb,"{""pdb_dir"": ""../phase1_data_generation/data/pdbs""}",38.00,1,solved,42,,1217,2657,944,2043,0.1679,0.1808,1
146,e6d5c084b23f79a1,,idastar,"{""w"": 1.0}",pdb,"{""pdb_dir"": ""../phase1_data_generation/data/pdbs""}",38.00,1,solved,42,,980,2116,796,1669,0.1410,0.1513,1
147,bdca9482f51637e0,,idastar,"{""w"": 1.0}",pdb,"{""pdb_dir"": ""../phase1_data_generation/data/pdbs""}",40.00,1,solved,44,,3763,8143,2800,5907,0.4937,0.5323,1
148,dcb2f7e0a1349685,,idastar,"{""w"": 1.0}",pdb,"{""pdb_dir"": ""../phase1_data_generation/data/pdbs""}",40.00,1,solved,46,,1805,3872,1381,2856,0.2441,0.2627,1
149,028abd63ec457f19,,idastar,"{""w"": 1.0}",pdb,"{""pdb_dir"": ""../phase1_data_generation/data/pdbs""}",42.00,1,solved,48,,861,1852,692,1466,0.1240,0.1333,1
150,bf0a34189ced6275,,idastar,"{""w"": 1.0}",pdb,"{""pdb_dir"": ""../phase1_data_generation/data/pdbs""}",38.00,1,solved,42,,965,2098,761,1624,0.1339,0.1439,1
151,6804bdc2a915f7e3,,idastar,"{""w"": 1.0}",pdb,"{""pdb_dir"": ""../phase1_data_generation/data/pdbs""}",44.00,1,solved,46,,773,1554,713,1425,0.1262,0.1347,1
152,dbc3aef529067841,,idastar,"{""w"": 1.0}",pdb,"{""pdb_dir"": ""../phase1_data_generation/data/pdbs""}",42.00,1,solved,48,,5031,10869,3852,8173,0.6829,0.7349,1
153,ef396abcd2517048,,idastar,"{""w"": 1.0}",pdb,"{""pdb_dir"": ""../phase1_data_generation/data/pdbs""}",36.00,1,solved,44,,3485,7670,2315,4868,0.4169,0.4508,1
154,f8be6d139c4527a0,,idastar,"{""w"": 1.0}",pdb,"{""pdb_dir"": ""../phase1_data_generation/data/pdbs""}",40.00,1,solved,46,,3373,7279,1958,4107,0.3475,0.3774,1
155,b85d9cf072163ae4,,idastar,"{""w"": 1.0}",pdb,"{""pdb_dir"": ""../phase1_data_generation/data/pdbs""}",30.00,1,solved,38,,1805,3976,987,2072,0.1747,0.1902,1
156,397a6d5cbe8421f0,,idastar,"{""w"": 1.0}",pdb,"{""pdb_dir"": ""../phase1_data_generation/data/pdbs""}",38.00,1,solved,44,,1944,4270,1454,3072,0.2575,0.2776,1
157,faec628d0b157943,,idastar,"{""w"": 1.0}",pdb,"{""pdb_dir"": ""../phase1_data_generation/data/pdbs""}",30.00,1,solved,32,,63,145,54,122,0.0097,0.0104,1
158,965d80c2e3ab1f74,,idastar,"{""w"": 1.0}",pdb,"{""pdb_dir"": ""../phase1_data_generation/data/pdbs""}",40.00,1,solved,44,,2224,4807,1389,2892,0.2445,0.2650,1
159,f759b6c03214e8ad,,idastar,"{""w"": 1.0}",pdb,"{""pdb_dir"": ""../phase1_data_generation/data/pdbs""}",38.00,1,solved,48,,93854,204332,39921,82405,7.1050,7.8382,1
160,be9ca14863fd5072,,idastar,"{""w"": 1.0}",pdb,"{""pdb_dir"": ""../phase1_data_generation/data/pdbs""}",36.00,1,solved,40,,911,2011,633,1354,0.1119,0.1208,1
161,ad987fbc4206315e,,idastar,"{""w"": 1.0}",pdb,"{""pdb_dir"": ""../phase1_data_generation/data/pdbs""}",38.00,1,solved,42,,1697,3659,1359,2861,0.2380,0.2557,1
162,dcea5f1063247b98,,idastar,"{""w"": 1.0}",pdb,"{""pdb_dir"": ""../phase1_data_generation/data/pdbs""}",36.00,1,solved,46,,15299,32305,9579,19522,1.6876,1.8289,1
163,fad31ec26794805b,,idastar,"{""w"": 1.0}",pdb,"{""pdb_dir"": ""../phase1_data_generation/data/pdbs""}",44.00,1,solved,54,,135691,295476,68832,142866,12.2305,13.3914,1
164,a7d96b5cf238e041,,idastar,"{""w"": 1.0}",pdb,"{""pdb_dir"": ""../phase1_data_generation/data/pdbs""}",36.00,1,solved,38,,368,786,270,571,0.0471,0.0508,1
165,2a8df0763e5914cb,,idastar,"{""w"": 1.0}",pdb,"{""pdb_dir"": ""../phase1_data_generation/data/pdbs""}",38.00,1,solved,46,,14478,30728,8154,16612,1.4475,1.5744,1
166,08af15e9bdc26473,,idastar,"{""w"": 1.0}",pdb,"{""pdb_dir"": ""../phase1_data_generation/data/pdbs""}",46.00,1,solved,52,,1556,3171,1374,2782,0.2453,0.2628,1
167,7a15e9b602dcf438,,idastar,"{""w"": 1.0}",pdb,"{""pdb_dir"": ""../phase1_data_generation/data/pdbs""}",42.00,1,solved,50,,8860,18317,6181,12452,1.1021,1.1874,1
168,84b6a0dfe275319c,,idastar,"{""w"": 1.0}",pdb,"{""pdb_dir"": ""../phase1_data_generation/data/pdbs""}",42.00,1,solved,50,,16013,34021,7973,16189,1.4109,1.5428,1
169,93e87ac50124fb6d,,idastar,"{""w"": 1.0}",pdb,"{""pdb_dir"": ""../phase1_data_generation/data/pdbs""}",40.00,1,solved,44,,1192,2670,951,2076,0.1656,0.1782,1
170,c6befd23a1487059,,idastar,"{""w"": 1.0}",pdb,"{""pdb_dir"": ""../phase1_data_generation/data/pdbs""}",40.00,1,solved,48,,3422,7026,2444,4866,0.4352,0.4685,1
171,a8f54c9de103726b,,idastar,"{""w"": 1.0}",pdb,"{""pdb_dir"": ""../phase1_data_generation/data/pdbs""}",44.00,1,solved,52,,97447,210244,34142,68715,6.1017,6.8204,1
172,dcb9fae053248617,,idastar,"{""w"": 1.0}",pdb,"{""pdb_dir"": ""../phase1_data_generation/data/pdbs""}",38.00,1,solved,48,,68244,150722,24748,50891,4.4427,4.9451,1
173,a5f8b94c6d0e7231,,idastar,"{""w"": 1.0}",pdb,"{""pdb_dir"": ""../phase1_data_generation/data/pdbs""}",36.00,1,solved,38,,261,551,247,518,0.0435,0.0465,1
174,bf4c309ae68d7521,,idastar,"{""w"": 1.0}",pdb,"{""pdb_dir"": ""../phase1_data_generation/data/pdbs""}",34.00,1,solved,38,,1685,3583,1180,2417,0.2090,0.2252,1
175,ba0d8fc67e415293,,idastar,"{""w"": 1.0}",pdb,"{""pdb_dir"": ""../phase1_data_generation/data/pdbs""}",36.00,1,solved,44,,4028,8679,2305,4718,0.4054,0.4405,1
176,bca23f780ed45196,,idastar,"{""w"": 1.0}",pdb,"{""pdb_dir"": ""../phase1_data_generation/data/pdbs""}",36.00,1,solved,44,,1750,3721,1452,3043,0.2559,0.2744,1
177,bc68a72fe41d3095,,idastar,"{""w"": 1.0}",pdb,"{""pdb_dir"": ""../phase1_data_generation/data/pdbs""}",36.00,1,solved,38,,143,312,128,274,0.0227,0.0243,1
178,5b0d39c8ae2467f1,,idastar,"{""w"": 1.0}",pdb,"{""pdb_dir"": ""../phase1_data_generation/data/pdbs""}",32.00,1,solved,44,,7666,16605,4847,10117,0.8608,0.9307,1
179,d798e064fc35ba21,,idastar,"{""w"": 1.0}",pdb,"{""pdb_dir"": ""../phase1_data_generation/data/pdbs""}",32.00,1,solved,38,,1082,2339,741,1561,0.1315,0.1418,1
180,fb9423c87a05d16e,,idastar,"{""w"": 1.0}",pdb,"{""pdb_dir"": ""../phase1_data_generation/data/pdbs""}",38.00,1,solved,46,,9359,20279,5984,12437,1.0625,1.1498,1
181,ab7f384c9d0e6125,,idastar,"{""w"": 1.0}",pdb,"{""pdb_dir"": ""../phase1_data_generation/data/pdbs""}",38.00,1,solved,44,,1485,3159,1186,2490,0.2099,0.2253,1
182,260ca319ebf45d87,,idastar,"{""w"": 1.0}",pdb,"{""pdb_dir"": ""../phase1_data_generation/data/pdbs""}",42.00,1,solved,48,,1879,4054,1527,3238,0.2693,0.2891,1
183,6f9c80bd73a452e1,,idastar,"{""w"": 1.0}",pdb,"{""pdb_dir"": ""../phase1_data_generation/data/pdbs""}",34.00,1,solved,42,,13506,29588,7010,14708,1.2427,1.3549,1
184,0a78b32e16f945dc,,idastar,"{""w"": 1.0}",pdb,"{""pdb_dir"": ""../phase1_data_generation/data/pdbs""}",46.00,1,solved,50,,3518,7255,2839,5780,0.5060,0.5421,1
185,56dc9240e3b7fa18,,idastar,"{""w"": 1.0}",pdb,"{""pdb_dir"": ""../phase1_data_generation/data/pdbs""}",38.00,1,solved,44,,4308,9266,2835,5898,0.5048,0.5454,1
186,b708dfc364ea2519,,idastar,"{""w"": 1.0}",pdb,"{""pdb_dir"": ""../phase1_data_generation/data/pdbs""}",36.00,1,solved,46,,61362,134959,20414,41717,3.6474,4.0769,1
187,7b3face5269410d8,,idastar,"{""w"": 1.0}",pdb,"{""pdb_dir"": ""../phase1_data_generation/data/pdbs""}",38.00,1,solved,48,,7660,16011,5410,11085,0.9636,1.0379,1
188,b9fc3e186524a7d0,,idastar,"{""w"": 1.0}",pdb,"{""pdb_dir"": ""../phase1_data_generation/data/pdbs""}",32.00,1,solved,38,,763,1668,606,1298,0.1082,0.1162,1
189,fcad8041b592e673,,idastar,"{""w"": 1.0}",pdb,"{""pdb_dir"": ""../phase1_data_generation/data/pdbs""}",36.00,1,solved,42,,846,1707,697,1392,0.1248,0.1337,1
190,39ebfacd62475081,,idastar,"{""w"": 1.0}",pdb,"{""pdb_dir"": ""../phase1_data_generation/data/pdbs""}",38.00,1,solved,44,,6642,14711,4018,8601,0.7085,0.7681,1
191,651e8a407dfcb392,,idastar,"{""w"": 1.0}",pdb,"{""pdb_dir"": ""../phase1_data_generation/data/pdbs""}",40.00,1,solved,50,,57652,122919,29416,59938,5.2339,5.7224,1
192,fb981e603a7524dc,,idastar,"{""w"": 1.0}",pdb,"{""pdb_dir"": ""../phase1_data_generation/data/pdbs""}",36.00,1,solved,44,,9038,19168,5711,11742,1.0268,1.1119,1
193,fa89ec1d7b653420,,idastar,"{""w"": 1.0}",pdb,"{""pdb_dir"": ""../phase1_data_generation/data/pdbs""}",32.00,1,solved,38,,1957,4319,1509,3250,0.2680,0.2883,1
194,52c8af10be396d47,,idastar,"{""w"": 1.0}",pdb,"{""pdb_dir"": ""../phase1_data_generation/data/pdbs""}",40.00,1,solved,48,,9191,20155,6119,12931,1.0826,1.1704,1
195,69e458ba37cf20d1,,idastar,"{""w"": 1.0}",pdb,"{""pdb_dir"": ""../phase1_data_generation/data/pdbs""}",42.00,1,solved,48,,14574,31744,7881,16542,1.3978,1.5228,1
196,f498e1a62503d7bc,,idastar,"{""w"": 1.0}",pdb,"{""pdb_dir"": ""../phase1_data_generation/data/pdbs""}",46.00,1,solved,54,,32453,68698,20607,42175,3.6663,3.9663,1
197,9bd87ac0e345f612,,idastar,"{""w"": 1.0}",pdb,"{""pdb_dir"": ""../phase1_data_generation/data/pdbs""}",36.00,1,solved,40,,287,630,238,516,0.0430,0.0461,1
198,9b0ef587d3c6a241,,idastar,"{""w"": 1.0}",pdb,"{""pdb_dir"": ""../phase1_data_generation/data/pdbs""}",40.00,1,solved,44,,10472,23144,5232,10751,0.9372,1.0236,1
199,fe1928adb435607c,,idastar,"{""w"": 1.0}",pdb,"{""pdb_dir"": ""../phase1_data_generation/data/pdbs""}",36.00,1,solved,40,,2665,5731,1549,3254,0.2771,0.3005,1
200,0df53c8abe124697,,idastar,"{""w"": 1.0}",pdb,"{""pdb_dir"": ""../phase1_data_generation/data/pdbs""}",44.00,1,solved,50,,10624,21671,6761,13426,1.1987,1.2957,1
201,8d5e2f3a01c976b4,,idastar,"{""w"": 1.0}",pdb,"{""pdb_dir"": ""../phase1_data_generation/data/pdbs""}",42.00,1,solved,46,,5427,11560,2828,5791,0.4991,0.5444,1
202,ceda1042bf769583,,idastar,"{""w"": 1.0}",pdb,"{""pdb_dir"": ""../phase1_data_generation/data/pdbs""}",48.00,1,solved,54,,57054,121748,29655,60240,5.3403,5.8319,1
203,94f5e8c27a0b31d6,,idastar,"{""w"": 1.0}",pdb,"{""pdb_dir"": ""../phase1_data_generation/data/pdbs""}",40.00,1,solved,44,,710,1549,598,1285,0.1055,0.1132,1
204,cf4b709ade623158,,idastar,"{""w"": 1.0}",pdb,"{""pdb_dir"": ""../phase1_data_generation/data/pdbs""}",40.00,1,solved,44,,723,1592,484,1006,0.0854,0.0923,1
205,05d8e7a4f3926b1c,,idastar,"{""w"": 1.0}",pdb,"{""pdb_dir"": ""../phase1_data_generation/data/pdbs""}",34.00,1,solved,36,,180,415,157,354,0.0275,0.0296,1
206,af7b3e15d20c4869,,idastar,"{""w"": 1.0}",pdb,"{""pdb_dir"": ""../phase1_data_generation/data/pdbs""}",44.00,1,solved,50,,8227,16588,6203,12345,1.1003,1.1832,1
207,4fc3e0a789d61b25,,idastar,"{""w"": 1.0}",pdb,"{""pdb_dir"": ""../phase1_data_generation/data/pdbs""}",44.00,1,solved,54,,134493,291210,46013,93355,8.2563,9.2213,1
208,5e6b3f4ca702d189,,idastar,"{""w"": 1.0}",pdb,"{""pdb_dir"": ""../phase1_data_generation/data/pdbs""}",44.00,1,solved,50,,27978,59890,16347,33147,2.9172,3.1672,1
209,8f6e2170a59cb34d,,idastar,"{""w"": 1.0}",pdb,"{""pdb_dir"": ""../phase1_data_generation/data/pdbs""}",34.00,1,solved,44,,7608,16032,4547,9348,0.8131,0.8813,1
210,09d1b5a4ef62c738,,idastar,"{""w"": 1.0}",pdb,"{""pdb_dir"": ""../phase1_data_generation/data/pdbs""}",38.00,1,solved,48,,10069,22108,6466,13717,1.1540,1.2495,1
211,2eb7f9d86305c4a1,,idastar,"{""w"": 1.0}",pdb,"{""pdb_dir"": ""../phase1_data_generation/data/pdbs""}",46.00,1,solved,54,,81822,174838,45627,93314,8.1977,8.9485,1
212,fd98401c27ea365b,,idastar,"{""w"": 1.0}",pdb,"{""pdb_dir"": ""../phase1_data_generation/data/pdbs""}",40.00,1,solved,44,,2652,5639,2070,4273,0.3716,0.3990,1
213,69d8c51eb703af42,,idastar,"{""w"": 1.0}",pdb,"{""pdb_dir"": ""../phase1_data_generation/data/pdbs""}",42.00,1,solved,50,,17761,37607,8721,17689,1.5606,1.7043,1
214,d983f0ce651b2a74,,idastar,"{""w"": 1.0}",pdb,"{""pdb_dir"": ""../phase1_data_generation/data/pdbs""}",36.00,1,solved,46,,23620,51767,11078,23056,1.9577,2.1493,1
215,cbadf04e79251638,,idastar,"{""w"": 1.0}",pdb,"{""pdb_dir"": ""../phase1_data_generation/data/pdbs""}",38.00,1,solved,42,,1466,3229,1079,2275,0.1928,0.2077,1
216,8ab57fcd24e13096,,idastar,"{""w"": 1.0}",pdb,"{""pdb_dir"": ""../phase1_data_generation/data/pdbs""}",36.00,1,solved,42,,2971,6360,1782,3699,0.3177,0.3440,1
217,abed3049f216758c,,idastar,"{""w"": 1.0}",pdb,"{""pdb_dir"": ""../phase1_data_generation/data/pdbs""}",32.00,1,solved,38,,561,1246,414,907,0.0742,0.0801,1
218,d968b3afe2c41075,,idastar,"{""w"": 1.0}",pdb,"{""pdb_dir"": ""../phase1_data_generation/data/pdbs""}",40.00,1,solved,46,,5767,12209,3507,7179,0.6240,0.6749,1
219,fdbca04971e53286,,idastar,"{""w"": 1.0}",pdb,"{""pdb_dir"": ""../phase1_data_generation/data/pdbs""}",26.00,1,solved,36,,11704,26474,5425,11502,0.9517,1.0452,1
220,2eb475a8360fd91c,,idastar,"{""w"": 1.0}",pdb,"{""pdb_dir"": ""../phase1_data_generation/data/pdbs""}",46.00,1,solved,54,,64261,137304,41005,84213,7.3683,7.9810,1
221,6c4baf92370d8e51,,idastar,"{""w"": 1.0}",pdb,"{""pdb_dir"": ""../phase1_data_generation/data/pdbs""}",42.00,1,solved,50,,47544,102591,21106,42817,3.7831,4.1568,1
222,2dba7e6f41c58390,,idastar,"{""w"": 1.0}",pdb,"{""pdb_dir"": ""../phase1_data_generation/data/pdbs""}",44.00,1,solved,50,,1611,3494,1217,2560,0.2168,0.2332,1
223,dafc3e890125b467,,idastar,"{""w"": 1.0}",pdb,"{""pdb_dir"": ""../phase1_data_generation/data/pdbs""}",40.00,1,solved,44,,18289,40417,10264,21263,1.8152,1.9739,1
224,7fcea0d93b821465,,idastar,"{""w"": 1.0}",pdb,"{""pdb_dir"": ""../phase1_data_generation/data/pdbs""}",32.00,1,solved,38,,614,1321,495,1031,0.0866,0.0929,1
225,b5d1cea07329f648,,idastar,"{""w"": 1.0}",pdb,"{""pdb_dir"": ""../phase1_data_generation/data/pdbs""}",40.00,1,solved,44,,997,2217,848,1850,0.1472,0.1578,1
226,fc5e8d74a602b193,,idastar,"{""w"": 1.0}",pdb,"{""pdb_dir"": ""../phase1_data_generation/data/pdbs""}",36.00,1,solved,44,,6866,14067,4490,8983,0.7857,0.8482,1
227,5dbf63ae180942c7,,idastar,"{""w"": 1.0}",pdb,"{""pdb_dir"": ""../phase1_data_generation/data/pdbs""}",48.00,1,solved,54,,13186,26097,8714,16883,1.5602,1.6811,1
228,a298be7d06c513f4,,idastar,"{""w"": 1.0}",pdb,"{""pdb_dir"": ""../phase1_data_generation/data/pdbs""}",40.00,1,solved,44,,948,2134,773,1697,0.1355,0.1458,1
229,ca18f2e50964d7b3,,idastar,"{""w"": 1.0}",pdb,"{""pdb_dir"": ""../phase1_data_generation/data/pdbs""}",38.00,1,solved,46,,3697,8083,2455,5153,0.4321,0.4669,1
230,dba6c9fe37082541,,idastar,"{""w"": 1.0}",pdb,"{""pdb_dir"": ""../phase1_data_generation/data/pdbs""}",36.00,1,solved,36,,41,93,42,93,0.0075,0.0081,1
231,6f9aed24b501c837,,idastar,"{""w"": 1.0}",pdb,"{""pdb_dir"": ""../phase1_data_generation/data/pdbs""}",42.00,1,solved,48,,4277,9049,2916,6058,0.5178,0.5582,1
232,d3c4b5af620871e9,,idastar,"{""w"": 1.0}",pdb,"{""pdb_dir"": ""../phase1_data_generation/data/pdbs""}",38.00,1,solved,44,,1846,4011,1345,2836,0.2401,0.2585,1
233,fc8de624a109b375,,idastar,"{""w"": 1.0}",pdb,"{""pdb_dir"": ""../phase1_data_generation/data/pdbs""}",30.00,1,solved,38,,1812,3825,1353,2823,0.2401,0.2581,1
234,0cb9e87f641d2a35,,idastar,"{""w"": 1.0}",pdb,"{""pdb_dir"": ""../phase1_data_generation/data/pdbs""}",40.00,1,solved,48,,2588,5561,1754,3679,0.3114,0.3360,1
235,fa9ced65324871b0,,idastar,"{""w"": 1.0}",pdb,"{""pdb_dir"": ""../phase1_data_generation/data/pdbs""}",30.00,1,solved,38,,718,1547,565,1206,0.0996,0.1070,1
236,1ab8c0d97fe36542,,idastar,"{""w"": 1.0}",pdb,"{""pdb_dir"": ""../phase1_data_generation/data/pdbs""}",42.00,1,solved,48,,7574,16681,4626,9707,0.8168,0.8859,1
237,7e8afbc095d42631,,idastar,"{""w"": 1.0}",pdb,"{""pdb_dir"": ""../phase1_data_generation/data/pdbs""}",28.00,1,solved,34,,793,1741,549,1172,0.0968,0.1044,1
238,0c85e4d2ba93716f,,idastar,"{""w"": 1.0}",pdb,"{""pdb_dir"": ""../phase1_data_generation/data/pdbs""}",40.00,1,solved,48,,1823,3903,1302,2740,0.2318,0.2500,1
239,e7fa2cbd05384169,,idastar,"{""w"": 1.0}",pdb,"{""pdb_dir"": ""../phase1_data_generation/data/pdbs""}",42.00,1,solved,48,,3006,6195,2255,4545,0.4026,0.4326,1
240,f6d4a312e90c57b8,,idastar,"{""w"": 1.0}",pdb,"{""pdb_dir"": ""../phase1_data_generation/data/pdbs""}",38.00,1,solved,48,,161154,354601,61320,126497,10.9411,12.1511,1
241,2b95ae8f371c40d6,,idastar,"{""w"": 1.0}",pdb,"{""pdb_dir"": ""../phase1_data_generation/data/pdbs""}",40.00,1,solved,46,,4579,9867,2702,5502,0.4850,0.5256,1
242,ec9ad0b53761428f,,idastar,"{""w"": 1.0}",pdb,"{""pdb_dir"": ""../phase1_data_generation/data/pdbs""}",40.00,1,solved,46,,3539,7406,2577,5269,0.4579,0.4926,1
243,1f4c5ad93e76b280,,idastar,"{""w"": 1.0}",pdb,"{""pdb_dir"": ""../phase1_data_generation/data/pdbs""}",32.00,1,solved,48,,97785,207511,46082,93258,8.2507,9.0538,1
244,5fa239670e14bc8d,,idastar,"{""w"": 1.0}",pdb,"{""pdb_dir"": ""../phase1_data_generation/data/pdbs""}",46.00,1,solved,58,,483560,1035821,214824,438141,38.1918,42.0445,1
245,ed84b0597631fac2,,idastar,"{""w"": 1.0}",pdb,"{""pdb_dir"": ""../phase1_data_generation/data/pdbs""}",34.00,1,solved,42,,3692,8051,2166,4540,0.3846,0.4171,1
246,e784cf59a30261bd,,idastar,"{""w"": 1.0}",pdb,"{""pdb_dir"": ""../phase1_data_generation/data/pdbs""}",40.00,1,solved,44,,202,430,184,384,0.0326,0.0348,1
247,bd2980afc35e6741,,idastar,"{""w"": 1.0}",pdb,"{""pdb_dir"": ""../phase1_data_generation/data/pdbs""}",46.00,1,solved,50,,4116,8983,3097,6594,0.5473,0.5886,1
248,78df103eb6a9254c,,idastar,"{""w"": 1.0}",pdb,"{""pdb_dir"": ""../phase1_data_generation/data/pdbs""}",40.00,1,solved,44,,1278,2821,882,1851,0.1574,0.1699,1
249,7a9d65bf0318c2e4,,idastar,"{""w"": 1.0}",pdb,"{""pdb_dir"": ""../phase1_data_generation/data/pdbs""}",38.00,1,solved,44,,900,1924,681,1438,0.1213,0.1305,1
250,bf2a6c31579840de,,idastar,"{""w"": 1.0}",pdb,"{""pdb_dir"": ""../phase1_data_generation/data/pdbs""}",46.00,1,solved,52,,9892,20858,6451,13168,1.1166,1.2062,1
251,5f07c694a321edb8,,idastar,"{""w"": 1.0}",pdb,"{""pdb_dir"": ""../phase1_data_generation/data/pdbs""}",42.00,1,solved,52,,24925,53338,13452,27669,2.3873,2.6238,1
252,8ef1503ab7d94c26,,idastar,"{""w"": 1.0}",pdb,"{""pdb_dir"": ""../phase1_data_generation/data/pdbs""}",50.00,1,solved,54,,6198,12684,4449,8862,0.7822,0.8415,1
253,3bae70869cdf2415,,idastar,"{""w"": 1.0}",pdb,"{""pdb_dir"": ""../phase1_data_generation/data/pdbs""}",42.00,1,solved,46,,2660,5828,1827,3892,0.3127,0.3380,1
254,0354cf2ab1897d6e,,idastar,"{""w"": 1.0}",pdb,"{""pdb_dir"": ""../phase1_data_generation/data/pdbs""}",46.00,1,solved,52,,2061,4277,1664,3421,0.2896,0.3107,1
255,f6a4be5d271390c8,,idastar,"{""w"": 1.0}",pdb,"{""pdb_dir"": ""../phase1_data_generation/data/pdbs""}",36.00,1,solved,46,,36127,77995,14751,30002,2.6170,2.8885,1
256,4d02bfc93a18756e,,idastar,"{""w"": 1.0}",pdb,"{""pdb_dir"": ""../phase1_data_generation/data/pdbs""}",42.00,1,solved,50,,68985,150309,28469,59318,5.0684,5.5892,1
257,de4162a0f8b7c953,,idastar,"{""w"": 1.0}",pdb,"{""pdb_dir"": ""../phase1_data_generation/data/pdbs""}",50.00,1,solved,58,,41700,85066,27424,54496,4.8453,5.2327,1
258,e86fa0bcd5129473,,idastar,"{""w"": 1.0}",pdb,"{""pdb_dir"": ""../phase1_data_generation/data/pdbs""}",46.00,1,solved,48,,1317,2781,733,1496,0.1303,0.1415,1
259,b8acde205f914673,,idastar,"{""w"": 1.0}",pdb,"{""pdb_dir"": ""../phase1_data_generation/data/pdbs""}",40.00,1,solved,46,,5026,10657,3345,6925,0.5928,0.6393,1
260,450bf3ad6e8192c7,,idastar,"{""w"": 1.0}",pdb,"{""pdb_dir"": ""../phase1_data_generation/data/pdbs""}",46.00,1,solved,52,,31937,68745,13934,28618,2.4627,2.7066,1
261,e845fdb90ac26713,,idastar,"{""w"": 1.0}",pdb,"{""pdb_dir"": ""../phase1_data_generation/data/pdbs""}",36.00,1,solved,40,,93,196,87,181,0.0155,0.0166,1
262,f4c1b26de35a9087,,idastar,"{""w"": 1.0}",pdb,"{""pdb_dir"": ""../phase1_data_generation/data/pdbs""}",40.00,1,solved,48,,12225,25982,7122,14333,1.2535,1.3597,1
263,e40df2c69853ba17,,idastar,"{""w"": 1.0}",pdb,"{""pdb_dir"": ""../phase1_data_generation/data/pdbs""}",38.00,1,solved,42,,633,1342,464,960,0.0810,0.0872,1
264,b1c82d6f3754a0e9,,idastar,"{""w"": 1.0}",pdb,"{""pdb_dir"": ""../phase1_data_generation/data/pdbs""}",36.00,1,solved,44,,12293,26459,5437,11053,0.9617,1.0571,1
265,e748f061a2d9c35b,,idastar,"{""w"": 1.0}",pdb,"{""pdb_dir"": ""../phase1_data_generation/data/pdbs""}",40.00,1,solved,46,,8282,18344,4181,8824,0.7481,0.8167,1
266,07cdbe94f1386a52,,idastar,"{""w"": 1.0}",pdb,"{""pdb_dir"": ""../phase1_data_generation/data/pdbs""}",36.00,1,solved,44,,13650,29467,8873,18546,1.5666,1.6947,1
267,da36f8c1e249b057,,idastar,"{""w"": 1.0}",pdb,"{""pdb_dir"": ""../phase1_data_generation/data/pdbs""}",40.00,1,solved,46,,7487,15867,5033,10288,0.8943,0.9638,1
268,b7fc13d89e65a024,,idastar,"{""w"": 1.0}",pdb,"{""pdb_dir"": ""../phase1_data_generation/data/pdbs""}",28.00,1,solved,32,,153,365,127,291,0.0225,0.0242,1
269,ba4c2fd86e713590,,idastar,"{""w"": 1.0}",pdb,"{""pdb_dir"": ""../phase1_data_generation/data/pdbs""}",28.00,1,solved,32,,41,96,37,86,0.0065,0.0070,1
270,aed9365701f2bc84,,idastar,"{""w"": 1.0}",pdb,"{""pdb_dir"": ""../phase1_data_generation/data/pdbs""}",40.00,1,solved,48,,40994,88878,24315,50893,4.3031,4.6763,1
271,adf978e13b04256c,,idastar,"{""w"": 1.0}",pdb,"{""pdb_dir"": ""../phase1_data_generation/data/pdbs""}",34.00,1,solved,40,,2008,4402,1421,3014,0.2523,0.2720,1
272,bec279680a34f1d5,,idastar,"{""w"": 1.0}",pdb,"{""pdb_dir"": ""../phase1_data_generation/data/pdbs""}",38.00,1,solved,46,,31526,68499,17243,36084,3.0503,3.3254,1
273,efcb16480275a39d,,idastar,"{""w"": 1.0}",pdb,"{""pdb_dir"": ""../phase1_data_generation/data/pdbs""}",40.00,1,solved,48,,47696,100023,25921,52437,4.6287,5.0444,1
274,7f1c4e892b03d56a,,idastar,"{""w"": 1.0}",pdb,"{""pdb_dir"": ""../phase1_data_generation/data/pdbs""}",40.00,1,solved,50,,25872,54791,16101,32841,2.8438,3.0833,1
275,6b01e854f9d2ca37,,idastar,"{""w"": 1.0}",pdb,"{""pdb_dir"": ""../phase1_data_generation/data/pdbs""}",46.00,1,solved,56,,50388,103170,34059,67977,6.0566,6.5370,1
276,adf2b6c53108e749,,idastar,"{""w"": 1.0}",pdb,"{""pdb_dir"": ""../phase1_data_generation/data/pdbs""}",36.00,1,solved,44,,8585,18418,4719,9693,0.8227,0.8951,1
277,16aef584320d97bc,,idastar,"{""w"": 1.0}",pdb,"{""pdb_dir"": ""../phase1_data_generation/data/pdbs""}",40.00,1,solved,50,,22604,48344,11610,23548,2.0725,2.2599,1
278,0a846d39e5c2b7f1,,idastar,"{""w"": 1.0}",pdb,"{""pdb_dir"": ""../phase1_data_generation/data/pdbs""}",40.00,1,solved,44,,1131,2390,811,1678,0.1447,0.1558,1
279,72ad6b591308fe4c,,idastar,"{""w"": 1.0}",pdb,"{""pdb_dir"": ""../phase1_data_generation/data/pdbs""}",36.00,1,solved,48,,39964,86068,17497,35840,3.0776,3.3888,1
280,0ce48f5b73a9d612,,idastar,"{""w"": 1.0}",pdb,"{""pdb_dir"": ""../phase1_data_generation/data/pdbs""}",40.00,1,solved,46,,2122,4437,1626,3369,0.2901,0.3119,1
281,7d0ca8f569e413b2,,idastar,"{""w"": 1.0}",pdb,"{""pdb_dir"": ""../phase1_data_generation/data/pdbs""}",36.00,1,solved,40,,1002,2181,720,1526,0.1277,0.1376,1
282,3afe59c78b14d062,,idastar,"{""w"": 1.0}",pdb,"{""pdb_dir"": ""../phase1_data_generation/data/pdbs""}",42.00,1,solved,50,,10977,22804,7791,15857,1.3605,1.4666,1
283,2f3b90cda647158e,,idastar,"{""w"": 1.0}",pdb,"{""pdb_dir"": ""../phase1_data_generation/data/pdbs""}",44.00,1,solved,52,,22039,46935,12972,26551,2.2935,2.4900,1
284,a50891dc7f426eb3,,idastar,"{""w"": 1.0}",pdb,"{""pdb_dir"": ""../phase1_data_generation/data/pdbs""}",40.00,1,solved,44,,531,1131,450,947,0.0797,0.0854,1
285,1d8f36c57a049e2b,,idastar,"{""w"": 1.0}",pdb,"{""pdb_dir"": ""../phase1_data_generation/data/pdbs""}",42.00,1,solved,52,,17338,35769,9821,19467,1.7505,1.8993,1
286,470de6ac2359f1b8,,idastar,"{""w"": 1.0}",pdb,"{""pdb_dir"": ""../phase1_data_generation/data/pdbs""}",34.00,1,solved,40,,295,630,220,457,0.0385,0.0415,1
287,b9ae5247c1f830d6,,idastar,"{""w"": 1.0}",pdb,"{""pdb_dir"": ""../phase1_data_generation/data/pdbs""}",42.00,1,solved,48,,3609,8041,1901,4040,0.3311,0.3612,1
288,f7d46ae95c183b20,,idastar,"{""w"": 1.0}",pdb,"{""pdb_dir"": ""../phase1_data_generation/data/pdbs""}",32.00,1,solved,40,,4347,9701,2880,6240,0.4952,0.5362,1
289,f64ae95cb208731d,,idastar,"{""w"": 1.0}",pdb,"{""pdb_dir"": ""../phase1_data_generation/data/pdbs""}",32.00,1,solved,34,,101,229,83,187,0.0141,0.0152,1
290,aebd72c93f518640,,idastar,"{""w"": 1.0}",pdb,"{""pdb_dir"": ""../phase1_data_generation/data/pdbs""}",36.00,1,solved,40,,349,780,291,655,0.0497,0.0533,1
291,ebd8f2ac75013694,,idastar,"{""w"": 1.0}",pdb,"{""pdb_dir"": ""../phase1_data_generation/data/pdbs""}",28.00,1,solved,30,,125,272,96,205,0.0163,0.0176,1
292,f5ac89d64321e0b7,,idastar,"{""w"": 1.0}",pdb,"{""pdb_dir"": ""../phase1_data_generation/data/pdbs""}",42.00,1,solved,48,,15977,34761,6733,13834,1.1857,1.3233,1
293,3d6f25ac07e1498b,,idastar,"{""w"": 1.0}",pdb,"{""pdb_dir"": ""../phase1_data_generation/data/pdbs""}",42.00,1,solved,52,,72542,144651,42610,81997,7.6634,8.3080,1
294,3fc5a01de7289b64,,idastar,"{""w"": 1.0}",pdb,"{""pdb_dir"": ""../phase1_data_generation/data/pdbs""}",34.00,1,solved,42,,53380,117291,16584,33817,2.9509,3.3117,1
295,7bfde6982a0541c3,,idastar,"{""w"": 1.0}",pdb,"{""pdb_dir"": ""../phase1_data_generation/data/pdbs""}",36.00,1,solved,44,,2793,5768,1886,3769,0.3296,0.3555,1
296,0fa87e9d6b153c24,,idastar,"{""w"": 1.0}",pdb,"{""pdb_dir"": ""../phase1_data_generation/data/pdbs""}",24.00,1,solved,28,,100,227,75,163,0.0134,0.0145,1
297,cba1f0e53847d692,,idastar,"{""w"": 1.0}",pdb,"{""pdb_dir"": ""../phase1_data_generation/data/pdbs""}",42.00,1,solved,44,,777,1716,549,1165,0.0973,0.1047,1
298,6cbf3e8da5217490,,idastar,"{""w"": 1.0}",pdb,"{""pdb_dir"": ""../phase1_data_generation/data/pdbs""}",42.00,1,solved,46,,2391,4832,2006,3997,0.3554,0.3800,1
299,e3a5cd872691f0b4,,idastar,"{""w"": 1.0}",pdb,"{""pdb_dir"": ""../phase1_data_generation/data/pdbs""}",40.00,1,solved,52,,66393,142330,34606,70635,6.2166,6.7856,1
300,5e086c19d7af32b4,,idastar,"{""w"": 1.0}",pdb,"{""pdb_dir"": ""../phase1_data_generation/data/pdbs""}",36.00,1,solved,50,,706965,1506609,203904,405958,36.5669,41.3128,1
301,6804bcdaf92153e7,,idastar,"{""w"": 1.0}",pdb,"{""pdb_dir"": ""../phase1_data_generation/data/pdbs""}",42.00,1,solved,48,,21343,45373,12179,25190,2.1471,2.3341,1
302,8ad36bc0e129f457,,idastar,"{""w"": 1.0}",pdb,"{""pdb_dir"": ""../phase1_data_generation/data/pdbs""}",44.00,1,solved,54,,55779,118151,32291,65881,5.7473,6.2470,1
303,bfc87a916503de42,,idastar,"{""w"": 1.0}",pdb,"{""pdb_dir"": ""../phase1_data_generation/data/pdbs""}",36.00,1,solved,38,,174,404,167,384,0.0296,0.0316,1
304,0d18ae9f2b643c75,,idastar,"{""w"": 1.0}",pdb,"{""pdb_dir"": ""../phase1_data_generation/data/pdbs""}",42.00,1,solved,50,,7422,16269,5510,11732,0.9729,1.0475,1
305,7916e4cb8d2f35a0,,idastar,"{""w"": 1.0}",pdb,"{""pdb_dir"": ""../phase1_data_generation/data/pdbs""}",44.00,1,solved,52,,9150,20024,5124,10676,0.9025,0.9815,1
306,f2956d8eabc14730,,idastar,"{""w"": 1.0}",pdb,"{""pdb_dir"": ""../phase1_data_generation/data/pdbs""}",38.00,1,solved,42,,988,2161,758,1612,0.1326,0.1428,1
307,cfb583da640927e1,,idastar,"{""w"": 1.0}",pdb,"{""pdb_dir"": ""../phase1_data_generation/data/pdbs""}",44.00,1,solved,48,,16283,34833,9873,20408,1.7535,1.8995,1
308,dc25b9480fa6317e,,idastar,"{""w"": 1.0}",pdb,"{""pdb_dir"": ""../phase1_data_generation/data/pdbs""}",38.00,1,solved,42,,162,345,152,320,0.0266,0.0285,1
309,3b8a9160e5c42f7d,,idastar,"{""w"": 1.0}",pdb,"{""pdb_dir"": ""../phase1_data_generation/data/pdbs""}",42.00,1,solved,52,,17772,38495,10878,22810,1.8984,2.0588,1
310,fb6de0a17985234c,,idastar,"{""w"": 1.0}",pdb,"{""pdb_dir"": ""../phase1_data_generation/data/pdbs""}",36.00,1,solved,40,,249,532,234,491,0.0416,0.0445,1
311,e4fb9d1c86a23075,,idastar,"{""w"": 1.0}",pdb,"{""pdb_dir"": ""../phase1_data_generation/data/pdbs""}",40.00,1,solved,48,,21074,45978,11682,24217,2.0632,2.2465,1
312,0ad98e467c352fb1,,idastar,"{""w"": 1.0}",pdb,"{""pdb_dir"": ""../phase1_data_generation/data/pdbs""}",40.00,1,solved,44,,579,1283,499,1078,0.0880,0.0943,1
313,4e0cd918f756b32a,,idastar,"{""w"": 1.0}",pdb,"{""pdb_dir"": ""../phase1_data_generation/data/pdbs""}",34.00,1,solved,42,,16880,37059,8063,16691,1.4284,1.5640,1
314,06b1c5a8f34972ed,,idastar,"{""w"": 1.0}",pdb,"{""pdb_dir"": ""../phase1_data_generation/data/pdbs""}",40.00,1,solved,50,,10531,22171,7168,14688,1.2763,1.3774,1
315,0f2c98d1ba46735e,,idastar,"{""w"": 1.0}",pdb,"{""pdb_dir"": ""../phase1_data_generation/data/pdbs""}",34.00,1,solved,38,,305,690,243,531,0.0431,0.0463,1
316,fdc9e45b076182a3,,idastar,"{""w"": 1.0}",pdb,"{""pdb_dir"": ""../phase1_data_generation/data/pdbs""}",36.00,1,solved,44,,14946,32597,7824,16205,1.3837,1.5079,1
317,8fd9b71035e264ac,,idastar,"{""w"": 1.0}",pdb,"{""pdb_dir"": ""../phase1_data_generation/data/pdbs""}",36.00,1,solved,42,,918,1993,769,1653,0.1337,0.1436,1
318,26915ab47f0c38de,,idastar,"{""w"": 1.0}",pdb,"{""pdb_dir"": ""../phase1_data_generation/data/pdbs""}",48.00,1,solved,54,,20789,42709,15069,30155,2.6687,2.8727,1
319,6d4cb5a08e12f379,,idastar,"{""w"": 1.0}",pdb,"{""pdb_dir"": ""../phase1_data_generation/data/pdbs""}",38.00,1,solved,44,,1990,4262,1432,3019,0.2549,0.2745,1
320,cdf5b086e371249a,,idastar,"{""w"": 1.0}",pdb,"{""pdb_dir"": ""../phase1_data_generation/data/pdbs""}",40.00,1,solved,42,,169,351,151,310,0.0269,0.0287,1
321,3f857ad4e9061b2c,,idastar,"{""w"": 1.0}",pdb,"{""pdb_dir"": ""../phase1_data_generation/data/pdbs""}",42.00,1,solved,46,,693,1445,537,1106,0.0953,0.1022,1
322,f603a4cd7895eb12,,idastar,"{""w"": 1.0}",pdb,"{""pdb_dir"": ""../phase1_data_generation/data/pdbs""}",40.00,1,solved,46,,14410,31283,6321,12969,1.1054,1.2148,1
323,87ac2d6e350fb914,,idastar,"{""w"": 1.0}",pdb,"{""pdb_dir"": ""../phase1_data_generation/data/pdbs""}",36.00,1,solved,46,,19572,42447,12274,25634,2.1677,2.3488,1
324,7cbde3a81f694250,,idastar,"{""w"": 1.0}",pdb,"{""pdb_dir"": ""../phase1_data_generation/data/pdbs""}",38.00,1,solved,44,,488,1008,450,925,0.0774,0.0827,1
325,fbdc30145729e6a8,,idastar,"{""w"": 1.0}",pdb,"{""pdb_dir"": ""../phase1_data_generation/data/pdbs""}",34.00,1,solved,42,,11355,24580,6549,13586,1.1448,1.2449,1
326,f7cea4685b0d2139,,idastar,"{""w"": 1.0}",pdb,"{""pdb_dir"": ""../phase1_data_generation/data/pdbs""}",36.00,1,solved,44,,5443,11641,3722,7714,0.6591,0.7109,1
327,0915ed84f2a3c67b,,idastar,"{""w"": 1.0}",pdb,"{""pdb_dir"": ""../phase1_data_generation/data/pdbs""}",46.00,1,solved,52,,1685,3491,1417,2899,0.2529,0.2709,1
328,b842e7d06c91a53f,,idastar,"{""w"": 1.0}",pdb,"{""pdb_dir"": ""../phase1_data_generation/data/pdbs""}",42.00,1,solved,50,,4764,10416,3123,6601,0.5549,0.5992,1
329,a69ed7c50b314f28,,idastar,"{""w"": 1.0}",pdb,"{""pdb_dir"": ""../phase1_data_generation/data/pdbs""}",40.00,1,solved,46,,2287,4831,1212,2498,0.2161,0.2348,1
330,f8da4c160b79532e,,idastar,"{""w"": 1.0}",pdb,"{""pdb_dir"": ""../phase1_data_generation/data/pdbs""}",44.00,1,solved,46,,726,1600,641,1406,0.1132,0.1213,1
331,df753cae46189b20,,idastar,"{""w"": 1.0}",pdb,"{""pdb_dir"": ""../phase1_data_generation/data/pdbs""}",42.00,1,solved,50,,39160,84813,16930,34417,3.0278,3.3293,1
332,edb5f07832946ac1,,idastar,"{""w"": 1.0}",pdb,"{""pdb_dir"": ""../phase1_data_generation/data/pdbs""}",32.00,1,solved,36,,208,464,184,402,0.0328,0.0352,1
333,d64b3790e285f1ca,,idastar,"{""w"": 1.0}",pdb,"{""pdb_dir"": ""../phase1_data_generation/data/pdbs""}",44.00,1,solved,52,,122586,267949,51105,104686,9.1315,10.1219,1
334,baecd7f058143962,,idastar,"{""w"": 1.0}",pdb,"{""pdb_dir"": ""../phase1_data_generation/data/pdbs""}",32.00,1,solved,36,,718,1617,591,1293,0.1039,0.1117,1
335,67fc18be329da054,,idastar,"{""w"": 1.0}",pdb,"{""pdb_dir"": ""../phase1_data_generation/data/pdbs""}",38.00,1,solved,42,,3748,8158,2928,6243,0.5150,0.5534,1
336,0bae674cf18925d3,,idastar,"{""w"": 1.0}",pdb,"{""pdb_dir"": ""../phase1_data_generation/data/pdbs""}",36.00,1,solved,46,,4731,9912,3278,6681,0.5839,0.6290,1
337,6d8eacb0f2593741,,idastar,"{""w"": 1.0}",pdb,"{""pdb_dir"": ""../phase1_data_generation/data/pdbs""}",36.00,1,solved,44,,7199,15603,4900,10239,0.8688,0.9371,1
338,f3b1e279c684ad50,,idastar,"{""w"": 1.0}",pdb,"{""pdb_dir"": ""../phase1_data_generation/data/pdbs""}",48.00,1,solved,56,,67415,143106,43772,89862,7.7815,8.4335,1
339,e50cab8d7f693214,,idastar,"{""w"": 1.0}",pdb,"{""pdb_dir"": ""../phase1_data_generation/data/pdbs""}",22.00,1,solved,30,,2228,4933,1441,3100,0.2543,0.2759,1
340,be28cf6037da5914,,idastar,"{""w"": 1.0}",pdb,"{""pdb_dir"": ""../phase1_data_generation/data/pdbs""}",34.00,1,solved,38,,206,469,163,353,0.0282,0.0304,1
341,f7082dea5b4c6931,,idastar,"{""w"": 1.0}",pdb,"{""pdb_dir"": ""../phase1_data_generation/data/pdbs""}",34.00,1,solved,40,,1059,2277,742,1554,0.1281,0.1381,1
342,b721f0da435e698c,,idastar,"{""w"": 1.0}",pdb,"{""pdb_dir"": ""../phase1_data_generation/data/pdbs""}",44.00,1,solved,50,,6766,14569,4516,9497,0.7821,0.8457,1
343,e59df0bc7368a421,,idastar,"{""w"": 1.0}",pdb,"{""pdb_dir"": ""../phase1_data_generation/data/pdbs""}",28.00,1,solved,30,,174,393,147,324,0.0253,0.0271,1
344,a7c85f92036d1eb4,,idastar,"{""w"": 1.0}",pdb,"{""pdb_dir"": ""../phase1_data_generation/data/pdbs""}",36.00,1,solved,42,,2696,5906,1679,3563,0.2957,0.3199,1
345,732860ca54deb9f1,,idastar,"{""w"": 1.0}",pdb,"{""pdb_dir"": ""../phase1_data_generation/data/pdbs""}",44.00,1,solved,48,,2375,5143,1334,2791,0.2371,0.2577,1
346,bfd92580e6c4a371,,idastar,"{""w"": 1.0}",pdb,"{""pdb_dir"": ""../phase1_data_generation/data/pdbs""}",32.00,1,solved,34,,220,472,210,442,0.0374,0.0399,1
347,0b936f7c24de581a,,idastar,"{""w"": 1.0}",pdb,"{""pdb_dir"": ""../phase1_data_generation/data/pdbs""}",42.00,1,solved,48,,5851,12665,4284,9045,0.7600,0.8182,1
348,bfe4a0263c751d89,,idastar,"{""w"": 1.0}",pdb,"{""pdb_dir"": ""../phase1_data_generation/data/pdbs""}",38.00,1,solved,42,,1603,3381,1149,2365,0.2039,0.2195,1
349,0bc971d5f86ea324,,idastar,"{""w"": 1.0}",pdb,"{""pdb_dir"": ""../phase1_data_generation/data/pdbs""}",32.00,1,solved,40,,4737,10566,2558,5306,0.4520,0.4927,1
350,f84ce01d9673b2a5,,idastar,"{""w"": 1.0}",pdb,"{""pdb_dir"": ""../phase1_data_generation/data/pdbs""}",38.00,1,solved,44,,2640,5727,1988,4233,0.3444,0.3710,1
351,78a1c64be309f2d5,,idastar,"{""w"": 1.0}",pdb,"{""pdb_dir"": ""../phase1_data_generation/data/pdbs""}",42.00,1,solved,50,,8308,18025,5957,12547,1.0504,1.1338,1
352,e9dc23680f14ba57,,idastar,"{""w"": 1.0}",pdb,"{""pdb_dir"": ""../phase1_data_generation/data/pdbs""}",28.00,1,solved,32,,233,520,188,404,0.0341,0.0366,1
353,6e9c30b87df5214a,,idastar,"{""w"": 1.0}",pdb,"{""pdb_dir"": ""../phase1_data_generation/data/pdbs""}",28.00,1,solved,36,,4035,8732,1677,3436,0.2988,0.3290,1
354,a902efc34b681d57,,idastar,"{""w"": 1.0}",pdb,"{""pdb_dir"": ""../phase1_data_generation/data/pdbs""}",48.00,1,solved,52,,5565,11799,4058,8403,0.7218,0.7766,1
355,cf48ab61de972530,,idastar,"{""w"": 1.0}",pdb,"{""pdb_dir"": ""../phase1_data_generation/data/pdbs""}",42.00,1,solved,48,,2037,4328,1594,3306,0.2818,0.3029,1
356,e39da6c10487fb52,,idastar,"{""w"": 1.0}",pdb,"{""pdb_dir"": ""../phase1_data_generation/data/pdbs""}",38.00,1,solved,46,,11132,24373,6646,13887,1.1650,1.2660,1
357,0fa429bce658713d,,idastar,"{""w"": 1.0}",pdb,"{""pdb_dir"": ""../phase1_data_generation/data/pdbs""}",36.00,1,solved,48,,12911,28270,7826,16297,1.3914,1.5082,1
358,ae7c406b281d3f95,,idastar,"{""w"": 1.0}",pdb,"{""pdb_dir"": ""../phase1_data_generation/data/pdbs""}",36.00,1,solved,48,,31673,68682,17204,35713,3.0291,3.3036,1
359,dc32b850e6a19f47,,idastar,"{""w"": 1.0}",pdb,"{""pdb_dir"": ""../phase1_data_generation/data/pdbs""}",42.00,1,solved,52,,17678,35195,11820,23109,2.1095,2.2765,1
360,e297f0658cd4a31b,,idastar,"{""w"": 1.0}",pdb,"{""pdb_dir"": ""../phase1_data_generation/data/pdbs""}",38.00,1,solved,46,,4588,9689,3240,6667,0.5649,0.6094,1
361,6d8791fce4a320b5,,idastar,"{""w"": 1.0}",pdb,"{""pdb_dir"": ""../phase1_data_generation/data/pdbs""}",42.00,1,solved,46,,1542,3277,974,2001,0.1683,0.1822,1
362,b4fce2687d05a319,,idastar,"{""w"": 1.0}",pdb,"{""pdb_dir"": ""../phase1_data_generation/data/pdbs""}",30.00,1,solved,38,,10450,23124,3779,7958,0.6610,0.7350,1
363,7e25cbd09a8436f1,,idastar,"{""w"": 1.0}",pdb,"{""pdb_dir"": ""../phase1_data_generation/data/pdbs""}",38.00,1,solved,44,,1034,2277,693,1486,0.1228,0.1327,1
364,eadf473c510b2698,,idastar,"{""w"": 1.0}",pdb,"{""pdb_dir"": ""../phase1_data_generation/data/pdbs""}",40.00,1,solved,50,,28889,60321,19382,39514,3.4459,3.7233,1
365,785debf93c06a214,,idastar,"{""w"": 1.0}",pdb,"{""pdb_dir"": ""../phase1_data_generation/data/pdbs""}",30.00,1,solved,38,,3688,8345,1425,3064,0.2535,0.2810,1
366,721a30896eb45fdc,,idastar,"{""w"": 1.0}",pdb,"{""pdb_dir"": ""../phase1_data_generation/data/pdbs""}",48.00,1,solved,56,,20470,44455,14249,29913,2.5070,2.7085,1
367,7eb536cd0149af82,,idastar,"{""w"": 1.0}",pdb,"{""pdb_dir"": ""../phase1_data_generation/data/pdbs""}",36.00,1,solved,42,,5030,11154,1649,3402,0.2869,0.3206,1
368,0d29fa81c5473eb6,,idastar,"{""w"": 1.0}",pdb,"{""pdb_dir"": ""../phase1_data_generation/data/pdbs""}",42.00,1,solved,48,,6248,13761,3781,7967,0.6666,0.7227,1
369,9438ebdca5f16072,,idastar,"{""w"": 1.0}",pdb,"{""pdb_dir"": ""../phase1_data_generation/data/pdbs""}",40.00,1,solved,44,,120,269,115,255,0.0204,0.0219,1
370,3fbe6819572ad4c0,,idastar,"{""w"": 1.0}",pdb,"{""pdb_dir"": ""../phase1_data_generation/data/pdbs""}",42.00,1,solved,52,,10233,21571,6914,14149,1.2341,1.3312,1
371,dfc8a095712e36b4,,idastar,"{""w"": 1.0}",pdb,"{""pdb_dir"": ""../phase1_data_generation/data/pdbs""}",26.00,1,solved,38,,5492,11932,3281,6772,0.5827,0.6325,1
372,d859aec23b67f041,,idastar,"{""w"": 1.0}",pdb,"{""pdb_dir"": ""../phase1_data_generation/data/pdbs""}",38.00,1,solved,44,,3355,7255,2135,4407,0.3733,0.4040,1
373,ce687f3402b1a5d9,,idastar,"{""w"": 1.0}",pdb,"{""pdb_dir"": ""../phase1_data_generation/data/pdbs""}",36.00,1,solved,44,,4846,10554,2936,6118,0.5111,0.5547,1
374,2eb8795ac10d36f4,,idastar,"{""w"": 1.0}",pdb,"{""pdb_dir"": ""../phase1_data_generation/data/pdbs""}",36.00,1,solved,44,,3742,8499,1838,3906,0.3200,0.3614,1
375,82fcb09e135764ad,,idastar,"{""w"": 1.0}",pdb,"{""pdb_dir"": ""../phase1_data_generation/data/pdbs""}",38.00,1,solved,50,,92277,194986,44572,89785,7.9378,8.6990,1
376,8f51da6379bc24e0,,idastar,"{""w"": 1.0}",pdb,"{""pdb_dir"": ""../phase1_data_generation/data/pdbs""}",44.00,1,solved,54,,56993,118231,29944,59150,5.2351,5.7085,1
377,fec5a21609d3b748,,idastar,"{""w"": 1.0}",pdb,"{""pdb_dir"": ""../phase1_data_generation/data/pdbs""}",28.00,1,solved,36,,299,643,232,487,0.0411,0.0442,1
378,bd837f956ca1402e,,idastar,"{""w"": 1.0}",pdb,"{""pdb_dir"": ""../phase1_data_generation/data/pdbs""}",42.00,1,solved,48,,1211,2613,898,1885,0.1556,0.1675,1
379,6de7c085f1b293a4,,idastar,"{""w"": 1.0}",pdb,"{""pdb_dir"": ""../phase1_data_generation/data/pdbs""}",42.00,1,solved,44,,2718,5808,2041,4213,0.3578,0.3845,1
380,86c1fde4b9357a20,,idastar,"{""w"": 1.0}",pdb,"{""pdb_dir"": ""../phase1_data_generation/data/pdbs""}",34.00,1,solved,40,,1665,3568,1261,2630,0.2225,0.2392,1
381,af2ce9b806d45173,,idastar,"{""w"": 1.0}",pdb,"{""pdb_dir"": ""../phase1_data_generation/data/pdbs""}",36.00,1,solved,44,,4529,9508,3061,6288,0.5422,0.5844,1
382,6bdca09e4f351728,,idastar,"{""w"": 1.0}",pdb,"{""pdb_dir"": ""../phase1_data_generation/data/pdbs""}",36.00,1,solved,40,,836,1819,574,1195,0.1001,0.1080,1
383,ef786ab19405c32d,,idastar,"{""w"": 1.0}",pdb,"{""pdb_dir"": ""../phase1_data_generation/data/pdbs""}",42.00,1,solved,50,,37257,80592,19255,39776,3.3449,3.6553,1
384,6ca9bdf4021e7358,,idastar,"{""w"": 1.0}",pdb,"{""pdb_dir"": ""../phase1_data_generation/data/pdbs""}",34.00,1,solved,38,,1448,3230,955,2043,0.1643,0.1777,1
385,4f0a31ed78c96b52,,idastar,"{""w"": 1.0}",pdb,"{""pdb_dir"": ""../phase1_data_generation/data/pdbs""}",40.00,1,solved,44,,3283,7354,1828,3932,0.3222,0.3508,1
386,591afe680bd43c72,,idastar,"{""w"": 1.0}",pdb,"{""pdb_dir"": ""../phase1_data_generation/data/pdbs""}",38.00,1,solved,42,,402,876,353,769,0.0622,0.0667,1
387,fe8d2b40a6c93571,,idastar,"{""w"": 1.0}",pdb,"{""pdb_dir"": ""../phase1_data_generation/data/pdbs""}",24.00,1,solved,30,,634,1430,292,621,0.0521,0.0571,1
388,ea086b5f394712dc,,idastar,"{""w"": 1.0}",pdb,"{""pdb_dir"": ""../phase1_data_generation/data/pdbs""}",38.00,1,solved,48,,16932,35762,9831,20081,1.7106,1.8564,1
389,f39c6a75ed0b2841,,idastar,"{""w"": 1.0}",pdb,"{""pdb_dir"": ""../phase1_data_generation/data/pdbs""}",36.00,1,solved,46,,63155,135369,35209,72516,6.1578,6.7095,1
390,a65f2d7c13e9b048,,idastar,"{""w"": 1.0}",pdb,"{""pdb_dir"": ""../phase1_data_generation/data/pdbs""}",34.00,1,solved,40,,2155,4604,1344,2757,0.2294,0.2486,1
391,5c3a20bef918d467,,idastar,"{""w"": 1.0}",pdb,"{""pdb_dir"": ""../phase1_data_generation/data/pdbs""}",48.00,1,solved,56,,61741,129985,31676,63335,5.5875,6.0992,1
392,69d12f50bec3a748,,idastar,"{""w"": 1.0}",pdb,"{""pdb_dir"": ""../phase1_data_generation/data/pdbs""}",38.00,1,solved,42,,582,1235,428,888,0.0771,0.0830,1
393,f69cb1372a8ed045,,idastar,"{""w"": 1.0}",pdb,"{""pdb_dir"": ""../phase1_data_generation/data/pdbs""}",36.00,1,solved,42,,12394,27353,5788,12149,1.0032,1.1009,1
394,fade7865140c93b2,,idastar,"{""w"": 1.0}",pdb,"{""pdb_dir"": ""../phase1_data_generation/data/pdbs""}",34.00,1,solved,38,,586,1260,397,836,0.0680,0.0734,1
395,dbfc354806a9e217,,idastar,"{""w"": 1.0}",pdb,"{""pdb_dir"": ""../phase1_data_generation/data/pdbs""}",36.00,1,solved,42,,2732,5815,2140,4476,0.3660,0.3935,1
396,f2a467db59ec3081,,idastar,"{""w"": 1.0}",pdb,"{""pdb_dir"": ""../phase1_data_generation/data/pdbs""}",34.00,1,solved,38,,152,341,128,281,0.0220,0.0236,1
397,b4fd503a2c89e671,,idastar,"{""w"": 1.0}",pdb,"{""pdb_dir"": ""../phase1_data_generation/data/pdbs""}",44.00,1,solved,46,,2620,5763,1701,3583,0.2824,0.3055,1
398,adcf3e482609751b,,idastar,"{""w"": 1.0}",pdb,"{""pdb_dir"": ""../phase1_data_generation/data/pdbs""}",36.00,1,solved,44,,24619,54174,11276,23281,1.9964,2.1925,1
399,719fb5e0ca34d268,,idastar,"{""w"": 1.0}",pdb,"{""pdb_dir"": ""../phase1_data_generation/data/pdbs""}",44.00,1,solved,54,,99551,216392,45720,94361,8.1515,8.9600,1
400,6d03249f5e18ca7b,,idastar,"{""w"": 1.0}",pdb,"{""pdb_dir"": ""../phase1_data_generation/data/pdbs""}",54.00,1,solved,60,,69125,146435,38912,79129,6.9208,7.5335,1
401,bd146f235c0e8a79,,idastar,"{""w"": 1.0}",pdb,"{""pdb_dir"": ""../phase1_data_generation/data/pdbs""}",48.00,1,solved,52,,7056,14812,4286,8647,0.7652,0.8279,1
402,984731e0fa2cb6d5,,idastar,"{""w"": 1.0}",pdb,"{""pdb_dir"": ""../phase1_data_generation/data/pdbs""}",44.00,1,solved,52,,40978,91594,20280,43031,3.5926,3.9364,1
403,4b0d6ae2fc913785,,idastar,"{""w"": 1.0}",pdb,"{""pdb_dir"": ""../phase1_data_generation/data/pdbs""}",38.00,1,solved,46,,11607,25397,6284,13157,1.1122,1.2131,1
404,c4865d9ef102b3a7,,idastar,"{""w"": 1.0}",pdb,"{""pdb_dir"": ""../phase1_data_generation/data/pdbs""}",44.00,1,solved,50,,11176,23145,8166,16538,1.4465,1.5568,1
405,1fbed6c90345a728,,idastar,"{""w"": 1.0}",pdb,"{""pdb_dir"": ""../phase1_data_generation/data/pdbs""}",36.00,1,solved,44,,7243,15431,3891,8049,0.6804,0.7407,1
406,03fb29ea81765c4d,,idastar,"{""w"": 1.0}",pdb,"{""pdb_dir"": ""../phase1_data_generation/data/pdbs""}",48.00,1,solved,52,,370,749,340,678,0.0604,0.0645,1
407,d60cf79e24b83a51,,idastar,"{""w"": 1.0}",pdb,"{""pdb_dir"": ""../phase1_data_generation/data/pdbs""}",26.00,1,solved,32,,316,695,216,469,0.0383,0.0414,1
408,5d93aeb0728f61c4,,idastar,"{""w"": 1.0}",pdb,"{""pdb_dir"": ""../phase1_data_generation/data/pdbs""}",44.00,1,solved,50,,2596,5733,2044,4433,0.3640,0.3910,1
409,3e5f60ad28c9b741,,idastar,"{""w"": 1.0}",pdb,"{""pdb_dir"": ""../phase1_data_generation/data/pdbs""}",36.00,1,solved,46,,18440,38499,10211,20537,1.8013,1.9591,1
410,5a0e87cf4923b6d1,,idastar,"{""w"": 1.0}",pdb,"{""pdb_dir"": ""../phase1_data_generation/data/pdbs""}",44.00,1,solved,56,,132349,281635,65027,132763,11.5488,12.6507,1
411,cbf940e827563ad1,,idastar,"{""w"": 1.0}",pdb,"{""pdb_dir"": ""../phase1_data_generation/data/pdbs""}",36.00,1,solved,42,,806,1804,616,1324,0.1082,0.1165,1
412,fa2d3198b70c65e4,,idastar,"{""w"": 1.0}",pdb,"{""pdb_dir"": ""../phase1_data_generation/data/pdbs""}",36.00,1,solved,42,,1602,3566,1262,2761,0.2259,0.2431,1
413,5a4cde82b713609f,,idastar,"{""w"": 1.0}",pdb,"{""pdb_dir"": ""../phase1_data_generation/data/pdbs""}",44.00,1,solved,50,,22442,48624,12027,25118,2.1170,2.3081,1
414,e91d5f80b2a4736c,,idastar,"{""w"": 1.0}",pdb,"{""pdb_dir"": ""../phase1_data_generation/data/pdbs""}",30.00,1,solved,42,,5352,11310,3315,6840,0.5873,0.6358,1
415,753819cb2a0d6e4f,,idastar,"{""w"": 1.0}",pdb,"{""pdb_dir"": ""../phase1_data_generation/data/pdbs""}",46.00,1,solved,58,,160297,340131,86255,174487,15.2716,16.6741,1
416,a6097bf14c3d285e,,idastar,"{""w"": 1.0}",pdb,"{""pdb_dir"": ""../phase1_data_generation/data/pdbs""}",44.00,1,solved,50,,3651,7784,2724,5680,0.4958,0.5337,1
417,740e3dcb89f12a65,,idastar,"{""w"": 1.0}",pdb,"{""pdb_dir"": ""../phase1_data_generation/data/pdbs""}",40.00,1,solved,44,,2033,4314,1475,3058,0.2613,0.2812,1
418,2ec8d5af079634b1,,idastar,"{""w"": 1.0}",pdb,"{""pdb_dir"": ""../phase1_data_generation/data/pdbs""}",34.00,1,solved,42,,3965,8712,2448,5142,0.4312,0.4674,1
419,0f48e6ac719d3b52,,idastar,"{""w"": 1.0}",pdb,"{""pdb_dir"": ""../phase1_data_generation/data/pdbs""}",32.00,1,solved,46,,110066,238795,51922,107057,9.2165,10.1249,1
420,e95d1ac2f80467b3,,idastar,"{""w"": 1.0}",pdb,"{""pdb_dir"": ""../phase1_data_generation/data/pdbs""}",34.00,1,solved,40,,468,1030,373,801,0.0660,0.0710,1
421,0e91f6d8b4c5732a,,idastar,"{""w"": 1.0}",pdb,"{""pdb_dir"": ""../phase1_data_generation/data/pdbs""}",32.00,1,solved,34,,278,606,238,517,0.0420,0.0450,1
422,2fb576ea084d3c19,,idastar,"{""w"": 1.0}",pdb,"{""pdb_dir"": ""../phase1_data_generation/data/pdbs""}",38.00,1,solved,42,,943,2014,634,1303,0.1154,0.1246,1
423,efc1bad482037596,,idastar,"{""w"": 1.0}",pdb,"{""pdb_dir"": ""../phase1_data_generation/data/pdbs""}",38.00,1,solved,42,,501,1074,468,1000,0.0826,0.0883,1
424,bf873e10a5942dc6,,idastar,"{""w"": 1.0}",pdb,"{""pdb_dir"": ""../phase1_data_generation/data/pdbs""}",36.00,1,solved,40,,223,486,191,416,0.0335,0.0358,1
425,7f0d6e89ba3c1245,,idastar,"{""w"": 1.0}",pdb,"{""pdb_dir"": ""../phase1_data_generation/data/pdbs""}",30.00,1,solved,38,,1679,3591,1109,2273,0.1968,0.2124,1
426,b9f75ed342ac6180,,idastar,"{""w"": 1.0}",pdb,"{""pdb_dir"": ""../phase1_data_generation/data/pdbs""}",42.00,1,solved,48,,6552,14307,4069,8712,0.7065,0.7659,1
427,b91c7820eaf4365d,,idastar,"{""w"": 1.0}",pdb,"{""pdb_dir"": ""../phase1_data_generation/data/pdbs""}",36.00,1,solved,40,,283,627,237,522,0.0406,0.0435,1
428,d812ec37f4ba9650,,idastar,"{""w"": 1.0}",pdb,"{""pdb_dir"": ""../phase1_data_generation/data/pdbs""}",48.00,1,solved,52,,842,1740,778,1583,0.1353,0.1447,1
429,2f69c0e47b81a3d5,,idastar,"{""w"": 1.0}",pdb,"{""pdb_dir"": ""../phase1_data_generation/data/pdbs""}",34.00,1,solved,44,,99367,221232,21112,42791,3.7712,4.3593,1
430,6a52b0789ce4f3d1,,idastar,"{""w"": 1.0}",pdb,"{""pdb_dir"": ""../phase1_data_generation/data/pdbs""}",44.00,1,solved,48,,1046,2241,799,1662,0.1434,0.1542,1
431,e8dc26147f0593ab,,idastar,"{""w"": 1.0}",pdb,"{""pdb_dir"": ""../phase1_data_generation/data/pdbs""}",36.00,1,solved,42,,5024,10854,3245,6788,0.5603,0.6064,1
432,0b3c845da97162ef,,idastar,"{""w"": 1.0}",pdb,"{""pdb_dir"": ""../phase1_data_generation/data/pdbs""}",44.00,1,solved,54,,48826,109303,26399,56133,4.6508,5.0831,1
433,dfe240ac9813b756,,idastar,"{""w"": 1.0}",pdb,"{""pdb_dir"": ""../phase1_data_generation/data/pdbs""}",42.00,1,solved,48,,8400,18022,5717,11964,1.0589,1.1461,1
434,1b4965df87a2ec30,,idastar,"{""w"": 1.0}",pdb,"{""pdb_dir"": ""../phase1_data_generation/data/pdbs""}",50.00,1,solved,60,,186526,395135,79546,160796,14.7938,16.3339,1
435,b3a59812e6c4fd70,,idastar,"{""w"": 1.0}",pdb,"{""pdb_dir"": ""../phase1_data_generation/data/pdbs""}",44.00,1,solved,52,,7840,16543,4712,9545,0.8398,0.9106,1
436,7acb35e92df61048,,idastar,"{""w"": 1.0}",pdb,"{""pdb_dir"": ""../phase1_data_generation/data/pdbs""}",36.00,1,solved,40,,681,1470,552,1185,0.0959,0.1032,1
437,85fc4031b92d6a7e,,idastar,"{""w"": 1.0}",pdb,"{""pdb_dir"": ""../phase1_data_generation/data/pdbs""}",46.00,1,solved,54,,41693,88857,26765,55008,4.8040,5.2087,1
438,780acdb5e94126f3,,idastar,"{""w"": 1.0}",pdb,"{""pdb_dir"": ""../phase1_data_generation/data/pdbs""}",42.00,1,solved,46,,322,689,270,573,0.0489,0.0526,1
439,08d12bac7e39654f,,idastar,"{""w"": 1.0}",pdb,"{""pdb_dir"": ""../phase1_data_generation/data/pdbs""}",42.00,1,solved,50,,5185,11327,3623,7703,0.6521,0.7043,1
440,1f08d3e7245cab96,,idastar,"{""w"": 1.0}",pdb,"{""pdb_dir"": ""../phase1_data_generation/data/pdbs""}",42.00,1,solved,48,,6309,13292,4104,8336,0.7309,0.7907,1
441,6e8cad970b52f314,,idastar,"{""w"": 1.0}",pdb,"{""pdb_dir"": ""../phase1_data_generation/data/pdbs""}",30.00,1,solved,38,,2136,4639,1379,2878,0.2440,0.2644,1
442,0cb861d54723af9e,,idastar,"{""w"": 1.0}",pdb,"{""pdb_dir"": ""../phase1_data_generation/data/pdbs""}",46.00,1,solved,54,,22988,47656,13659,27318,2.4469,2.6539,1
443,bf6ea5207d4c3819,,idastar,"{""w"": 1.0}",pdb,"{""pdb_dir"": ""../phase1_data_generation/data/pdbs""}",30.00,1,solved,32,,122,283,113,260,0.0200,0.0215,1
444,37bae04c85f1d692,,idastar,"{""w"": 1.0}",pdb,"{""pdb_dir"": ""../phase1_data_generation/data/pdbs""}",42.00,1,solved,46,,1319,2851,1072,2235,0.1907,0.2047,1
445,f9c8abe67d453210,,idastar,"{""w"": 1.0}",pdb,"{""pdb_dir"": ""../phase1_data_generation/data/pdbs""}",24.00,1,solved,32,,1369,3065,879,1882,0.1563,0.1693,1
446,f65eb274839dc01a,,idastar,"{""w"": 1.0}",pdb,"{""pdb_dir"": ""../phase1_data_generation/data/pdbs""}",40.00,1,solved,48,,24564,52999,13931,28920,2.4736,2.6941,1
447,a8ed6bf9345c7021,,idastar,"{""w"": 1.0}",pdb,"{""pdb_dir"": ""../phase1_data_generation/data/pdbs""}",32.00,1,solved,34,,147,318,134,283,0.0245,0.0263,1
448,d672e3195f0cab48,,idastar,"{""w"": 1.0}",pdb,"{""pdb_dir"": ""../phase1_data_generation/data/pdbs""}",44.00,1,solved,48,,1938,4090,1608,3352,0.2884,0.3092,1
449,e6fd294c0b58713a,,idastar,"{""w"": 1.0}",pdb,"{""pdb_dir"": ""../phase1_data_generation/data/pdbs""}",32.00,1,solved,40,,5793,12331,3603,7394,0.6453,0.6988,1
450,7eb4235c0a8f1d69,,idastar,"{""w"": 1.0}",pdb,"{""pdb_dir"": ""../phase1_data_generation/data/pdbs""}",38.00,1,solved,48,,8104,16870,5531,11282,0.9880,1.0671,1
451,dfe8601954c2ba37,,idastar,"{""w"": 1.0}",pdb,"{""pdb_dir"": ""../phase1_data_generation/data/pdbs""}",40.00,1,solved,46,,6453,13690,4485,9147,0.7881,0.8507,1
452,ae1c90d8b5f26734,,idastar,"{""w"": 1.0}",pdb,"{""pdb_dir"": ""../phase1_data_generation/data/pdbs""}",30.00,1,solved,34,,114,251,90,186,0.0161,0.0174,1
453,af6850bd34c271e9,,idastar,"{""w"": 1.0}",pdb,"{""pdb_dir"": ""../phase1_data_generation/data/pdbs""}",42.00,1,solved,44,,1311,2809,1111,2325,0.1974,0.2119,1
454,ea56fbdc73814920,,idastar,"{""w"": 1.0}",pdb,"{""pdb_dir"": ""../phase1_data_generation/data/pdbs""}",34.00,1,solved,38,,225,475,189,397,0.0336,0.0363,1
455,b87c3a940d6521ef,,idastar,"{""w"": 1.0}",pdb,"{""pdb_dir"": ""../phase1_data_generation/data/pdbs""}",40.00,1,solved,46,,13133,29045,6979,14631,1.2418,1.3545,1
456,d3ba92807e1cf456,,idastar,"{""w"": 1.0}",pdb,"{""pdb_dir"": ""../phase1_data_generation/data/pdbs""}",44.00,1,solved,48,,4252,9408,3132,6726,0.5550,0.6130,1
457,138d4f7905ec6b2a,,idastar,"{""w"": 1.0}",pdb,"{""pdb_dir"": ""../phase1_data_generation/data/pdbs""}",44.00,1,solved,52,,56543,119948,25914,52178,4.6760,5.1345,1
458,a526103d7b9ec4f8,,idastar,"{""w"": 1.0}",pdb,"{""pdb_dir"": ""../phase1_data_generation/data/pdbs""}",50.00,1,solved,56,,6944,14898,4786,9896,0.8602,0.9288,1
459,8651c790e2bdfa43,,idastar,"{""w"": 1.0}",pdb,"{""pdb_dir"": ""../phase1_data_generation/data/pdbs""}",46.00,1,solved,54,,9750,19270,6908,13306,1.2370,1.3328,1
460,9a07ce146bd8f352,,idastar,"{""w"": 1.0}",pdb,"{""pdb_dir"": ""../phase1_data_generation/data/pdbs""}",40.00,1,solved,48,,7311,15925,4344,9036,0.7824,0.8500,1
461,7bfce34da6912850,,idastar,"{""w"": 1.0}",pdb,"{""pdb_dir"": ""../phase1_data_generation/data/pdbs""}",30.00,1,solved,34,,713,1558,466,987,0.0846,0.0918,1
462,ef25ca789b1d3046,,idastar,"{""w"": 1.0}",pdb,"{""pdb_dir"": ""../phase1_data_generation/data/pdbs""}",40.00,1,solved,44,,1133,2397,833,1726,0.1487,0.1600,1
463,a2d4b9ef370c1658,,idastar,"{""w"": 1.0}",pdb,"{""pdb_dir"": ""../phase1_data_generation/data/pdbs""}",36.00,1,solved,44,,6843,15330,3981,8490,0.7154,0.7783,1
464,a76280c4f9d5be13,,idastar,"{""w"": 1.0}",pdb,"{""pdb_dir"": ""../phase1_data_generation/data/pdbs""}",46.00,1,solved,52,,26022,54325,16225,32753,2.9001,3.1446,1
465,8a6e4fd1037529bc,,idastar,"{""w"": 1.0}",pdb,"{""pdb_dir"": ""../phase1_data_generation/data/pdbs""}",42.00,1,solved,48,,6153,13244,4437,9282,0.8047,0.8685,1
466,a8fd3c541e27b069,,idastar,"{""w"": 1.0}",pdb,"{""pdb_dir"": ""../phase1_data_generation/data/pdbs""}",40.00,1,solved,46,,6539,14030,4480,9357,0.8076,0.8725,1
467,fd9cb568ea713420,,idastar,"{""w"": 1.0}",pdb,"{""pdb_dir"": ""../phase1_data_generation/data/pdbs""}",24.00,1,solved,28,,120,282,111,261,0.0196,0.0211,1
468,b2e930f875cd61a4,,idastar,"{""w"": 1.0}",pdb,"{""pdb_dir"": ""../phase1_data_generation/data/pdbs""}",38.00,1,solved,40,,390,839,344,734,0.0608,0.0652,1
469,ac7910fdeb583462,,idastar,"{""w"": 1.0}",pdb,"{""pdb_dir"": ""../phase1_data_generation/data/pdbs""}",36.00,1,solved,38,,674,1543,351,769,0.0608,0.0664,1
470,746dbfc0519e3a82,,idastar,"{""w"": 1.0}",pdb,"{""pdb_dir"": ""../phase1_data_generation/data/pdbs""}",36.00,1,solved,42,,3817,8379,2179,4612,0.3811,0.4147,1
471,07bd65842caf39e1,,idastar,"{""w"": 1.0}",pdb,"{""pdb_dir"": ""../phase1_data_generation/data/pdbs""}",38.00,1,solved,42,,522,1125,390,809,0.0707,0.0764,1
472,830c5db172fe694a,,idastar,"{""w"": 1.0}",pdb,"{""pdb_dir"": ""../phase1_data_generation/data/pdbs""}",44.00,1,solved,48,,1417,3094,1186,2545,0.2067,0.2224,1
473,2ac8f13e94db7065,,idastar,"{""w"": 1.0}",pdb,"{""pdb_dir"": ""../phase1_data_generation/data/pdbs""}",38.00,1,solved,44,,3555,7920,1677,3527,0.3007,0.3304,1
474,6b1ce0df59a23487,,idastar,"{""w"": 1.0}",pdb,"{""pdb_dir"": ""../phase1_data_generation/data/pdbs""}",38.00,1,solved,48,,24533,51371,15021,30192,2.6964,2.9248,1
475,bd8cfe713605924a,,idastar,"{""w"": 1.0}",pdb,"{""pdb_dir"": ""../phase1_data_generation/data/pdbs""}",32.00,1,solved,36,,399,852,335,713,0.0597,0.0642,1
476,6a3d5bfe940c8271,,idastar,"{""w"": 1.0}",pdb,"{""pdb_dir"": ""../phase1_data_generation/data/pdbs""}",44.00,1,solved,46,,2767,5987,1780,3744,0.3204,0.3464,1
477,53bced89fa162740,,idastar,"{""w"": 1.0}",pdb,"{""pdb_dir"": ""../phase1_data_generation/data/pdbs""}",30.00,1,solved,40,,19672,43910,7395,15389,1.3357,1.4859,1
478,6e5b2f907841ca3d,,idastar,"{""w"": 1.0}",pdb,"{""pdb_dir"": ""../phase1_data_generation/data/pdbs""}",44.00,1,solved,54,,107517,227667,51778,104428,9.3809,10.2948,1
479,3f649d8a0b1c2e75,,idastar,"{""w"": 1.0}",pdb,"{""pdb_dir"": ""../phase1_data_generation/data/pdbs""}",38.00,1,solved,42,,698,1470,559,1156,0.0985,0.1059,1
480,e8519ca6f40d3b72,,idastar,"{""w"": 1.0}",pdb,"{""pdb_dir"": ""../phase1_data_generation/data/pdbs""}",38.00,1,solved,42,,601,1240,497,1020,0.0913,0.0980,1
481,ec81a025f7bd4693,,idastar,"{""w"": 1.0}",pdb,"{""pdb_dir"": ""../phase1_data_generation/data/pdbs""}",40.00,1,solved,44,,1060,2167,785,1580,0.1404,0.1511,1
482,8fe9d56174acb023,,idastar,"{""w"": 1.0}",pdb,"{""pdb_dir"": ""../phase1_data_generation/data/pdbs""}",40.00,1,solved,50,,39298,82623,21035,42355,3.7953,4.1387,1
483,bf9de47c3601a582,,idastar,"{""w"": 1.0}",pdb,"{""pdb_dir"": ""../phase1_data_generation/data/pdbs""}",30.00,1,solved,34,,2764,6093,1547,3223,0.2780,0.3024,1
484,d5c4e182b907f63a,,idastar,"{""w"": 1.0}",pdb,"{""pdb_dir"": ""../phase1_data_generation/data/pdbs""}",40.00,1,solved,44,,1614,3318,1327,2718,0.2405,0.2579,1
485,a602581dbc937ef4,,idastar,"{""w"": 1.0}",pdb,"{""pdb_dir"": ""../phase1_data_generation/data/pdbs""}",44.00,1,solved,52,,3088,6786,2456,5312,0.4426,0.4762,1
486,c47930d2b816fae5,,idastar,"{""w"": 1.0}",pdb,"{""pdb_dir"": ""../phase1_data_generation/data/pdbs""}",48.00,1,solved,56,,36030,76045,22482,45522,4.0528,4.3984,1
487,3b0de89f15c472a6,,idastar,"{""w"": 1.0}",pdb,"{""pdb_dir"": ""../phase1_data_generation/data/pdbs""}",42.00,1,solved,44,,586,1321,520,1124,0.0935,0.1002,1
488,140cbaf9e6853d27,,idastar,"{""w"": 1.0}",pdb,"{""pdb_dir"": ""../phase1_data_generation/data/pdbs""}",40.00,1,solved,46,,6631,14490,4055,8482,0.7238,0.7860,1
489,3e2586cdba714f90,,idastar,"{""w"": 1.0}",pdb,"{""pdb_dir"": ""../phase1_data_generation/data/pdbs""}",42.00,1,solved,54,,118723,250914,58794,117367,10.6278,11.6349,1
490,06d9bc2af71e3854,,idastar,"{""w"": 1.0}",pdb,"{""pdb_dir"": ""../phase1_data_generation/data/pdbs""}",36.00,1,solved,42,,9850,21599,5504,11425,0.9800,1.0698,1
491,6ef9b4ca0d138572,,idastar,"{""w"": 1.0}",pdb,"{""pdb_dir"": ""../phase1_data_generation/data/pdbs""}",42.00,1,solved,52,,40466,85149,20755,42095,3.7420,4.0874,1
492,a86be5fc413927d0,,idastar,"{""w"": 1.0}",pdb,"{""pdb_dir"": ""../phase1_data_generation/data/pdbs""}",44.00,1,solved,50,,3591,7491,2642,5346,0.4768,0.5133,1
493,fde9304276ac581b,,idastar,"{""w"": 1.0}",pdb,"{""pdb_dir"": ""../phase1_data_generation/data/pdbs""}",36.00,1,solved,46,,33829,74196,16874,34872,3.0361,3.3280,1
494,3fd9a16042c85eb7,,idastar,"{""w"": 1.0}",pdb,"{""pdb_dir"": ""../phase1_data_generation/data/pdbs""}",40.00,1,solved,50,,16986,35952,11118,22818,2.0031,2.1678,1
495,e2c8f150b937a64d,,idastar,"{""w"": 1.0}",pdb,"{""pdb_dir"": ""../phase1_data_generation/data/pdbs""}",32.00,1,solved,40,,634,1349,472,973,0.0842,0.0906,1
496,f90e2b761a8d3c54,,idastar,"{""w"": 1.0}",pdb,"{""pdb_dir"": ""../phase1_data_generation/data/pdbs""}",34.00,1,solved,42,,4528,9730,3156,6622,0.5642,0.6089,1
497,f79d2bce3605184a,,idastar,"{""w"": 1.0}",pdb,"{""pdb_dir"": ""../phase1_data_generation/data/pdbs""}",34.00,1,solved,40,,6666,14400,4405,9276,0.7898,0.8708,1
498,28d17eb90fac6345,,idastar,"{""w"": 1.0}",pdb,"{""pdb_dir"": ""../phase1_data_generation/data/pdbs""}",38.00,1,solved,44,,2868,6302,1617,3405,0.2975,0.3239,1
499,a7edfb60189c2534,,idastar,"{""w"": 1.0}",pdb,"{""pdb_dir"": ""../phase1_data_generation/data/pdbs""}",30.00,1,solved,36,,414,882,277,580,0.0503,0.0546,1
500,de5a6fc03241789b,,idastar,"{""w"": 1.0}",pdb,"{""pdb_dir"": ""../phase1_data_generation/data/pdbs""}",36.00,1,solved,44,,2656,5642,1669,3452,0.3020,0.3271,1
501,6281cfe94d05ba73,,idastar,"{""w"": 1.0}",pdb,"{""pdb_dir"": ""../phase1_data_generation/data/pdbs""}",44.00,1,solved,48,,1117,2337,946,1953,0.1693,0.1818,1
502,2b8ef0d597a6431c,,idastar,"{""w"": 1.0}",pdb,"{""pdb_dir"": ""../phase1_data_generation/data/pdbs""}",40.00,1,solved,46,,14624,31447,8063,16598,1.4467,1.5742,1
503,1f694d8e5b2c70a3,,idastar,"{""w"": 1.0}",pdb,"{""pdb_dir"": ""../phase1_data_generation/data/pdbs""}",42.00,1,solved,52,,68873,145165,35515,71497,6.3954,6.9847,1
504,7ca5f06e3d19b428,,idastar,"{""w"": 1.0}",pdb,"{""pdb_dir"": ""../phase1_data_generation/data/pdbs""}",36.00,1,solved,44,,19660,42235,10114,20819,1.7905,1.9558,1
505,736cb58d1e49a2f0,,idastar,"{""w"": 1.0}",pdb,"{""pdb_dir"": ""../phase1_data_generation/data/pdbs""}",40.00,1,solved,52,,147432,315328,67346,136776,11.9321,13.1281,1
506,01d2afc8eb357649,,idastar,"{""w"": 1.0}",pdb,"{""pdb_dir"": ""../phase1_data_generation/data/pdbs""}",36.00,1,solved,42,,573,1233,421,885,0.0739,0.0800,1
507,586ecf91ab2743d0,,idastar,"{""w"": 1.0}",pdb,"{""pdb_dir"": ""../phase1_data_generation/data/pdbs""}",46.00,1,solved,54,,59987,125844,30907,62412,5.4935,6.0046,1
508,5f8ce740b2d6a139,,idastar,"{""w"": 1.0}",pdb,"{""pdb_dir"": ""../phase1_data_generation/data/pdbs""}",40.00,1,solved,46,,23643,48828,11563,22944,2.0261,2.2148,1
509,68dc7e51f39ab042,,idastar,"{""w"": 1.0}",pdb,"{""pdb_dir"": ""../phase1_data_generation/data/pdbs""}",32.00,1,solved,42,,10083,21579,6045,12411,1.0610,1.1527,1
510,eafc7928b50d3146,,idastar,"{""w"": 1.0}",pdb,"{""pdb_dir"": ""../phase1_data_generation/data/pdbs""}",28.00,1,solved,32,,398,901,310,679,0.0551,0.0594,1
511,aeb8dc4079516f32,,idastar,"{""w"": 1.0}",pdb,"{""pdb_dir"": ""../phase1_data_generation/data/pdbs""}",34.00,1,solved,36,,216,457,162,332,0.0292,0.0314,1
512,4c7eb5893fda1260,,idastar,"{""w"": 1.0}",pdb,"{""pdb_dir"": ""../phase1_data_generation/data/pdbs""}",44.00,1,solved,50,,1779,3695,1337,2726,0.2404,0.2583,1
513,4af91c20b8ed7653,,idastar,"{""w"": 1.0}",pdb,"{""pdb_dir"": ""../phase1_data_generation/data/pdbs""}",42.00,1,solved,48,,3448,7505,1319,2780,0.2362,0.2614,1
514,fa8b29ec16045d37,,idastar,"{""w"": 1.0}",pdb,"{""pdb_dir"": ""../phase1_data_generation/data/pdbs""}",42.00,1,solved,46,,1608,3421,1086,2226,0.1939,0.2095,1
515,fad1e95c376840b2,,idastar,"{""w"": 1.0}",pdb,"{""pdb_dir"": ""../phase1_data_generation/data/pdbs""}",32.00,1,solved,42,,13845,30838,6370,13345,1.1326,1.2455,1
516,ce0f7a9d8614b352,,idastar,"{""w"": 1.0}",pdb,"{""pdb_dir"": ""../phase1_data_generation/data/pdbs""}",36.00,1,solved,46,,27771,59778,13230,27059,2.3414,2.5692,1
517,f7d8519c03a6b2e4,,idastar,"{""w"": 1.0}",pdb,"{""pdb_dir"": ""../phase1_data_generation/data/pdbs""}",34.00,1,solved,42,,13632,29576,8599,18016,1.5078,1.6355,1
518,7e0386c9a2f5d41b,,idastar,"{""w"": 1.0}",pdb,"{""pdb_dir"": ""../phase1_data_generation/data/pdbs""}",50.00,1,solved,56,,122449,266965,54374,112452,9.5904,10.5721,1
519,5df8391ac204e7b6,,idastar,"{""w"": 1.0}",pdb,"{""pdb_dir"": ""../phase1_data_generation/data/pdbs""}",42.00,1,solved,52,,66656,140710,34831,70066,6.1849,6.7587,1
520,e79fbda5c3186042,,idastar,"{""w"": 1.0}",pdb,"{""pdb_dir"": ""../phase1_data_generation/data/pdbs""}",40.00,1,solved,48,,22303,47776,13776,28325,2.4515,2.6587,1
521,dac6f5890241be73,,idastar,"{""w"": 1.0}",pdb,"{""pdb_dir"": ""../phase1_data_generation/data/pdbs""}",34.00,1,solved,40,,1732,3799,1406,3037,0.2457,0.2640,1
522,c63ab2f01e94d758,,idastar,"{""w"": 1.0}",pdb,"{""pdb_dir"": ""../phase1_data_generation/data/pdbs""}",42.00,1,solved,54,,39999,87935,20105,41979,3.4766,3.8077,1
523,bd97e8f0a61c5432,,idastar,"{""w"": 1.0}",pdb,"{""pdb_dir"": ""../phase1_data_generation/data/pdbs""}",40.00,1,solved,46,,18868,41980,7033,14600,1.2491,1.3856,1
524,562b10e8fdc4a379,,idastar,"{""w"": 1.0}",pdb,"{""pdb_dir"": ""../phase1_data_generation/data/pdbs""}",42.00,1,solved,54,,295364,622398,129230,258172,22.8093,25.1231,1
525,f1de89bc056473a2,,idastar,"{""w"": 1.0}",pdb,"{""pdb_dir"": ""../phase1_data_generation/data/pdbs""}",32.00,1,solved,40,,5501,11883,3475,7234,0.5921,0.6418,1
526,610f7ecb59d34a28,,idastar,"{""w"": 1.0}",pdb,"{""pdb_dir"": ""../phase1_data_generation/data/pdbs""}",42.00,1,solved,54,,71693,145591,37616,73450,6.6804,7.2803,1
527,12bdc7ef0598a643,,idastar,"{""w"": 1.0}",pdb,"{""pdb_dir"": ""../phase1_data_generation/data/pdbs""}",48.00,1,solved,52,,2496,5113,1948,3933,0.3385,0.3640,1
528,9a78f154bc02de63,,idastar,"{""w"": 1.0}",pdb,"{""pdb_dir"": ""../phase1_data_generation/data/pdbs""}",46.00,1,solved,48,,719,1550,610,1301,0.1064,0.1143,1
529,efac175b620d3894,,idastar,"{""w"": 1.0}",pdb,"{""pdb_dir"": ""../phase1_data_generation/data/pdbs""}",34.00,1,solved,42,,22680,49401,9003,18356,1.5469,1.7117,1
530,29dcb075fa463e81,,idastar,"{""w"": 1.0}",pdb,"{""pdb_dir"": ""../phase1_data_generation/data/pdbs""}",36.00,1,solved,46,,49184,106369,26788,55211,4.7394,5.1692,1
531,f3e6d2ac1789b054,,idastar,"{""w"": 1.0}",pdb,"{""pdb_dir"": ""../phase1_data_generation/data/pdbs""}",34.00,1,solved,38,,657,1490,481,1050,0.0865,0.0934,1
532,b7e5f8a103cd6429,,idastar,"{""w"": 1.0}",pdb,"{""pdb_dir"": ""../phase1_data_generation/data/pdbs""}",38.00,1,solved,42,,633,1300,499,1002,0.0886,0.0950,1
533,be6cfda184073925,,idastar,"{""w"": 1.0}",pdb,"{""pdb_dir"": ""../phase1_data_generation/data/pdbs""}",36.00,1,solved,38,,734,1612,634,1373,0.1116,0.1197,1
534,c905b1edaf647283,,idastar,"{""w"": 1.0}",pdb,"{""pdb_dir"": ""../phase1_data_generation/data/pdbs""}",38.00,1,solved,46,,7911,17056,4649,9527,0.8064,0.8761,1
535,e7b8c610afd53492,,idastar,"{""w"": 1.0}",pdb,"{""pdb_dir"": ""../phase1_data_generation/data/pdbs""}",36.00,1,solved,44,,2214,4732,1581,3291,0.2835,0.3055,1
536,b7c89d6023541fea,,idastar,"{""w"": 1.0}",pdb,"{""pdb_dir"": ""../phase1_data_generation/data/pdbs""}",34.00,1,solved,44,,8426,18010,5561,11532,1.0013,1.0821,1
537,f689db4ca721e053,,idastar,"{""w"": 1.0}",pdb,"{""pdb_dir"": ""../phase1_data_generation/data/pdbs""}",38.00,1,solved,44,,12027,26061,6061,12452,1.0731,1.1717,1
538,7468b9edf102a35c,,idastar,"{""w"": 1.0}",pdb,"{""pdb_dir"": ""../phase1_data_generation/data/pdbs""}",42.00,1,solved,48,,17563,38007,9113,18777,1.5955,1.7676,1
539,75dce9a6b103f428,,idastar,"{""w"": 1.0}",pdb,"{""pdb_dir"": ""../phase1_data_generation/data/pdbs""}",38.00,1,solved,46,,36271,79053,17031,35091,3.0225,3.3166,1
540,06e4f5812b37d9ca,,idastar,"{""w"": 1.0}",pdb,"{""pdb_dir"": ""../phase1_data_generation/data/pdbs""}",42.00,1,solved,52,,41114,86782,20441,41250,3.6078,3.9406,1
541,c39ef01a78b524d6,,idastar,"{""w"": 1.0}",pdb,"{""pdb_dir"": ""../phase1_data_generation/data/pdbs""}",42.00,1,solved,46,,1118,2379,750,1546,0.1343,0.1448,1
542,bc9de5f0214a6783,,idastar,"{""w"": 1.0}",pdb,"{""pdb_dir"": ""../phase1_data_generation/data/pdbs""}",38.00,1,solved,40,,178,400,153,329,0.0274,0.0294,1
543,5dfe61b93a0827c4,,idastar,"{""w"": 1.0}",pdb,"{""pdb_dir"": ""../phase1_data_generation/data/pdbs""}",38.00,1,solved,44,,33478,70816,12825,25688,2.2699,2.5105,1
544,d68cfb970354a2e1,,idastar,"{""w"": 1.0}",pdb,"{""pdb_dir"": ""../phase1_data_generation/data/pdbs""}",28.00,1,solved,38,,12337,26863,6947,14521,1.2279,1.3364,1
545,d54b7efa01362c98,,idastar,"{""w"": 1.0}",pdb,"{""pdb_dir"": ""../phase1_data_generation/data/pdbs""}",44.00,1,solved,54,,45742,98008,21579,44176,3.8309,4.2057,1
546,adcf73e06b891452,,idastar,"{""w"": 1.0}",pdb,"{""pdb_dir"": ""../phase1_data_generation/data/pdbs""}",40.00,1,solved,44,,3012,6593,2035,4213,0.3570,0.3856,1
547,5e4b70a96fdc3821,,idastar,"{""w"": 1.0}",pdb,"{""pdb_dir"": ""../phase1_data_generation/data/pdbs""}",36.00,1,solved,44,,26088,57100,13359,27682,2.3772,2.6011,1
548,bac87d9632e4501f,,idastar,"{""w"": 1.0}",pdb,"{""pdb_dir"": ""../phase1_data_generation/data/pdbs""}",32.00,1,solved,38,,334,753,283,625,0.0502,0.0539,1
549,e78da95b431f60c2,,idastar,"{""w"": 1.0}",pdb,"{""pdb_dir"": ""../phase1_data_generation/data/pdbs""}",40.00,1,solved,48,,14923,32550,8277,17219,1.4513,1.5818,1
550,d80f913cb6e57a24,,idastar,"{""w"": 1.0}",pdb,"{""pdb_dir"": ""../phase1_data_generation/data/pdbs""}",36.00,1,solved,42,,1426,3044,806,1687,0.1438,0.1563,1
551,7f098c6423d5ba1e,,idastar,"{""w"": 1.0}",pdb,"{""pdb_dir"": ""../phase1_data_generation/data/pdbs""}",38.00,1,solved,48,,30390,66598,13946,28914,2.4976,2.7426,1
552,aed578c20f1396b4,,idastar,"{""w"": 1.0}",pdb,"{""pdb_dir"": ""../phase1_data_generation/data/pdbs""}",40.00,1,solved,46,,4159,8985,3212,6800,0.5484,0.5905,1
553,fea147cb350962d8,,idastar,"{""w"": 1.0}",pdb,"{""pdb_dir"": ""../phase1_data_generation/data/pdbs""}",36.00,1,solved,44,,3266,7265,2348,5087,0.3903,0.4213,1
554,f7e9b0cd2a183546,,idastar,"{""w"": 1.0}",pdb,"{""pdb_dir"": ""../phase1_data_generation/data/pdbs""}",24.00,1,solved,28,,158,346,116,251,0.0198,0.0214,1
555,5639fbc4e201ad78,,idastar,"{""w"": 1.0}",pdb,"{""pdb_dir"": ""../phase1_data_generation/data/pdbs""}",38.00,1,solved,48,,28988,62278,13647,28036,2.3885,2.6205,1
556,ec89ad576f031b42,,idastar,"{""w"": 1.0}",pdb,"{""pdb_dir"": ""../phase1_data_generation/data/pdbs""}",36.00,1,solved,42,,1893,4016,1332,2744,0.2376,0.2561,1
557,de94f85106273bac,,idastar,"{""w"": 1.0}",pdb,"{""pdb_dir"": ""../phase1_data_generation/data/pdbs""}",34.00,1,solved,48,,78138,168096,37801,77854,6.7591,7.4139,1
558,eac9b7612f08d345,,idastar,"{""w"": 1.0}",pdb,"{""pdb_dir"": ""../phase1_data_generation/data/pdbs""}",32.00,1,solved,36,,268,592,214,465,0.0385,0.0415,1
559,f528b47a3e0c16d9,,idastar,"{""w"": 1.0}",pdb,"{""pdb_dir"": ""../phase1_data_generation/data/pdbs""}",40.00,1,solved,44,,6965,15120,3974,8268,0.7264,0.7909,1
560,37ed6a94fcb82051,,idastar,"{""w"": 1.0}",pdb,"{""pdb_dir"": ""../phase1_data_generation/data/pdbs""}",32.00,1,solved,40,,2467,5592,1787,3904,0.3314,0.3580,1
561,7c9a65b2e308f4d1,,idastar,"{""w"": 1.0}",pdb,"{""pdb_dir"": ""../phase1_data_generation/data/pdbs""}",40.00,1,solved,48,,8857,19253,6140,12890,1.1025,1.1908,1
562,43c6ef29b805d7a1,,idastar,"{""w"": 1.0}",pdb,"{""pdb_dir"": ""../phase1_data_generation/data/pdbs""}",42.00,1,solved,52,,32738,69146,19163,39020,3.4062,3.7030,1
563,f394b1d07e26a8c5,,idastar,"{""w"": 1.0}",pdb,"{""pdb_dir"": ""../phase1_data_generation/data/pdbs""}",40.00,1,solved,46,,7578,16268,5260,10919,0.9024,0.9744,1
564,8f47ebc1da653029,,idastar,"{""w"": 1.0}",pdb,"{""pdb_dir"": ""../phase1_data_generation/data/pdbs""}",40.00,1,solved,44,,3404,7401,1522,3134,0.2726,0.2988,1
565,c3b967d4210a85fe,,idastar,"{""w"": 1.0}",pdb,"{""pdb_dir"": ""../phase1_data_generation/data/pdbs""}",48.00,1,solved,54,,12949,28413,9024,19140,1.6013,1.7295,1
566,62bacfd0e3189475,,idastar,"{""w"": 1.0}",pdb,"{""pdb_dir"": ""../phase1_data_generation/data/pdbs""}",42.00,1,solved,46,,1243,2629,952,1969,0.1659,0.1786,1
567,01edfa9b623c7584,,idastar,"{""w"": 1.0}",pdb,"{""pdb_dir"": ""../phase1_data_generation/data/pdbs""}",32.00,1,solved,40,,6467,14531,3844,8207,0.6700,0.7288,1
568,a4ced986bf257310,,idastar,"{""w"": 1.0}",pdb,"{""pdb_dir"": ""../phase1_data_generation/data/pdbs""}",34.00,1,solved,40,,1111,2499,879,1928,0.1578,0.1698,1
569,dea579b62f4c3810,,idastar,"{""w"": 1.0}",pdb,"{""pdb_dir"": ""../phase1_data_generation/data/pdbs""}",38.00,1,solved,44,,840,1814,709,1502,0.1233,0.1322,1
570,a2fcd379be548016,,idastar,"{""w"": 1.0}",pdb,"{""pdb_dir"": ""../phase1_data_generation/data/pdbs""}",34.00,1,solved,46,,30082,66320,13006,27073,2.3249,2.5624,1
571,ef4973805cdab261,,idastar,"{""w"": 1.0}",pdb,"{""pdb_dir"": ""../phase1_data_generation/data/pdbs""}",40.00,1,solved,44,,5998,13050,4319,9113,0.7778,0.8394,1
572,ea19bdc87305f246,,idastar,"{""w"": 1.0}",pdb,"{""pdb_dir"": ""../phase1_data_generation/data/pdbs""}",34.00,1,solved,40,,1906,4221,1487,3232,0.2596,0.2792,1
573,5d68ec2f79043ab1,,idastar,"{""w"": 1.0}",pdb,"{""pdb_dir"": ""../phase1_data_generation/data/pdbs""}",34.00,1,solved,42,,16089,34774,6769,13858,1.1647,1.2832,1
574,91c5f6a807d2b3e4,,idastar,"{""w"": 1.0}",pdb,"{""pdb_dir"": ""../phase1_data_generation/data/pdbs""}",32.00,1,solved,42,,3294,7064,2313,4859,0.4066,0.4386,1
575,e8094b7f6c51d2a3,,idastar,"{""w"": 1.0}",pdb,"{""pdb_dir"": ""../phase1_data_generation/data/pdbs""}",44.00,1,solved,54,,27799,59164,17993,36744,3.2196,3.4846,1
576,abec603df8497251,,idastar,"{""w"": 1.0}",pdb,"{""pdb_dir"": ""../phase1_data_generation/data/pdbs""}",26.00,1,solved,32,,303,676,217,468,0.0376,0.0406,1
577,b98eaf10d6732c45,,idastar,"{""w"": 1.0}",pdb,"{""pdb_dir"": ""../phase1_data_generation/data/pdbs""}",40.00,1,solved,46,,1286,2873,1034,2247,0.1822,0.1959,1
578,0126ac5ed937fb84,,idastar,"{""w"": 1.0}",pdb,"{""pdb_dir"": ""../phase1_data_generation/data/pdbs""}",46.00,1,solved,52,,3275,6887,2346,4784,0.4223,0.4547,1
579,8aec7bd943f51620,,idastar,"{""w"": 1.0}",pdb,"{""pdb_dir"": ""../phase1_data_generation/data/pdbs""}",40.00,1,solved,48,,11843,26234,6066,12769,1.0612,1.1747,1
580,8d6459e0af13b27c,,idastar,"{""w"": 1.0}",pdb,"{""pdb_dir"": ""../phase1_data_generation/data/pdbs""}",46.00,1,solved,52,,18338,38610,11521,23440,2.0398,2.2088,1
581,b5f410ade6837c92,,idastar,"{""w"": 1.0}",pdb,"{""pdb_dir"": ""../phase1_data_generation/data/pdbs""}",42.00,1,solved,46,,835,1854,647,1376,0.1198,0.1288,1
582,86cfb01e379d245a,,idastar,"{""w"": 1.0}",pdb,"{""pdb_dir"": ""../phase1_data_generation/data/pdbs""}",38.00,1,solved,44,,7273,15132,4868,9802,0.8666,0.9351,1
583,78e9cfb15d6a2340,,idastar,"{""w"": 1.0}",pdb,"{""pdb_dir"": ""../phase1_data_generation/data/pdbs""}",40.00,1,solved,46,,628,1363,524,1117,0.0942,0.1011,1
584,b846d05721cfa3e9,,idastar,"{""w"": 1.0}",pdb,"{""pdb_dir"": ""../phase1_data_generation/data/pdbs""}",46.00,1,solved,52,,4414,9056,3104,6171,0.5568,0.5992,1
585,fdc9b63a28e47150,,idastar,"{""w"": 1.0}",pdb,"{""pdb_dir"": ""../phase1_data_generation/data/pdbs""}",26.00,1,solved,30,,40,91,36,81,0.0064,0.0069,1
586,9c2f7a51b408d3e6,,idastar,"{""w"": 1.0}",pdb,"{""pdb_dir"": ""../phase1_data_generation/data/pdbs""}",42.00,1,solved,52,,22829,48026,15941,32575,2.8240,3.0468,1
587,ab0c6f739e2514d8,,idastar,"{""w"": 1.0}",pdb,"{""pdb_dir"": ""../phase1_data_generation/data/pdbs""}",42.00,1,solved,48,,3093,6499,2562,5282,0.4548,0.4872,1
588,ec4da6f1b3789052,,idastar,"{""w"": 1.0}",pdb,"{""pdb_dir"": ""../phase1_data_generation/data/pdbs""}",36.00,1,solved,40,,606,1303,485,1027,0.0852,0.0916,1
589,d7ec6ab8510234f9,,idastar,"{""w"": 1.0}",pdb,"{""pdb_dir"": ""../phase1_data_generation/data/pdbs""}",34.00,1,solved,40,,1460,3142,995,2082,0.1732,0.1867,1
590,e30facd6149527b8,,idastar,"{""w"": 1.0}",pdb,"{""pdb_dir"": ""../phase1_data_generation/data/pdbs""}",42.00,1,solved,48,,5914,12391,3815,7759,0.6752,0.7295,1
591,85af2db4e13697c0,,idastar,"{""w"": 1.0}",pdb,"{""pdb_dir"": ""../phase1_data_generation/data/pdbs""}",48.00,1,solved,58,,158778,329445,77615,154595,13.8695,15.1951,1
592,a30e9c5627f4b18d,,idastar,"{""w"": 1.0}",pdb,"{""pdb_dir"": ""../phase1_data_generation/data/pdbs""}",38.00,1,solved,48,,15491,33770,9037,18831,1.6103,1.7501,1
593,2caef0b14356987d,,idastar,"{""w"": 1.0}",pdb,"{""pdb_dir"": ""../phase1_data_generation/data/pdbs""}",44.00,1,solved,54,,65667,136211,34924,69470,6.2174,6.7795,1
594,a45d6bf9872ce031,,idastar,"{""w"": 1.0}",pdb,"{""pdb_dir"": ""../phase1_data_generation/data/pdbs""}",36.00,1,solved,42,,1618,3627,1002,2098,0.1789,0.1940,1
595,6de9fa4c05b82713,,idastar,"{""w"": 1.0}",pdb,"{""pdb_dir"": ""../phase1_data_generation/data/pdbs""}",32.00,1,solved,44,,15995,35072,8978,19003,1.6080,1.7524,1
596,7ea9825dbcf41360,,idastar,"{""w"": 1.0}",pdb,"{""pdb_dir"": ""../phase1_data_generation/data/pdbs""}",38.00,1,solved,46,,3618,7906,2585,5481,0.4535,0.4903,1
597,2c89de610f547ba3,,idastar,"{""w"": 1.0}",pdb,"{""pdb_dir"": ""../phase1_data_generation/data/pdbs""}",40.00,1,solved,44,,4858,10508,3324,7087,0.5757,0.6227,1
598,12c6b0a5efd83479,,idastar,"{""w"": 1.0}",pdb,"{""pdb_dir"": ""../phase1_data_generation/data/pdbs""}",40.00,1,solved,48,,16545,34641,9128,18388,1.6314,1.7751,1
599,f68edbc4231a5097,,idastar,"{""w"": 1.0}",pdb,"{""pdb_dir"": ""../phase1_data_generation/data/pdbs""}",34.00,1,solved,42,,1649,3592,1141,2448,0.2029,0.2191,1
600,dcef27658941a03b,,idastar,"{""w"": 1.0}",pdb,"{""pdb_dir"": ""../phase1_data_generation/data/pdbs""}",44.00,1,solved,52,,33053,66008,15262,29486,2.6821,2.9381,1
601,8dc629540a17fb3e,,idastar,"{""w"": 1.0}",pdb,"{""pdb_dir"": ""../phase1_data_generation/data/pdbs""}",44.00,1,solved,50,,11040,23123,7073,14437,1.2590,1.3625,1
602,3eac6f9db2815470,,idastar,"{""w"": 1.0}",pdb,"{""pdb_dir"": ""../phase1_data_generation/data/pdbs""}",34.00,1,solved,42,,5413,11609,3023,6238,0.5186,0.5650,1
603,b3c6e074912df5a8,,idastar,"{""w"": 1.0}",pdb,"{""pdb_dir"": ""../phase1_data_generation/data/pdbs""}",42.00,1,solved,48,,4913,10475,3416,6981,0.5912,0.6384,1
604,ade9b7f1c5843026,,idastar,"{""w"": 1.0}",pdb,"{""pdb_dir"": ""../phase1_data_generation/data/pdbs""}",38.00,1,solved,44,,2134,4673,1332,2790,0.2306,0.2499,1
605,d904f65c8a3127be,,idastar,"{""w"": 1.0}",pdb,"{""pdb_dir"": ""../phase1_data_generation/data/pdbs""}",36.00,1,solved,44,,2082,4485,1568,3335,0.2777,0.2989,1
606,2a69b3edcf081754,,idastar,"{""w"": 1.0}",pdb,"{""pdb_dir"": ""../phase1_data_generation/data/pdbs""}",36.00,1,solved,40,,90,207,82,184,0.0145,0.0155,1
607,17b9ad5e2c03f468,,idastar,"{""w"": 1.0}",pdb,"{""pdb_dir"": ""../phase1_data_generation/data/pdbs""}",44.00,1,solved,52,,4958,10723,3548,7421,0.6347,0.6841,1
608,0fc987ed5b32a641,,idastar,"{""w"": 1.0}",pdb,"{""pdb_dir"": ""../phase1_data_generation/data/pdbs""}",36.00,1,solved,44,,13261,28624,8307,17178,1.4747,1.5965,1
609,9c527640bf13ed8a,,idastar,"{""w"": 1.0}",pdb,"{""pdb_dir"": ""../phase1_data_generation/data/pdbs""}",48.00,1,solved,54,,14819,29877,9535,18773,1.6444,1.7782,1
610,37fbe8ad9204c651,,idastar,"{""w"": 1.0}",pdb,"{""pdb_dir"": ""../phase1_data_generation/data/pdbs""}",42.00,1,solved,46,,2434,5283,1845,3926,0.3248,0.3500,1
611,2a76394c1f05be8d,,idastar,"{""w"": 1.0}",pdb,"{""pdb_dir"": ""../phase1_data_generation/data/pdbs""}",46.00,1,solved,52,,9344,19833,6928,14230,1.2376,1.3323,1
612,d2ec9ba8f3046571,,idastar,"{""w"": 1.0}",pdb,"{""pdb_dir"": ""../phase1_data_generation/data/pdbs""}",32.00,1,solved,32,,84,207,85,207,0.0146,0.0157,1
613,af0cd14973e6b285,,idastar,"{""w"": 1.0}",pdb,"{""pdb_dir"": ""../phase1_data_generation/data/pdbs""}",32.00,1,solved,38,,853,1927,567,1201,0.1005,0.1087,1
614,81c5f9de6b0734a2,,idastar,"{""w"": 1.0}",pdb,"{""pdb_dir"": ""../phase1_data_generation/data/pdbs""}",40.00,1,solved,48,,49253,102994,23377,46523,4.1316,4.5267,1
615,aef5679c823410bd,,idastar,"{""w"": 1.0}",pdb,"{""pdb_dir"": ""../phase1_data_generation/data/pdbs""}",38.00,1,solved,50,,273039,584696,103477,207725,18.3452,20.3757,1
616,f14a70c6be23859d,,idastar,"{""w"": 1.0}",pdb,"{""pdb_dir"": ""../phase1_data_generation/data/pdbs""}",46.00,1,solved,50,,5288,11259,3892,7998,0.6955,0.7500,1
617,a72c39b0e4f6d518,,idastar,"{""w"": 1.0}",pdb,"{""pdb_dir"": ""../phase1_data_generation/data/pdbs""}",44.00,1,solved,50,,7384,15863,5782,12129,1.0307,1.1082,1
618,e269b5c10f487ad3,,idastar,"{""w"": 1.0}",pdb,"{""pdb_dir"": ""../phase1_data_generation/data/pdbs""}",36.00,1,solved,46,,11725,25537,7227,14966,1.2743,1.3825,1
619,ecd19f58a6243b70,,idastar,"{""w"": 1.0}",pdb,"{""pdb_dir"": ""../phase1_data_generation/data/pdbs""}",32.00,1,solved,42,,2728,5701,2023,4154,0.3476,0.3744,1
620,c295d47fb8013e6a,,idastar,"{""w"": 1.0}",pdb,"{""pdb_dir"": ""../phase1_data_generation/data/pdbs""}",42.00,1,solved,48,,2012,4154,1404,2850,0.2447,0.2849,1
621,afd9bc562e413780,,idastar,"{""w"": 1.0}",pdb,"{""pdb_dir"": ""../phase1_data_generation/data/pdbs""}",34.00,1,solved,38,,1128,2460,829,1753,0.1437,0.1548,1
622,dce8a459b672f310,,idastar,"{""w"": 1.0}",pdb,"{""pdb_dir"": ""../phase1_data_generation/data/pdbs""}",32.00,1,solved,40,,740,1587,581,1229,0.1019,0.1094,1
623,aef8943d6c01527b,,idastar,"{""w"": 1.0}",pdb,"{""pdb_dir"": ""../phase1_data_generation/data/pdbs""}",42.00,1,solved,48,,20705,45645,9735,20454,1.7199,1.8839,1
624,ca58bf9107e2364d,,idastar,"{""w"": 1.0}",pdb,"{""pdb_dir"": ""../phase1_data_generation/data/pdbs""}",32.00,1,solved,36,,730,1615,547,1186,0.0968,0.1041,1
625,2f16e8a0d94c73b5,,idastar,"{""w"": 1.0}",pdb,"{""pdb_dir"": ""../phase1_data_generation/data/pdbs""}",40.00,1,solved,48,,6933,14820,5540,11534,0.9740,1.0463,1
626,be0adc693f415728,,idastar,"{""w"": 1.0}",pdb,"{""pdb_dir"": ""../phase1_data_generation/data/pdbs""}",36.00,1,solved,38,,100,219,96,206,0.0163,0.0174,1
627,84b5dc9fe1027a36,,idastar,"{""w"": 1.0}",pdb,"{""pdb_dir"": ""../phase1_data_generation/data/pdbs""}",44.00,1,solved,46,,699,1412,561,1106,0.0972,0.1043,1
628,a7c43f520896edb1,,idastar,"{""w"": 1.0}",pdb,"{""pdb_dir"": ""../phase1_data_generation/data/pdbs""}",38.00,1,solved,46,,2408,4983,1726,3511,0.2994,0.3231,1
629,f89c2d50ab14e736,,idastar,"{""w"": 1.0}",pdb,"{""pdb_dir"": ""../phase1_data_generation/data/pdbs""}",34.00,1,solved,36,,115,260,114,252,0.0198,0.0213,1
630,a3d8f6c97b21e540,,idastar,"{""w"": 1.0}",pdb,"{""pdb_dir"": ""../phase1_data_generation/data/pdbs""}",36.00,1,solved,44,,4934,10744,3440,7267,0.5971,0.6454,1
631,a90e2d6b4fc13875,,idastar,"{""w"": 1.0}",pdb,"{""pdb_dir"": ""../phase1_data_generation/data/pdbs""}",42.00,1,solved,50,,22912,49801,14439,29991,2.5498,2.7648,1
632,f7ed402c9b83a516,,idastar,"{""w"": 1.0}",pdb,"{""pdb_dir"": ""../phase1_data_generation/data/pdbs""}",34.00,1,solved,42,,7411,15714,4408,8975,0.7670,0.8317,1
633,76a4ed120b95cf38,,idastar,"{""w"": 1.0}",pdb,"{""pdb_dir"": ""../phase1_data_generation/data/pdbs""}",44.00,1,solved,54,,120848,266326,54223,112754,9.6035,10.5746,1
634,ead673c29b85f410,,idastar,"{""w"": 1.0}",pdb,"{""pdb_dir"": ""../phase1_data_generation/data/pdbs""}",40.00,1,solved,44,,1492,3312,1018,2167,0.1760,0.1901,1
635,b83d6c2a0f7e9415,,idastar,"{""w"": 1.0}",pdb,"{""pdb_dir"": ""../phase1_data_generation/data/pdbs""}",46.00,1,solved,52,,3373,7294,2670,5544,0.4634,0.4987,1
636,74bce26f0a39d518,,idastar,"{""w"": 1.0}",pdb,"{""pdb_dir"": ""../phase1_data_generation/data/pdbs""}",36.00,1,solved,44,,1351,2847,942,1949,0.1650,0.1780,1
637,26ecd9a807f53b14,,idastar,"{""w"": 1.0}",pdb,"{""pdb_dir"": ""../phase1_data_generation/data/pdbs""}",32.00,1,solved,34,,685,1543,514,1123,0.0869,0.0937,1
638,a7364890bdcef251,,idastar,"{""w"": 1.0}",pdb,"{""pdb_dir"": ""../phase1_data_generation/data/pdbs""}",44.00,1,solved,48,,430,919,361,762,0.0623,0.0669,1
639,0fac8e59b3d17462,,idastar,"{""w"": 1.0}",pdb,"{""pdb_dir"": ""../phase1_data_generation/data/pdbs""}",28.00,1,solved,36,,825,1810,492,1052,0.0827,0.0899,1
640,87e9ac12d5f4b360,,idastar,"{""w"": 1.0}",pdb,"{""pdb_dir"": ""../phase1_data_generation/data/pdbs""}",42.00,1,solved,44,,124,261,121,254,0.0213,0.0227,1
641,082cad15ef64b379,,idastar,"{""w"": 1.0}",pdb,"{""pdb_dir"": ""../phase1_data_generation/data/pdbs""}",38.00,1,solved,40,,378,840,259,562,0.0454,0.0492,1
642,682ce0b374f951ad,,idastar,"{""w"": 1.0}",pdb,"{""pdb_dir"": ""../phase1_data_generation/data/pdbs""}",46.00,1,solved,52,,9869,20782,7028,14454,1.2580,1.3556,1
643,e78cd0231b54f96a,,idastar,"{""w"": 1.0}",pdb,"{""pdb_dir"": ""../phase1_data_generation/data/pdbs""}",42.00,1,solved,52,,124472,270720,54437,111903,9.5672,10.5450,1
644,9bfc3ea042671d58,,idastar,"{""w"": 1.0}",pdb,"{""pdb_dir"": ""../phase1_data_generation/data/pdbs""}",40.00,1,solved,44,,1162,2491,938,1991,0.1613,0.1732,1
645,be298f43015cd7a6,,idastar,"{""w"": 1.0}",pdb,"{""pdb_dir"": ""../phase1_data_generation/data/pdbs""}",44.00,1,solved,52,,6725,14243,4197,8609,0.7359,0.7967,1
646,cd0e8591f7a4632b,,idastar,"{""w"": 1.0}",pdb,"{""pdb_dir"": ""../phase1_data_generation/data/pdbs""}",42.00,1,solved,50,,26674,57236,18324,38101,3.2401,3.5040,1
647,086df9bc5ea47231,,idastar,"{""w"": 1.0}",pdb,"{""pdb_dir"": ""../phase1_data_generation/data/pdbs""}",32.00,1,solved,34,,482,1069,410,890,0.0724,0.0777,1
648,b4086eda95c2f371,,idastar,"{""w"": 1.0}",pdb,"{""pdb_dir"": ""../phase1_data_generation/data/pdbs""}",38.00,1,solved,46,,5259,11264,3592,7369,0.6240,0.6735,1
649,a4e138c5bd0726f9,,idastar,"{""w"": 1.0}",pdb,"{""pdb_dir"": ""../phase1_data_generation/data/pdbs""}",42.00,1,solved,48,,7428,16065,4726,9955,0.8045,0.8716,1
650,8c9da146372eb05f,,idastar,"{""w"": 1.0}",pdb,"{""pdb_dir"": ""../phase1_data_generation/data/pdbs""}",44.00,1,solved,54,,43451,93006,22561,46314,3.9632,4.3311,1
651,e65d9fa07421b38c,,idastar,"{""w"": 1.0}",pdb,"{""pdb_dir"": ""../phase1_data_generation/data/pdbs""}",32.00,1,solved,38,,430,940,321,687,0.0564,0.0608,1
652,ab6d2ce31f849750,,idastar,"{""w"": 1.0}",pdb,"{""pdb_dir"": ""../phase1_data_generation/data/pdbs""}",38.00,1,solved,48,,19840,42991,6965,14338,1.2142,1.3530,1
653,bf9e67c82453a01d,,idastar,"{""w"": 1.0}",pdb,"{""pdb_dir"": ""../phase1_data_generation/data/pdbs""}",38.00,1,solved,38,,66,146,67,146,0.0122,0.0131,1
654,753ce4a012f8b96d,,idastar,"{""w"": 1.0}",pdb,"{""pdb_dir"": ""../phase1_data_generation/data/pdbs""}",42.00,1,solved,54,,146607,315251,66391,134548,11.7422,12.9154,1
655,defc79a03b814256,,idastar,"{""w"": 1.0}",pdb,"{""pdb_dir"": ""../phase1_data_generation/data/pdbs""}",36.00,1,solved,42,,2299,4920,1771,3690,0.3105,0.3337,1
656,c48feda263057b19,,idastar,"{""w"": 1.0}",pdb,"{""pdb_dir"": ""../phase1_data_generation/data/pdbs""}",40.00,1,solved,48,,6047,12695,4209,8649,0.7471,0.8067,1
657,3bdae71896c420f5,,idastar,"{""w"": 1.0}",pdb,"{""pdb_dir"": ""../phase1_data_generation/data/pdbs""}",38.00,1,solved,44,,453,1007,371,810,0.0644,0.0692,1
658,c70e1d245ab83f96,,idastar,"{""w"": 1.0}",pdb,"{""pdb_dir"": ""../phase1_data_generation/data/pdbs""}",44.00,1,solved,56,,78356,164170,47087,94698,8.3449,9.0697,1
659,8e0d7bc23f5a4619,,idastar,"{""w"": 1.0}",pdb,"{""pdb_dir"": ""../phase1_data_generation/data/pdbs""}",38.00,1,solved,44,,5638,12059,3639,7506,0.6844,0.7411,1
660,b7e8fc9d04a26135,,idastar,"{""w"": 1.0}",pdb,"{""pdb_dir"": ""../phase1_data_generation/data/pdbs""}",34.00,1,solved,42,,2593,5494,1509,3047,0.2831,0.3078,1
661,04dce5ab9f286371,,idastar,"{""w"": 1.0}",pdb,"{""pdb_dir"": ""../phase1_data_generation/data/pdbs""}",32.00,1,solved,40,,4389,9733,2794,5963,0.5215,0.5862,1
662,7203dfa4b1e96c58,,idastar,"{""w"": 1.0}",pdb,"{""pdb_dir"": ""../phase1_data_generation/data/pdbs""}",42.00,1,solved,56,,415094,915553,139803,289115,25.3792,28.4271,1
663,b2f8c3de71065a94,,idastar,"{""w"": 1.0}",pdb,"{""pdb_dir"": ""../phase1_data_generation/data/pdbs""}",36.00,1,solved,40,,201,452,187,408,0.0337,0.0362,1
664,e217468bda0f539c,,idastar,"{""w"": 1.0}",pdb,"{""pdb_dir"": ""../phase1_data_generation/data/pdbs""}",50.00,1,solved,60,,74694,153451,40726,80416,7.2945,7.9415,1
665,bd6a27f953ce1840,,idastar,"{""w"": 1.0}",pdb,"{""pdb_dir"": ""../phase1_data_generation/data/pdbs""}",40.00,1,solved,42,,304,640,231,486,0.0392,0.0423,1
666,bec2763df8a14095,,idastar,"{""w"": 1.0}",pdb,"{""pdb_dir"": ""../phase1_data_generation/data/pdbs""}",40.00,1,solved,48,,5595,11848,4024,8262,0.7135,0.7701,1
667,2e5cd96f813ab740,,idastar,"{""w"": 1.0}",pdb,"{""pdb_dir"": ""../phase1_data_generation/data/pdbs""}",40.00,1,solved,48,,34035,73571,14674,29943,2.6488,2.9221,1
668,653f709d148eba2c,,idastar,"{""w"": 1.0}",pdb,"{""pdb_dir"": ""../phase1_data_generation/data/pdbs""}",44.00,1,solved,54,,72746,151070,39221,77727,7.0793,7.7220,1
669,c2a9ed517b3460f8,,idastar,"{""w"": 1.0}",pdb,"{""pdb_dir"": ""../phase1_data_generation/data/pdbs""}",40.00,1,solved,46,,3171,6988,2445,5265,0.4282,0.4617,1
670,4a81fdc2370be569,,idastar,"{""w"": 1.0}",pdb,"{""pdb_dir"": ""../phase1_data_generation/data/pdbs""}",40.00,1,solved,50,,29883,64301,15330,31652,2.7238,2.9751,1
671,0e68f9a513d47b2c,,idastar,"{""w"": 1.0}",pdb,"{""pdb_dir"": ""../phase1_data_generation/data/pdbs""}",36.00,1,solved,42,,4068,8826,2539,5354,0.4558,0.4939,1
672,f9a628ec4bd73150,,idastar,"{""w"": 1.0}",pdb,"{""pdb_dir"": ""../phase1_data_generation/data/pdbs""}",38.00,1,solved,48,,18060,39632,11411,24044,2.0207,2.1928,1
673,ac8db094ef615237,,idastar,"{""w"": 1.0}",pdb,"{""pdb_dir"": ""../phase1_data_generation/data/pdbs""}",38.00,1,solved,40,,235,521,212,462,0.0377,0.0405,1
674,7a9cf0b6e85234d1,,idastar,"{""w"": 1.0}",pdb,"{""pdb_dir"": ""../phase1_data_generation/data/pdbs""}",36.00,1,solved,46,,43605,96577,17350,35887,3.1143,3.4485,1
675,f70bec8d41a53269,,idastar,"{""w"": 1.0}",pdb,"{""pdb_dir"": ""../phase1_data_generation/data/pdbs""}",36.00,1,solved,46,,34475,74668,15688,32277,2.7877,3.0655,1
676,27ca91d0e856fb34,,idastar,"{""w"": 1.0}",pdb,"{""pdb_dir"": ""../phase1_data_generation/data/pdbs""}",38.00,1,solved,46,,9159,19691,5585,11616,0.9852,1.0710,1
677,aec7f98631bd5024,,idastar,"{""w"": 1.0}",pdb,"{""pdb_dir"": ""../phase1_data_generation/data/pdbs""}",34.00,1,solved,40,,1668,3623,1129,2378,0.1994,0.2159,1
678,7b0d3f1ea9c52648,,idastar,"{""w"": 1.0}",pdb,"{""pdb_dir"": ""../phase1_data_generation/data/pdbs""}",32.00,1,solved,34,,130,277,115,243,0.0205,0.0220,1
679,2fde705b36a8194c,,idastar,"{""w"": 1.0}",pdb,"{""pdb_dir"": ""../phase1_data_generation/data/pdbs""}",32.00,1,solved,42,,5055,10464,3381,6850,0.6036,0.6529,1
680,d38c90aef6517b42,,idastar,"{""w"": 1.0}",pdb,"{""pdb_dir"": ""../phase1_data_generation/data/pdbs""}",36.00,1,solved,44,,18751,40790,7313,14973,1.3180,1.4585,1
681,f9c6345d7a81b02e,,idastar,"{""w"": 1.0}",pdb,"{""pdb_dir"": ""../phase1_data_generation/data/pdbs""}",38.00,1,solved,44,,7547,16141,4254,8644,0.7722,0.8398,1
682,0fc18be57296ad34,,idastar,"{""w"": 1.0}",pdb,"{""pdb_dir"": ""../phase1_data_generation/data/pdbs""}",34.00,1,solved,42,,3370,7107,2301,4731,0.4177,0.4521,1
683,9f6cd0a175483be2,,idastar,"{""w"": 1.0}",pdb,"{""pdb_dir"": ""../phase1_data_generation/data/pdbs""}",32.00,1,solved,36,,747,1659,606,1319,0.1116,0.1202,1
684,3f0924a7bc85d6e1,,idastar,"{""w"": 1.0}",pdb,"{""pdb_dir"": ""../phase1_data_generation/data/pdbs""}",44.00,1,solved,50,,8806,19033,5991,12574,1.0570,1.1447,1
685,abdef08471c96523,,idastar,"{""w"": 1.0}",pdb,"{""pdb_dir"": ""../phase1_data_generation/data/pdbs""}",36.00,1,solved,42,,551,1179,483,1007,0.0849,0.0911,1
686,72f963be584c10ad,,idastar,"{""w"": 1.0}",pdb,"{""pdb_dir"": ""../phase1_data_generation/data/pdbs""}",42.00,1,solved,48,,2795,5605,2277,4513,0.4067,0.4362,1
687,b32d78e094ca6f15,,idastar,"{""w"": 1.0}",pdb,"{""pdb_dir"": ""../phase1_data_generation/data/pdbs""}",42.00,1,solved,46,,286,630,274,597,0.0486,0.0521,1
688,e6d289bc1a54f037,,idastar,"{""w"": 1.0}",pdb,"{""pdb_dir"": ""../phase1_data_generation/data/pdbs""}",38.00,1,solved,46,,9753,21252,5291,10964,0.9438,1.0292,1
689,5fc46d30e789b2a1,,idastar,"{""w"": 1.0}",pdb,"{""pdb_dir"": ""../phase1_data_generation/data/pdbs""}",34.00,1,solved,40,,3099,6734,1704,3560,0.3072,0.3345,1
690,df9c80e147a62b53,,idastar,"{""w"": 1.0}",pdb,"{""pdb_dir"": ""../phase1_data_generation/data/pdbs""}",40.00,1,solved,46,,6642,14272,4281,8904,0.7609,0.8243,1
691,9401f87c3e6d2ab5,,idastar,"{""w"": 1.0}",pdb,"{""pdb_dir"": ""../phase1_data_generation/data/pdbs""}",36.00,1,solved,44,,2463,5379,1720,3624,0.3033,0.3280,1
692,a3e8bc192f5760d4,,idastar,"{""w"": 1.0}",pdb,"{""pdb_dir"": ""../phase1_data_generation/data/pdbs""}",36.00,1,solved,46,,6693,14616,3983,8417,0.7141,0.7764,1
693,e7df281a6953b4c0,,idastar,"{""w"": 1.0}",pdb,"{""pdb_dir"": ""../phase1_data_generation/data/pdbs""}",44.00,1,solved,48,,712,1525,474,988,0.0842,0.0910,1
694,3849572d06ebaf1c,,idastar,"{""w"": 1.0}",pdb,"{""pdb_dir"": ""../phase1_data_generation/data/pdbs""}",46.00,1,solved,52,,4655,9669,3207,6461,0.5896,0.6366,1
695,eba5703d14f869c2,,idastar,"{""w"": 1.0}",pdb,"{""pdb_dir"": ""../phase1_data_generation/data/pdbs""}",40.00,1,solved,46,,3353,7200,1977,4130,0.3559,0.3861,1
696,4f1eadbc52396870,,idastar,"{""w"": 1.0}",pdb,"{""pdb_dir"": ""../phase1_data_generation/data/pdbs""}",42.00,1,solved,50,,10478,22326,5790,11801,1.0278,1.1201,1
697,13adf06cb7952e84,,idastar,"{""w"": 1.0}",pdb,"{""pdb_dir"": ""../phase1_data_generation/data/pdbs""}",34.00,1,solved,40,,1845,4085,1352,2907,0.2384,0.2576,1
698,ebc6d1a98524f037,,idastar,"{""w"": 1.0}",pdb,"{""pdb_dir"": ""../phase1_data_generation/data/pdbs""}",40.00,1,solved,46,,11726,25061,7515,15534,1.3560,1.4694,1
699,b4fc3d60e7189a25,,idastar,"{""w"": 1.0}",pdb,"{""pdb_dir"": ""../phase1_data_generation/data/pdbs""}",34.00,1,solved,36,,335,733,199,425,0.0368,0.0400,1
700,d403e1c5ab276f98,,idastar,"{""w"": 1.0}",pdb,"{""pdb_dir"": ""../phase1_data_generation/data/pdbs""}",48.00,1,solved,54,,14328,30808,10645,22303,1.9042,2.0533,1
701,0658ca2d791efb43,,idastar,"{""w"": 1.0}",pdb,"{""pdb_dir"": ""../phase1_data_generation/data/pdbs""}",40.00,1,solved,50,,16727,35675,9386,19281,1.6743,1.8244,1
702,49edcb2af7586031,,idastar,"{""w"": 1.0}",pdb,"{""pdb_dir"": ""../phase1_data_generation/data/pdbs""}",38.00,1,solved,42,,331,715,294,623,0.0553,0.0835,1
703,3b9810fec65d7a42,,idastar,"{""w"": 1.0}",pdb,"{""pdb_dir"": ""../phase1_data_generation/data/pdbs""}",42.00,1,solved,46,,2438,5208,1690,3495,0.3057,0.3296,1
704,e93f6a80b5d4172c,,idastar,"{""w"": 1.0}",pdb,"{""pdb_dir"": ""../phase1_data_generation/data/pdbs""}",42.00,1,solved,50,,14311,30646,9550,19884,1.7046,1.8433,1
705,ebd436c59f78a210,,idastar,"{""w"": 1.0}",pdb,"{""pdb_dir"": ""../phase1_data_generation/data/pdbs""}",32.00,1,solved,40,,6777,15588,2454,5274,0.4355,0.4852,1
706,0c269ef13db87a45,,idastar,"{""w"": 1.0}",pdb,"{""pdb_dir"": ""../phase1_data_generation/data/pdbs""}",38.00,1,solved,44,,1437,3043,933,1900,0.1641,0.1774,1
707,ce0af64875d321b9,,idastar,"{""w"": 1.0}",pdb,"{""pdb_dir"": ""../phase1_data_generation/data/pdbs""}",36.00,1,solved,42,,641,1348,430,879,0.0768,0.0830,1
708,cd5a19837b4ef026,,idastar,"{""w"": 1.0}",pdb,"{""pdb_dir"": ""../phase1_data_generation/data/pdbs""}",46.00,1,solved,54,,23399,49518,13922,28336,2.5055,2.7182,1
709,e59ad4b2710cf638,,idastar,"{""w"": 1.0}",pdb,"{""pdb_dir"": ""../phase1_data_generation/data/pdbs""}",42.00,1,solved,46,,9173,19989,5691,12027,0.9903,1.0736,1
710,067e3bad2c4f8591,,idastar,"{""w"": 1.0}",pdb,"{""pdb_dir"": ""../phase1_data_generation/data/pdbs""}",40.00,1,solved,46,,1935,4119,1591,3323,0.2810,0.3020,1
711,df2c1a7836b5e049,,idastar,"{""w"": 1.0}",pdb,"{""pdb_dir"": ""../phase1_data_generation/data/pdbs""}",38.00,1,solved,46,,35505,76437,18583,38343,3.3500,3.6626,1
712,f649b57c0ed8312a,,idastar,"{""w"": 1.0}",pdb,"{""pdb_dir"": ""../phase1_data_generation/data/pdbs""}",32.00,1,solved,42,,30666,66253,14889,30690,2.6998,2.9619,1
713,a9dc78e03521fb64,,idastar,"{""w"": 1.0}",pdb,"{""pdb_dir"": ""../phase1_data_generation/data/pdbs""}",30.00,1,solved,42,,21338,47426,10464,22350,1.8765,2.0594,1
714,fe8960c1ba7523d4,,idastar,"{""w"": 1.0}",pdb,"{""pdb_dir"": ""../phase1_data_generation/data/pdbs""}",30.00,1,solved,36,,727,1548,545,1140,0.0993,0.1072,1
715,1fdc60e834b5972a,,idastar,"{""w"": 1.0}",pdb,"{""pdb_dir"": ""../phase1_data_generation/data/pdbs""}",32.00,1,solved,42,,36444,77738,11871,23835,2.1412,2.3925,1
716,061389dcba54f27e,,idastar,"{""w"": 1.0}",pdb,"{""pdb_dir"": ""../phase1_data_generation/data/pdbs""}",46.00,1,solved,56,,31332,66776,19474,40038,3.4962,3.7933,1
717,bc69e315daf48270,,idastar,"{""w"": 1.0}",pdb,"{""pdb_dir"": ""../phase1_data_generation/data/pdbs""}",40.00,1,solved,50,,55282,118875,22004,44641,3.9715,4.3992,1
718,9308754b12d6efca,,idastar,"{""w"": 1.0}",pdb,"{""pdb_dir"": ""../phase1_data_generation/data/pdbs""}",48.00,1,solved,58,,36706,77251,21903,44002,3.9217,4.2583,1
719,f28a705e1bc4936d,,idastar,"{""w"": 1.0}",pdb,"{""pdb_dir"": ""../phase1_data_generation/data/pdbs""}",34.00,1,solved,38,,238,534,177,385,0.0306,0.0330,1
720,a4ef1c7b38d96025,,idastar,"{""w"": 1.0}",pdb,"{""pdb_dir"": ""../phase1_data_generation/data/pdbs""}",44.00,1,solved,50,,799,1733,604,1290,0.1052,0.1135,1
721,647f5c9eb30a281d,,idastar,"{""w"": 1.0}",pdb,"{""pdb_dir"": ""../phase1_data_generation/data/pdbs""}",46.00,1,solved,50,,5109,10739,3634,7414,0.6266,0.6752,1
722,219dc06fe385a4b7,,idastar,"{""w"": 1.0}",pdb,"{""pdb_dir"": ""../phase1_data_generation/data/pdbs""}",48.00,1,solved,52,,707,1434,645,1290,0.1091,0.1165,1
723,689ab4defc137520,,idastar,"{""w"": 1.0}",pdb,"{""pdb_dir"": ""../phase1_data_generation/data/pdbs""}",44.00,1,solved,48,,956,2031,831,1749,0.1396,0.1497,1
724,9d4c70f2b681a3e5,,idastar,"{""w"": 1.0}",pdb,"{""pdb_dir"": ""../phase1_data_generation/data/pdbs""}",36.00,1,solved,42,,5443,12115,3537,7519,0.6021,0.6519,1
725,ae973fdc65082b14,,idastar,"{""w"": 1.0}",pdb,"{""pdb_dir"": ""../phase1_data_generation/data/pdbs""}",32.00,1,solved,32,,75,167,76,167,0.0137,0.0147,1
726,aebdf176230c4985,,idastar,"{""w"": 1.0}",pdb,"{""pdb_dir"": ""../phase1_data_generation/data/pdbs""}",36.00,1,solved,36,,50,109,51,109,0.0092,0.0098,1
727,76d834b0cafe9215,,idastar,"{""w"": 1.0}",pdb,"{""pdb_dir"": ""../phase1_data_generation/data/pdbs""}",44.00,1,solved,48,,2314,4844,1814,3786,0.3251,0.3489,1
728,95fca8ed0672134b,,idastar,"{""w"": 1.0}",pdb,"{""pdb_dir"": ""../phase1_data_generation/data/pdbs""}",38.00,1,solved,46,,29650,64831,13957,28804,2.5157,2.7618,1
729,f9deb23a750c8614,,idastar,"{""w"": 1.0}",pdb,"{""pdb_dir"": ""../phase1_data_generation/data/pdbs""}",34.00,1,solved,38,,1453,3219,820,1760,0.1446,0.1574,1
730,6fec9830bd427a51,,idastar,"{""w"": 1.0}",pdb,"{""pdb_dir"": ""../phase1_data_generation/data/pdbs""}",32.00,1,solved,38,,3892,8528,1701,3519,0.2979,0.3279,1
731,e6c4d5807a319bf2,,idastar,"{""w"": 1.0}",pdb,"{""pdb_dir"": ""../phase1_data_generation/data/pdbs""}",36.00,1,solved,44,,5416,11753,3549,7477,0.6325,0.6847,1
732,b5172adf360ce498,,idastar,"{""w"": 1.0}",pdb,"{""pdb_dir"": ""../phase1_data_generation/data/pdbs""}",40.00,1,solved,48,,1916,3997,1448,2968,0.2581,0.2777,1
733,75c63da4e219b08f,,idastar,"{""w"": 1.0}",pdb,"{""pdb_dir"": ""../phase1_data_generation/data/pdbs""}",40.00,1,solved,52,,165095,361570,74049,152658,13.3510,14.7164,1
734,fb0a3794e865c12d,,idastar,"{""w"": 1.0}",pdb,"{""pdb_dir"": ""../phase1_data_generation/data/pdbs""}",42.00,1,solved,52,,64959,140601,35296,73422,6.3401,6.9220,1
735,fe0a2cd395b76481,,idastar,"{""w"": 1.0}",pdb,"{""pdb_dir"": ""../phase1_data_generation/data/pdbs""}",40.00,1,solved,46,,3716,8096,2620,5511,0.4679,0.5051,1
736,0ec1f596237a4bd8,,idastar,"{""w"": 1.0}",pdb,"{""pdb_dir"": ""../phase1_data_generation/data/pdbs""}",34.00,1,solved,42,,1557,3303,891,1817,0.1612,0.1751,1
737,e9683fd17ac5b024,,idastar,"{""w"": 1.0}",pdb,"{""pdb_dir"": ""../phase1_data_generation/data/pdbs""}",32.00,1,solved,40,,13217,28544,7186,14884,1.2927,1.4087,1
738,8f721cad6e05439b,,idastar,"{""w"": 1.0}",pdb,"{""pdb_dir"": ""../phase1_data_generation/data/pdbs""}",48.00,1,solved,54,,7740,15724,5489,10859,0.9521,1.0260,1
739,eb21c08d6f75943a,,idastar,"{""w"": 1.0}",pdb,"{""pdb_dir"": ""../phase1_data_generation/data/pdbs""}",46.00,1,solved,52,,28746,60724,15129,30604,2.7007,2.9445,1
740,697cfd824b5a30e1,,idastar,"{""w"": 1.0}",pdb,"{""pdb_dir"": ""../phase1_data_generation/data/pdbs""}",34.00,1,solved,44,,23943,52212,10081,20875,1.8024,1.9872,1
741,d94c7f2106a8be35,,idastar,"{""w"": 1.0}",pdb,"{""pdb_dir"": ""../phase1_data_generation/data/pdbs""}",32.00,1,solved,40,,5374,11931,3512,7578,0.6222,0.6742,1
742,6d54ec217a09bf83,,idastar,"{""w"": 1.0}",pdb,"{""pdb_dir"": ""../phase1_data_generation/data/pdbs""}",42.00,1,solved,46,,2188,4693,1594,3363,0.2896,0.3120,1
743,b8d4c091e6537af2,,idastar,"{""w"": 1.0}",pdb,"{""pdb_dir"": ""../phase1_data_generation/data/pdbs""}",40.00,1,solved,44,,1352,2950,1122,2424,0.2029,0.2365,1
744,210dcf946b38ea75,,idastar,"{""w"": 1.0}",pdb,"{""pdb_dir"": ""../phase1_data_generation/data/pdbs""}",44.00,1,solved,50,,1423,3049,1142,2400,0.2078,0.2231,1
745,9fec624805a71d3b,,idastar,"{""w"": 1.0}",pdb,"{""pdb_dir"": ""../phase1_data_generation/data/pdbs""}",38.00,1,solved,50,,240756,506742,105637,211302,19.0770,20.9993,1
746,93085fdc74612bea,,idastar,"{""w"": 1.0}",pdb,"{""pdb_dir"": ""../phase1_data_generation/data/pdbs""}",42.00,1,solved,48,,14768,31124,9573,19382,1.7325,1.8733,1
747,f98461d2ab7ce035,,idastar,"{""w"": 1.0}",pdb,"{""pdb_dir"": ""../phase1_data_generation/data/pdbs""}",38.00,1,solved,46,,10780,23146,6753,14057,1.2040,1.3042,1
748,d632cf495b8e701a,,idastar,"{""w"": 1.0}",pdb,"{""pdb_dir"": ""../phase1_data_generation/data/pdbs""}",46.00,1,solved,54,,21375,45237,12327,24797,2.1906,2.3790,1
749,937cfd1e0286ba45,,idastar,"{""w"": 1.0}",pdb,"{""pdb_dir"": ""../phase1_data_generation/data/pdbs""}",38.00,1,solved,42,,298,653,268,584,0.0470,0.0503,1
750,6f7c831b42095ade,,idastar,"{""w"": 1.0}",pdb,"{""pdb_dir"": ""../phase1_data_generation/data/pdbs""}",46.00,1,solved,54,,23626,49510,15158,30725,2.7214,2.9441,1
751,06c35a79deb4218f,,idastar,"{""w"": 1.0}",pdb,"{""pdb_dir"": ""../phase1_data_generation/data/pdbs""}",44.00,1,solved,50,,805,1808,627,1368,0.1094,0.1178,1
752,ba0fc6492d5317e8,,idastar,"{""w"": 1.0}",pdb,"{""pdb_dir"": ""../phase1_data_generation/data/pdbs""}",42.00,1,solved,52,,16957,36510,9342,19439,1.6744,1.8235,1
753,ae0d32756b941fc8,,idastar,"{""w"": 1.0}",pdb,"{""pdb_dir"": ""../phase1_data_generation/data/pdbs""}",40.00,1,solved,46,,9176,20449,6041,12969,1.0838,1.1730,1
754,d7591860c2b3afe4,,idastar,"{""w"": 1.0}",pdb,"{""pdb_dir"": ""../phase1_data_generation/data/pdbs""}",46.00,1,solved,52,,4956,10701,3705,7819,0.6562,0.7063,1
755,b5e9cf4a0168273d,,idastar,"{""w"": 1.0}",pdb,"{""pdb_dir"": ""../phase1_data_generation/data/pdbs""}",40.00,1,solved,48,,20681,44866,8516,17368,1.5062,1.6628,1
756,7a683c91fe0d254b,,idastar,"{""w"": 1.0}",pdb,"{""pdb_dir"": ""../phase1_data_generation/data/pdbs""}",40.00,1,solved,46,,11704,25251,6217,12857,1.1203,1.2201,1
757,630e79c8fbda2145,,idastar,"{""w"": 1.0}",pdb,"{""pdb_dir"": ""../phase1_data_generation/data/pdbs""}",36.00,1,solved,42,,2968,6534,2184,4683,0.3921,0.4220,1
758,0e68cda572943f1b,,idastar,"{""w"": 1.0}",pdb,"{""pdb_dir"": ""../phase1_data_generation/data/pdbs""}",34.00,1,solved,42,,8186,17778,4402,9195,0.7875,0.8585,1
759,683bf9d7ace51024,,idastar,"{""w"": 1.0}",pdb,"{""pdb_dir"": ""../phase1_data_generation/data/pdbs""}",42.00,1,solved,52,,42146,89734,24210,49426,4.3716,4.7570,1
760,7fedb5c80231a496,,idastar,"{""w"": 1.0}",pdb,"{""pdb_dir"": ""../phase1_data_generation/data/pdbs""}",32.00,1,solved,36,,802,1709,514,1057,0.0948,0.1026,1
761,834f96dc57be20a1,,idastar,"{""w"": 1.0}",pdb,"{""pdb_dir"": ""../phase1_data_generation/data/pdbs""}",44.00,1,solved,52,,54272,118882,19844,40730,3.5589,3.9577,1
762,7df345cabe086291,,idastar,"{""w"": 1.0}",pdb,"{""pdb_dir"": ""../phase1_data_generation/data/pdbs""}",38.00,1,solved,46,,10720,23483,6455,13555,1.1634,1.2657,1
763,fbd96ce23518a740,,idastar,"{""w"": 1.0}",pdb,"{""pdb_dir"": ""../phase1_data_generation/data/pdbs""}",32.00,1,solved,36,,574,1292,393,856,0.0699,0.0756,1
764,6cb9a3df418e5072,,idastar,"{""w"": 1.0}",pdb,"{""pdb_dir"": ""../phase1_data_generation/data/pdbs""}",46.00,1,solved,52,,8227,17379,5300,10910,0.9520,1.0294,1
765,ef9d4ab805c61327,,idastar,"{""w"": 1.0}",pdb,"{""pdb_dir"": ""../phase1_data_generation/data/pdbs""}",42.00,1,solved,48,,7490,16066,4604,9554,0.8296,0.8991,1
766,a258eb1c9704f63d,,idastar,"{""w"": 1.0}",pdb,"{""pdb_dir"": ""../phase1_data_generation/data/pdbs""}",38.00,1,solved,48,,13482,28375,9349,19147,1.6770,1.8112,1
767,37ba8092c14df65e,,idastar,"{""w"": 1.0}",pdb,"{""pdb_dir"": ""../phase1_data_generation/data/pdbs""}",50.00,1,solved,56,,24763,53660,15909,33319,2.8367,3.0718,1
768,1e09a458df27cb63,,idastar,"{""w"": 1.0}",pdb,"{""pdb_dir"": ""../phase1_data_generation/data/pdbs""}",52.00,1,solved,58,,58417,122150,36355,73922,6.5246,7.0700,1
769,9d6872b4cf1530ae,,idastar,"{""w"": 1.0}",pdb,"{""pdb_dir"": ""../phase1_data_generation/data/pdbs""}",38.00,1,solved,48,,20611,45364,10785,22523,1.9269,2.1042,1
770,c14abf8e2d093657,,idastar,"{""w"": 1.0}",pdb,"{""pdb_dir"": ""../phase1_data_generation/data/pdbs""}",42.00,1,solved,50,,10377,22240,7092,14734,1.2675,1.3702,1
771,29ae3bf805714d6c,,idastar,"{""w"": 1.0}",pdb,"{""pdb_dir"": ""../phase1_data_generation/data/pdbs""}",44.00,1,solved,48,,1795,3866,1359,2858,0.2449,0.2636,1
772,c9761efb034a285d,,idastar,"{""w"": 1.0}",pdb,"{""pdb_dir"": ""../phase1_data_generation/data/pdbs""}",48.00,1,solved,48,,71,152,72,152,0.0126,0.0134,1
773,ecb9608721a543df,,idastar,"{""w"": 1.0}",pdb,"{""pdb_dir"": ""../phase1_data_generation/data/pdbs""}",44.00,1,solved,50,,2772,5888,1907,3908,0.3366,0.3630,1
774,789d6a10bfe23c54,,idastar,"{""w"": 1.0}",pdb,"{""pdb_dir"": ""../phase1_data_generation/data/pdbs""}",38.00,1,solved,44,,5000,11099,3484,7461,0.6309,0.6817,1
775,aef8907d4bc56321,,idastar,"{""w"": 1.0}",pdb,"{""pdb_dir"": ""../phase1_data_generation/data/pdbs""}",34.00,1,solved,42,,10876,23554,6574,13785,1.1675,1.2686,1
776,a56230ed7489bfc1,,idastar,"{""w"": 1.0}",pdb,"{""pdb_dir"": ""../phase1_data_generation/data/pdbs""}",42.00,1,solved,52,,29314,63618,17636,36651,3.1781,3.4531,1
777,d68ce420f57a3b91,,idastar,"{""w"": 1.0}",pdb,"{""pdb_dir"": ""../phase1_data_generation/data/pdbs""}",30.00,1,solved,38,,1032,2226,813,1726,0.1460,0.1571,1
778,bc14d5f086a9723e,,idastar,"{""w"": 1.0}",pdb,"{""pdb_dir"": ""../phase1_data_generation/data/pdbs""}",42.00,1,solved,50,,7919,16767,5597,11420,1.0108,1.0901,1
779,360cb7df98ae5124,,idastar,"{""w"": 1.0}",pdb,"{""pdb_dir"": ""../phase1_data_generation/data/pdbs""}",40.00,1,solved,46,,5044,10975,3483,7374,0.6127,0.6625,1
780,8b3f524c0d19ea76,,idastar,"{""w"": 1.0}",pdb,"{""pdb_dir"": ""../phase1_data_generation/data/pdbs""}",46.00,1,solved,52,,6693,14048,4860,9968,0.8630,0.9308,1
781,a6bce5d0729f3184,,idastar,"{""w"": 1.0}",pdb,"{""pdb_dir"": ""../phase1_data_generation/data/pdbs""}",26.00,1,solved,30,,143,315,116,249,0.0204,0.0219,1
782,cb94afe27168d350,,idastar,"{""w"": 1.0}",pdb,"{""pdb_dir"": ""../phase1_data_generation/data/pdbs""}",40.00,1,solved,46,,6193,13741,4117,8824,0.7407,0.8016,1
783,052ca369db78ef41,,idastar,"{""w"": 1.0}",pdb,"{""pdb_dir"": ""../phase1_data_generation/data/pdbs""}",36.00,1,solved,42,,233,496,191,404,0.0346,0.0371,1
784,06e834d75b2c91fa,,idastar,"{""w"": 1.0}",pdb,"{""pdb_dir"": ""../phase1_data_generation/data/pdbs""}",44.00,1,solved,52,,3000,6085,2341,4641,0.4276,0.4784,1
785,3f197dbe620c58a4,,idastar,"{""w"": 1.0}",pdb,"{""pdb_dir"": ""../phase1_data_generation/data/pdbs""}",38.00,1,solved,42,,485,1049,342,719,0.0614,0.0663,1
786,eac8df51730b2694,,idastar,"{""w"": 1.0}",pdb,"{""pdb_dir"": ""../phase1_data_generation/data/pdbs""}",30.00,1,solved,38,,2779,6039,1706,3646,0.3070,0.3324,1
787,fa94b760e31c25d8,,idastar,"{""w"": 1.0}",pdb,"{""pdb_dir"": ""../phase1_data_generation/data/pdbs""}",32.00,1,solved,44,,70862,156955,28705,59716,5.1808,5.7393,1
788,3d975f180e6ca4b2,,idastar,"{""w"": 1.0}",pdb,"{""pdb_dir"": ""../phase1_data_generation/data/pdbs""}",44.00,1,solved,48,,3612,7598,2065,4172,0.3675,0.3988,1
789,7c025648eb9daf13,,idastar,"{""w"": 1.0}",pdb,"{""pdb_dir"": ""../phase1_data_generation/data/pdbs""}",46.00,1,solved,52,,10124,21150,6889,13944,1.2431,1.3421,1
790,d75af8492e0c36b1,,idastar,"{""w"": 1.0}",pdb,"{""pdb_dir"": ""../phase1_data_generation/data/pdbs""}",34.00,1,solved,40,,1462,3235,884,1857,0.1614,0.1752,1
791,c49aebf18236d075,,idastar,"{""w"": 1.0}",pdb,"{""pdb_dir"": ""../phase1_data_generation/data/pdbs""}",44.00,1,solved,50,,5021,10496,3580,7286,0.6472,0.6969,1
792,c5f937e68402ba1d,,idastar,"{""w"": 1.0}",pdb,"{""pdb_dir"": ""../phase1_data_generation/data/pdbs""}",42.00,1,solved,50,,20409,43591,8075,16246,1.4627,1.6152,1
793,36b2aecf578d1490,,idastar,"{""w"": 1.0}",pdb,"{""pdb_dir"": ""../phase1_data_generation/data/pdbs""}",42.00,1,solved,50,,18196,37606,10159,20385,1.8483,2.0096,1
794,9ce82b31fd06457a,,idastar,"{""w"": 1.0}",pdb,"{""pdb_dir"": ""../phase1_data_generation/data/pdbs""}",42.00,1,solved,48,,2177,4584,1673,3447,0.3044,0.3277,1
795,df56907cb81a32e4,,idastar,"{""w"": 1.0}",pdb,"{""pdb_dir"": ""../phase1_data_generation/data/pdbs""}",32.00,1,solved,40,,2323,4850,1329,2710,0.2422,0.2632,1
796,560ca94ed1283f7b,,idastar,"{""w"": 1.0}",pdb,"{""pdb_dir"": ""../phase1_data_generation/data/pdbs""}",42.00,1,solved,54,,655488,1405046,247156,496392,44.4616,49.5210,1
797,08ebc915df73624a,,idastar,"{""w"": 1.0}",pdb,"{""pdb_dir"": ""../phase1_data_generation/data/pdbs""}",46.00,1,solved,46,,51,112,52,112,0.0087,0.0094,1
798,e825f7910bdc4a36,,idastar,"{""w"": 1.0}",pdb,"{""pdb_dir"": ""../phase1_data_generation/data/pdbs""}",40.00,1,solved,48,,8973,18517,5959,11991,1.0426,1.1273,1
799,b2089dc735a1ef64,,idastar,"{""w"": 1.0}",pdb,"{""pdb_dir"": ""../phase1_data_generation/data/pdbs""}",38.00,1,solved,46,,15519,33356,9435,19637,1.7020,1.8484,1
800,5d0ba6c7e3142f89,,idastar,"{""w"": 1.0}",pdb,"{""pdb_dir"": ""../phase1_data_generation/data/pdbs""}",38.00,1,solved,48,,18677,39849,9083,18609,1.6174,1.7732,1
801,dc89a720f1e4b356,,idastar,"{""w"": 1.0}",pdb,"{""pdb_dir"": ""../phase1_data_generation/data/pdbs""}",34.00,1,solved,38,,118,261,105,231,0.0183,0.0197,1
802,b3ace6f9d1457082,,idastar,"{""w"": 1.0}",pdb,"{""pdb_dir"": ""../phase1_data_generation/data/pdbs""}",38.00,1,solved,42,,335,735,283,608,0.0502,0.0540,1
803,03ab6dfe2741589c,,idastar,"{""w"": 1.0}",pdb,"{""pdb_dir"": ""../phase1_data_generation/data/pdbs""}",44.00,1,solved,50,,20989,44178,10788,21864,1.9247,2.1023,1
804,fc79b0835e4a621d,,idastar,"{""w"": 1.0}",pdb,"{""pdb_dir"": ""../phase1_data_generation/data/pdbs""}",34.00,1,solved,44,,8546,18875,4322,8973,0.7653,0.8383,1
805,6fa174c90e2d38b5,,idastar,"{""w"": 1.0}",pdb,"{""pdb_dir"": ""../phase1_data_generation/data/pdbs""}",38.00,1,solved,44,,16937,37340,8250,17064,1.4526,1.5918,1
806,ce67b9da83f14520,,idastar,"{""w"": 1.0}",pdb,"{""pdb_dir"": ""../phase1_data_generation/data/pdbs""}",46.00,1,solved,54,,43251,91430,23665,47694,4.2797,4.6684,1
807,0f8512c3de7ab694,,idastar,"{""w"": 1.0}",pdb,"{""pdb_dir"": ""../phase1_data_generation/data/pdbs""}",40.00,1,solved,48,,2212,4752,1860,3940,0.3295,0.3538,1
808,8e0d9a6c7f12b534,,idastar,"{""w"": 1.0}",pdb,"{""pdb_dir"": ""../phase1_data_generation/data/pdbs""}",34.00,1,solved,38,,201,466,184,421,0.0328,0.0352,1
809,dc2ebf80a5697431,,idastar,"{""w"": 1.0}",pdb,"{""pdb_dir"": ""../phase1_data_generation/data/pdbs""}",36.00,1,solved,40,,1167,2559,914,1959,0.1619,0.1743,1
810,cadf31908e7b2546,,idastar,"{""w"": 1.0}",pdb,"{""pdb_dir"": ""../phase1_data_generation/data/pdbs""}",46.00,1,solved,52,,9088,19376,5614,11665,0.9990,1.0834,1
811,320a67ec4b589f1d,,idastar,"{""w"": 1.0}",pdb,"{""pdb_dir"": ""../phase1_data_generation/data/pdbs""}",46.00,1,solved,52,,19287,39785,13417,26946,2.3929,2.5833,1
812,cfd7501eba642938,,idastar,"{""w"": 1.0}",pdb,"{""pdb_dir"": ""../phase1_data_generation/data/pdbs""}",40.00,1,solved,52,,403359,866668,130841,263432,23.4320,26.2855,1
813,d691b7c03ae5284f,,idastar,"{""w"": 1.0}",pdb,"{""pdb_dir"": ""../phase1_data_generation/data/pdbs""}",38.00,1,solved,46,,10458,22361,6491,13366,1.1485,1.2445,1
814,ac6d741b0e385f92,,idastar,"{""w"": 1.0}",pdb,"{""pdb_dir"": ""../phase1_data_generation/data/pdbs""}",40.00,1,solved,48,,1520,3245,1209,2524,0.2264,0.2439,1
815,0b1763afe2954cd8,,idastar,"{""w"": 1.0}",pdb,"{""pdb_dir"": ""../phase1_data_generation/data/pdbs""}",50.00,1,solved,56,,3744,7696,3229,6535,0.5795,0.6219,1
816,1ca9de38570b62f4,,idastar,"{""w"": 1.0}",pdb,"{""pdb_dir"": ""../phase1_data_generation/data/pdbs""}",42.00,1,solved,46,,1211,2721,974,2131,0.1724,0.1856,1
817,08d4ecf593b267a1,,idastar,"{""w"": 1.0}",pdb,"{""pdb_dir"": ""../phase1_data_generation/data/pdbs""}",38.00,1,solved,42,,1223,2609,984,2087,0.1693,0.1820,1
818,2c9763df1e4ab085,,idastar,"{""w"": 1.0}",pdb,"{""pdb_dir"": ""../phase1_data_generation/data/pdbs""}",44.00,1,solved,52,,21817,45852,13261,26871,2.3837,2.5868,1
819,7efd80ca915b6342,,idastar,"{""w"": 1.0}",pdb,"{""pdb_dir"": ""../phase1_data_generation/data/pdbs""}",38.00,1,solved,44,,6186,13019,4328,8823,0.7135,0.7699,1
820,bec730d92685f1a4,,idastar,"{""w"": 1.0}",pdb,"{""pdb_dir"": ""../phase1_data_generation/data/pdbs""}",28.00,1,solved,40,,4428,9634,2776,5845,0.4645,0.5039,1
821,a3f7c5d01b8692e4,,idastar,"{""w"": 1.0}",pdb,"{""pdb_dir"": ""../phase1_data_generation/data/pdbs""}",42.00,1,solved,52,,11710,24712,7977,16151,1.4373,1.5542,1
822,bc0a62fe85347d91,,idastar,"{""w"": 1.0}",pdb,"{""pdb_dir"": ""../phase1_data_generation/data/pdbs""}",34.00,1,solved,44,,2430,5179,1841,3822,0.3136,0.3380,1
823,8401fcb3a2ed9675,,idastar,"{""w"": 1.0}",pdb,"{""pdb_dir"": ""../phase1_data_generation/data/pdbs""}",46.00,1,solved,48,,872,1863,717,1496,0.1223,0.1312,1
824,abd9f08e263c4751,,idastar,"{""w"": 1.0}",pdb,"{""pdb_dir"": ""../phase1_data_generation/data/pdbs""}",34.00,1,solved,36,,126,286,97,213,0.0169,0.0182,1
825,76dae08cf394152b,,idastar,"{""w"": 1.0}",pdb,"{""pdb_dir"": ""../phase1_data_generation/data/pdbs""}",36.00,1,solved,40,,1347,2854,1008,2099,0.2044,0.2632,1
826,eacd7fb041965283,,idastar,"{""w"": 1.0}",pdb,"{""pdb_dir"": ""../phase1_data_generation/data/pdbs""}",40.00,1,solved,46,,1792,3779,1453,3002,0.2504,0.2685,1
827,e9bc3f7d62085a14,,idastar,"{""w"": 1.0}",pdb,"{""pdb_dir"": ""../phase1_data_generation/data/pdbs""}",28.00,1,solved,32,,74,167,69,150,0.0119,0.0127,1
828,26de97b5a3f8c140,,idastar,"{""w"": 1.0}",pdb,"{""pdb_dir"": ""../phase1_data_generation/data/pdbs""}",44.00,1,solved,52,,64003,136675,36151,74333,6.3217,6.8859,1
829,fa7d268c0b19453e,,idastar,"{""w"": 1.0}",pdb,"{""pdb_dir"": ""../phase1_data_generation/data/pdbs""}",40.00,1,solved,46,,2542,5427,1956,4084,0.3513,0.3778,1
830,7cd4f6e8ba053192,,idastar,"{""w"": 1.0}",pdb,"{""pdb_dir"": ""../phase1_data_generation/data/pdbs""}",30.00,1,solved,44,,155895,339230,63807,130506,11.3050,12.5181,1
831,b2da91ec8f047653,,idastar,"{""w"": 1.0}",pdb,"{""pdb_dir"": ""../phase1_data_generation/data/pdbs""}",40.00,1,solved,46,,3581,7759,2208,4643,0.3828,0.4156,1
832,5f9cbea2017d6843,,idastar,"{""w"": 1.0}",pdb,"{""pdb_dir"": ""../phase1_data_generation/data/pdbs""}",40.00,1,solved,48,,9354,19833,6034,12355,1.0551,1.1428,1
833,c548bf620d1e7a93,,idastar,"{""w"": 1.0}",pdb,"{""pdb_dir"": ""../phase1_data_generation/data/pdbs""}",38.00,1,solved,46,,6778,14570,4208,8723,0.7441,0.8069,1
834,6fe3b7901da8254c,,idastar,"{""w"": 1.0}",pdb,"{""pdb_dir"": ""../phase1_data_generation/data/pdbs""}",42.00,1,solved,46,,1071,2338,824,1784,0.1491,0.1606,1
835,a984ef271cbd5360,,idastar,"{""w"": 1.0}",pdb,"{""pdb_dir"": ""../phase1_data_generation/data/pdbs""}",44.00,1,solved,52,,3186,6674,2649,5414,0.4597,0.4925,1
836,e6f4751328cdb9a0,,idastar,"{""w"": 1.0}",pdb,"{""pdb_dir"": ""../phase1_data_generation/data/pdbs""}",42.00,1,solved,52,,47388,100867,23637,48074,4.1246,4.5159,1
837,6d1ce85f0794a32b,,idastar,"{""w"": 1.0}",pdb,"{""pdb_dir"": ""../phase1_data_generation/data/pdbs""}",36.00,1,solved,46,,34109,73387,17459,36052,3.1422,3.4374,1
838,7e1c2d50abf96384,,idastar,"{""w"": 1.0}",pdb,"{""pdb_dir"": ""../phase1_data_generation/data/pdbs""}",34.00,1,solved,40,,1955,4229,1470,3119,0.2607,0.2808,1
839,95418dafbe32607c,,idastar,"{""w"": 1.0}",pdb,"{""pdb_dir"": ""../phase1_data_generation/data/pdbs""}",46.00,1,solved,52,,8300,17929,4625,9623,0.8233,0.8954,1
840,26b813cf9704dea5,,idastar,"{""w"": 1.0}",pdb,"{""pdb_dir"": ""../phase1_data_generation/data/pdbs""}",44.00,1,solved,54,,51803,108025,26765,53373,4.7749,5.2127,1
841,079ecbf436a8d125,,idastar,"{""w"": 1.0}",pdb,"{""pdb_dir"": ""../phase1_data_generation/data/pdbs""}",40.00,1,solved,46,,3394,7297,1741,3637,0.3097,0.3379,1
842,e1c4a968f70b532d,,idastar,"{""w"": 1.0}",pdb,"{""pdb_dir"": ""../phase1_data_generation/data/pdbs""}",40.00,1,solved,48,,16590,35215,11644,24158,2.0700,2.2349,1
843,cd483769f501ae2b,,idastar,"{""w"": 1.0}",pdb,"{""pdb_dir"": ""../phase1_data_generation/data/pdbs""}",36.00,1,solved,48,,12494,26958,7379,15346,1.3038,1.4171,1
844,57ba2f963c01d48e,,idastar,"{""w"": 1.0}",pdb,"{""pdb_dir"": ""../phase1_data_generation/data/pdbs""}",48.00,1,solved,52,,10216,21308,7194,14496,1.2658,1.3638,1
845,cbeaf2586d193470,,idastar,"{""w"": 1.0}",pdb,"{""pdb_dir"": ""../phase1_data_generation/data/pdbs""}",34.00,1,solved,42,,1961,4226,1396,2925,0.2409,0.2598,1
846,bad260ec37149f58,,idastar,"{""w"": 1.0}",pdb,"{""pdb_dir"": ""../phase1_data_generation/data/pdbs""}",36.00,1,solved,42,,815,1832,622,1372,0.1076,0.1160,1
847,d1489cf0b2ea6537,,idastar,"{""w"": 1.0}",pdb,"{""pdb_dir"": ""../phase1_data_generation/data/pdbs""}",46.00,1,solved,52,,8172,17032,5112,10354,0.9180,0.9941,1
848,1d096aec25b47f83,,idastar,"{""w"": 1.0}",pdb,"{""pdb_dir"": ""../phase1_data_generation/data/pdbs""}",42.00,1,solved,48,,6459,14073,4516,9525,0.8016,0.8650,1
849,632de4f17c5a9b80,,idastar,"{""w"": 1.0}",pdb,"{""pdb_dir"": ""../phase1_data_generation/data/pdbs""}",46.00,1,solved,50,,1293,2689,841,1673,0.1501,0.1621,1
850,0e2f9dbc7154a368,,idastar,"{""w"": 1.0}",pdb,"{""pdb_dir"": ""../phase1_data_generation/data/pdbs""}",36.00,1,solved,42,,2034,4472,1430,3041,0.2532,0.2734,1
851,85e1fc2674bd309a,,idastar,"{""w"": 1.0}",pdb,"{""pdb_dir"": ""../phase1_data_generation/data/pdbs""}",38.00,1,solved,46,,8019,16462,3818,7565,0.6830,0.7456,1
852,c8194eaf7b62d035,,idastar,"{""w"": 1.0}",pdb,"{""pdb_dir"": ""../phase1_data_generation/data/pdbs""}",46.00,1,solved,50,,2433,5042,1954,4015,0.3427,0.3677,1
853,0f124e7d65cb3a89,,idastar,"{""w"": 1.0}",pdb,"{""pdb_dir"": ""../phase1_data_generation/data/pdbs""}",40.00,1,solved,48,,9393,20354,5298,10965,0.9748,1.0620,1
854,e78df2c10439a5b6,,idastar,"{""w"": 1.0}",pdb,"{""pdb_dir"": ""../phase1_data_generation/data/pdbs""}",36.00,1,solved,38,,63,134,62,130,0.0109,0.0117,1
855,2bfce7ad06935148,,idastar,"{""w"": 1.0}",pdb,"{""pdb_dir"": ""../phase1_data_generation/data/pdbs""}",34.00,1,solved,42,,1034,2188,848,1767,0.1494,0.1603,1
856,c584fe90bda62371,,idastar,"{""w"": 1.0}",pdb,"{""pdb_dir"": ""../phase1_data_generation/data/pdbs""}",32.00,1,solved,38,,926,1985,681,1429,0.1210,0.1303,1
857,29f8a4e17d635cb0,,idastar,"{""w"": 1.0}",pdb,"{""pdb_dir"": ""../phase1_data_generation/data/pdbs""}",46.00,1,solved,52,,1549,3253,1261,2584,0.2233,0.2394,1
858,7c0931bef6a8d452,,idastar,"{""w"": 1.0}",pdb,"{""pdb_dir"": ""../phase1_data_generation/data/pdbs""}",38.00,1,solved,50,,20092,42363,12269,25011,2.1783,2.3632,1
859,3fdc9eb80671a542,,idastar,"{""w"": 1.0}",pdb,"{""pdb_dir"": ""../phase1_data_generation/data/pdbs""}",30.00,1,solved,34,,583,1299,434,941,0.0766,0.0826,1
860,87d9c4f2eb05a163,,idastar,"{""w"": 1.0}",pdb,"{""pdb_dir"": ""../phase1_data_generation/data/pdbs""}",50.00,1,solved,54,,3035,6230,2516,5085,0.4474,0.4794,1
861,a48d9e15bf3726c0,,idastar,"{""w"": 1.0}",pdb,"{""pdb_dir"": ""../phase1_data_generation/data/pdbs""}",40.00,1,solved,46,,282,616,244,528,0.0428,0.0459,1
862,2f4b30ec7d15a968,,idastar,"{""w"": 1.0}",pdb,"{""pdb_dir"": ""../phase1_data_generation/data/pdbs""}",40.00,1,solved,48,,25696,56331,11055,22503,1.9510,2.1478,1
863,ab0638ed9451f72c,,idastar,"{""w"": 1.0}",pdb,"{""pdb_dir"": ""../phase1_data_generation/data/pdbs""}",40.00,1,solved,48,,31739,70117,14102,29477,2.5035,2.7579,1
864,3ad4e6bf2c987051,,idastar,"{""w"": 1.0}",pdb,"{""pdb_dir"": ""../phase1_data_generation/data/pdbs""}",36.00,1,solved,44,,3532,7779,2318,4969,0.4070,0.4409,1
865,a2f83b6d790c14e5,,idastar,"{""w"": 1.0}",pdb,"{""pdb_dir"": ""../phase1_data_generation/data/pdbs""}",36.00,1,solved,42,,1747,3725,1233,2574,0.2185,0.2355,1
866,6eba439d78512fc0,,idastar,"{""w"": 1.0}",pdb,"{""pdb_dir"": ""../phase1_data_generation/data/pdbs""}",40.00,1,solved,48,,3957,8567,2783,5873,0.4935,0.5475,1
867,93fca0675be2814d,,idastar,"{""w"": 1.0}",pdb,"{""pdb_dir"": ""../phase1_data_generation/data/pdbs""}",42.00,1,solved,52,,104497,224116,55671,114757,9.9479,10.8537,1
868,0c6fd582eb9a4731,,idastar,"{""w"": 1.0}",pdb,"{""pdb_dir"": ""../phase1_data_generation/data/pdbs""}",40.00,1,solved,52,,67156,140803,34265,69306,6.0937,6.6660,1
869,deac50b649f87231,,idastar,"{""w"": 1.0}",pdb,"{""pdb_dir"": ""../phase1_data_generation/data/pdbs""}",36.00,1,solved,38,,363,792,291,617,0.0516,0.0554,1
870,eca8f64079d5b312,,idastar,"{""w"": 1.0}",pdb,"{""pdb_dir"": ""../phase1_data_generation/data/pdbs""}",28.00,1,solved,30,,101,218,94,196,0.0169,0.0181,1
871,bcd7a980456ef132,,idastar,"{""w"": 1.0}",pdb,"{""pdb_dir"": ""../phase1_data_generation/data/pdbs""}",46.00,1,solved,52,,5186,10854,3860,7898,0.6873,0.7395,1
872,bd082654ecaf7931,,idastar,"{""w"": 1.0}",pdb,"{""pdb_dir"": ""../phase1_data_generation/data/pdbs""}",38.00,1,solved,42,,993,2157,768,1619,0.1361,0.1464,1
873,b5dfea9c71043286,,idastar,"{""w"": 1.0}",pdb,"{""pdb_dir"": ""../phase1_data_generation/data/pdbs""}",32.00,1,solved,32,,70,153,71,152,0.0127,0.0136,1
874,0951ebd437f8a2c6,,idastar,"{""w"": 1.0}",pdb,"{""pdb_dir"": ""../phase1_data_generation/data/pdbs""}",40.00,1,solved,46,,980,2073,794,1652,0.1407,0.1510,1
875,0bac345df76892e1,,idastar,"{""w"": 1.0}",pdb,"{""pdb_dir"": ""../phase1_data_generation/data/pdbs""}",32.00,1,solved,42,,2067,4523,1346,2855,0.2350,0.2546,1
876,380c2e6a5f1d7b49,,idastar,"{""w"": 1.0}",pdb,"{""pdb_dir"": ""../phase1_data_generation/data/pdbs""}",38.00,1,solved,46,,13466,28741,7769,15854,1.3513,1.4702,1
877,327d895c0bfa6e41,,idastar,"{""w"": 1.0}",pdb,"{""pdb_dir"": ""../phase1_data_generation/data/pdbs""}",40.00,1,solved,50,,19342,41291,11334,23304,2.0254,2.2029,1
878,985df1c074ea362b,,idastar,"{""w"": 1.0}",pdb,"{""pdb_dir"": ""../phase1_data_generation/data/pdbs""}",36.00,1,solved,44,,33763,72324,17190,34998,3.0853,3.3740,1
879,f659d0c2b8e3714a,,idastar,"{""w"": 1.0}",pdb,"{""pdb_dir"": ""../phase1_data_generation/data/pdbs""}",34.00,1,solved,42,,2924,6200,1963,4035,0.3472,0.3755,1
880,271fae8c45b936d0,,idastar,"{""w"": 1.0}",pdb,"{""pdb_dir"": ""../phase1_data_generation/data/pdbs""}",40.00,1,solved,50,,8442,17840,5061,10154,0.9030,0.9795,1
881,97eaf3408612c5bd,,idastar,"{""w"": 1.0}",pdb,"{""pdb_dir"": ""../phase1_data_generation/data/pdbs""}",48.00,1,solved,58,,286373,610244,133501,269706,23.9678,26.3416,1
882,78f914ea3b05c62d,,idastar,"{""w"": 1.0}",pdb,"{""pdb_dir"": ""../phase1_data_generation/data/pdbs""}",42.00,1,solved,50,,9150,19905,6096,12867,1.0803,1.1675,1
883,fcb14a293e0d7856,,idastar,"{""w"": 1.0}",pdb,"{""pdb_dir"": ""../phase1_data_generation/data/pdbs""}",42.00,1,solved,48,,11292,24416,7462,15504,1.3220,1.4306,1
884,f9c4e0752a163d8b,,idastar,"{""w"": 1.0}",pdb,"{""pdb_dir"": ""../phase1_data_generation/data/pdbs""}",38.00,1,solved,46,,7320,15960,4840,10214,0.8443,0.9138,1
885,03be6c98f571a4d2,,idastar,"{""w"": 1.0}",pdb,"{""pdb_dir"": ""../phase1_data_generation/data/pdbs""}",42.00,1,solved,48,,8113,16655,5523,11067,0.9746,1.0519,1
886,0dc4ef39b7a82651,,idastar,"{""w"": 1.0}",pdb,"{""pdb_dir"": ""../phase1_data_generation/data/pdbs""}",24.00,1,solved,30,,635,1444,413,910,0.0728,0.0789,1
887,9dabe2850f463c71,,idastar,"{""w"": 1.0}",pdb,"{""pdb_dir"": ""../phase1_data_generation/data/pdbs""}",42.00,1,solved,44,,244,526,210,442,0.0374,0.0401,1
888,0583e19bfc6d7a42,,idastar,"{""w"": 1.0}",pdb,"{""pdb_dir"": ""../phase1_data_generation/data/pdbs""}",42.00,1,solved,50,,2552,5492,1914,4017,0.3426,0.3691,1
889,bc09752e6af8314d,,idastar,"{""w"": 1.0}",pdb,"{""pdb_dir"": ""../phase1_data_generation/data/pdbs""}",30.00,1,solved,36,,262,566,174,364,0.0315,0.0340,1
890,9aef1630cb4d7258,,idastar,"{""w"": 1.0}",pdb,"{""pdb_dir"": ""../phase1_data_generation/data/pdbs""}",42.00,1,solved,48,,896,1926,699,1449,0.1247,0.1341,1
891,0e6c1849af723bd5,,idastar,"{""w"": 1.0}",pdb,"{""pdb_dir"": ""../phase1_data_generation/data/pdbs""}",36.00,1,solved,46,,8656,19036,6276,13465,1.1114,1.1991,1
892,bf0d254a387c9e61,,idastar,"{""w"": 1.0}",pdb,"{""pdb_dir"": ""../phase1_data_generation/data/pdbs""}",32.00,1,solved,40,,1540,3406,1174,2513,0.2096,0.2258,1
893,a6fd73ecb5982014,,idastar,"{""w"": 1.0}",pdb,"{""pdb_dir"": ""../phase1_data_generation/data/pdbs""}",22.00,1,solved,30,,647,1437,464,1017,0.0813,0.0879,1
894,e7f982ba510c6d34,,idastar,"{""w"": 1.0}",pdb,"{""pdb_dir"": ""../phase1_data_generation/data/pdbs""}",38.00,1,solved,46,,4312,9518,2261,4770,0.3931,0.4290,1
895,ba0cd49e6538271f,,idastar,"{""w"": 1.0}",pdb,"{""pdb_dir"": ""../phase1_data_generation/data/pdbs""}",40.00,1,solved,46,,4474,9967,2952,6315,0.5168,0.5601,1
896,48ecda31b52967f0,,idastar,"{""w"": 1.0}",pdb,"{""pdb_dir"": ""../phase1_data_generation/data/pdbs""}",42.00,1,solved,50,,3382,7266,2684,5685,0.4717,0.5071,1
897,8a749dec3501bf62,,idastar,"{""w"": 1.0}",pdb,"{""pdb_dir"": ""../phase1_data_generation/data/pdbs""}",38.00,1,solved,46,,10391,23137,6745,14436,1.2036,1.3048,1
898,769d1045fbcae823,,idastar,"{""w"": 1.0}",pdb,"{""pdb_dir"": ""../phase1_data_generation/data/pdbs""}",44.00,1,solved,54,,172206,361189,68211,135555,12.2669,13.5661,1
899,45fca697238ebd10,,idastar,"{""w"": 1.0}",pdb,"{""pdb_dir"": ""../phase1_data_generation/data/pdbs""}",40.00,1,solved,48,,5490,12164,3311,6939,0.5928,0.6433,1
900,2efc408d7b1a5693,,idastar,"{""w"": 1.0}",pdb,"{""pdb_dir"": ""../phase1_data_generation/data/pdbs""}",40.00,1,solved,46,,1600,3306,1086,2203,0.1941,0.2093,1
901,689d7ecf3b5a2140,,idastar,"{""w"": 1.0}",pdb,"{""pdb_dir"": ""../phase1_data_generation/data/pdbs""}",34.00,1,solved,40,,6140,13672,3021,6341,0.5383,0.5891,1
902,79cd602afb85e143,,idastar,"{""w"": 1.0}",pdb,"{""pdb_dir"": ""../phase1_data_generation/data/pdbs""}",42.00,1,solved,48,,3347,7082,2687,5548,0.4742,0.5090,1
903,e40cf7962d85ab13,,idastar,"{""w"": 1.0}",pdb,"{""pdb_dir"": ""../phase1_data_generation/data/pdbs""}",36.00,1,solved,40,,772,1647,663,1390,0.1159,0.1243,1
904,6abfe0937d412c58,,idastar,"{""w"": 1.0}",pdb,"{""pdb_dir"": ""../phase1_data_generation/data/pdbs""}",40.00,1,solved,50,,3734,7909,2625,5404,0.4646,0.5018,1
905,13b5e029a7fd64c8,,idastar,"{""w"": 1.0}",pdb,"{""pdb_dir"": ""../phase1_data_generation/data/pdbs""}",46.00,1,solved,48,,558,1180,433,902,0.0767,0.0825,1
906,b53cf4e0718a26d9,,idastar,"{""w"": 1.0}",pdb,"{""pdb_dir"": ""../phase1_data_generation/data/pdbs""}",36.00,1,solved,44,,2509,5361,1692,3521,0.3005,0.3250,1
907,bed859f4a302c671,,idastar,"{""w"": 1.0}",pdb,"{""pdb_dir"": ""../phase1_data_generation/data/pdbs""}",38.00,1,solved,42,,1092,2432,847,1843,0.1496,0.1819,1
908,b9fed06825c3417a,,idastar,"{""w"": 1.0}",pdb,"{""pdb_dir"": ""../phase1_data_generation/data/pdbs""}",40.00,1,solved,46,,611,1293,490,1021,0.0864,0.0928,1
909,e6a71d523c0f4b89,,idastar,"{""w"": 1.0}",pdb,"{""pdb_dir"": ""../phase1_data_generation/data/pdbs""}",44.00,1,solved,54,,71181,147504,36791,73151,6.5732,7.1716,1
910,21abf36c479de580,,idastar,"{""w"": 1.0}",pdb,"{""pdb_dir"": ""../phase1_data_generation/data/pdbs""}",44.00,1,solved,50,,877,1749,737,1456,0.1311,0.1403,1
911,32e57cfa68d410b9,,idastar,"{""w"": 1.0}",pdb,"{""pdb_dir"": ""../phase1_data_generation/data/pdbs""}",46.00,1,solved,50,,5519,11615,3960,8068,0.7007,0.7539,1
912,bf3d794a2c08e615,,idastar,"{""w"": 1.0}",pdb,"{""pdb_dir"": ""../phase1_data_generation/data/pdbs""}",38.00,1,solved,46,,11186,24486,7728,16419,1.3683,1.4776,1
913,df87c3b6a219e054,,idastar,"{""w"": 1.0}",pdb,"{""pdb_dir"": ""../phase1_data_generation/data/pdbs""}",42.00,1,solved,46,,1860,3948,1273,2644,0.2257,0.2436,1
914,7cf83e950adb2164,,idastar,"{""w"": 1.0}",pdb,"{""pdb_dir"": ""../phase1_data_generation/data/pdbs""}",32.00,1,solved,34,,146,323,137,295,0.0242,0.0259,1
915,0d1f96a58b7c32e4,,idastar,"{""w"": 1.0}",pdb,"{""pdb_dir"": ""../phase1_data_generation/data/pdbs""}",36.00,1,solved,50,,101018,212385,47131,94271,8.4265,9.2573,1
916,b925fe187c64d03a,,idastar,"{""w"": 1.0}",pdb,"{""pdb_dir"": ""../phase1_data_generation/data/pdbs""}",42.00,1,solved,48,,2935,6272,2241,4707,0.3895,0.4195,1
917,ac68903db2f1574e,,idastar,"{""w"": 1.0}",pdb,"{""pdb_dir"": ""../phase1_data_generation/data/pdbs""}",40.00,1,solved,42,,593,1347,317,686,0.0547,0.0598,1
918,dc09b5e4238a761f,,idastar,"{""w"": 1.0}",pdb,"{""pdb_dir"": ""../phase1_data_generation/data/pdbs""}",40.00,1,solved,42,,233,515,198,427,0.0341,0.0366,1
919,df1eb4c82a093765,,idastar,"{""w"": 1.0}",pdb,"{""pdb_dir"": ""../phase1_data_generation/data/pdbs""}",36.00,1,solved,40,,339,741,289,616,0.0500,0.0537,1
920,a6cef579028d43b1,,idastar,"{""w"": 1.0}",pdb,"{""pdb_dir"": ""../phase1_data_generation/data/pdbs""}",38.00,1,solved,40,,352,763,285,600,0.0493,0.0530,1
921,461afd987302b5ec,,idastar,"{""w"": 1.0}",pdb,"{""pdb_dir"": ""../phase1_data_generation/data/pdbs""}",44.00,1,solved,50,,2844,6241,2221,4730,0.3994,0.4303,1
922,5b9ac04f83de2167,,idastar,"{""w"": 1.0}",pdb,"{""pdb_dir"": ""../phase1_data_generation/data/pdbs""}",46.00,1,solved,54,,38235,81423,18660,38066,3.3084,3.6248,1
923,7e8f5ac0b3412d96,,idastar,"{""w"": 1.0}",pdb,"{""pdb_dir"": ""../phase1_data_generation/data/pdbs""}",38.00,1,solved,42,,1639,3517,888,1851,0.1579,0.1719,1
924,3c0689a2bf1de745,,idastar,"{""w"": 1.0}",pdb,"{""pdb_dir"": ""../phase1_data_generation/data/pdbs""}",46.00,1,solved,52,,24960,51695,16126,32404,2.8905,3.1268,1
925,fb41c028ed36a597,,idastar,"{""w"": 1.0}",pdb,"{""pdb_dir"": ""../phase1_data_generation/data/pdbs""}",44.00,1,solved,50,,4766,10157,3685,7737,0.6502,0.6998,1
926,6dc81fe2a70345b9,,idastar,"{""w"": 1.0}",pdb,"{""pdb_dir"": ""../phase1_data_generation/data/pdbs""}",40.00,1,solved,46,,1562,3137,1198,2361,0.2112,0.2269,1
927,f38b9c40ade76251,,idastar,"{""w"": 1.0}",pdb,"{""pdb_dir"": ""../phase1_data_generation/data/pdbs""}",36.00,1,solved,38,,240,548,191,430,0.0332,0.0358,1
928,7f81c03eba542d96,,idastar,"{""w"": 1.0}",pdb,"{""pdb_dir"": ""../phase1_data_generation/data/pdbs""}",38.00,1,solved,44,,4911,10498,2908,5898,0.5240,0.5691,1
929,b385d091ef7c42a6,,idastar,"{""w"": 1.0}",pdb,"{""pdb_dir"": ""../phase1_data_generation/data/pdbs""}",42.00,1,solved,50,,6465,13063,4261,8363,0.7637,0.8235,1
930,6e4750fbda193c82,,idastar,"{""w"": 1.0}",pdb,"{""pdb_dir"": ""../phase1_data_generation/data/pdbs""}",48.00,1,solved,54,,49791,107323,28304,58521,5.0182,5.4676,1
931,9d0f7ba834561ce2,,idastar,"{""w"": 1.0}",pdb,"{""pdb_dir"": ""../phase1_data_generation/data/pdbs""}",44.00,1,solved,48,,3833,7969,2855,5846,0.5066,0.5447,1
932,738e6cdb0214af59,,idastar,"{""w"": 1.0}",pdb,"{""pdb_dir"": ""../phase1_data_generation/data/pdbs""}",44.00,1,solved,48,,2874,6263,2181,4673,0.3895,0.4194,1
933,fe7c16b52a3490d8,,idastar,"{""w"": 1.0}",pdb,"{""pdb_dir"": ""../phase1_data_generation/data/pdbs""}",36.00,1,solved,44,,40161,86105,16783,33946,3.0033,3.3099,1
934,bf0a358e67c9214d,,idastar,"{""w"": 1.0}",pdb,"{""pdb_dir"": ""../phase1_data_generation/data/pdbs""}",32.00,1,solved,36,,632,1377,470,990,0.0813,0.0876,1
935,0daeb148f95c7632,,idastar,"{""w"": 1.0}",pdb,"{""pdb_dir"": ""../phase1_data_generation/data/pdbs""}",38.00,1,solved,44,,2909,6179,2195,4556,0.3812,0.4105,1
936,fe0d5b8c2a941736,,idastar,"{""w"": 1.0}",pdb,"{""pdb_dir"": ""../phase1_data_generation/data/pdbs""}",26.00,1,solved,34,,3322,7087,1694,3442,0.3012,0.3294,1
937,4fc3a7d0561e298b,,idastar,"{""w"": 1.0}",pdb,"{""pdb_dir"": ""../phase1_data_generation/data/pdbs""}",44.00,1,solved,52,,164328,354377,60508,123040,10.8368,12.0520,1
938,e8d4205691a7cbf3,,idastar,"{""w"": 1.0}",pdb,"{""pdb_dir"": ""../phase1_data_generation/data/pdbs""}",48.00,1,solved,56,,22195,46079,15242,30860,2.7103,2.9264,1
939,59bdc06ae734f281,,idastar,"{""w"": 1.0}",pdb,"{""pdb_dir"": ""../phase1_data_generation/data/pdbs""}",38.00,1,solved,44,,1589,3436,1123,2358,0.2035,0.2198,1
940,0dc2af1857496be3,,idastar,"{""w"": 1.0}",pdb,"{""pdb_dir"": ""../phase1_data_generation/data/pdbs""}",36.00,1,solved,48,,8956,19140,5911,12291,1.0575,1.1447,1
941,0ec6a5df837b2149,,idastar,"{""w"": 1.0}",pdb,"{""pdb_dir"": ""../phase1_data_generation/data/pdbs""}",36.00,1,solved,44,,5253,11296,3204,6586,0.5775,0.6273,1
942,cef8d560a12974b3,,idastar,"{""w"": 1.0}",pdb,"{""pdb_dir"": ""../phase1_data_generation/data/pdbs""}",42.00,1,solved,44,,156,332,134,283,0.0239,0.0257,1
943,7f1e84d0a5263bc9,,idastar,"{""w"": 1.0}",pdb,"{""pdb_dir"": ""../phase1_data_generation/data/pdbs""}",40.00,1,solved,44,,2198,4768,1544,3284,0.2712,0.2927,1
944,ab05fe82c73916d4,,idastar,"{""w"": 1.0}",pdb,"{""pdb_dir"": ""../phase1_data_generation/data/pdbs""}",42.00,1,solved,46,,931,2028,738,1577,0.1290,0.1388,1
945,bf9a561e230c748d,,idastar,"{""w"": 1.0}",pdb,"{""pdb_dir"": ""../phase1_data_generation/data/pdbs""}",34.00,1,solved,36,,519,1090,397,804,0.0694,0.0747,1
946,cad5e7630b89f241,,idastar,"{""w"": 1.0}",pdb,"{""pdb_dir"": ""../phase1_data_generation/data/pdbs""}",40.00,1,solved,46,,1809,3787,1401,2859,0.2453,0.2637,1
947,69dfcab52748e310,,idastar,"{""w"": 1.0}",pdb,"{""pdb_dir"": ""../phase1_data_generation/data/pdbs""}",42.00,1,solved,48,,6728,14558,4260,8937,0.7551,0.8181,1
948,fbad98610e453c27,,idastar,"{""w"": 1.0}",pdb,"{""pdb_dir"": ""../phase1_data_generation/data/pdbs""}",38.00,1,solved,46,,9463,20500,5998,12533,1.0710,1.1773,1
949,ef2cb0d19a647358,,idastar,"{""w"": 1.0}",pdb,"{""pdb_dir"": ""../phase1_data_generation/data/pdbs""}",32.00,1,solved,38,,1742,3828,1365,2914,0.2419,0.2600,1
950,9f16428cbad370e5,,idastar,"{""w"": 1.0}",pdb,"{""pdb_dir"": ""../phase1_data_generation/data/pdbs""}",42.00,1,solved,50,,5926,12788,3939,8194,0.6965,0.7517,1
951,6baf9d30e4c15782,,idastar,"{""w"": 1.0}",pdb,"{""pdb_dir"": ""../phase1_data_generation/data/pdbs""}",40.00,1,solved,48,,866,1857,712,1504,0.1264,0.1357,1
952,ae0c916827d43bf5,,idastar,"{""w"": 1.0}",pdb,"{""pdb_dir"": ""../phase1_data_generation/data/pdbs""}",34.00,1,solved,46,,49417,108476,27931,58475,4.9765,5.4236,1
953,fa64508b723ed9c1,,idastar,"{""w"": 1.0}",pdb,"{""pdb_dir"": ""../phase1_data_generation/data/pdbs""}",40.00,1,solved,48,,23778,52048,11687,24409,2.0651,2.2610,1
954,2cf813bd7e06954a,,idastar,"{""w"": 1.0}",pdb,"{""pdb_dir"": ""../phase1_data_generation/data/pdbs""}",44.00,1,solved,52,,70711,151120,31384,63230,5.6456,6.2077,1
955,c8b2e93ad5417f60,,idastar,"{""w"": 1.0}",pdb,"{""pdb_dir"": ""../phase1_data_generation/data/pdbs""}",42.00,1,solved,48,,1850,4024,1540,3319,0.2720,0.2918,1
956,ef08c7a2395d146b,,idastar,"{""w"": 1.0}",pdb,"{""pdb_dir"": ""../phase1_data_generation/data/pdbs""}",38.00,1,solved,46,,4942,10830,3039,6317,0.5429,0.5886,1
957,b916f2a7548dc3e0,,idastar,"{""w"": 1.0}",pdb,"{""pdb_dir"": ""../phase1_data_generation/data/pdbs""}",46.00,1,solved,56,,15595,31846,11167,22357,1.9815,2.1347,1
958,01db52efa3c67894,,idastar,"{""w"": 1.0}",pdb,"{""pdb_dir"": ""../phase1_data_generation/data/pdbs""}",42.00,1,solved,52,,46711,96567,28014,56145,5.0027,5.4308,1
959,f6c1b0783dae4529,,idastar,"{""w"": 1.0}",pdb,"{""pdb_dir"": ""../phase1_data_generation/data/pdbs""}",38.00,1,solved,40,,1550,3289,1219,2543,0.2134,0.2293,1
960,e128904cd73afb65,,idastar,"{""w"": 1.0}",pdb,"{""pdb_dir"": ""../phase1_data_generation/data/pdbs""}",42.00,1,solved,48,,2625,5599,2162,4535,0.3818,0.4094,1
961,afb9318e750c246d,,idastar,"{""w"": 1.0}",pdb,"{""pdb_dir"": ""../phase1_data_generation/data/pdbs""}",38.00,1,solved,44,,2468,5183,1850,3809,0.3315,0.3566,1
962,e4d876359f0ba12c,,idastar,"{""w"": 1.0}",pdb,"{""pdb_dir"": ""../phase1_data_generation/data/pdbs""}",44.00,1,solved,50,,12408,26073,7725,15736,1.3685,1.4803,1
963,67b92f3c5da1e048,,idastar,"{""w"": 1.0}",pdb,"{""pdb_dir"": ""../phase1_data_generation/data/pdbs""}",38.00,1,solved,50,,70178,148516,32077,64763,5.7473,6.3169,1
964,4ae1c7b8fd596320,,idastar,"{""w"": 1.0}",pdb,"{""pdb_dir"": ""../phase1_data_generation/data/pdbs""}",40.00,1,solved,48,,1598,3479,1403,3020,0.2472,0.2652,1
965,bf9d20315ac87e46,,idastar,"{""w"": 1.0}",pdb,"{""pdb_dir"": ""../phase1_data_generation/data/pdbs""}",36.00,1,solved,40,,727,1612,544,1170,0.0954,0.1027,1
966,bf71c4d9368a2e50,,idastar,"{""w"": 1.0}",pdb,"{""pdb_dir"": ""../phase1_data_generation/data/pdbs""}",36.00,1,solved,44,,2981,6454,1898,3993,0.3361,0.3640,1
967,b586702e3caf1d94,,idastar,"{""w"": 1.0}",pdb,"{""pdb_dir"": ""../phase1_data_generation/data/pdbs""}",40.00,1,solved,44,,1060,2331,870,1843,0.1536,0.1651,1
968,da6218ce9f0b4753,,idastar,"{""w"": 1.0}",pdb,"{""pdb_dir"": ""../phase1_data_generation/data/pdbs""}",48.00,1,solved,56,,16266,32864,11621,22988,2.0734,2.2324,1
969,da5270f86c4eb193,,idastar,"{""w"": 1.0}",pdb,"{""pdb_dir"": ""../phase1_data_generation/data/pdbs""}",42.00,1,solved,52,,111135,236325,55168,111195,9.8704,10.8082,1
970,5bfd76ea839c2014,,idastar,"{""w"": 1.0}",pdb,"{""pdb_dir"": ""../phase1_data_generation/data/pdbs""}",26.00,1,solved,36,,1187,2587,819,1742,0.1436,0.1553,1
971,b90dcf84a752e316,,idastar,"{""w"": 1.0}",pdb,"{""pdb_dir"": ""../phase1_data_generation/data/pdbs""}",34.00,1,solved,38,,884,1957,443,936,0.0785,0.0859,1
972,b6ad78f10ec53942,,idastar,"{""w"": 1.0}",pdb,"{""pdb_dir"": ""../phase1_data_generation/data/pdbs""}",32.00,1,solved,38,,344,751,277,594,0.0492,0.0529,1
973,8fed907c2b635a41,,idastar,"{""w"": 1.0}",pdb,"{""pdb_dir"": ""../phase1_data_generation/data/pdbs""}",34.00,1,solved,42,,7621,16840,4562,9679,0.8305,0.9028,1
974,be5c109327af684d,,idastar,"{""w"": 1.0}",pdb,"{""pdb_dir"": ""../phase1_data_generation/data/pdbs""}",40.00,1,solved,48,,12348,27117,6794,14071,1.2130,1.3215,1
975,da7b165f0ec93284,,idastar,"{""w"": 1.0}",pdb,"{""pdb_dir"": ""../phase1_data_generation/data/pdbs""}",38.00,1,solved,46,,7798,16136,4702,9444,0.8346,0.9046,1
976,f69b1ced7a382045,,idastar,"{""w"": 1.0}",pdb,"{""pdb_dir"": ""../phase1_data_generation/data/pdbs""}",32.00,1,solved,38,,356,784,224,480,0.0397,0.0430,1
977,9adebc65f8032174,,idastar,"{""w"": 1.0}",pdb,"{""pdb_dir"": ""../phase1_data_generation/data/pdbs""}",36.00,1,solved,44,,3588,7766,2793,5943,0.4936,0.5312,1
978,f7c8249e650dab31,,idastar,"{""w"": 1.0}",pdb,"{""pdb_dir"": ""../phase1_data_generation/data/pdbs""}",36.00,1,solved,40,,1397,3021,1007,2106,0.1782,0.1918,1
979,cb74d390f8526ea1,,idastar,"{""w"": 1.0}",pdb,"{""pdb_dir"": ""../phase1_data_generation/data/pdbs""}",38.00,1,solved,48,,14998,31999,8267,16926,1.4623,1.5920,1
980,5f0cea18d6497b23,,idastar,"{""w"": 1.0}",pdb,"{""pdb_dir"": ""../phase1_data_generation/data/pdbs""}",34.00,1,solved,44,,10215,21979,6391,13321,1.1313,1.2252,1
981,5bc264e01fa8379d,,idastar,"{""w"": 1.0}",pdb,"{""pdb_dir"": ""../phase1_data_generation/data/pdbs""}",42.00,1,solved,50,,55741,117526,28259,56637,5.0581,5.5270,1
982,eb87c39afd641250,,idastar,"{""w"": 1.0}",pdb,"{""pdb_dir"": ""../phase1_data_generation/data/pdbs""}",40.00,1,solved,48,,6893,14896,4089,8461,0.7243,0.7870,1
983,c2de8f14ab057963,,idastar,"{""w"": 1.0}",pdb,"{""pdb_dir"": ""../phase1_data_generation/data/pdbs""}",42.00,1,solved,46,,331,728,270,577,0.0483,0.0520,1
984,6ce39f71a20db845,,idastar,"{""w"": 1.0}",pdb,"{""pdb_dir"": ""../phase1_data_generation/data/pdbs""}",42.00,1,solved,48,,1942,4158,1445,3013,0.2607,0.2809,1
985,b835fadc0149e267,,idastar,"{""w"": 1.0}",pdb,"{""pdb_dir"": ""../phase1_data_generation/data/pdbs""}",42.00,1,solved,46,,2155,4586,1309,2698,0.2355,0.2554,1
986,32bf615a8d04e7c9,,idastar,"{""w"": 1.0}",pdb,"{""pdb_dir"": ""../phase1_data_generation/data/pdbs""}",48.00,1,solved,56,,53050,109621,28219,56259,5.0484,5.5028,1
987,7bedfc80641a2935,,idastar,"{""w"": 1.0}",pdb,"{""pdb_dir"": ""../phase1_data_generation/data/pdbs""}",34.00,1,solved,40,,669,1433,571,1210,0.1006,0.1080,1
988,fec8a9543d71206b,,idastar,"{""w"": 1.0}",pdb,"{""pdb_dir"": ""../phase1_data_generation/data/pdbs""}",24.00,1,solved,32,,811,1784,569,1230,0.0999,0.1081,1
989,c458a39d2701ebf6,,idastar,"{""w"": 1.0}",pdb,"{""pdb_dir"": ""../phase1_data_generation/data/pdbs""}",42.00,1,solved,50,,11104,23634,8309,17239,1.4843,1.6212,1
990,e581d046ba932f7c,,idastar,"{""w"": 1.0}",pdb,"{""pdb_dir"": ""../phase1_data_generation/data/pdbs""}",46.00,1,solved,52,,31691,65320,20304,40688,3.6186,3.9130,1
991,efd157c08a2b3964,,idastar,"{""w"": 1.0}",pdb,"{""pdb_dir"": ""../phase1_data_generation/data/pdbs""}",36.00,1,solved,42,,1287,2698,974,2028,0.1713,0.1842,1
992,7be5a4801cfd2369,,idastar,"{""w"": 1.0}",pdb,"{""pdb_dir"": ""../phase1_data_generation/data/pdbs""}",44.00,1,solved,48,,4857,10175,2694,5462,0.4819,0.5230,1
993,de95f81072b6c34a,,idastar,"{""w"": 1.0}",pdb,"{""pdb_dir"": ""../phase1_data_generation/data/pdbs""}",34.00,1,solved,44,,1951,4091,1402,2892,0.2499,0.2693,1
994,87bdc26a0451ef39,,idastar,"{""w"": 1.0}",pdb,"{""pdb_dir"": ""../phase1_data_generation/data/pdbs""}",44.00,1,solved,44,,113,251,114,251,0.0204,0.0217,1
995,0bed7fac45692183,,idastar,"{""w"": 1.0}",pdb,"{""pdb_dir"": ""../phase1_data_generation/data/pdbs""}",34.00,1,solved,38,,533,1107,438,895,0.0794,0.0851,1
996,6edc7fba21053894,,idastar,"{""w"": 1.0}",pdb,"{""pdb_dir"": ""../phase1_data_generation/data/pdbs""}",26.00,1,solved,30,,332,764,250,557,0.0446,0.0481,1
997,0f4eb56138acd792,,idastar,"{""w"": 1.0}",pdb,"{""pdb_dir"": ""../phase1_data_generation/data/pdbs""}",38.00,1,solved,44,,4192,9202,2507,5319,0.4407,0.4785,1
998,be87cad5169f3240,,idastar,"{""w"": 1.0}",pdb,"{""pdb_dir"": ""../phase1_data_generation/data/pdbs""}",36.00,1,solved,42,,940,2090,650,1388,0.1145,0.1238,1
999,c80942a1f6b5de73,,idastar,"{""w"": 1.0}",pdb,"{""pdb_dir"": ""../phase1_data_generation/data/pdbs""}",44.00,1,solved,52,,5812,11536,4544,8948,0.7977,0.8557,1
0,8cdfb65a7391e024,,wastar,"{""w"": 1.0}",pdb,"{""pdb_dir"": ""../phase1_data_generation/data/pdbs""}",36.00,1,solved,46,,9900,30902,9732,19914,1.7966,2.6430,1
1,65f87c9b3d421ae0,,wastar,"{""w"": 1.0}",pdb,"{""pdb_dir"": ""../phase1_data_generation/data/pdbs""}",38.00,1,solved,50,,70532,216671,69228,135654,13.0297,19.2215,1
2,da4f3be0c9816275,,wastar,"{""w"": 1.0}",pdb,"{""pdb_dir"": ""../phase1_data_generation/data/pdbs""}",42.00,1,solved,46,,122,391,122,269,0.0224,0.0325,1
3,eadbc6570128f394,,wastar,"{""w"": 1.0}",pdb,"{""pdb_dir"": ""../phase1_data_generation/data/pdbs""}",32.00,1,solved,40,,496,1572,493,1035,0.0904,0.1314,1
4,fa8170c92d653be4,,wastar,"{""w"": 1.0}",pdb,"{""pdb_dir"": ""../phase1_data_generation/data/pdbs""}",32.00,1,solved,38,,553,1770,550,1182,0.1008,0.1469,1
5,da689174fe0523cb,,wastar,"{""w"": 1.0}",pdb,"{""pdb_dir"": ""../phase1_data_generation/data/pdbs""}",42.00,1,solved,50,,8638,26801,8513,17466,1.5588,2.2887,1
6,fa38e9bc752460d1,,wastar,"{""w"": 1.0}",pdb,"{""pdb_dir"": ""../phase1_data_generation/data/pdbs""}",34.00,1,solved,42,,1125,3562,1119,2361,0.2046,0.2987,1
7,0f6d73aeb8c51294,,wastar,"{""w"": 1.0}",pdb,"{""pdb_dir"": ""../phase1_data_generation/data/pdbs""}",32.00,1,solved,38,,804,2542,793,1701,0.1453,0.2122,1
8,f5c2ad80eb714693,,wastar,"{""w"": 1.0}",pdb,"{""pdb_dir"": ""../phase1_data_generation/data/pdbs""}",38.00,1,solved,44,,1143,3614,1135,2418,0.2063,0.3011,1
9,ea09fb7d1245386c,,wastar,"{""w"": 1.0}",pdb,"{""pdb_dir"": ""../phase1_data_generation/data/pdbs""}",34.00,1,solved,38,,381,1224,381,831,0.0684,0.0996,1
10,1f08a4d37c625eb9,,wastar,"{""w"": 1.0}",pdb,"{""pdb_dir"": ""../phase1_data_generation/data/pdbs""}",46.00,1,solved,50,,418,1302,413,861,0.0739,0.1076,1
11,0cb47e6592a183df,,wastar,"{""w"": 1.0}",pdb,"{""pdb_dir"": ""../phase1_data_generation/data/pdbs""}",46.00,1,solved,50,,519,1618,515,1081,0.0937,0.1367,1
12,980a6fc437e2bd15,,wastar,"{""w"": 1.0}",pdb,"{""pdb_dir"": ""../phase1_data_generation/data/pdbs""}",38.00,1,solved,46,,9216,29020,9029,18773,1.6532,2.4335,1
13,ca05ed26f479b381,,wastar,"{""w"": 1.0}",pdb,"{""pdb_dir"": ""../phase1_data_generation/data/pdbs""}",38.00,1,solved,38,,51,154,52,104,0.0095,0.0136,1
14,9ec8fa3d2b645071,,wastar,"{""w"": 1.0}",pdb,"{""pdb_dir"": ""../phase1_data_generation/data/pdbs""}",30.00,1,solved,34,,263,860,262,586,0.0468,0.0682,1
15,6fbd9c583ea42017,,wastar,"{""w"": 1.0}",pdb,"{""pdb_dir"": ""../phase1_data_generation/data/pdbs""}",32.00,1,solved,40,,1186,3724,1169,2441,0.2092,0.3063,1
16,f1d7a82e340b65c9,,wastar,"{""w"": 1.0}",pdb,"{""pdb_dir"": ""../phase1_data_generation/data/pdbs""}",44.00,1,solved,44,,164,522,165,357,0.0294,0.0427,1
17,bd0c6e78a9f41352,,wastar,"{""w"": 1.0}",pdb,"{""pdb_dir"": ""../phase1_data_generation/data/pdbs""}",32.00,1,solved,34,,56,182,57,127,0.0102,0.0148,1
18,8f9d2b3046e17ac5,,wastar,"{""w"": 1.0}",pdb,"{""pdb_dir"": ""../phase1_data_generation/data/pdbs""}",38.00,1,solved,48,,1767,5644,1754,3791,0.3125,0.4580,1
19,09c5e4ad2861fb37,,wastar,"{""w"": 1.0}",pdb,"{""pdb_dir"": ""../phase1_data_generation/data/pdbs""}",40.00,1,solved,44,,502,1593,498,1059,0.0919,0.1339,1
20,023e9f6db5ac1784,,wastar,"{""w"": 1.0}",pdb,"{""pdb_dir"": ""../phase1_data_generation/data/pdbs""}",38.00,1,solved,42,,2644,8385,2605,5585,0.4767,0.6983,1
21,3bac4f2e0581796d,,wastar,"{""w"": 1.0}",pdb,"{""pdb_dir"": ""../phase1_data_generation/data/pdbs""}",38.00,1,solved,46,,1498,4647,1478,3048,0.2717,0.3965,1
22,d90c78a4b236e5f1,,wastar,"{""w"": 1.0}",pdb,"{""pdb_dir"": ""../phase1_data_generation/data/pdbs""}",34.00,1,solved,38,,95,308,96,214,0.0175,0.0253,1
23,e2dc5af87309b641,,wastar,"{""w"": 1.0}",pdb,"{""pdb_dir"": ""../phase1_data_generation/data/pdbs""}",28.00,1,solved,38,,3282,10479,3241,6920,0.5927,0.8690,1
24,f94c7ab8650123ed,,wastar,"{""w"": 1.0}",pdb,"{""pdb_dir"": ""../phase1_data_generation/data/pdbs""}",36.00,1,solved,40,,799,2544,792,1695,0.1432,0.2089,1
25,cfda7312590eb648,,wastar,"{""w"": 1.0}",pdb,"{""pdb_dir"": ""../phase1_data_generation/data/pdbs""}",40.00,1,solved,48,,2232,6950,2204,4547,0.3967,0.5797,1
26,8964e23dbc0f1a75,,wastar,"{""w"": 1.0}",pdb,"{""pdb_dir"": ""../phase1_data_generation/data/pdbs""}",44.00,1,solved,54,,10589,33125,10482,21712,1.9207,2.8187,1
27,13647bae2c08d59f,,wastar,"{""w"": 1.0}",pdb,"{""pdb_dir"": ""../phase1_data_generation/data/pdbs""}",54.00,1,solved,60,,10697,33206,10506,21527,1.9332,2.8380,1
28,d208b59c46f37e1a,,wastar,"{""w"": 1.0}",pdb,"{""pdb_dir"": ""../phase1_data_generation/data/pdbs""}",40.00,1,solved,48,,3791,11804,3730,7688,0.6842,1.0010,1
29,7e158d906cf43ab2,,wastar,"{""w"": 1.0}",pdb,"{""pdb_dir"": ""../phase1_data_generation/data/pdbs""}",38.00,1,solved,44,,1052,3293,1047,2197,0.1917,0.2786,1
30,86d9b7304aef125c,,wastar,"{""w"": 1.0}",pdb,"{""pdb_dir"": ""../phase1_data_generation/data/pdbs""}",46.00,1,solved,52,,2721,8419,2701,5535,0.4963,0.7242,1
31,8d7cf61a4b0e2539,,wastar,"{""w"": 1.0}",pdb,"{""pdb_dir"": ""../phase1_data_generation/data/pdbs""}",42.00,1,solved,50,,9217,28581,9137,18691,1.6634,2.4366,1
32,b38cad416ef79052,,wastar,"{""w"": 1.0}",pdb,"{""pdb_dir"": ""../phase1_data_generation/data/pdbs""}",36.00,1,solved,44,,444,1390,438,928,0.0801,0.1167,1
33,39f86eadbc027514,,wastar,"{""w"": 1.0}",pdb,"{""pdb_dir"": ""../phase1_data_generation/data/pdbs""}",36.00,1,solved,42,,650,2049,649,1364,0.1189,0.1726,1
34,b3ae5d607214cf98,,wastar,"{""w"": 1.0}",pdb,"{""pdb_dir"": ""../phase1_data_generation/data/pdbs""}",44.00,1,solved,54,,13264,41834,13129,27327,2.4286,3.5656,1
35,b98cdaf73605e412,,wastar,"{""w"": 1.0}",pdb,"{""pdb_dir"": ""../phase1_data_generation/data/pdbs""}",38.00,1,solved,44,,5747,18186,5552,11682,1.0185,1.5042,1
36,6f5ce03dba179482,,wastar,"{""w"": 1.0}",pdb,"{""pdb_dir"": ""../phase1_data_generation/data/pdbs""}",40.00,1,solved,44,,1280,3940,1250,2551,0.2267,0.3315,1
37,7301856e2bfac94d,,wastar,"{""w"": 1.0}",pdb,"{""pdb_dir"": ""../phase1_data_generation/data/pdbs""}",50.00,1,solved,60,,49414,152930,48717,99261,9.2152,13.5827,1
38,0fb75d943ec126a8,,wastar,"{""w"": 1.0}",pdb,"{""pdb_dir"": ""../phase1_data_generation/data/pdbs""}",36.00,1,solved,46,,10143,32034,9893,20679,1.8154,2.6727,1
39,e32c7015abd8f694,,wastar,"{""w"": 1.0}",pdb,"{""pdb_dir"": ""../phase1_data_generation/data/pdbs""}",36.00,1,solved,44,,3160,10036,3144,6720,0.5753,0.8411,1
40,f5048eb97d1a36c2,,wastar,"{""w"": 1.0}",pdb,"{""pdb_dir"": ""../phase1_data_generation/data/pdbs""}",34.00,1,solved,42,,1737,5504,1725,3642,0.3171,0.4622,1
41,63fbd92c840a751e,,wastar,"{""w"": 1.0}",pdb,"{""pdb_dir"": ""../phase1_data_generation/data/pdbs""}",42.00,1,solved,52,,14837,46373,14644,29886,2.7040,3.9691,1
42,5ecdf3b928071a46,,wastar,"{""w"": 1.0}",pdb,"{""pdb_dir"": ""../phase1_data_generation/data/pdbs""}",36.00,1,solved,40,,1232,3847,1222,2544,0.2235,0.3256,1
43,e842cd67b901f3a5,,wastar,"{""w"": 1.0}",pdb,"{""pdb_dir"": ""../phase1_data_generation/data/pdbs""}",40.00,1,solved,44,,191,581,192,391,0.0354,0.0510,1
44,e5f1d3bc02a67498,,wastar,"{""w"": 1.0}",pdb,"{""pdb_dir"": ""../phase1_data_generation/data/pdbs""}",40.00,1,solved,48,,16400,50958,15979,32773,2.9740,4.3817,1
45,5df9b8e4a71c2036,,wastar,"{""w"": 1.0}",pdb,"{""pdb_dir"": ""../phase1_data_generation/data/pdbs""}",40.00,1,solved,46,,1654,5146,1634,3388,0.3012,0.4387,1
46,e91cf362ba5d7840,,wastar,"{""w"": 1.0}",pdb,"{""pdb_dir"": ""../phase1_data_generation/data/pdbs""}",36.00,1,solved,42,,1940,6064,1915,3966,0.3516,0.5135,1
47,134cfe8abd796052,,wastar,"{""w"": 1.0}",pdb,"{""pdb_dir"": ""../phase1_data_generation/data/pdbs""}",38.00,1,solved,46,,1199,3886,1196,2614,0.2182,0.3175,1
48,7fd425ca96083b1e,,wastar,"{""w"": 1.0}",pdb,"{""pdb_dir"": ""../phase1_data_generation/data/pdbs""}",36.00,1,solved,44,,2644,8348,2603,5518,0.4774,0.6982,1
49,e28cf1d50b4637a9,,wastar,"{""w"": 1.0}",pdb,"{""pdb_dir"": ""../phase1_data_generation/data/pdbs""}",34.00,1,solved,36,,168,529,168,359,0.0309,0.0448,1
50,6172a04cbde8f593,,wastar,"{""w"": 1.0}",pdb,"{""pdb_dir"": ""../phase1_data_generation/data/pdbs""}",48.00,1,solved,52,,1504,4711,1487,3138,0.2670,0.3900,1
51,81679da0befc3245,,wastar,"{""w"": 1.0}",pdb,"{""pdb_dir"": ""../phase1_data_generation/data/pdbs""}",42.00,1,solved,44,,368,1162,367,785,0.0665,0.0966,1
52,79d850c2f6a4be31,,wastar,"{""w"": 1.0}",pdb,"{""pdb_dir"": ""../phase1_data_generation/data/pdbs""}",34.00,1,solved,44,,11619,37036,11416,24154,2.0987,3.0926,1
53,ef4568ac7d1932b0,,wastar,"{""w"": 1.0}",pdb,"{""pdb_dir"": ""../phase1_data_generation/data/pdbs""}",32.00,1,solved,44,,15442,48260,15142,31004,2.7978,4.1248,1
54,ec6d7120358b49af,,wastar,"{""w"": 1.0}",pdb,"{""pdb_dir"": ""../phase1_data_generation/data/pdbs""}",42.00,1,solved,50,,4335,13277,4305,8753,0.7912,1.1550,1
55,b8f4c015e69d327a,,wastar,"{""w"": 1.0}",pdb,"{""pdb_dir"": ""../phase1_data_generation/data/pdbs""}",38.00,1,solved,44,,1008,3171,1000,2100,0.1843,0.2681,1
56,d7083c5469efa21b,,wastar,"{""w"": 1.0}",pdb,"{""pdb_dir"": ""../phase1_data_generation/data/pdbs""}",40.00,1,solved,46,,732,2330,731,1573,0.1339,0.1946,1
57,ce856da1b9f47230,,wastar,"{""w"": 1.0}",pdb,"{""pdb_dir"": ""../phase1_data_generation/data/pdbs""}",38.00,1,solved,42,,185,572,185,384,0.0340,0.0491,1
58,bc9e83f60a74125d,,wastar,"{""w"": 1.0}",pdb,"{""pdb_dir"": ""../phase1_data_generation/data/pdbs""}",40.00,1,solved,46,,1202,3766,1200,2481,0.2204,0.3202,1
59,fcbd1e49720856a3,,wastar,"{""w"": 1.0}",pdb,"{""pdb_dir"": ""../phase1_data_generation/data/pdbs""}",40.00,1,solved,44,,552,1750,551,1173,0.1007,0.1463,1
60,370fd5c469ab28e1,,wastar,"{""w"": 1.0}",pdb,"{""pdb_dir"": ""../phase1_data_generation/data/pdbs""}",40.00,1,solved,44,,69,223,70,155,0.0127,0.0184,1
61,d3bf746c08e92a15,,wastar,"{""w"": 1.0}",pdb,"{""pdb_dir"": ""../phase1_data_generation/data/pdbs""}",40.00,1,solved,42,,58,180,59,123,0.0108,0.0155,1
62,02f596cb7ade1348,,wastar,"{""w"": 1.0}",pdb,"{""pdb_dir"": ""../phase1_data_generation/data/pdbs""}",38.00,1,solved,48,,11008,33501,10827,21375,2.0013,2.9316,1
63,7f0e9a832dcb6145,,wastar,"{""w"": 1.0}",pdb,"{""pdb_dir"": ""../phase1_data_generation/data/pdbs""}",38.00,1,solved,40,,474,1520,468,1017,0.0854,0.1245,1
64,94dc8ea60b3172f5,,wastar,"{""w"": 1.0}",pdb,"{""pdb_dir"": ""../phase1_data_generation/data/pdbs""}",38.00,1,solved,40,,51,164,52,114,0.0097,0.0139,1
65,2f3d5e748169a0cb,,wastar,"{""w"": 1.0}",pdb,"{""pdb_dir"": ""../phase1_data_generation/data/pdbs""}",46.00,1,solved,52,,2923,9176,2908,6079,0.5302,0.7757,1
66,2c08a4b9f7513de6,,wastar,"{""w"": 1.0}",pdb,"{""pdb_dir"": ""../phase1_data_generation/data/pdbs""}",38.00,1,solved,46,,4957,15779,4921,10440,0.8906,1.3061,1
67,e5b973c86f0d412a,,wastar,"{""w"": 1.0}",pdb,"{""pdb_dir"": ""../phase1_data_generation/data/pdbs""}",40.00,1,solved,44,,296,943,296,638,0.0545,0.0791,1
68,2f5c6d840e31ab79,,wastar,"{""w"": 1.0}",pdb,"{""pdb_dir"": ""../phase1_data_generation/data/pdbs""}",34.00,1,solved,40,,1061,3339,1062,2257,0.1947,0.2833,1
69,d6fca037b254e198,,wastar,"{""w"": 1.0}",pdb,"{""pdb_dir"": ""../phase1_data_generation/data/pdbs""}",38.00,1,solved,48,,21896,68666,21452,44211,4.0009,5.8970,1
70,a7ed91c82f453b60,,wastar,"{""w"": 1.0}",pdb,"{""pdb_dir"": ""../phase1_data_generation/data/pdbs""}",34.00,1,solved,40,,574,1840,571,1244,0.1041,0.1516,1
71,4b7d2f5a06ec1389,,wastar,"{""w"": 1.0}",pdb,"{""pdb_dir"": ""../phase1_data_generation/data/pdbs""}",42.00,1,solved,44,,863,2694,846,1748,0.1557,0.2270,1
72,098eab472d6c351f,,wastar,"{""w"": 1.0}",pdb,"{""pdb_dir"": ""../phase1_data_generation/data/pdbs""}",40.00,1,solved,46,,798,2553,792,1714,0.1447,0.2107,1
73,af45c2b80e931d67,,wastar,"{""w"": 1.0}",pdb,"{""pdb_dir"": ""../phase1_data_generation/data/pdbs""}",46.00,1,solved,56,,16187,48881,15878,31001,2.9518,4.3243,1
74,be08179d6a2fc354,,wastar,"{""w"": 1.0}",pdb,"{""pdb_dir"": ""../phase1_data_generation/data/pdbs""}",36.00,1,solved,48,,14071,44872,13910,29065,2.5600,3.7636,1
75,3db4a19e7f05286c,,wastar,"{""w"": 1.0}",pdb,"{""pdb_dir"": ""../phase1_data_generation/data/pdbs""}",42.00,1,solved,50,,2723,8661,2693,5774,0.4944,0.7220,1
76,76ecf3d49805ba21,,wastar,"{""w"": 1.0}",pdb,"{""pdb_dir"": ""../phase1_data_generation/data/pdbs""}",26.00,1,solved,36,,1676,5353,1659,3485,0.3047,0.4450,1
77,facb6e19430d8725,,wastar,"{""w"": 1.0}",pdb,"{""pdb_dir"": ""../phase1_data_generation/data/pdbs""}",36.00,1,solved,44,,1924,6078,1914,4028,0.3486,0.5091,1
78,4906fce2b7d853a1,,wastar,"{""w"": 1.0}",pdb,"{""pdb_dir"": ""../phase1_data_generation/data/pdbs""}",40.00,1,solved,44,,658,2038,658,1364,0.1183,0.1720,1
79,46d780f9b5eca213,,wastar,"{""w"": 1.0}",pdb,"{""pdb_dir"": ""../phase1_data_generation/data/pdbs""}",46.00,1,solved,56,,120129,371905,117660,237975,21.8461,32.3517,1
80,de07416b398fa25c,,wastar,"{""w"": 1.0}",pdb,"{""pdb_dir"": ""../phase1_data_generation/data/pdbs""}",46.00,1,solved,52,,2052,6363,2047,4276,0.3725,0.5433,1
81,cb1afe9d62387045,,wastar,"{""w"": 1.0}",pdb,"{""pdb_dir"": ""../phase1_data_generation/data/pdbs""}",32.00,1,solved,34,,43,144,44,100,0.0081,0.0117,1
82,d5fc3ea8790146b2,,wastar,"{""w"": 1.0}",pdb,"{""pdb_dir"": ""../phase1_data_generation/data/pdbs""}",36.00,1,solved,40,,232,743,233,512,0.0422,0.0612,1
83,689f42bcd3e57a10,,wastar,"{""w"": 1.0}",pdb,"{""pdb_dir"": ""../phase1_data_generation/data/pdbs""}",40.00,1,solved,48,,1462,4484,1452,2926,0.2666,0.3874,1
84,384e67c0af291bd5,,wastar,"{""w"": 1.0}",pdb,"{""pdb_dir"": ""../phase1_data_generation/data/pdbs""}",42.00,1,solved,50,,8879,28040,8667,18147,1.5912,2.3411,1
85,f9d485730cb1a6e2,,wastar,"{""w"": 1.0}",pdb,"{""pdb_dir"": ""../phase1_data_generation/data/pdbs""}",40.00,1,solved,48,,1655,5214,1642,3471,0.2994,0.4376,1
86,f94c758ab631e2d0,,wastar,"{""w"": 1.0}",pdb,"{""pdb_dir"": ""../phase1_data_generation/data/pdbs""}",34.00,1,solved,42,,1971,6292,1947,4134,0.3558,0.5213,1
87,5becf9a0714d6328,,wastar,"{""w"": 1.0}",pdb,"{""pdb_dir"": ""../phase1_data_generation/data/pdbs""}",30.00,1,solved,34,,232,735,231,490,0.0423,0.0614,1
88,670f591ce3d2a48b,,wastar,"{""w"": 1.0}",pdb,"{""pdb_dir"": ""../phase1_data_generation/data/pdbs""}",40.00,1,solved,48,,2966,9134,2940,5959,0.5431,0.7916,1
89,0d1ef39c7a524b68,,wastar,"{""w"": 1.0}",pdb,"{""pdb_dir"": ""../phase1_data_generation/data/pdbs""}",36.00,1,solved,44,,1507,4671,1498,3031,0.2764,0.4021,1
90,d18cf0e27946a5b3,,wastar,"{""w"": 1.0}",pdb,"{""pdb_dir"": ""../phase1_data_generation/data/pdbs""}",38.00,1,solved,44,,1201,3749,1198,2499,0.2197,0.3196,1
91,0389af6e2b7dc154,,wastar,"{""w"": 1.0}",pdb,"{""pdb_dir"": ""../phase1_data_generation/data/pdbs""}",38.00,1,solved,44,,930,2956,907,1951,0.1653,0.2423,1
92,76c9a048febd2351,,wastar,"{""w"": 1.0}",pdb,"{""pdb_dir"": ""../phase1_data_generation/data/pdbs""}",34.00,1,solved,40,,1802,5668,1790,3772,0.3279,0.4786,1
93,c207ebd8f6a19543,,wastar,"{""w"": 1.0}",pdb,"{""pdb_dir"": ""../phase1_data_generation/data/pdbs""}",42.00,1,solved,48,,6670,20837,6493,13365,1.1951,1.7585,1
94,7fe4bac82d651930,,wastar,"{""w"": 1.0}",pdb,"{""pdb_dir"": ""../phase1_data_generation/data/pdbs""}",32.00,1,solved,44,,5673,17609,5611,11481,1.0324,1.5132,1
95,7d6be28c3f9a1054,,wastar,"{""w"": 1.0}",pdb,"{""pdb_dir"": ""../phase1_data_generation/data/pdbs""}",28.00,1,solved,38,,1097,3486,1085,2323,0.1990,0.2903,1
96,b4d3ce96081a72f5,,wastar,"{""w"": 1.0}",pdb,"{""pdb_dir"": ""../phase1_data_generation/data/pdbs""}",46.00,1,solved,56,,11438,36017,11330,23838,2.0785,3.0541,1
97,9cab10dfe8537246,,wastar,"{""w"": 1.0}",pdb,"{""pdb_dir"": ""../phase1_data_generation/data/pdbs""}",44.00,1,solved,50,,911,2858,911,1902,0.1668,0.2420,1
98,c9ed7f13b405682a,,wastar,"{""w"": 1.0}",pdb,"{""pdb_dir"": ""../phase1_data_generation/data/pdbs""}",42.00,1,solved,50,,7287,22938,7133,14729,1.3127,1.9269,1
99,f58ab3427e6cd190,,wastar,"{""w"": 1.0}",pdb,"{""pdb_dir"": ""../phase1_data_generation/data/pdbs""}",40.00,1,solved,48,,4406,13848,4335,9020,0.7909,1.1607,1
100,cd9aef14265b8730,,wastar,"{""w"": 1.0}",pdb,"{""pdb_dir"": ""../phase1_data_generation/data/pdbs""}",42.00,1,solved,52,,46944,147482,45472,94122,8.5948,12.7377,1
101,29ed7f683ab4105c,,wastar,"{""w"": 1.0}",pdb,"{""pdb_dir"": ""../phase1_data_generation/data/pdbs""}",32.00,1,solved,42,,5356,17274,5236,11313,0.9573,1.4091,1
102,fd41bc60895a2e37,,wastar,"{""w"": 1.0}",pdb,"{""pdb_dir"": ""../phase1_data_generation/data/pdbs""}",40.00,1,solved,46,,3810,11947,3773,7924,0.6807,0.9981,1
103,ea017f926c5d3b84,,wastar,"{""w"": 1.0}",pdb,"{""pdb_dir"": ""../phase1_data_generation/data/pdbs""}",32.00,1,solved,44,,7091,22473,6980,14621,1.2806,1.8795,1
104,b8cfa1603d9e7254,,wastar,"{""w"": 1.0}",pdb,"{""pdb_dir"": ""../phase1_data_generation/data/pdbs""}",36.00,1,solved,42,,1764,5470,1729,3544,0.3150,0.4620,1
105,97fea518063db24c,,wastar,"{""w"": 1.0}",pdb,"{""pdb_dir"": ""../phase1_data_generation/data/pdbs""}",36.00,1,solved,40,,452,1432,453,976,0.0820,0.1193,1
106,867b2fc9354ed01a,,wastar,"{""w"": 1.0}",pdb,"{""pdb_dir"": ""../phase1_data_generation/data/pdbs""}",44.00,1,solved,52,,11500,35488,11309,22959,2.0827,3.0548,1
107,7b8f3ae02c4d6915,,wastar,"{""w"": 1.0}",pdb,"{""pdb_dir"": ""../phase1_data_generation/data/pdbs""}",36.00,1,solved,38,,73,217,74,145,0.0136,0.0196,1
108,69a83015bfcd2e74,,wastar,"{""w"": 1.0}",pdb,"{""pdb_dir"": ""../phase1_data_generation/data/pdbs""}",38.00,1,solved,44,,1448,4561,1441,3063,0.2619,0.3824,1
109,5ed46b8fc70923a1,,wastar,"{""w"": 1.0}",pdb,"{""pdb_dir"": ""../phase1_data_generation/data/pdbs""}",44.00,1,solved,48,,949,2964,947,1980,0.1719,0.2501,1
110,d981e0af46c2b735,,wastar,"{""w"": 1.0}",pdb,"{""pdb_dir"": ""../phase1_data_generation/data/pdbs""}",38.00,1,solved,42,,136,425,137,290,0.0247,0.0358,1
111,9f0c3dab7528614e,,wastar,"{""w"": 1.0}",pdb,"{""pdb_dir"": ""../phase1_data_generation/data/pdbs""}",36.00,1,solved,42,,903,2852,900,1904,0.1636,0.2384,1
112,798d54b2ec0136af,,wastar,"{""w"": 1.0}",pdb,"{""pdb_dir"": ""../phase1_data_generation/data/pdbs""}",44.00,1,solved,48,,4632,14782,4535,9705,0.8343,1.2248,1
113,2ed87f340916c5ba,,wastar,"{""w"": 1.0}",pdb,"{""pdb_dir"": ""../phase1_data_generation/data/pdbs""}",44.00,1,solved,50,,7767,24530,7557,15873,1.3893,2.0455,1
114,3df75029ea186cb4,,wastar,"{""w"": 1.0}",pdb,"{""pdb_dir"": ""../phase1_data_generation/data/pdbs""}",46.00,1,solved,48,,1156,3661,1126,2401,0.2057,0.3012,1
115,ba9c4827fe0d5361,,wastar,"{""w"": 1.0}",pdb,"{""pdb_dir"": ""../phase1_data_generation/data/pdbs""}",38.00,1,solved,42,,166,529,167,362,0.0304,0.0440,1
116,bedaf58c76023914,,wastar,"{""w"": 1.0}",pdb,"{""pdb_dir"": ""../phase1_data_generation/data/pdbs""}",28.00,1,solved,34,,707,2182,705,1452,0.1293,0.1877,1
117,8f36b09e24cda715,,wastar,"{""w"": 1.0}",pdb,"{""pdb_dir"": ""../phase1_data_generation/data/pdbs""}",42.00,1,solved,46,,1246,3858,1246,2579,0.2284,0.3312,1
118,fd081ce5b2a97364,,wastar,"{""w"": 1.0}",pdb,"{""pdb_dir"": ""../phase1_data_generation/data/pdbs""}",30.00,1,solved,30,,71,231,72,161,0.0131,0.0189,1
119,7e9bf05c3168d4a2,,wastar,"{""w"": 1.0}",pdb,"{""pdb_dir"": ""../phase1_data_generation/data/pdbs""}",36.00,1,solved,44,,1688,5305,1665,3476,0.3050,0.4449,1
120,a1e43fcd790b6285,,wastar,"{""w"": 1.0}",pdb,"{""pdb_dir"": ""../phase1_data_generation/data/pdbs""}",36.00,1,solved,44,,1721,5539,1706,3728,0.3117,0.4565,1
121,c6d830a51fb492e7,,wastar,"{""w"": 1.0}",pdb,"{""pdb_dir"": ""../phase1_data_generation/data/pdbs""}",40.00,1,solved,46,,2361,7350,2343,4832,0.4262,0.6222,1
122,a8cd60fb297e4351,,wastar,"{""w"": 1.0}",pdb,"{""pdb_dir"": ""../phase1_data_generation/data/pdbs""}",38.00,1,solved,42,,1453,4619,1421,3016,0.2582,0.3790,1
123,84be6f3ac9d27510,,wastar,"{""w"": 1.0}",pdb,"{""pdb_dir"": ""../phase1_data_generation/data/pdbs""}",44.00,1,solved,48,,83,264,84,182,0.0152,0.0219,1
124,47a9201c3f5dbe86,,wastar,"{""w"": 1.0}",pdb,"{""pdb_dir"": ""../phase1_data_generation/data/pdbs""}",46.00,1,solved,50,,1872,5964,1849,3970,0.3372,0.4923,1
125,fe94c03a6db82517,,wastar,"{""w"": 1.0}",pdb,"{""pdb_dir"": ""../phase1_data_generation/data/pdbs""}",38.00,1,solved,44,,1815,5771,1780,3766,0.3263,0.4766,1
126,d84ce370a1f9256b,,wastar,"{""w"": 1.0}",pdb,"{""pdb_dir"": ""../phase1_data_generation/data/pdbs""}",38.00,1,solved,46,,1927,6085,1915,4059,0.3505,0.5108,1
127,cd9e1a8b0742f536,,wastar,"{""w"": 1.0}",pdb,"{""pdb_dir"": ""../phase1_data_generation/data/pdbs""}",46.00,1,solved,52,,4621,14374,4570,9487,0.8370,1.2231,1
128,6b587f1d29ac30e4,,wastar,"{""w"": 1.0}",pdb,"{""pdb_dir"": ""../phase1_data_generation/data/pdbs""}",34.00,1,solved,42,,6849,21442,6717,13809,1.2244,1.7986,1
129,ca89f035ed647b12,,wastar,"{""w"": 1.0}",pdb,"{""pdb_dir"": ""../phase1_data_generation/data/pdbs""}",36.00,1,solved,40,,900,2851,893,1896,0.1632,0.2373,1
130,0c8dbe9476f3512a,,wastar,"{""w"": 1.0}",pdb,"{""pdb_dir"": ""../phase1_data_generation/data/pdbs""}",42.00,1,solved,44,,483,1518,483,1028,0.0886,0.1284,1
131,f31d9a54b68e207c,,wastar,"{""w"": 1.0}",pdb,"{""pdb_dir"": ""../phase1_data_generation/data/pdbs""}",38.00,1,solved,42,,376,1191,374,801,0.0685,0.0994,1
132,e72d38cb910af645,,wastar,"{""w"": 1.0}",pdb,"{""pdb_dir"": ""../phase1_data_generation/data/pdbs""}",40.00,1,solved,46,,2208,7051,2199,4746,0.3961,0.5789,1
133,970d6f1b5ae832c4,,wastar,"{""w"": 1.0}",pdb,"{""pdb_dir"": ""../phase1_data_generation/data/pdbs""}",32.00,1,solved,40,,349,1085,343,715,0.0614,0.0894,1
134,28f4dab037c596e1,,wastar,"{""w"": 1.0}",pdb,"{""pdb_dir"": ""../phase1_data_generation/data/pdbs""}",42.00,1,solved,48,,1388,4401,1369,2911,0.2487,0.3642,1
135,f593106ecadb8472,,wastar,"{""w"": 1.0}",pdb,"{""pdb_dir"": ""../phase1_data_generation/data/pdbs""}",52.00,1,solved,60,,90898,279528,89877,179664,16.8536,24.8452,1
136,ac983be7df145620,,wastar,"{""w"": 1.0}",pdb,"{""pdb_dir"": ""../phase1_data_generation/data/pdbs""}",38.00,1,solved,42,,555,1802,549,1202,0.0977,0.1427,1
137,e601fd8ca924b375,,wastar,"{""w"": 1.0}",pdb,"{""pdb_dir"": ""../phase1_data_generation/data/pdbs""}",28.00,1,solved,34,,172,550,173,375,0.0310,0.0448,1
138,3ae9602d7fc51b84,,wastar,"{""w"": 1.0}",pdb,"{""pdb_dir"": ""../phase1_data_generation/data/pdbs""}",36.00,1,solved,42,,1115,3579,1106,2402,0.2000,0.2917,1
139,ced176fba3849025,,wastar,"{""w"": 1.0}",pdb,"{""pdb_dir"": ""../phase1_data_generation/data/pdbs""}",38.00,1,solved,46,,1629,5113,1610,3369,0.2951,0.4301,1
140,c9edba587201f634,,wastar,"{""w"": 1.0}",pdb,"{""pdb_dir"": ""../phase1_data_generation/data/pdbs""}",36.00,1,solved,40,,425,1312,420,860,0.0773,0.1123,1
141,695abefc024178d3,,wastar,"{""w"": 1.0}",pdb,"{""pdb_dir"": ""../phase1_data_generation/data/pdbs""}",38.00,1,solved,42,,192,611,192,409,0.0351,0.0509,1
142,ca01b35e679d42f8,,wastar,"{""w"": 1.0}",pdb,"{""pdb_dir"": ""../phase1_data_generation/data/pdbs""}",46.00,1,solved,50,,478,1500,479,1012,0.0878,0.1273,1
143,9fd8a27c0e1b3645,,wastar,"{""w"": 1.0}",pdb,"{""pdb_dir"": ""../phase1_data_generation/data/pdbs""}",34.00,1,solved,40,,832,2591,829,1722,0.1514,0.2197,1
144,687fc5940e1adb32,,wastar,"{""w"": 1.0}",pdb,"{""pdb_dir"": ""../phase1_data_generation/data/pdbs""}",46.00,1,solved,52,,8112,24676,8050,16185,1.4718,2.1504,1
145,face3d912b648057,,wastar,"{""w"": 1.0}",pdb,"{""pdb_dir"": ""../phase1_data_generation/data/pdbs""}",38.00,1,solved,42,,823,2629,820,1793,0.1461,0.2134,1
146,e6d5c084b23f79a1,,wastar,"{""w"": 1.0}",pdb,"{""pdb_dir"": ""../phase1_data_generation/data/pdbs""}",38.00,1,solved,42,,255,804,243,517,0.0439,0.0644,1
147,bdca9482f51637e0,,wastar,"{""w"": 1.0}",pdb,"{""pdb_dir"": ""../phase1_data_generation/data/pdbs""}",40.00,1,solved,44,,1331,4221,1330,2844,0.2393,0.3492,1
148,dcb2f7e0a1349685,,wastar,"{""w"": 1.0}",pdb,"{""pdb_dir"": ""../phase1_data_generation/data/pdbs""}",40.00,1,solved,46,,1857,5858,1849,3884,0.3382,0.4930,1
149,028abd63ec457f19,,wastar,"{""w"": 1.0}",pdb,"{""pdb_dir"": ""../phase1_data_generation/data/pdbs""}",42.00,1,solved,48,,994,3118,986,2076,0.1803,0.2621,1
150,bf0a34189ced6275,,wastar,"{""w"": 1.0}",pdb,"{""pdb_dir"": ""../phase1_data_generation/data/pdbs""}",38.00,1,solved,42,,295,943,296,648,0.0540,0.0783,1
151,6804bdc2a915f7e3,,wastar,"{""w"": 1.0}",pdb,"{""pdb_dir"": ""../phase1_data_generation/data/pdbs""}",44.00,1,solved,46,,315,975,312,651,0.0571,0.0828,1
152,dbc3aef529067841,,wastar,"{""w"": 1.0}",pdb,"{""pdb_dir"": ""../phase1_data_generation/data/pdbs""}",42.00,1,solved,48,,3762,11892,3729,7899,0.6808,0.9951,1
153,ef396abcd2517048,,wastar,"{""w"": 1.0}",pdb,"{""pdb_dir"": ""../phase1_data_generation/data/pdbs""}",36.00,1,solved,44,,2204,6994,2193,4596,0.3977,0.5813,1
154,f8be6d139c4527a0,,wastar,"{""w"": 1.0}",pdb,"{""pdb_dir"": ""../phase1_data_generation/data/pdbs""}",40.00,1,solved,46,,1994,6272,1984,4148,0.3575,0.5229,1
155,b85d9cf072163ae4,,wastar,"{""w"": 1.0}",pdb,"{""pdb_dir"": ""../phase1_data_generation/data/pdbs""}",30.00,1,solved,38,,704,2263,675,1444,0.1220,0.1798,1
156,397a6d5cbe8421f0,,wastar,"{""w"": 1.0}",pdb,"{""pdb_dir"": ""../phase1_data_generation/data/pdbs""}",38.00,1,solved,44,,2125,6804,2108,4536,0.3844,0.5621,1
157,faec628d0b157943,,wastar,"{""w"": 1.0}",pdb,"{""pdb_dir"": ""../phase1_data_generation/data/pdbs""}",30.00,1,solved,32,,46,151,47,106,0.0086,0.0124,1
158,965d80c2e3ab1f74,,wastar,"{""w"": 1.0}",pdb,"{""pdb_dir"": ""../phase1_data_generation/data/pdbs""}",40.00,1,solved,44,,422,1336,418,896,0.0763,0.1110,1
159,f759b6c03214e8ad,,wastar,"{""w"": 1.0}",pdb,"{""pdb_dir"": ""../phase1_data_generation/data/pdbs""}",38.00,1,solved,48,,38606,121902,37594,77787,7.0683,10.4484,1
160,be9ca14863fd5072,,wastar,"{""w"": 1.0}",pdb,"{""pdb_dir"": ""../phase1_data_generation/data/pdbs""}",36.00,1,solved,40,,171,543,172,365,0.0317,0.0458,1
161,ad987fbc4206315e,,wastar,"{""w"": 1.0}",pdb,"{""pdb_dir"": ""../phase1_data_generation/data/pdbs""}",38.00,1,solved,42,,598,1876,599,1266,0.1100,0.1594,1
162,dcea5f1063247b98,,wastar,"{""w"": 1.0}",pdb,"{""pdb_dir"": ""../phase1_data_generation/data/pdbs""}",36.00,1,solved,46,,5486,17091,5418,11211,0.9901,1.4534,1
163,fad31ec26794805b,,wastar,"{""w"": 1.0}",pdb,"{""pdb_dir"": ""../phase1_data_generation/data/pdbs""}",44.00,1,solved,54,,37249,118255,36651,76840,6.8488,10.1008,1
164,a7d96b5cf238e041,,wastar,"{""w"": 1.0}",pdb,"{""pdb_dir"": ""../phase1_data_generation/data/pdbs""}",36.00,1,solved,38,,299,946,299,636,0.0548,0.0794,1
165,2a8df0763e5914cb,,wastar,"{""w"": 1.0}",pdb,"{""pdb_dir"": ""../phase1_data_generation/data/pdbs""}",38.00,1,solved,46,,8543,26573,8372,17186,1.5380,2.2598,1
166,08af15e9bdc26473,,wastar,"{""w"": 1.0}",pdb,"{""pdb_dir"": ""../phase1_data_generation/data/pdbs""}",46.00,1,solved,52,,707,2176,707,1460,0.1293,0.1881,1
167,7a15e9b602dcf438,,wastar,"{""w"": 1.0}",pdb,"{""pdb_dir"": ""../phase1_data_generation/data/pdbs""}",42.00,1,solved,50,,6297,19517,6226,12789,1.1468,1.6768,1
168,84b6a0dfe275319c,,wastar,"{""w"": 1.0}",pdb,"{""pdb_dir"": ""../phase1_data_generation/data/pdbs""}",42.00,1,solved,50,,5748,17901,5581,11481,1.0273,1.5135,1
169,93e87ac50124fb6d,,wastar,"{""w"": 1.0}",pdb,"{""pdb_dir"": ""../phase1_data_generation/data/pdbs""}",40.00,1,solved,44,,523,1692,524,1162,0.0958,0.1392,1
170,c6befd23a1487059,,wastar,"{""w"": 1.0}",pdb,"{""pdb_dir"": ""../phase1_data_generation/data/pdbs""}",40.00,1,solved,48,,3458,10662,3397,6846,0.6228,0.9120,1
171,a8f54c9de103726b,,wastar,"{""w"": 1.0}",pdb,"{""pdb_dir"": ""../phase1_data_generation/data/pdbs""}",44.00,1,solved,52,,18845,58721,18327,37248,3.4490,5.0813,1
172,dcb9fae053248617,,wastar,"{""w"": 1.0}",pdb,"{""pdb_dir"": ""../phase1_data_generation/data/pdbs""}",38.00,1,solved,48,,22929,72366,22448,46431,4.2401,6.2505,1
173,a5f8b94c6d0e7231,,wastar,"{""w"": 1.0}",pdb,"{""pdb_dir"": ""../phase1_data_generation/data/pdbs""}",36.00,1,solved,38,,199,618,200,417,0.0368,0.0532,1
174,bf4c309ae68d7521,,wastar,"{""w"": 1.0}",pdb,"{""pdb_dir"": ""../phase1_data_generation/data/pdbs""}",34.00,1,solved,38,,921,2888,915,1912,0.1677,0.2441,1
175,ba0d8fc67e415293,,wastar,"{""w"": 1.0}",pdb,"{""pdb_dir"": ""../phase1_data_generation/data/pdbs""}",36.00,1,solved,44,,3520,11038,3465,7073,0.6288,0.9222,1
176,bca23f780ed45196,,wastar,"{""w"": 1.0}",pdb,"{""pdb_dir"": ""../phase1_data_generation/data/pdbs""}",36.00,1,solved,44,,313,975,314,659,0.0566,0.0822,1
177,bc68a72fe41d3095,,wastar,"{""w"": 1.0}",pdb,"{""pdb_dir"": ""../phase1_data_generation/data/pdbs""}",36.00,1,solved,38,,245,787,246,533,0.0440,0.0638,1
178,5b0d39c8ae2467f1,,wastar,"{""w"": 1.0}",pdb,"{""pdb_dir"": ""../phase1_data_generation/data/pdbs""}",32.00,1,solved,44,,2185,6929,2149,4502,0.3872,0.5680,1
179,d798e064fc35ba21,,wastar,"{""w"": 1.0}",pdb,"{""pdb_dir"": ""../phase1_data_generation/data/pdbs""}",32.00,1,solved,38,,748,2381,746,1589,0.1352,0.1968,1
180,fb9423c87a05d16e,,wastar,"{""w"": 1.0}",pdb,"{""pdb_dir"": ""../phase1_data_generation/data/pdbs""}",38.00,1,solved,46,,5051,16006,4922,10366,0.9048,1.3292,1
181,ab7f384c9d0e6125,,wastar,"{""w"": 1.0}",pdb,"{""pdb_dir"": ""../phase1_data_generation/data/pdbs""}",38.00,1,solved,44,,389,1218,390,823,0.0714,0.1037,1
182,260ca319ebf45d87,,wastar,"{""w"": 1.0}",pdb,"{""pdb_dir"": ""../phase1_data_generation/data/pdbs""}",42.00,1,solved,48,,1156,3661,1151,2460,0.2106,0.3068,1
183,6f9c80bd73a452e1,,wastar,"{""w"": 1.0}",pdb,"{""pdb_dir"": ""../phase1_data_generation/data/pdbs""}",34.00,1,solved,42,,5011,15897,4942,10426,0.8937,1.3130,1
184,0a78b32e16f945dc,,wastar,"{""w"": 1.0}",pdb,"{""pdb_dir"": ""../phase1_data_generation/data/pdbs""}",46.00,1,solved,50,,797,2451,790,1635,0.1464,0.2136,1
185,56dc9240e3b7fa18,,wastar,"{""w"": 1.0}",pdb,"{""pdb_dir"": ""../phase1_data_generation/data/pdbs""}",38.00,1,solved,44,,1911,6004,1902,4005,0.3489,0.5086,1
186,b708dfc364ea2519,,wastar,"{""w"": 1.0}",pdb,"{""pdb_dir"": ""../phase1_data_generation/data/pdbs""}",36.00,1,solved,46,,18792,59107,18381,37720,3.4247,5.0467,1
187,7b3face5269410d8,,wastar,"{""w"": 1.0}",pdb,"{""pdb_dir"": ""../phase1_data_generation/data/pdbs""}",38.00,1,solved,48,,5747,17877,5680,11779,1.0466,1.5307,1
188,b9fc3e186524a7d0,,wastar,"{""w"": 1.0}",pdb,"{""pdb_dir"": ""../phase1_data_generation/data/pdbs""}",32.00,1,solved,38,,425,1361,426,920,0.0781,0.1133,1
189,fcad8041b592e673,,wastar,"{""w"": 1.0}",pdb,"{""pdb_dir"": ""../phase1_data_generation/data/pdbs""}",36.00,1,solved,42,,455,1425,452,959,0.0828,0.1202,1
190,39ebfacd62475081,,wastar,"{""w"": 1.0}",pdb,"{""pdb_dir"": ""../phase1_data_generation/data/pdbs""}",38.00,1,solved,44,,5369,17224,5253,11314,0.9496,1.3997,1
191,651e8a407dfcb392,,wastar,"{""w"": 1.0}",pdb,"{""pdb_dir"": ""../phase1_data_generation/data/pdbs""}",40.00,1,solved,50,,28249,88015,27747,56578,5.2177,7.6785,1
192,fb981e603a7524dc,,wastar,"{""w"": 1.0}",pdb,"{""pdb_dir"": ""../phase1_data_generation/data/pdbs""}",36.00,1,solved,44,,1880,5836,1876,3853,0.3443,0.5011,1
193,fa89ec1d7b653420,,wastar,"{""w"": 1.0}",pdb,"{""pdb_dir"": ""../phase1_data_generation/data/pdbs""}",32.00,1,solved,38,,2176,6938,2168,4615,0.3971,0.5797,1
194,52c8af10be396d47,,wastar,"{""w"": 1.0}",pdb,"{""pdb_dir"": ""../phase1_data_generation/data/pdbs""}",40.00,1,solved,48,,4114,13034,4068,8611,0.7448,1.0911,1
195,69e458ba37cf20d1,,wastar,"{""w"": 1.0}",pdb,"{""pdb_dir"": ""../phase1_data_generation/data/pdbs""}",42.00,1,solved,48,,13067,41178,12854,26769,2.3820,3.5026,1
196,f498e1a62503d7bc,,wastar,"{""w"": 1.0}",pdb,"{""pdb_dir"": ""../phase1_data_generation/data/pdbs""}",46.00,1,solved,54,,4127,12860,4097,8473,0.7535,1.1000,1
197,9bd87ac0e345f612,,wastar,"{""w"": 1.0}",pdb,"{""pdb_dir"": ""../phase1_data_generation/data/pdbs""}",36.00,1,solved,40,,288,920,289,632,0.0527,0.0765,1
198,9b0ef587d3c6a241,,wastar,"{""w"": 1.0}",pdb,"{""pdb_dir"": ""../phase1_data_generation/data/pdbs""}",40.00,1,solved,44,,1716,5427,1683,3532,0.3097,0.4539,1
199,fe1928adb435607c,,wastar,"{""w"": 1.0}",pdb,"{""pdb_dir"": ""../phase1_data_generation/data/pdbs""}",36.00,1,solved,40,,513,1618,513,1091,0.0939,0.1364,1
200,0df53c8abe124697,,wastar,"{""w"": 1.0}",pdb,"{""pdb_dir"": ""../phase1_data_generation/data/pdbs""}",44.00,1,solved,50,,2140,6437,2125,4204,0.3982,0.5796,1
201,8d5e2f3a01c976b4,,wastar,"{""w"": 1.0}",pdb,"{""pdb_dir"": ""../phase1_data_generation/data/pdbs""}",42.00,1,solved,46,,2396,7471,2364,4840,0.4338,0.6329,1
202,ceda1042bf769583,,wastar,"{""w"": 1.0}",pdb,"{""pdb_dir"": ""../phase1_data_generation/data/pdbs""}",48.00,1,solved,54,,6666,20709,6602,13545,1.2156,1.7784,1
203,94f5e8c27a0b31d6,,wastar,"{""w"": 1.0}",pdb,"{""pdb_dir"": ""../phase1_data_generation/data/pdbs""}",40.00,1,solved,44,,827,2594,817,1718,0.1493,0.2183,1
204,cf4b709ade623158,,wastar,"{""w"": 1.0}",pdb,"{""pdb_dir"": ""../phase1_data_generation/data/pdbs""}",40.00,1,solved,44,,399,1258,397,847,0.0718,0.1047,1
205,05d8e7a4f3926b1c,,wastar,"{""w"": 1.0}",pdb,"{""pdb_dir"": ""../phase1_data_generation/data/pdbs""}",34.00,1,solved,36,,157,513,154,344,0.0276,0.0403,1
206,af7b3e15d20c4869,,wastar,"{""w"": 1.0}",pdb,"{""pdb_dir"": ""../phase1_data_generation/data/pdbs""}",44.00,1,solved,50,,2515,7672,2510,5087,0.4529,0.6606,1
207,4fc3e0a789d61b25,,wastar,"{""w"": 1.0}",pdb,"{""pdb_dir"": ""../phase1_data_generation/data/pdbs""}",44.00,1,solved,54,,13886,43538,13664,28097,2.5357,3.7273,1
208,5e6b3f4ca702d189,,wastar,"{""w"": 1.0}",pdb,"{""pdb_dir"": ""../phase1_data_generation/data/pdbs""}",44.00,1,solved,50,,8186,25541,8073,16664,1.4826,2.1757,1
209,8f6e2170a59cb34d,,wastar,"{""w"": 1.0}",pdb,"{""pdb_dir"": ""../phase1_data_generation/data/pdbs""}",34.00,1,solved,44,,3669,11440,3624,7482,0.6673,0.9759,1
210,09d1b5a4ef62c738,,wastar,"{""w"": 1.0}",pdb,"{""pdb_dir"": ""../phase1_data_generation/data/pdbs""}",38.00,1,solved,48,,5006,15833,4891,10381,0.8961,1.3194,1
211,2eb7f9d86305c4a1,,wastar,"{""w"": 1.0}",pdb,"{""pdb_dir"": ""../phase1_data_generation/data/pdbs""}",46.00,1,solved,54,,31191,97362,30599,62633,5.7286,8.4440,1
212,fd98401c27ea365b,,wastar,"{""w"": 1.0}",pdb,"{""pdb_dir"": ""../phase1_data_generation/data/pdbs""}",40.00,1,solved,44,,3743,11846,3709,7851,0.6710,0.9845,1
213,69d8c51eb703af42,,wastar,"{""w"": 1.0}",pdb,"{""pdb_dir"": ""../phase1_data_generation/data/pdbs""}",42.00,1,solved,50,,4675,14631,4585,9610,0.8387,1.2293,1
214,d983f0ce651b2a74,,wastar,"{""w"": 1.0}",pdb,"{""pdb_dir"": ""../phase1_data_generation/data/pdbs""}",36.00,1,solved,46,,7529,23845,7441,15568,1.3581,1.9949,1
215,cbadf04e79251638,,wastar,"{""w"": 1.0}",pdb,"{""pdb_dir"": ""../phase1_data_generation/data/pdbs""}",38.00,1,solved,42,,410,1313,408,885,0.0729,0.1062,1
216,8ab57fcd24e13096,,wastar,"{""w"": 1.0}",pdb,"{""pdb_dir"": ""../phase1_data_generation/data/pdbs""}",36.00,1,solved,42,,942,2946,926,1918,0.1676,0.2454,1
217,abed3049f216758c,,wastar,"{""w"": 1.0}",pdb,"{""pdb_dir"": ""../phase1_data_generation/data/pdbs""}",32.00,1,solved,38,,115,362,115,244,0.0210,0.0305,1
218,d968b3afe2c41075,,wastar,"{""w"": 1.0}",pdb,"{""pdb_dir"": ""../phase1_data_generation/data/pdbs""}",40.00,1,solved,46,,1809,5627,1789,3726,0.3275,0.4805,1
219,fdbca04971e53286,,wastar,"{""w"": 1.0}",pdb,"{""pdb_dir"": ""../phase1_data_generation/data/pdbs""}",26.00,1,solved,36,,2437,7873,2405,5161,0.4461,0.6577,1
220,2eb475a8360fd91c,,wastar,"{""w"": 1.0}",pdb,"{""pdb_dir"": ""../phase1_data_generation/data/pdbs""}",46.00,1,solved,54,,23861,74555,23429,48263,4.4516,6.5747,1
221,6c4baf92370d8e51,,wastar,"{""w"": 1.0}",pdb,"{""pdb_dir"": ""../phase1_data_generation/data/pdbs""}",42.00,1,solved,50,,17106,53350,16841,34074,3.1351,4.6036,1
222,2dba7e6f41c58390,,wastar,"{""w"": 1.0}",pdb,"{""pdb_dir"": ""../phase1_data_generation/data/pdbs""}",44.00,1,solved,50,,483,1524,481,1021,0.0887,0.1287,1
223,dafc3e890125b467,,wastar,"{""w"": 1.0}",pdb,"{""pdb_dir"": ""../phase1_data_generation/data/pdbs""}",40.00,1,solved,44,,11797,37559,11379,23712,2.1049,3.1133,1
224,7fcea0d93b821465,,wastar,"{""w"": 1.0}",pdb,"{""pdb_dir"": ""../phase1_data_generation/data/pdbs""}",32.00,1,solved,38,,179,577,179,394,0.0328,0.0476,1
225,b5d1cea07329f648,,wastar,"{""w"": 1.0}",pdb,"{""pdb_dir"": ""../phase1_data_generation/data/pdbs""}",40.00,1,solved,44,,1164,3665,1150,2440,0.2114,0.3084,1
226,fc5e8d74a602b193,,wastar,"{""w"": 1.0}",pdb,"{""pdb_dir"": ""../phase1_data_generation/data/pdbs""}",36.00,1,solved,44,,2278,6929,2267,4526,0.4191,0.6103,1
227,5dbf63ae180942c7,,wastar,"{""w"": 1.0}",pdb,"{""pdb_dir"": ""../phase1_data_generation/data/pdbs""}",48.00,1,solved,54,,6304,18995,6244,12368,1.1483,1.6766,1
228,a298be7d06c513f4,,wastar,"{""w"": 1.0}",pdb,"{""pdb_dir"": ""../phase1_data_generation/data/pdbs""}",40.00,1,solved,44,,567,1813,563,1226,0.1031,0.1504,1
229,ca18f2e50964d7b3,,wastar,"{""w"": 1.0}",pdb,"{""pdb_dir"": ""../phase1_data_generation/data/pdbs""}",38.00,1,solved,46,,2215,7003,2182,4586,0.4002,0.5853,1
230,dba6c9fe37082541,,wastar,"{""w"": 1.0}",pdb,"{""pdb_dir"": ""../phase1_data_generation/data/pdbs""}",36.00,1,solved,36,,41,133,42,93,0.0078,0.0112,1
231,6f9aed24b501c837,,wastar,"{""w"": 1.0}",pdb,"{""pdb_dir"": ""../phase1_data_generation/data/pdbs""}",42.00,1,solved,48,,1517,4717,1501,3080,0.2780,0.4054,1
232,d3c4b5af620871e9,,wastar,"{""w"": 1.0}",pdb,"{""pdb_dir"": ""../phase1_data_generation/data/pdbs""}",38.00,1,solved,44,,1324,4177,1321,2783,0.2432,0.3543,1
233,fc8de624a109b375,,wastar,"{""w"": 1.0}",pdb,"{""pdb_dir"": ""../phase1_data_generation/data/pdbs""}",30.00,1,solved,38,,1145,3570,1139,2371,0.2071,0.3018,1
234,0cb9e87f641d2a35,,wastar,"{""w"": 1.0}",pdb,"{""pdb_dir"": ""../phase1_data_generation/data/pdbs""}",40.00,1,solved,48,,1527,4785,1527,3200,0.2761,0.4027,1
235,fa9ced65324871b0,,wastar,"{""w"": 1.0}",pdb,"{""pdb_dir"": ""../phase1_data_generation/data/pdbs""}",30.00,1,solved,38,,2419,7582,2402,5043,0.4398,0.6433,1
236,1ab8c0d97fe36542,,wastar,"{""w"": 1.0}",pdb,"{""pdb_dir"": ""../phase1_data_generation/data/pdbs""}",42.00,1,solved,48,,1850,5896,1826,3927,0.3342,0.4901,1
237,7e8afbc095d42631,,wastar,"{""w"": 1.0}",pdb,"{""pdb_dir"": ""../phase1_data_generation/data/pdbs""}",28.00,1,solved,34,,599,1916,595,1278,0.1086,0.1588,1
238,0c85e4d2ba93716f,,wastar,"{""w"": 1.0}",pdb,"{""pdb_dir"": ""../phase1_data_generation/data/pdbs""}",40.00,1,solved,48,,1237,3943,1235,2641,0.2268,0.3303,1
239,e7fa2cbd05384169,,wastar,"{""w"": 1.0}",pdb,"{""pdb_dir"": ""../phase1_data_generation/data/pdbs""}",42.00,1,solved,48,,2318,7092,2283,4611,0.4218,0.6142,1
240,f6d4a312e90c57b8,,wastar,"{""w"": 1.0}",pdb,"{""pdb_dir"": ""../phase1_data_generation/data/pdbs""}",38.00,1,solved,48,,28693,90681,28130,58281,5.3530,7.8984,1
241,2b95ae8f371c40d6,,wastar,"{""w"": 1.0}",pdb,"{""pdb_dir"": ""../phase1_data_generation/data/pdbs""}",40.00,1,solved,46,,1121,3476,1111,2269,0.2056,0.2989,1
242,ec9ad0b53761428f,,wastar,"{""w"": 1.0}",pdb,"{""pdb_dir"": ""../phase1_data_generation/data/pdbs""}",40.00,1,solved,46,,801,2456,802,1628,0.1449,0.2108,1
243,1f4c5ad93e76b280,,wastar,"{""w"": 1.0}",pdb,"{""pdb_dir"": ""../phase1_data_generation/data/pdbs""}",32.00,1,solved,48,,17935,55799,17657,35819,3.2864,4.8355,1
244,5fa239670e14bc8d,,wastar,"{""w"": 1.0}",pdb,"{""pdb_dir"": ""../phase1_data_generation/data/pdbs""}",46.00,1,solved,58,,128634,400267,126171,256761,23.5669,34.9350,1
245,ed84b0597631fac2,,wastar,"{""w"": 1.0}",pdb,"{""pdb_dir"": ""../phase1_data_generation/data/pdbs""}",34.00,1,solved,42,,1877,5923,1855,3919,0.3422,0.5008,1
246,e784cf59a30261bd,,wastar,"{""w"": 1.0}",pdb,"{""pdb_dir"": ""../phase1_data_generation/data/pdbs""}",40.00,1,solved,44,,309,962,297,622,0.0545,0.0798,1
247,bd2980afc35e6741,,wastar,"{""w"": 1.0}",pdb,"{""pdb_dir"": ""../phase1_data_generation/data/pdbs""}",46.00,1,solved,50,,2399,7627,2378,5075,0.4345,0.6355,1
248,78df103eb6a9254c,,wastar,"{""w"": 1.0}",pdb,"{""pdb_dir"": ""../phase1_data_generation/data/pdbs""}",40.00,1,solved,44,,321,1031,320,698,0.0586,0.0854,1
249,7a9d65bf0318c2e4,,wastar,"{""w"": 1.0}",pdb,"{""pdb_dir"": ""../phase1_data_generation/data/pdbs""}",38.00,1,solved,44,,438,1386,439,937,0.0805,0.1169,1
250,bf2a6c31579840de,,wastar,"{""w"": 1.0}",pdb,"{""pdb_dir"": ""../phase1_data_generation/data/pdbs""}",46.00,1,solved,52,,3266,10197,3222,6772,0.5917,0.8669,1
251,5f07c694a321edb8,,wastar,"{""w"": 1.0}",pdb,"{""pdb_dir"": ""../phase1_data_generation/data/pdbs""}",42.00,1,solved,52,,3524,11045,3493,7235,0.6437,0.9402,1
252,8ef1503ab7d94c26,,wastar,"{""w"": 1.0}",pdb,"{""pdb_dir"": ""../phase1_data_generation/data/pdbs""}",50.00,1,solved,54,,2016,6115,2009,3980,0.3709,0.5382,1
253,3bae70869cdf2415,,wastar,"{""w"": 1.0}",pdb,"{""pdb_dir"": ""../phase1_data_generation/data/pdbs""}",42.00,1,solved,46,,527,1669,528,1133,0.0968,0.1406,1
254,0354cf2ab1897d6e,,wastar,"{""w"": 1.0}",pdb,"{""pdb_dir"": ""../phase1_data_generation/data/pdbs""}",46.00,1,solved,52,,4900,15321,4846,10104,0.8937,1.3081,1
255,f6a4be5d271390c8,,wastar,"{""w"": 1.0}",pdb,"{""pdb_dir"": ""../phase1_data_generation/data/pdbs""}",36.00,1,solved,46,,7505,23511,7296,15053,1.3456,1.9795,1
256,4d02bfc93a18756e,,wastar,"{""w"": 1.0}",pdb,"{""pdb_dir"": ""../phase1_data_generation/data/pdbs""}",42.00,1,solved,50,,19602,61982,19023,39955,3.5950,5.3034,1
257,de4162a0f8b7c953,,wastar,"{""w"": 1.0}",pdb,"{""pdb_dir"": ""../phase1_data_generation/data/pdbs""}",50.00,1,solved,58,,6878,20708,6817,13454,1.2681,1.8497,1
258,e86fa0bcd5129473,,wastar,"{""w"": 1.0}",pdb,"{""pdb_dir"": ""../phase1_data_generation/data/pdbs""}",46.00,1,solved,48,,437,1361,436,885,0.0804,0.1166,1
259,b8acde205f914673,,wastar,"{""w"": 1.0}",pdb,"{""pdb_dir"": ""../phase1_data_generation/data/pdbs""}",40.00,1,solved,46,,846,2621,842,1730,0.1551,0.2251,1
260,450bf3ad6e8192c7,,wastar,"{""w"": 1.0}",pdb,"{""pdb_dir"": ""../phase1_data_generation/data/pdbs""}",46.00,1,solved,52,,5180,16274,5104,10563,0.9395,1.3770,1
261,e845fdb90ac26713,,wastar,"{""w"": 1.0}",pdb,"{""pdb_dir"": ""../phase1_data_generation/data/pdbs""}",36.00,1,solved,40,,46,140,47,95,0.0088,0.0126,1
262,f4c1b26de35a9087,,wastar,"{""w"": 1.0}",pdb,"{""pdb_dir"": ""../phase1_data_generation/data/pdbs""}",40.00,1,solved,48,,6381,19713,6259,12609,1.1552,1.6940,1
263,e40df2c69853ba17,,wastar,"{""w"": 1.0}",pdb,"{""pdb_dir"": ""../phase1_data_generation/data/pdbs""}",38.00,1,solved,42,,105,337,105,228,0.0193,0.0280,1
264,b1c82d6f3754a0e9,,wastar,"{""w"": 1.0}",pdb,"{""pdb_dir"": ""../phase1_data_generation/data/pdbs""}",36.00,1,solved,44,,1966,6119,1941,3957,0.3574,0.5218,1
265,e748f061a2d9c35b,,wastar,"{""w"": 1.0}",pdb,"{""pdb_dir"": ""../phase1_data_generation/data/pdbs""}",40.00,1,solved,46,,1886,5985,1829,3870,0.3365,0.4946,1
266,07cdbe94f1386a52,,wastar,"{""w"": 1.0}",pdb,"{""pdb_dir"": ""../phase1_data_generation/data/pdbs""}",36.00,1,solved,44,,5937,18715,5820,12239,1.0702,1.5729,1
267,da36f8c1e249b057,,wastar,"{""w"": 1.0}",pdb,"{""pdb_dir"": ""../phase1_data_generation/data/pdbs""}",40.00,1,solved,46,,1413,4461,1389,2958,0.2557,0.3738,1
268,b7fc13d89e65a024,,wastar,"{""w"": 1.0}",pdb,"{""pdb_dir"": ""../phase1_data_generation/data/pdbs""}",28.00,1,solved,32,,109,365,110,255,0.0200,0.0290,1
269,ba4c2fd86e713590,,wastar,"{""w"": 1.0}",pdb,"{""pdb_dir"": ""../phase1_data_generation/data/pdbs""}",28.00,1,solved,32,,39,128,40,90,0.0073,0.0105,1
270,aed9365701f2bc84,,wastar,"{""w"": 1.0}",pdb,"{""pdb_dir"": ""../phase1_data_generation/data/pdbs""}",40.00,1,solved,48,,6123,19344,6032,12659,1.1067,1.6250,1
271,adf978e13b04256c,,wastar,"{""w"": 1.0}",pdb,"{""pdb_dir"": ""../phase1_data_generation/data/pdbs""}",34.00,1,solved,40,,490,1548,489,1033,0.0899,0.1305,1
272,bec279680a34f1d5,,wastar,"{""w"": 1.0}",pdb,"{""pdb_dir"": ""../phase1_data_generation/data/pdbs""}",38.00,1,solved,46,,4273,13498,4202,8875,0.7727,1.1318,1
273,efcb16480275a39d,,wastar,"{""w"": 1.0}",pdb,"{""pdb_dir"": ""../phase1_data_generation/data/pdbs""}",40.00,1,solved,48,,32351,100258,31814,64530,6.2209,9.1438,1
274,7f1c4e892b03d56a,,wastar,"{""w"": 1.0}",pdb,"{""pdb_dir"": ""../phase1_data_generation/data/pdbs""}",40.00,1,solved,50,,8315,25775,8240,16803,1.5238,2.2290,1
275,6b01e854f9d2ca37,,wastar,"{""w"": 1.0}",pdb,"{""pdb_dir"": ""../phase1_data_generation/data/pdbs""}",46.00,1,solved,56,,31649,96522,31148,62201,6.0942,8.9361,1
276,adf2b6c53108e749,,wastar,"{""w"": 1.0}",pdb,"{""pdb_dir"": ""../phase1_data_generation/data/pdbs""}",36.00,1,solved,44,,2283,7150,2228,4624,0.4119,0.6031,1
277,16aef584320d97bc,,wastar,"{""w"": 1.0}",pdb,"{""pdb_dir"": ""../phase1_data_generation/data/pdbs""}",40.00,1,solved,50,,9259,28916,9091,18555,1.6839,2.4689,1
278,0a846d39e5c2b7f1,,wastar,"{""w"": 1.0}",pdb,"{""pdb_dir"": ""../phase1_data_generation/data/pdbs""}",40.00,1,solved,44,,668,2101,660,1383,0.1215,0.1769,1
279,72ad6b591308fe4c,,wastar,"{""w"": 1.0}",pdb,"{""pdb_dir"": ""../phase1_data_generation/data/pdbs""}",36.00,1,solved,48,,8279,25952,8114,16873,1.4984,2.1996,1
280,0ce48f5b73a9d612,,wastar,"{""w"": 1.0}",pdb,"{""pdb_dir"": ""../phase1_data_generation/data/pdbs""}",40.00,1,solved,46,,470,1445,460,953,0.0848,0.1237,1
281,7d0ca8f569e413b2,,wastar,"{""w"": 1.0}",pdb,"{""pdb_dir"": ""../phase1_data_generation/data/pdbs""}",36.00,1,solved,40,,360,1147,358,757,0.0656,0.0953,1
282,3afe59c78b14d062,,wastar,"{""w"": 1.0}",pdb,"{""pdb_dir"": ""../phase1_data_generation/data/pdbs""}",42.00,1,solved,50,,6276,19423,6214,12764,1.1468,1.6779,1
283,2f3b90cda647158e,,wastar,"{""w"": 1.0}",pdb,"{""pdb_dir"": ""../phase1_data_generation/data/pdbs""}",44.00,1,solved,52,,6777,21184,6650,13675,1.2389,1.8217,1
284,a50891dc7f426eb3,,wastar,"{""w"": 1.0}",pdb,"{""pdb_dir"": ""../phase1_data_generation/data/pdbs""}",40.00,1,solved,44,,187,581,188,393,0.0346,0.0501,1
285,1d8f36c57a049e2b,,wastar,"{""w"": 1.0}",pdb,"{""pdb_dir"": ""../phase1_data_generation/data/pdbs""}",42.00,1,solved,52,,9300,28450,9078,18057,1.6894,2.4779,1
286,470de6ac2359f1b8,,wastar,"{""w"": 1.0}",pdb,"{""pdb_dir"": ""../phase1_data_generation/data/pdbs""}",34.00,1,solved,40,,200,639,198,430,0.0363,0.0527,1
287,b9ae5247c1f830d6,,wastar,"{""w"": 1.0}",pdb,"{""pdb_dir"": ""../phase1_data_generation/data/pdbs""}",42.00,1,solved,48,,428,1387,426,941,0.0777,0.1132,1
288,f7d46ae95c183b20,,wastar,"{""w"": 1.0}",pdb,"{""pdb_dir"": ""../phase1_data_generation/data/pdbs""}",32.00,1,solved,40,,1421,4585,1410,3065,0.2591,0.3792,1
289,f64ae95cb208731d,,wastar,"{""w"": 1.0}",pdb,"{""pdb_dir"": ""../phase1_data_generation/data/pdbs""}",32.00,1,solved,34,,62,205,63,144,0.0114,0.0165,1
290,aebd72c93f518640,,wastar,"{""w"": 1.0}",pdb,"{""pdb_dir"": ""../phase1_data_generation/data/pdbs""}",36.00,1,solved,40,,339,1099,340,756,0.0619,0.0900,1
291,ebd8f2ac75013694,,wastar,"{""w"": 1.0}",pdb,"{""pdb_dir"": ""../phase1_data_generation/data/pdbs""}",28.00,1,solved,30,,260,818,259,548,0.0471,0.0683,1
292,f5ac89d64321e0b7,,wastar,"{""w"": 1.0}",pdb,"{""pdb_dir"": ""../phase1_data_generation/data/pdbs""}",42.00,1,solved,48,,6523,20357,6410,13232,1.1804,1.7326,1
293,3d6f25ac07e1498b,,wastar,"{""w"": 1.0}",pdb,"{""pdb_dir"": ""../phase1_data_generation/data/pdbs""}",42.00,1,solved,52,,15262,45649,15146,29189,2.8439,4.1561,1
294,3fc5a01de7289b64,,wastar,"{""w"": 1.0}",pdb,"{""pdb_dir"": ""../phase1_data_generation/data/pdbs""}",34.00,1,solved,42,,4674,14723,4567,9378,0.8457,1.2410,1
295,7bfde6982a0541c3,,wastar,"{""w"": 1.0}",pdb,"{""pdb_dir"": ""../phase1_data_generation/data/pdbs""}",36.00,1,solved,44,,1793,5544,1770,3601,0.3283,0.4782,1
296,0fa87e9d6b153c24,,wastar,"{""w"": 1.0}",pdb,"{""pdb_dir"": ""../phase1_data_generation/data/pdbs""}",24.00,1,solved,28,,98,312,99,212,0.0182,0.0263,1
297,cba1f0e53847d692,,wastar,"{""w"": 1.0}",pdb,"{""pdb_dir"": ""../phase1_data_generation/data/pdbs""}",42.00,1,solved,44,,176,580,177,397,0.0323,0.0469,1
298,6cbf3e8da5217490,,wastar,"{""w"": 1.0}",pdb,"{""pdb_dir"": ""../phase1_data_generation/data/pdbs""}",42.00,1,solved,46,,480,1449,479,948,0.0891,0.1290,1
299,e3a5cd872691f0b4,,wastar,"{""w"": 1.0}",pdb,"{""pdb_dir"": ""../phase1_data_generation/data/pdbs""}",40.00,1,solved,52,,35002,109405,34326,70262,6.6644,9.8104,1
300,5e086c19d7af32b4,,wastar,"{""w"": 1.0}",pdb,"{""pdb_dir"": ""../phase1_data_generation/data/pdbs""}",36.00,1,solved,50,,142309,442139,138138,274978,26.3292,39.0645,1
301,6804bcdaf92153e7,,wastar,"{""w"": 1.0}",pdb,"{""pdb_dir"": ""../phase1_data_generation/data/pdbs""}",42.00,1,solved,48,,2773,8610,2724,5657,0.5016,0.7348,1
302,8ad36bc0e129f457,,wastar,"{""w"": 1.0}",pdb,"{""pdb_dir"": ""../phase1_data_generation/data/pdbs""}",44.00,1,solved,54,,15248,47471,15076,30922,2.8371,4.1631,1
303,bfc87a916503de42,,wastar,"{""w"": 1.0}",pdb,"{""pdb_dir"": ""../phase1_data_generation/data/pdbs""}",36.00,1,solved,38,,69,227,70,159,0.0146,0.0210,1
304,0d18ae9f2b643c75,,wastar,"{""w"": 1.0}",pdb,"{""pdb_dir"": ""../phase1_data_generation/data/pdbs""}",42.00,1,solved,50,,4967,15772,4935,10510,0.9157,1.3404,1
305,7916e4cb8d2f35a0,,wastar,"{""w"": 1.0}",pdb,"{""pdb_dir"": ""../phase1_data_generation/data/pdbs""}",44.00,1,solved,52,,5143,16251,5073,10666,0.9383,1.3752,1
306,f2956d8eabc14730,,wastar,"{""w"": 1.0}",pdb,"{""pdb_dir"": ""../phase1_data_generation/data/pdbs""}",38.00,1,solved,42,,655,2082,653,1407,0.1197,0.1747,1
307,cfb583da640927e1,,wastar,"{""w"": 1.0}",pdb,"{""pdb_dir"": ""../phase1_data_generation/data/pdbs""}",44.00,1,solved,48,,5170,16177,5023,10453,0.9248,1.3602,1
308,dc25b9480fa6317e,,wastar,"{""w"": 1.0}",pdb,"{""pdb_dir"": ""../phase1_data_generation/data/pdbs""}",38.00,1,solved,42,,302,944,299,628,0.0551,0.0801,1
309,3b8a9160e5c42f7d,,wastar,"{""w"": 1.0}",pdb,"{""pdb_dir"": ""../phase1_data_generation/data/pdbs""}",42.00,1,solved,52,,8561,26927,8357,17493,1.5354,2.2596,1
310,fb6de0a17985234c,,wastar,"{""w"": 1.0}",pdb,"{""pdb_dir"": ""../phase1_data_generation/data/pdbs""}",36.00,1,solved,40,,1406,4360,1390,2868,0.2542,0.3714,1
311,e4fb9d1c86a23075,,wastar,"{""w"": 1.0}",pdb,"{""pdb_dir"": ""../phase1_data_generation/data/pdbs""}",40.00,1,solved,48,,3314,10418,3281,6837,0.6016,0.8803,1
312,0ad98e467c352fb1,,wastar,"{""w"": 1.0}",pdb,"{""pdb_dir"": ""../phase1_data_generation/data/pdbs""}",40.00,1,solved,44,,1392,4469,1377,2966,0.2516,0.3676,1
313,4e0cd918f756b32a,,wastar,"{""w"": 1.0}",pdb,"{""pdb_dir"": ""../phase1_data_generation/data/pdbs""}",34.00,1,solved,42,,4203,13369,4114,8592,0.7579,1.1105,1
314,06b1c5a8f34972ed,,wastar,"{""w"": 1.0}",pdb,"{""pdb_dir"": ""../phase1_data_generation/data/pdbs""}",40.00,1,solved,50,,5355,16637,5291,10865,0.9750,1.4275,1
315,0f2c98d1ba46735e,,wastar,"{""w"": 1.0}",pdb,"{""pdb_dir"": ""../phase1_data_generation/data/pdbs""}",34.00,1,solved,38,,237,775,237,533,0.0434,0.0629,1
316,fdc9e45b076182a3,,wastar,"{""w"": 1.0}",pdb,"{""pdb_dir"": ""../phase1_data_generation/data/pdbs""}",36.00,1,solved,44,,5814,18345,5742,11947,1.0561,1.5476,1
317,8fd9b71035e264ac,,wastar,"{""w"": 1.0}",pdb,"{""pdb_dir"": ""../phase1_data_generation/data/pdbs""}",36.00,1,solved,42,,161,509,162,347,0.0297,0.0430,1
318,26915ab47f0c38de,,wastar,"{""w"": 1.0}",pdb,"{""pdb_dir"": ""../phase1_data_generation/data/pdbs""}",48.00,1,solved,54,,24296,74621,24061,48449,4.5579,6.6811,1
319,6d4cb5a08e12f379,,wastar,"{""w"": 1.0}",pdb,"{""pdb_dir"": ""../phase1_data_generation/data/pdbs""}",38.00,1,solved,44,,636,2015,627,1350,0.1152,0.1679,1
320,cdf5b086e371249a,,wastar,"{""w"": 1.0}",pdb,"{""pdb_dir"": ""../phase1_data_generation/data/pdbs""}",40.00,1,solved,42,,99,305,100,207,0.0184,0.0265,1
321,3f857ad4e9061b2c,,wastar,"{""w"": 1.0}",pdb,"{""pdb_dir"": ""../phase1_data_generation/data/pdbs""}",42.00,1,solved,46,,458,1430,458,959,0.0843,0.1222,1
322,f603a4cd7895eb12,,wastar,"{""w"": 1.0}",pdb,"{""pdb_dir"": ""../phase1_data_generation/data/pdbs""}",40.00,1,solved,46,,2008,6312,1963,4046,0.3604,0.5276,1
323,87ac2d6e350fb914,,wastar,"{""w"": 1.0}",pdb,"{""pdb_dir"": ""../phase1_data_generation/data/pdbs""}",36.00,1,solved,46,,8182,25847,8081,17057,1.4810,2.1739,1
324,7cbde3a81f694250,,wastar,"{""w"": 1.0}",pdb,"{""pdb_dir"": ""../phase1_data_generation/data/pdbs""}",38.00,1,solved,44,,535,1651,536,1111,0.0987,0.1431,1
325,fbdc30145729e6a8,,wastar,"{""w"": 1.0}",pdb,"{""pdb_dir"": ""../phase1_data_generation/data/pdbs""}",34.00,1,solved,42,,3785,11955,3746,7887,0.6884,1.0071,1
326,f7cea4685b0d2139,,wastar,"{""w"": 1.0}",pdb,"{""pdb_dir"": ""../phase1_data_generation/data/pdbs""}",36.00,1,solved,44,,2011,6305,1985,4136,0.3644,0.5326,1
327,0915ed84f2a3c67b,,wastar,"{""w"": 1.0}",pdb,"{""pdb_dir"": ""../phase1_data_generation/data/pdbs""}",46.00,1,solved,52,,1410,4413,1404,2959,0.2575,0.3746,1
328,b842e7d06c91a53f,,wastar,"{""w"": 1.0}",pdb,"{""pdb_dir"": ""../phase1_data_generation/data/pdbs""}",42.00,1,solved,50,,1903,6023,1841,3887,0.3375,0.4951,1
329,a69ed7c50b314f28,,wastar,"{""w"": 1.0}",pdb,"{""pdb_dir"": ""../phase1_data_generation/data/pdbs""}",40.00,1,solved,46,,2262,7072,2192,4551,0.4057,0.5946,1
330,f8da4c160b79532e,,wastar,"{""w"": 1.0}",pdb,"{""pdb_dir"": ""../phase1_data_generation/data/pdbs""}",44.00,1,solved,46,,203,649,204,443,0.0375,0.0542,1
331,df753cae46189b20,,wastar,"{""w"": 1.0}",pdb,"{""pdb_dir"": ""../phase1_data_generation/data/pdbs""}",42.00,1,solved,50,,4799,14927,4661,9591,0.8610,1.2626,1
332,edb5f07832946ac1,,wastar,"{""w"": 1.0}",pdb,"{""pdb_dir"": ""../phase1_data_generation/data/pdbs""}",32.00,1,solved,36,,211,676,210,454,0.0383,0.0557,1
333,d64b3790e285f1ca,,wastar,"{""w"": 1.0}",pdb,"{""pdb_dir"": ""../phase1_data_generation/data/pdbs""}",44.00,1,solved,52,,15958,50352,15413,32040,2.8761,4.2436,1
334,baecd7f058143962,,wastar,"{""w"": 1.0}",pdb,"{""pdb_dir"": ""../phase1_data_generation/data/pdbs""}",32.00,1,solved,36,,261,840,261,573,0.0475,0.0690,1
335,67fc18be329da054,,wastar,"{""w"": 1.0}",pdb,"{""pdb_dir"": ""../phase1_data_generation/data/pdbs""}",38.00,1,solved,42,,1241,3929,1239,2639,0.2269,0.3300,1
336,0bae674cf18925d3,,wastar,"{""w"": 1.0}",pdb,"{""pdb_dir"": ""../phase1_data_generation/data/pdbs""}",36.00,1,solved,46,,2378,7359,2357,4833,0.4385,0.6407,1
337,6d8eacb0f2593741,,wastar,"{""w"": 1.0}",pdb,"{""pdb_dir"": ""../phase1_data_generation/data/pdbs""}",36.00,1,solved,44,,4767,14976,4684,9794,0.8591,1.2593,1
338,f3b1e279c684ad50,,wastar,"{""w"": 1.0}",pdb,"{""pdb_dir"": ""../phase1_data_generation/data/pdbs""}",48.00,1,solved,56,,20315,63405,20087,41467,3.8001,5.5760,1
339,e50cab8d7f693214,,wastar,"{""w"": 1.0}",pdb,"{""pdb_dir"": ""../phase1_data_generation/data/pdbs""}",22.00,1,solved,30,,674,2138,667,1407,0.1226,0.1788,1
340,be28cf6037da5914,,wastar,"{""w"": 1.0}",pdb,"{""pdb_dir"": ""../phase1_data_generation/data/pdbs""}",34.00,1,solved,38,,126,404,126,271,0.0231,0.0335,1
341,f7082dea5b4c6931,,wastar,"{""w"": 1.0}",pdb,"{""pdb_dir"": ""../phase1_data_generation/data/pdbs""}",34.00,1,solved,40,,1552,4891,1544,3222,0.2845,0.4148,1
342,b721f0da435e698c,,wastar,"{""w"": 1.0}",pdb,"{""pdb_dir"": ""../phase1_data_generation/data/pdbs""}",44.00,1,solved,50,,1620,5126,1601,3425,0.2925,0.4276,1
343,e59df0bc7368a421,,wastar,"{""w"": 1.0}",pdb,"{""pdb_dir"": ""../phase1_data_generation/data/pdbs""}",28.00,1,solved,30,,107,350,108,244,0.0208,0.0300,1
344,a7c85f92036d1eb4,,wastar,"{""w"": 1.0}",pdb,"{""pdb_dir"": ""../phase1_data_generation/data/pdbs""}",36.00,1,solved,42,,789,2508,785,1656,0.1441,0.2101,1
345,732860ca54deb9f1,,wastar,"{""w"": 1.0}",pdb,"{""pdb_dir"": ""../phase1_data_generation/data/pdbs""}",44.00,1,solved,48,,421,1334,419,887,0.0767,0.1117,1
346,bfd92580e6c4a371,,wastar,"{""w"": 1.0}",pdb,"{""pdb_dir"": ""../phase1_data_generation/data/pdbs""}",32.00,1,solved,34,,181,563,182,380,0.0336,0.0485,1
347,0b936f7c24de581a,,wastar,"{""w"": 1.0}",pdb,"{""pdb_dir"": ""../phase1_data_generation/data/pdbs""}",42.00,1,solved,48,,1034,3234,1029,2166,0.1887,0.2747,1
348,bfe4a0263c751d89,,wastar,"{""w"": 1.0}",pdb,"{""pdb_dir"": ""../phase1_data_generation/data/pdbs""}",38.00,1,solved,42,,1318,4097,1316,2720,0.2428,0.3535,1
349,0bc971d5f86ea324,,wastar,"{""w"": 1.0}",pdb,"{""pdb_dir"": ""../phase1_data_generation/data/pdbs""}",32.00,1,solved,40,,1053,3343,1035,2202,0.1902,0.2782,1
350,f84ce01d9673b2a5,,wastar,"{""w"": 1.0}",pdb,"{""pdb_dir"": ""../phase1_data_generation/data/pdbs""}",38.00,1,solved,44,,1311,4175,1302,2804,0.2372,0.3460,1
351,78a1c64be309f2d5,,wastar,"{""w"": 1.0}",pdb,"{""pdb_dir"": ""../phase1_data_generation/data/pdbs""}",42.00,1,solved,50,,4996,15846,4949,10487,0.9110,1.3332,1
352,e9dc23680f14ba57,,wastar,"{""w"": 1.0}",pdb,"{""pdb_dir"": ""../phase1_data_generation/data/pdbs""}",28.00,1,solved,32,,58,190,59,133,0.0108,0.0156,1
353,6e9c30b87df5214a,,wastar,"{""w"": 1.0}",pdb,"{""pdb_dir"": ""../phase1_data_generation/data/pdbs""}",28.00,1,solved,36,,1616,5038,1586,3248,0.2929,0.4279,1
354,a902efc34b681d57,,wastar,"{""w"": 1.0}",pdb,"{""pdb_dir"": ""../phase1_data_generation/data/pdbs""}",48.00,1,solved,52,,2092,6528,2070,4345,0.3807,0.5561,1
355,cf48ab61de972530,,wastar,"{""w"": 1.0}",pdb,"{""pdb_dir"": ""../phase1_data_generation/data/pdbs""}",42.00,1,solved,48,,1074,3381,1068,2261,0.1961,0.2861,1
356,e39da6c10487fb52,,wastar,"{""w"": 1.0}",pdb,"{""pdb_dir"": ""../phase1_data_generation/data/pdbs""}",38.00,1,solved,46,,3211,10213,3178,6773,0.5820,0.8512,1
357,0fa429bce658713d,,wastar,"{""w"": 1.0}",pdb,"{""pdb_dir"": ""../phase1_data_generation/data/pdbs""}",36.00,1,solved,48,,6789,21463,6746,14044,1.2440,1.8211,1
358,ae7c406b281d3f95,,wastar,"{""w"": 1.0}",pdb,"{""pdb_dir"": ""../phase1_data_generation/data/pdbs""}",36.00,1,solved,48,,13414,42338,13206,27455,2.4497,3.6062,1
359,dc32b850e6a19f47,,wastar,"{""w"": 1.0}",pdb,"{""pdb_dir"": ""../phase1_data_generation/data/pdbs""}",42.00,1,solved,52,,2807,8330,2786,5368,0.5151,0.7483,1
360,e297f0658cd4a31b,,wastar,"{""w"": 1.0}",pdb,"{""pdb_dir"": ""../phase1_data_generation/data/pdbs""}",38.00,1,solved,46,,2320,7262,2296,4771,0.4218,0.6158,1
361,6d8791fce4a320b5,,wastar,"{""w"": 1.0}",pdb,"{""pdb_dir"": ""../phase1_data_generation/data/pdbs""}",42.00,1,solved,46,,889,2781,886,1827,0.1628,0.2365,1
362,b4fce2687d05a319,,wastar,"{""w"": 1.0}",pdb,"{""pdb_dir"": ""../phase1_data_generation/data/pdbs""}",30.00,1,solved,38,,2047,6484,1978,4162,0.3632,0.5339,1
363,7e25cbd09a8436f1,,wastar,"{""w"": 1.0}",pdb,"{""pdb_dir"": ""../phase1_data_generation/data/pdbs""}",38.00,1,solved,44,,627,2013,627,1352,0.1145,0.1664,1
364,eadf473c510b2698,,wastar,"{""w"": 1.0}",pdb,"{""pdb_dir"": ""../phase1_data_generation/data/pdbs""}",40.00,1,solved,50,,18591,57774,18356,37520,3.4471,5.0579,1
365,785debf93c06a214,,wastar,"{""w"": 1.0}",pdb,"{""pdb_dir"": ""../phase1_data_generation/data/pdbs""}",30.00,1,solved,38,,1449,4682,1419,3076,0.2621,0.3841,1
366,721a30896eb45fdc,,wastar,"{""w"": 1.0}",pdb,"{""pdb_dir"": ""../phase1_data_generation/data/pdbs""}",48.00,1,solved,56,,13759,43559,13616,28883,2.5340,3.7225,1
367,7eb536cd0149af82,,wastar,"{""w"": 1.0}",pdb,"{""pdb_dir"": ""../phase1_data_generation/data/pdbs""}",36.00,1,solved,42,,1127,3546,1098,2279,0.2097,0.3062,1
368,0d29fa81c5473eb6,,wastar,"{""w"": 1.0}",pdb,"{""pdb_dir"": ""../phase1_data_generation/data/pdbs""}",42.00,1,solved,48,,1967,6223,1961,4133,0.3586,0.5235,1
369,9438ebdca5f16072,,wastar,"{""w"": 1.0}",pdb,"{""pdb_dir"": ""../phase1_data_generation/data/pdbs""}",40.00,1,solved,44,,469,1506,461,1002,0.0844,0.1235,1
370,3fbe6819572ad4c0,,wastar,"{""w"": 1.0}",pdb,"{""pdb_dir"": ""../phase1_data_generation/data/pdbs""}",42.00,1,solved,52,,9263,29044,9171,19125,1.6876,2.4741,1
371,dfc8a095712e36b4,,wastar,"{""w"": 1.0}",pdb,"{""pdb_dir"": ""../phase1_data_generation/data/pdbs""}",26.00,1,solved,38,,3823,12127,3759,7891,0.6947,1.0207,1
372,d859aec23b67f041,,wastar,"{""w"": 1.0}",pdb,"{""pdb_dir"": ""../phase1_data_generation/data/pdbs""}",38.00,1,solved,44,,1213,3844,1205,2545,0.2215,0.3231,1
373,ce687f3402b1a5d9,,wastar,"{""w"": 1.0}",pdb,"{""pdb_dir"": ""../phase1_data_generation/data/pdbs""}",36.00,1,solved,44,,1398,4407,1383,2913,0.2541,0.3712,1
374,2eb8795ac10d36f4,,wastar,"{""w"": 1.0}",pdb,"{""pdb_dir"": ""../phase1_data_generation/data/pdbs""}",36.00,1,solved,44,,1770,5698,1756,3737,0.3215,0.4700,1
375,82fcb09e135764ad,,wastar,"{""w"": 1.0}",pdb,"{""pdb_dir"": ""../phase1_data_generation/data/pdbs""}",38.00,1,solved,50,,17548,54095,17283,34862,3.2449,4.7649,1
376,8f51da6379bc24e0,,wastar,"{""w"": 1.0}",pdb,"{""pdb_dir"": ""../phase1_data_generation/data/pdbs""}",44.00,1,solved,54,,12064,37181,11872,24084,2.2082,3.2414,1
377,fec5a21609d3b748,,wastar,"{""w"": 1.0}",pdb,"{""pdb_dir"": ""../phase1_data_generation/data/pdbs""}",28.00,1,solved,36,,230,719,228,478,0.0419,0.0607,1
378,bd837f956ca1402e,,wastar,"{""w"": 1.0}",pdb,"{""pdb_dir"": ""../phase1_data_generation/data/pdbs""}",42.00,1,solved,48,,380,1198,379,809,0.0693,0.1006,1
379,6de7c085f1b293a4,,wastar,"{""w"": 1.0}",pdb,"{""pdb_dir"": ""../phase1_data_generation/data/pdbs""}",42.00,1,solved,44,,1995,6336,1968,4161,0.3637,0.5318,1
380,86c1fde4b9357a20,,wastar,"{""w"": 1.0}",pdb,"{""pdb_dir"": ""../phase1_data_generation/data/pdbs""}",34.00,1,solved,40,,873,2737,871,1846,0.1593,0.2319,1
381,af2ce9b806d45173,,wastar,"{""w"": 1.0}",pdb,"{""pdb_dir"": ""../phase1_data_generation/data/pdbs""}",36.00,1,solved,44,,2510,7774,2489,5122,0.4593,0.6704,1
382,6bdca09e4f351728,,wastar,"{""w"": 1.0}",pdb,"{""pdb_dir"": ""../phase1_data_generation/data/pdbs""}",36.00,1,solved,40,,208,657,208,435,0.0385,0.0557,1
383,ef786ab19405c32d,,wastar,"{""w"": 1.0}",pdb,"{""pdb_dir"": ""../phase1_data_generation/data/pdbs""}",42.00,1,solved,50,,11360,35800,11216,23267,2.0709,3.0404,1
384,6ca9bdf4021e7358,,wastar,"{""w"": 1.0}",pdb,"{""pdb_dir"": ""../phase1_data_generation/data/pdbs""}",34.00,1,solved,38,,243,783,241,529,0.0439,0.0639,1
385,4f0a31ed78c96b52,,wastar,"{""w"": 1.0}",pdb,"{""pdb_dir"": ""../phase1_data_generation/data/pdbs""}",40.00,1,solved,44,,1177,3783,1154,2497,0.2107,0.3083,1
386,591afe680bd43c72,,wastar,"{""w"": 1.0}",pdb,"{""pdb_dir"": ""../phase1_data_generation/data/pdbs""}",38.00,1,solved,42,,324,1038,325,713,0.0595,0.0864,1
387,fe8d2b40a6c93571,,wastar,"{""w"": 1.0}",pdb,"{""pdb_dir"": ""../phase1_data_generation/data/pdbs""}",24.00,1,solved,30,,259,820,256,540,0.0470,0.0684,1
388,ea086b5f394712dc,,wastar,"{""w"": 1.0}",pdb,"{""pdb_dir"": ""../phase1_data_generation/data/pdbs""}",38.00,1,solved,48,,4245,13180,4197,8716,0.7720,1.1314,1
389,f39c6a75ed0b2841,,wastar,"{""w"": 1.0}",pdb,"{""pdb_dir"": ""../phase1_data_generation/data/pdbs""}",36.00,1,solved,46,,9402,29510,9315,19419,1.7097,2.5105,1
390,a65f2d7c13e9b048,,wastar,"{""w"": 1.0}",pdb,"{""pdb_dir"": ""../phase1_data_generation/data/pdbs""}",34.00,1,solved,40,,656,2066,649,1374,0.1193,0.1744,1
391,5c3a20bef918d467,,wastar,"{""w"": 1.0}",pdb,"{""pdb_dir"": ""../phase1_data_generation/data/pdbs""}",48.00,1,solved,56,,22313,69125,21954,44553,4.1356,6.0770,1
392,69d12f50bec3a748,,wastar,"{""w"": 1.0}",pdb,"{""pdb_dir"": ""../phase1_data_generation/data/pdbs""}",38.00,1,solved,42,,231,727,231,489,0.0425,0.0616,1
393,f69cb1372a8ed045,,wastar,"{""w"": 1.0}",pdb,"{""pdb_dir"": ""../phase1_data_generation/data/pdbs""}",36.00,1,solved,42,,2846,9024,2800,5923,0.5139,0.7532,1
394,fade7865140c93b2,,wastar,"{""w"": 1.0}",pdb,"{""pdb_dir"": ""../phase1_data_generation/data/pdbs""}",34.00,1,solved,38,,169,531,168,357,0.0309,0.0449,1
395,dbfc354806a9e217,,wastar,"{""w"": 1.0}",pdb,"{""pdb_dir"": ""../phase1_data_generation/data/pdbs""}",36.00,1,solved,42,,1367,4287,1352,2855,0.2494,0.3643,1
396,f2a467db59ec3081,,wastar,"{""w"": 1.0}",pdb,"{""pdb_dir"": ""../phase1_data_generation/data/pdbs""}",34.00,1,solved,38,,72,233,73,162,0.0133,0.0192,1
397,b4fd503a2c89e671,,wastar,"{""w"": 1.0}",pdb,"{""pdb_dir"": ""../phase1_data_generation/data/pdbs""}",44.00,1,solved,46,,1367,4328,1347,2862,0.2473,0.3619,1
398,adcf3e482609751b,,wastar,"{""w"": 1.0}",pdb,"{""pdb_dir"": ""../phase1_data_generation/data/pdbs""}",36.00,1,solved,44,,5268,16594,5184,10726,0.9556,1.4015,1
399,719fb5e0ca34d268,,wastar,"{""w"": 1.0}",pdb,"{""pdb_dir"": ""../phase1_data_generation/data/pdbs""}",44.00,1,solved,54,,60005,188628,58666,121551,10.9937,16.2926,1
400,6d03249f5e18ca7b,,wastar,"{""w"": 1.0}",pdb,"{""pdb_dir"": ""../phase1_data_generation/data/pdbs""}",54.00,1,solved,60,,33937,105675,33531,68954,6.4491,9.4682,1
401,bd146f235c0e8a79,,wastar,"{""w"": 1.0}",pdb,"{""pdb_dir"": ""../phase1_data_generation/data/pdbs""}",48.00,1,solved,52,,2970,9108,2941,5921,0.5467,0.7979,1
402,984731e0fa2cb6d5,,wastar,"{""w"": 1.0}",pdb,"{""pdb_dir"": ""../phase1_data_generation/data/pdbs""}",44.00,1,solved,52,,15153,48645,14753,31375,2.7579,4.0687,1
403,4b0d6ae2fc913785,,wastar,"{""w"": 1.0}",pdb,"{""pdb_dir"": ""../phase1_data_generation/data/pdbs""}",38.00,1,solved,46,,6891,21873,6778,14240,1.2519,1.8379,1
404,c4865d9ef102b3a7,,wastar,"{""w"": 1.0}",pdb,"{""pdb_dir"": ""../phase1_data_generation/data/pdbs""}",44.00,1,solved,50,,3994,12348,3972,8191,0.7307,1.0676,1
405,1fbed6c90345a728,,wastar,"{""w"": 1.0}",pdb,"{""pdb_dir"": ""../phase1_data_generation/data/pdbs""}",36.00,1,solved,44,,3977,12432,3885,8076,0.7168,1.0510,1
406,03fb29ea81765c4d,,wastar,"{""w"": 1.0}",pdb,"{""pdb_dir"": ""../phase1_data_generation/data/pdbs""}",48.00,1,solved,52,,244,737,244,490,0.0452,0.0653,1
407,d60cf79e24b83a51,,wastar,"{""w"": 1.0}",pdb,"{""pdb_dir"": ""../phase1_data_generation/data/pdbs""}",26.00,1,solved,32,,265,837,265,564,0.0488,0.0707,1
408,5d93aeb0728f61c4,,wastar,"{""w"": 1.0}",pdb,"{""pdb_dir"": ""../phase1_data_generation/data/pdbs""}",44.00,1,solved,50,,1192,3846,1178,2579,0.2159,0.3152,1
409,3e5f60ad28c9b741,,wastar,"{""w"": 1.0}",pdb,"{""pdb_dir"": ""../phase1_data_generation/data/pdbs""}",36.00,1,solved,46,,7581,23386,7503,15208,1.3860,2.0273,1
410,5a0e87cf4923b6d1,,wastar,"{""w"": 1.0}",pdb,"{""pdb_dir"": ""../phase1_data_generation/data/pdbs""}",44.00,1,solved,56,,38683,121203,37986,78789,7.3498,10.8213,1
411,cbf940e827563ad1,,wastar,"{""w"": 1.0}",pdb,"{""pdb_dir"": ""../phase1_data_generation/data/pdbs""}",36.00,1,solved,42,,512,1647,513,1115,0.0938,0.1365,1
412,fa2d3198b70c65e4,,wastar,"{""w"": 1.0}",pdb,"{""pdb_dir"": ""../phase1_data_generation/data/pdbs""}",36.00,1,solved,42,,722,2313,722,1567,0.1318,0.1920,1
413,5a4cde82b713609f,,wastar,"{""w"": 1.0}",pdb,"{""pdb_dir"": ""../phase1_data_generation/data/pdbs""}",44.00,1,solved,50,,4869,15294,4772,10009,0.8774,1.2865,1
414,e91d5f80b2a4736c,,wastar,"{""w"": 1.0}",pdb,"{""pdb_dir"": ""../phase1_data_generation/data/pdbs""}",30.00,1,solved,42,,2805,8773,2758,5702,0.5083,0.7452,1
415,753819cb2a0d6e4f,,wastar,"{""w"": 1.0}",pdb,"{""pdb_dir"": ""../phase1_data_generation/data/pdbs""}",46.00,1,solved,58,,59138,183618,58355,118486,11.1542,16.4284,1
416,a6097bf14c3d285e,,wastar,"{""w"": 1.0}",pdb,"{""pdb_dir"": ""../phase1_data_generation/data/pdbs""}",44.00,1,solved,50,,1028,3222,1023,2144,0.1874,0.2730,1
417,740e3dcb89f12a65,,wastar,"{""w"": 1.0}",pdb,"{""pdb_dir"": ""../phase1_data_generation/data/pdbs""}",40.00,1,solved,44,,1026,3206,1022,2141,0.1881,0.2742,1
418,2ec8d5af079634b1,,wastar,"{""w"": 1.0}",pdb,"{""pdb_dir"": ""../phase1_data_generation/data/pdbs""}",34.00,1,solved,42,,1232,3913,1219,2581,0.2234,0.3265,1
419,0f48e6ac719d3b52,,wastar,"{""w"": 1.0}",pdb,"{""pdb_dir"": ""../phase1_data_generation/data/pdbs""}",32.00,1,solved,46,,33096,104227,32351,66779,6.0146,8.9032,1
420,e95d1ac2f80467b3,,wastar,"{""w"": 1.0}",pdb,"{""pdb_dir"": ""../phase1_data_generation/data/pdbs""}",34.00,1,solved,40,,291,936,291,640,0.0519,0.0755,1
421,0e91f6d8b4c5732a,,wastar,"{""w"": 1.0}",pdb,"{""pdb_dir"": ""../phase1_data_generation/data/pdbs""}",32.00,1,solved,34,,223,705,224,483,0.0403,0.0585,1
422,2fb576ea084d3c19,,wastar,"{""w"": 1.0}",pdb,"{""pdb_dir"": ""../phase1_data_generation/data/pdbs""}",38.00,1,solved,42,,155,484,156,326,0.0281,0.0407,1
423,efc1bad482037596,,wastar,"{""w"": 1.0}",pdb,"{""pdb_dir"": ""../phase1_data_generation/data/pdbs""}",38.00,1,solved,42,,431,1357,432,926,0.0770,0.1120,1
424,bf873e10a5942dc6,,wastar,"{""w"": 1.0}",pdb,"{""pdb_dir"": ""../phase1_data_generation/data/pdbs""}",36.00,1,solved,40,,87,273,88,187,0.0158,0.0227,1
425,7f0d6e89ba3c1245,,wastar,"{""w"": 1.0}",pdb,"{""pdb_dir"": ""../phase1_data_generation/data/pdbs""}",30.00,1,solved,38,,1417,4421,1400,2891,0.2558,0.3736,1
426,b9f75ed342ac6180,,wastar,"{""w"": 1.0}",pdb,"{""pdb_dir"": ""../phase1_data_generation/data/pdbs""}",42.00,1,solved,48,,2564,8233,2471,5348,0.4510,0.6669,1
427,b91c7820eaf4365d,,wastar,"{""w"": 1.0}",pdb,"{""pdb_dir"": ""../phase1_data_generation/data/pdbs""}",36.00,1,solved,40,,194,624,195,428,0.0353,0.0512,1
428,d812ec37f4ba9650,,wastar,"{""w"": 1.0}",pdb,"{""pdb_dir"": ""../phase1_data_generation/data/pdbs""}",48.00,1,solved,52,,619,1887,620,1254,0.1133,0.1648,1
429,2f69c0e47b81a3d5,,wastar,"{""w"": 1.0}",pdb,"{""pdb_dir"": ""../phase1_data_generation/data/pdbs""}",34.00,1,solved,44,,11157,35251,10952,22377,2.0148,2.9716,1
430,6a52b0789ce4f3d1,,wastar,"{""w"": 1.0}",pdb,"{""pdb_dir"": ""../phase1_data_generation/data/pdbs""}",44.00,1,solved,48,,638,1999,637,1328,0.1163,0.1693,1
431,e8dc26147f0593ab,,wastar,"{""w"": 1.0}",pdb,"{""pdb_dir"": ""../phase1_data_generation/data/pdbs""}",36.00,1,solved,42,,2209,6995,2183,4586,0.3988,0.5846,1
432,0b3c845da97162ef,,wastar,"{""w"": 1.0}",pdb,"{""pdb_dir"": ""../phase1_data_generation/data/pdbs""}",44.00,1,solved,54,,11429,36597,11326,23989,2.0711,3.0546,1
433,dfe240ac9813b756,,wastar,"{""w"": 1.0}",pdb,"{""pdb_dir"": ""../phase1_data_generation/data/pdbs""}",42.00,1,solved,48,,2200,6930,2181,4621,0.3931,0.5754,1
434,1b4965df87a2ec30,,wastar,"{""w"": 1.0}",pdb,"{""pdb_dir"": ""../phase1_data_generation/data/pdbs""}",50.00,1,solved,60,,50164,155136,49207,99452,9.0674,13.4108,1
435,b3a59812e6c4fd70,,wastar,"{""w"": 1.0}",pdb,"{""pdb_dir"": ""../phase1_data_generation/data/pdbs""}",44.00,1,solved,52,,1936,5981,1927,3938,0.3537,0.5165,1
436,7acb35e92df61048,,wastar,"{""w"": 1.0}",pdb,"{""pdb_dir"": ""../phase1_data_generation/data/pdbs""}",36.00,1,solved,40,,542,1725,537,1150,0.0987,0.1439,1
437,85fc4031b92d6a7e,,wastar,"{""w"": 1.0}",pdb,"{""pdb_dir"": ""../phase1_data_generation/data/pdbs""}",46.00,1,solved,54,,26503,82825,26128,53735,4.7986,7.0809,1
438,780acdb5e94126f3,,wastar,"{""w"": 1.0}",pdb,"{""pdb_dir"": ""../phase1_data_generation/data/pdbs""}",42.00,1,solved,46,,102,319,102,216,0.0183,0.0265,1
439,08d12bac7e39654f,,wastar,"{""w"": 1.0}",pdb,"{""pdb_dir"": ""../phase1_data_generation/data/pdbs""}",42.00,1,solved,50,,1142,3648,1131,2445,0.2035,0.2982,1
440,1f08d3e7245cab96,,wastar,"{""w"": 1.0}",pdb,"{""pdb_dir"": ""../phase1_data_generation/data/pdbs""}",42.00,1,solved,48,,824,2557,813,1679,0.1473,0.2151,1
441,6e8cad970b52f314,,wastar,"{""w"": 1.0}",pdb,"{""pdb_dir"": ""../phase1_data_generation/data/pdbs""}",30.00,1,solved,38,,1098,3469,1093,2314,0.1959,0.2862,1
442,0cb861d54723af9e,,wastar,"{""w"": 1.0}",pdb,"{""pdb_dir"": ""../phase1_data_generation/data/pdbs""}",46.00,1,solved,54,,2235,6837,2223,4483,0.4019,0.5875,1
443,bf6ea5207d4c3819,,wastar,"{""w"": 1.0}",pdb,"{""pdb_dir"": ""../phase1_data_generation/data/pdbs""}",30.00,1,solved,32,,51,166,52,116,0.0093,0.0135,1
444,37bae04c85f1d692,,wastar,"{""w"": 1.0}",pdb,"{""pdb_dir"": ""../phase1_data_generation/data/pdbs""}",42.00,1,solved,46,,1466,4668,1454,3114,0.2651,0.3887,1
445,f9c8abe67d453210,,wastar,"{""w"": 1.0}",pdb,"{""pdb_dir"": ""../phase1_data_generation/data/pdbs""}",24.00,1,solved,32,,664,2118,660,1427,0.1192,0.1740,1
446,f65eb274839dc01a,,wastar,"{""w"": 1.0}",pdb,"{""pdb_dir"": ""../phase1_data_generation/data/pdbs""}",40.00,1,solved,48,,9613,30321,9494,19928,1.7252,2.5411,1
447,a8ed6bf9345c7021,,wastar,"{""w"": 1.0}",pdb,"{""pdb_dir"": ""../phase1_data_generation/data/pdbs""}",32.00,1,solved,34,,49,155,50,107,0.0089,0.0129,1
448,d672e3195f0cab48,,wastar,"{""w"": 1.0}",pdb,"{""pdb_dir"": ""../phase1_data_generation/data/pdbs""}",44.00,1,solved,48,,1184,3667,1177,2435,0.2117,0.3083,1
449,e6fd294c0b58713a,,wastar,"{""w"": 1.0}",pdb,"{""pdb_dir"": ""../phase1_data_generation/data/pdbs""}",32.00,1,solved,40,,1704,5335,1685,3540,0.3050,0.4462,1
450,7eb4235c0a8f1d69,,wastar,"{""w"": 1.0}",pdb,"{""pdb_dir"": ""../phase1_data_generation/data/pdbs""}",38.00,1,solved,48,,2363,7255,2351,4793,0.4264,0.6238,1
451,dfe8601954c2ba37,,wastar,"{""w"": 1.0}",pdb,"{""pdb_dir"": ""../phase1_data_generation/data/pdbs""}",40.00,1,solved,46,,2625,8109,2556,5243,0.4632,0.6799,1
452,ae1c90d8b5f26734,,wastar,"{""w"": 1.0}",pdb,"{""pdb_dir"": ""../phase1_data_generation/data/pdbs""}",30.00,1,solved,34,,87,271,88,183,0.0157,0.0226,1
453,af6850bd34c271e9,,wastar,"{""w"": 1.0}",pdb,"{""pdb_dir"": ""../phase1_data_generation/data/pdbs""}",42.00,1,solved,44,,1962,6161,1924,4037,0.3464,0.5079,1
454,ea56fbdc73814920,,wastar,"{""w"": 1.0}",pdb,"{""pdb_dir"": ""../phase1_data_generation/data/pdbs""}",34.00,1,solved,38,,102,322,103,221,0.0189,0.0273,1
455,b87c3a940d6521ef,,wastar,"{""w"": 1.0}",pdb,"{""pdb_dir"": ""../phase1_data_generation/data/pdbs""}",40.00,1,solved,46,,2812,8960,2782,5869,0.5084,0.7460,1
456,d3ba92807e1cf456,,wastar,"{""w"": 1.0}",pdb,"{""pdb_dir"": ""../phase1_data_generation/data/pdbs""}",44.00,1,solved,48,,2327,7437,2286,4883,0.4162,0.6131,1
457,138d4f7905ec6b2a,,wastar,"{""w"": 1.0}",pdb,"{""pdb_dir"": ""../phase1_data_generation/data/pdbs""}",44.00,1,solved,52,,9823,30741,9655,19918,1.7292,2.5465,1
458,a526103d7b9ec4f8,,wastar,"{""w"": 1.0}",pdb,"{""pdb_dir"": ""../phase1_data_generation/data/pdbs""}",50.00,1,solved,56,,4599,14393,4566,9457,0.8108,1.1900,1
459,8651c790e2bdfa43,,wastar,"{""w"": 1.0}",pdb,"{""pdb_dir"": ""../phase1_data_generation/data/pdbs""}",46.00,1,solved,54,,6175,18424,6125,11948,1.0852,1.5877,1
460,9a07ce146bd8f352,,wastar,"{""w"": 1.0}",pdb,"{""pdb_dir"": ""../phase1_data_generation/data/pdbs""}",40.00,1,solved,48,,1660,5211,1634,3400,0.2847,0.4178,1
461,7bfce34da6912850,,wastar,"{""w"": 1.0}",pdb,"{""pdb_dir"": ""../phase1_data_generation/data/pdbs""}",30.00,1,solved,34,,458,1459,459,981,0.0782,0.1138,1
462,ef25ca789b1d3046,,wastar,"{""w"": 1.0}",pdb,"{""pdb_dir"": ""../phase1_data_generation/data/pdbs""}",40.00,1,solved,44,,605,1891,600,1268,0.1030,0.1504,1
463,a2d4b9ef370c1658,,wastar,"{""w"": 1.0}",pdb,"{""pdb_dir"": ""../phase1_data_generation/data/pdbs""}",36.00,1,solved,44,,1901,6120,1862,4041,0.3224,0.4740,1
464,a76280c4f9d5be13,,wastar,"{""w"": 1.0}",pdb,"{""pdb_dir"": ""../phase1_data_generation/data/pdbs""}",46.00,1,solved,52,,9469,29198,9347,19032,1.6932,2.4897,1
465,8a6e4fd1037529bc,,wastar,"{""w"": 1.0}",pdb,"{""pdb_dir"": ""../phase1_data_generation/data/pdbs""}",42.00,1,solved,48,,1677,5270,1650,3483,0.2933,0.4305,1
466,a8fd3c541e27b069,,wastar,"{""w"": 1.0}",pdb,"{""pdb_dir"": ""../phase1_data_generation/data/pdbs""}",40.00,1,solved,46,,1491,4699,1483,3136,0.2670,0.3907,1
467,fd9cb568ea713420,,wastar,"{""w"": 1.0}",pdb,"{""pdb_dir"": ""../phase1_data_generation/data/pdbs""}",24.00,1,solved,28,,162,534,163,371,0.0288,0.0419,1
468,b2e930f875cd61a4,,wastar,"{""w"": 1.0}",pdb,"{""pdb_dir"": ""../phase1_data_generation/data/pdbs""}",38.00,1,solved,40,,259,812,259,552,0.0463,0.0670,1
469,ac7910fdeb583462,,wastar,"{""w"": 1.0}",pdb,"{""pdb_dir"": ""../phase1_data_generation/data/pdbs""}",36.00,1,solved,38,,162,533,160,358,0.0279,0.0411,1
470,746dbfc0519e3a82,,wastar,"{""w"": 1.0}",pdb,"{""pdb_dir"": ""../phase1_data_generation/data/pdbs""}",36.00,1,solved,42,,627,1967,622,1308,0.1133,0.1658,1
471,07bd65842caf39e1,,wastar,"{""w"": 1.0}",pdb,"{""pdb_dir"": ""../phase1_data_generation/data/pdbs""}",38.00,1,solved,42,,119,377,120,257,0.0224,0.0324,1
472,830c5db172fe694a,,wastar,"{""w"": 1.0}",pdb,"{""pdb_dir"": ""../phase1_data_generation/data/pdbs""}",44.00,1,solved,48,,1661,5231,1656,3510,0.2968,0.4343,1
473,2ac8f13e94db7065,,wastar,"{""w"": 1.0}",pdb,"{""pdb_dir"": ""../phase1_data_generation/data/pdbs""}",38.00,1,solved,44,,1291,4086,1267,2675,0.2295,0.3371,1
474,6b1ce0df59a23487,,wastar,"{""w"": 1.0}",pdb,"{""pdb_dir"": ""../phase1_data_generation/data/pdbs""}",38.00,1,solved,48,,7460,22932,7380,14870,1.3367,1.9620,1
475,bd8cfe713605924a,,wastar,"{""w"": 1.0}",pdb,"{""pdb_dir"": ""../phase1_data_generation/data/pdbs""}",32.00,1,solved,36,,244,762,245,519,0.0446,0.0648,1
476,6a3d5bfe940c8271,,wastar,"{""w"": 1.0}",pdb,"{""pdb_dir"": ""../phase1_data_generation/data/pdbs""}",44.00,1,solved,46,,435,1382,416,887,0.0732,0.1079,1
477,53bced89fa162740,,wastar,"{""w"": 1.0}",pdb,"{""pdb_dir"": ""../phase1_data_generation/data/pdbs""}",30.00,1,solved,40,,4979,15792,4898,10164,0.8863,1.3054,1
478,6e5b2f907841ca3d,,wastar,"{""w"": 1.0}",pdb,"{""pdb_dir"": ""../phase1_data_generation/data/pdbs""}",44.00,1,solved,54,,32024,99341,31147,63284,5.6623,8.3887,1
479,3f649d8a0b1c2e75,,wastar,"{""w"": 1.0}",pdb,"{""pdb_dir"": ""../phase1_data_generation/data/pdbs""}",38.00,1,solved,42,,313,964,314,644,0.0579,0.0837,1
480,e8519ca6f40d3b72,,wastar,"{""w"": 1.0}",pdb,"{""pdb_dir"": ""../phase1_data_generation/data/pdbs""}",38.00,1,solved,42,,773,2361,771,1571,0.1412,0.2060,1
481,ec81a025f7bd4693,,wastar,"{""w"": 1.0}",pdb,"{""pdb_dir"": ""../phase1_data_generation/data/pdbs""}",40.00,1,solved,44,,732,2275,726,1517,0.1301,0.1898,1
482,8fe9d56174acb023,,wastar,"{""w"": 1.0}",pdb,"{""pdb_dir"": ""../phase1_data_generation/data/pdbs""}",40.00,1,solved,50,,13403,41390,13057,26383,2.3500,3.4718,1
483,bf9de47c3601a582,,wastar,"{""w"": 1.0}",pdb,"{""pdb_dir"": ""../phase1_data_generation/data/pdbs""}",30.00,1,solved,34,,1736,5489,1679,3519,0.3004,0.4428,1
484,d5c4e182b907f63a,,wastar,"{""w"": 1.0}",pdb,"{""pdb_dir"": ""../phase1_data_generation/data/pdbs""}",40.00,1,solved,44,,1279,3933,1273,2614,0.2308,0.3369,1
485,a602581dbc937ef4,,wastar,"{""w"": 1.0}",pdb,"{""pdb_dir"": ""../phase1_data_generation/data/pdbs""}",44.00,1,solved,52,,2145,6854,2137,4633,0.3785,0.5549,1
486,c47930d2b816fae5,,wastar,"{""w"": 1.0}",pdb,"{""pdb_dir"": ""../phase1_data_generation/data/pdbs""}",48.00,1,solved,56,,17216,53313,17075,34731,3.0819,4.5340,1
487,3b0de89f15c472a6,,wastar,"{""w"": 1.0}",pdb,"{""pdb_dir"": ""../phase1_data_generation/data/pdbs""}",42.00,1,solved,44,,899,2877,891,1892,0.1564,0.2288,1
488,140cbaf9e6853d27,,wastar,"{""w"": 1.0}",pdb,"{""pdb_dir"": ""../phase1_data_generation/data/pdbs""}",40.00,1,solved,46,,1702,5392,1689,3548,0.3053,0.4480,1
489,3e2586cdba714f90,,wastar,"{""w"": 1.0}",pdb,"{""pdb_dir"": ""../phase1_data_generation/data/pdbs""}",42.00,1,solved,54,,19175,59274,18802,38008,3.4050,5.0245,1
490,06d9bc2af71e3854,,wastar,"{""w"": 1.0}",pdb,"{""pdb_dir"": ""../phase1_data_generation/data/pdbs""}",36.00,1,solved,42,,2301,7287,2289,4816,0.3908,0.5741,1
491,6ef9b4ca0d138572,,wastar,"{""w"": 1.0}",pdb,"{""pdb_dir"": ""../phase1_data_generation/data/pdbs""}",42.00,1,solved,52,,19327,59729,18853,38255,3.4405,5.0834,1
492,a86be5fc413927d0,,wastar,"{""w"": 1.0}",pdb,"{""pdb_dir"": ""../phase1_data_generation/data/pdbs""}",44.00,1,solved,50,,366,1136,357,747,0.0644,0.0944,1
493,fde9304276ac581b,,wastar,"{""w"": 1.0}",pdb,"{""pdb_dir"": ""../phase1_data_generation/data/pdbs""}",36.00,1,solved,46,,4897,15591,4858,10270,0.8749,1.2854,1
494,3fd9a16042c85eb7,,wastar,"{""w"": 1.0}",pdb,"{""pdb_dir"": ""../phase1_data_generation/data/pdbs""}",40.00,1,solved,50,,5620,17652,5592,11733,1.0096,1.4811,1
495,e2c8f150b937a64d,,wastar,"{""w"": 1.0}",pdb,"{""pdb_dir"": ""../phase1_data_generation/data/pdbs""}",32.00,1,solved,40,,466,1453,466,968,0.0853,0.1249,1
496,f90e2b761a8d3c54,,wastar,"{""w"": 1.0}",pdb,"{""pdb_dir"": ""../phase1_data_generation/data/pdbs""}",34.00,1,solved,42,,1762,5549,1747,3714,0.3161,0.4635,1
497,f79d2bce3605184a,,wastar,"{""w"": 1.0}",pdb,"{""pdb_dir"": ""../phase1_data_generation/data/pdbs""}",34.00,1,solved,40,,5267,16621,5190,10956,0.9305,1.3687,1
498,28d17eb90fac6345,,wastar,"{""w"": 1.0}",pdb,"{""pdb_dir"": ""../phase1_data_generation/data/pdbs""}",38.00,1,solved,44,,625,1989,615,1327,0.1079,0.1580,1
499,a7edfb60189c2534,,wastar,"{""w"": 1.0}",pdb,"{""pdb_dir"": ""../phase1_data_generation/data/pdbs""}",30.00,1,solved,36,,271,856,272,573,0.0480,0.0697,1
500,de5a6fc03241789b,,wastar,"{""w"": 1.0}",pdb,"{""pdb_dir"": ""../phase1_data_generation/data/pdbs""}",36.00,1,solved,44,,756,2377,749,1566,0.1321,0.1934,1
501,6281cfe94d05ba73,,wastar,"{""w"": 1.0}",pdb,"{""pdb_dir"": ""../phase1_data_generation/data/pdbs""}",44.00,1,solved,48,,252,788,252,533,0.0445,0.0644,1
502,2b8ef0d597a6431c,,wastar,"{""w"": 1.0}",pdb,"{""pdb_dir"": ""../phase1_data_generation/data/pdbs""}",40.00,1,solved,46,,2062,6430,2040,4222,0.3672,0.5373,1
503,1f694d8e5b2c70a3,,wastar,"{""w"": 1.0}",pdb,"{""pdb_dir"": ""../phase1_data_generation/data/pdbs""}",42.00,1,solved,52,,16124,49958,15924,32289,2.8755,4.2336,1
504,7ca5f06e3d19b428,,wastar,"{""w"": 1.0}",pdb,"{""pdb_dir"": ""../phase1_data_generation/data/pdbs""}",36.00,1,solved,44,,7013,21992,6911,14163,1.2531,1.8440,1
505,736cb58d1e49a2f0,,wastar,"{""w"": 1.0}",pdb,"{""pdb_dir"": ""../phase1_data_generation/data/pdbs""}",40.00,1,solved,52,,38123,119342,37530,77249,6.8117,10.0801,1
506,01d2afc8eb357649,,wastar,"{""w"": 1.0}",pdb,"{""pdb_dir"": ""../phase1_data_generation/data/pdbs""}",36.00,1,solved,42,,651,2041,634,1316,0.1160,0.1705,1
507,586ecf91ab2743d0,,wastar,"{""w"": 1.0}",pdb,"{""pdb_dir"": ""../phase1_data_generation/data/pdbs""}",46.00,1,solved,54,,30713,95595,30248,62151,5.5060,8.1347,1
508,5f8ce740b2d6a139,,wastar,"{""w"": 1.0}",pdb,"{""pdb_dir"": ""../phase1_data_generation/data/pdbs""}",40.00,1,solved,46,,5905,17999,5822,11566,1.0720,1.5716,1
509,68dc7e51f39ab042,,wastar,"{""w"": 1.0}",pdb,"{""pdb_dir"": ""../phase1_data_generation/data/pdbs""}",32.00,1,solved,42,,3306,10360,3242,6695,0.5958,0.8756,1
510,eafc7928b50d3146,,wastar,"{""w"": 1.0}",pdb,"{""pdb_dir"": ""../phase1_data_generation/data/pdbs""}",28.00,1,solved,32,,151,503,152,353,0.0272,0.0396,1
511,aeb8dc4079516f32,,wastar,"{""w"": 1.0}",pdb,"{""pdb_dir"": ""../phase1_data_generation/data/pdbs""}",34.00,1,solved,36,,47,149,48,103,0.0087,0.0125,1
512,4c7eb5893fda1260,,wastar,"{""w"": 1.0}",pdb,"{""pdb_dir"": ""../phase1_data_generation/data/pdbs""}",44.00,1,solved,50,,968,2997,965,1996,0.1756,0.2559,1
513,4af91c20b8ed7653,,wastar,"{""w"": 1.0}",pdb,"{""pdb_dir"": ""../phase1_data_generation/data/pdbs""}",42.00,1,solved,48,,977,3082,971,2054,0.1765,0.2577,1
514,fa8b29ec16045d37,,wastar,"{""w"": 1.0}",pdb,"{""pdb_dir"": ""../phase1_data_generation/data/pdbs""}",42.00,1,solved,46,,591,1853,589,1231,0.1059,0.1540,1
515,fad1e95c376840b2,,wastar,"{""w"": 1.0}",pdb,"{""pdb_dir"": ""../phase1_data_generation/data/pdbs""}",32.00,1,solved,42,,4745,15115,4701,9884,0.8585,1.2622,1
516,ce0f7a9d8614b352,,wastar,"{""w"": 1.0}",pdb,"{""pdb_dir"": ""../phase1_data_generation/data/pdbs""}",36.00,1,solved,46,,9315,29235,9051,18640,1.6430,2.4296,1
517,f7d8519c03a6b2e4,,wastar,"{""w"": 1.0}",pdb,"{""pdb_dir"": ""../phase1_data_generation/data/pdbs""}",34.00,1,solved,42,,6548,20731,6496,13702,1.1755,1.7290,1
518,7e0386c9a2f5d41b,,wastar,"{""w"": 1.0}",pdb,"{""pdb_dir"": ""../phase1_data_generation/data/pdbs""}",50.00,1,solved,56,,29389,92193,28713,59596,5.1760,7.6638,1
519,5df8391ac204e7b6,,wastar,"{""w"": 1.0}",pdb,"{""pdb_dir"": ""../phase1_data_generation/data/pdbs""}",42.00,1,solved,52,,23710,73594,23376,47448,4.2637,6.2884,1
520,e79fbda5c3186042,,wastar,"{""w"": 1.0}",pdb,"{""pdb_dir"": ""../phase1_data_generation/data/pdbs""}",40.00,1,solved,48,,6887,21630,6774,14104,1.2367,1.8213,1
521,dac6f5890241be73,,wastar,"{""w"": 1.0}",pdb,"{""pdb_dir"": ""../phase1_data_generation/data/pdbs""}",34.00,1,solved,40,,389,1244,389,852,0.0678,0.0991,1
522,c63ab2f01e94d758,,wastar,"{""w"": 1.0}",pdb,"{""pdb_dir"": ""../phase1_data_generation/data/pdbs""}",42.00,1,solved,54,,8677,27488,8411,17708,1.5054,2.2261,1
523,bd97e8f0a61c5432,,wastar,"{""w"": 1.0}",pdb,"{""pdb_dir"": ""../phase1_data_generation/data/pdbs""}",40.00,1,solved,46,,4347,13792,4251,8843,0.7619,1.1218,1
524,562b10e8fdc4a379,,wastar,"{""w"": 1.0}",pdb,"{""pdb_dir"": ""../phase1_data_generation/data/pdbs""}",42.00,1,solved,54,,121548,375483,118808,237597,21.7256,32.2568,1
525,f1de89bc056473a2,,wastar,"{""w"": 1.0}",pdb,"{""pdb_dir"": ""../phase1_data_generation/data/pdbs""}",32.00,1,solved,40,,5971,18726,5940,12368,1.0716,1.5734,1
526,610f7ecb59d34a28,,wastar,"{""w"": 1.0}",pdb,"{""pdb_dir"": ""../phase1_data_generation/data/pdbs""}",42.00,1,solved,54,,15875,48095,15630,30754,2.8478,4.1888,1
527,12bdc7ef0598a643,,wastar,"{""w"": 1.0}",pdb,"{""pdb_dir"": ""../phase1_data_generation/data/pdbs""}",48.00,1,solved,52,,1642,5025,1625,3320,0.2946,0.4310,1
528,9a78f154bc02de63,,wastar,"{""w"": 1.0}",pdb,"{""pdb_dir"": ""../phase1_data_generation/data/pdbs""}",46.00,1,solved,48,,1091,3358,1087,2237,0.1974,0.2877,1
529,efac175b620d3894,,wastar,"{""w"": 1.0}",pdb,"{""pdb_dir"": ""../phase1_data_generation/data/pdbs""}",34.00,1,solved,42,,5911,18558,5868,11879,1.0661,1.5652,1
530,29dcb075fa463e81,,wastar,"{""w"": 1.0}",pdb,"{""pdb_dir"": ""../phase1_data_generation/data/pdbs""}",36.00,1,solved,46,,19570,61510,18973,39079,3.4603,5.1257,1
531,f3e6d2ac1789b054,,wastar,"{""w"": 1.0}",pdb,"{""pdb_dir"": ""../phase1_data_generation/data/pdbs""}",34.00,1,solved,38,,295,962,294,661,0.0528,0.0772,1
532,b7e5f8a103cd6429,,wastar,"{""w"": 1.0}",pdb,"{""pdb_dir"": ""../phase1_data_generation/data/pdbs""}",38.00,1,solved,42,,260,791,259,525,0.0469,0.0681,1
533,be6cfda184073925,,wastar,"{""w"": 1.0}",pdb,"{""pdb_dir"": ""../phase1_data_generation/data/pdbs""}",36.00,1,solved,38,,206,656,207,450,0.0369,0.0534,1
534,c905b1edaf647283,,wastar,"{""w"": 1.0}",pdb,"{""pdb_dir"": ""../phase1_data_generation/data/pdbs""}",38.00,1,solved,46,,4889,15245,4769,9767,0.8666,1.2767,1
535,e7b8c610afd53492,,wastar,"{""w"": 1.0}",pdb,"{""pdb_dir"": ""../phase1_data_generation/data/pdbs""}",36.00,1,solved,44,,1440,4525,1428,2982,0.2603,0.3811,1
536,b7c89d6023541fea,,wastar,"{""w"": 1.0}",pdb,"{""pdb_dir"": ""../phase1_data_generation/data/pdbs""}",34.00,1,solved,44,,2367,7393,2349,4909,0.4284,0.6280,1
537,f689db4ca721e053,,wastar,"{""w"": 1.0}",pdb,"{""pdb_dir"": ""../phase1_data_generation/data/pdbs""}",38.00,1,solved,44,,4076,12794,3936,8099,0.7296,1.0724,1
538,7468b9edf102a35c,,wastar,"{""w"": 1.0}",pdb,"{""pdb_dir"": ""../phase1_data_generation/data/pdbs""}",42.00,1,solved,48,,5163,16237,5035,10502,0.9222,1.3567,1
539,75dce9a6b103f428,,wastar,"{""w"": 1.0}",pdb,"{""pdb_dir"": ""../phase1_data_generation/data/pdbs""}",38.00,1,solved,46,,12717,40091,12472,25907,2.2857,3.3659,1
540,06e4f5812b37d9ca,,wastar,"{""w"": 1.0}",pdb,"{""pdb_dir"": ""../phase1_data_generation/data/pdbs""}",42.00,1,solved,52,,13087,40440,12907,26160,2.3652,3.4759,1
541,c39ef01a78b524d6,,wastar,"{""w"": 1.0}",pdb,"{""pdb_dir"": ""../phase1_data_generation/data/pdbs""}",42.00,1,solved,46,,234,727,233,485,0.0424,0.0615,1
542,bc9de5f0214a6783,,wastar,"{""w"": 1.0}",pdb,"{""pdb_dir"": ""../phase1_data_generation/data/pdbs""}",38.00,1,solved,40,,52,164,53,113,0.0095,0.0136,1
543,5dfe61b93a0827c4,,wastar,"{""w"": 1.0}",pdb,"{""pdb_dir"": ""../phase1_data_generation/data/pdbs""}",38.00,1,solved,44,,3207,9904,3135,6341,0.5688,0.8343,1
544,d68cfb970354a2e1,,wastar,"{""w"": 1.0}",pdb,"{""pdb_dir"": ""../phase1_data_generation/data/pdbs""}",28.00,1,solved,38,,3957,12551,3926,8285,0.7196,1.0534,1
545,d54b7efa01362c98,,wastar,"{""w"": 1.0}",pdb,"{""pdb_dir"": ""../phase1_data_generation/data/pdbs""}",44.00,1,solved,54,,11292,35218,11159,22984,2.0507,3.0137,1
546,adcf73e06b891452,,wastar,"{""w"": 1.0}",pdb,"{""pdb_dir"": ""../phase1_data_generation/data/pdbs""}",40.00,1,solved,44,,1096,3480,1086,2306,0.1988,0.2898,1
547,5e4b70a96fdc3821,,wastar,"{""w"": 1.0}",pdb,"{""pdb_dir"": ""../phase1_data_generation/data/pdbs""}",36.00,1,solved,44,,3496,11086,3474,7253,0.6358,0.9315,1
548,bac87d9632e4501f,,wastar,"{""w"": 1.0}",pdb,"{""pdb_dir"": ""../phase1_data_generation/data/pdbs""}",32.00,1,solved,38,,250,803,251,551,0.0449,0.0652,1
549,e78da95b431f60c2,,wastar,"{""w"": 1.0}",pdb,"{""pdb_dir"": ""../phase1_data_generation/data/pdbs""}",40.00,1,solved,48,,9073,28592,8912,18563,1.6366,2.4084,1
550,d80f913cb6e57a24,,wastar,"{""w"": 1.0}",pdb,"{""pdb_dir"": ""../phase1_data_generation/data/pdbs""}",36.00,1,solved,42,,719,2264,712,1499,0.1250,0.1824,1
551,7f098c6423d5ba1e,,wastar,"{""w"": 1.0}",pdb,"{""pdb_dir"": ""../phase1_data_generation/data/pdbs""}",38.00,1,solved,48,,11845,37439,11608,24139,2.1239,3.1297,1
552,aed578c20f1396b4,,wastar,"{""w"": 1.0}",pdb,"{""pdb_dir"": ""../phase1_data_generation/data/pdbs""}",40.00,1,solved,46,,1652,5195,1649,3499,0.2817,0.4109,1
553,fea147cb350962d8,,wastar,"{""w"": 1.0}",pdb,"{""pdb_dir"": ""../phase1_data_generation/data/pdbs""}",36.00,1,solved,44,,2832,9078,2812,6075,0.4509,0.6641,1
554,f7e9b0cd2a183546,,wastar,"{""w"": 1.0}",pdb,"{""pdb_dir"": ""../phase1_data_generation/data/pdbs""}",24.00,1,solved,28,,210,670,203,441,0.0334,0.0492,1
555,5639fbc4e201ad78,,wastar,"{""w"": 1.0}",pdb,"{""pdb_dir"": ""../phase1_data_generation/data/pdbs""}",38.00,1,solved,48,,3948,12353,3840,7846,0.6452,0.9524,1
556,ec89ad576f031b42,,wastar,"{""w"": 1.0}",pdb,"{""pdb_dir"": ""../phase1_data_generation/data/pdbs""}",36.00,1,solved,42,,834,2590,829,1726,0.1320,0.1931,1
557,de94f85106273bac,,wastar,"{""w"": 1.0}",pdb,"{""pdb_dir"": ""../phase1_data_generation/data/pdbs""}",34.00,1,solved,48,,31657,99466,31039,64010,5.6680,8.3682,1
558,eac9b7612f08d345,,wastar,"{""w"": 1.0}",pdb,"{""pdb_dir"": ""../phase1_data_generation/data/pdbs""}",32.00,1,solved,36,,141,446,141,300,0.0252,0.0366,1
559,f528b47a3e0c16d9,,wastar,"{""w"": 1.0}",pdb,"{""pdb_dir"": ""../phase1_data_generation/data/pdbs""}",40.00,1,solved,44,,2035,6441,2003,4224,0.3548,0.5204,1
560,37ed6a94fcb82051,,wastar,"{""w"": 1.0}",pdb,"{""pdb_dir"": ""../phase1_data_generation/data/pdbs""}",32.00,1,solved,40,,3972,12896,3920,8480,0.7141,1.0475,1
561,7c9a65b2e308f4d1,,wastar,"{""w"": 1.0}",pdb,"{""pdb_dir"": ""../phase1_data_generation/data/pdbs""}",40.00,1,solved,48,,3583,11374,3549,7570,0.6501,0.9504,1
562,43c6ef29b805d7a1,,wastar,"{""w"": 1.0}",pdb,"{""pdb_dir"": ""../phase1_data_generation/data/pdbs""}",42.00,1,solved,52,,14178,44213,13943,28560,2.5446,3.7448,1
563,f394b1d07e26a8c5,,wastar,"{""w"": 1.0}",pdb,"{""pdb_dir"": ""../phase1_data_generation/data/pdbs""}",40.00,1,solved,46,,1149,3638,1134,2407,0.2019,0.2951,1
564,8f47ebc1da653029,,wastar,"{""w"": 1.0}",pdb,"{""pdb_dir"": ""../phase1_data_generation/data/pdbs""}",40.00,1,solved,44,,1078,3396,1053,2179,0.1926,0.2819,1
565,c3b967d4210a85fe,,wastar,"{""w"": 1.0}",pdb,"{""pdb_dir"": ""../phase1_data_generation/data/pdbs""}",48.00,1,solved,54,,2798,8921,2780,5984,0.5026,0.7359,1
566,62bacfd0e3189475,,wastar,"{""w"": 1.0}",pdb,"{""pdb_dir"": ""../phase1_data_generation/data/pdbs""}",42.00,1,solved,46,,221,687,220,462,0.0403,0.0583,1
567,01edfa9b623c7584,,wastar,"{""w"": 1.0}",pdb,"{""pdb_dir"": ""../phase1_data_generation/data/pdbs""}",32.00,1,solved,40,,2571,8328,2544,5515,0.4673,0.6839,1
568,a4ced986bf257310,,wastar,"{""w"": 1.0}",pdb,"{""pdb_dir"": ""../phase1_data_generation/data/pdbs""}",34.00,1,solved,40,,656,2120,655,1440,0.1200,0.1749,1
569,dea579b62f4c3810,,wastar,"{""w"": 1.0}",pdb,"{""pdb_dir"": ""../phase1_data_generation/data/pdbs""}",38.00,1,solved,44,,833,2607,823,1733,0.1508,0.2194,1
570,a2fcd379be548016,,wastar,"{""w"": 1.0}",pdb,"{""pdb_dir"": ""../phase1_data_generation/data/pdbs""}",34.00,1,solved,46,,12086,38267,11894,24717,2.1745,3.1982,1
571,ef4973805cdab261,,wastar,"{""w"": 1.0}",pdb,"{""pdb_dir"": ""../phase1_data_generation/data/pdbs""}",40.00,1,solved,44,,2594,8265,2556,5475,0.4678,0.6845,1
572,ea19bdc87305f246,,wastar,"{""w"": 1.0}",pdb,"{""pdb_dir"": ""../phase1_data_generation/data/pdbs""}",34.00,1,solved,40,,366,1190,364,809,0.0663,0.0963,1
573,5d68ec2f79043ab1,,wastar,"{""w"": 1.0}",pdb,"{""pdb_dir"": ""../phase1_data_generation/data/pdbs""}",34.00,1,solved,42,,2874,9030,2810,5800,0.5111,0.7517,1
574,91c5f6a807d2b3e4,,wastar,"{""w"": 1.0}",pdb,"{""pdb_dir"": ""../phase1_data_generation/data/pdbs""}",32.00,1,solved,42,,1509,4751,1492,3160,0.2687,0.3932,1
575,e8094b7f6c51d2a3,,wastar,"{""w"": 1.0}",pdb,"{""pdb_dir"": ""../phase1_data_generation/data/pdbs""}",44.00,1,solved,54,,5184,16015,5165,10541,0.9429,1.3790,1
576,abec603df8497251,,wastar,"{""w"": 1.0}",pdb,"{""pdb_dir"": ""../phase1_data_generation/data/pdbs""}",26.00,1,solved,32,,294,940,295,642,0.0538,0.0780,1
577,b98eaf10d6732c45,,wastar,"{""w"": 1.0}",pdb,"{""pdb_dir"": ""../phase1_data_generation/data/pdbs""}",40.00,1,solved,46,,1057,3382,1049,2275,0.1927,0.2815,1
578,0126ac5ed937fb84,,wastar,"{""w"": 1.0}",pdb,"{""pdb_dir"": ""../phase1_data_generation/data/pdbs""}",46.00,1,solved,52,,1217,3776,1209,2497,0.2208,0.3209,1
579,8aec7bd943f51620,,wastar,"{""w"": 1.0}",pdb,"{""pdb_dir"": ""../phase1_data_generation/data/pdbs""}",40.00,1,solved,48,,4580,14562,4518,9534,0.8224,1.2055,1
580,8d6459e0af13b27c,,wastar,"{""w"": 1.0}",pdb,"{""pdb_dir"": ""../phase1_data_generation/data/pdbs""}",46.00,1,solved,52,,5806,17957,5724,11633,1.0521,1.5392,1
581,b5f410ade6837c92,,wastar,"{""w"": 1.0}",pdb,"{""pdb_dir"": ""../phase1_data_generation/data/pdbs""}",42.00,1,solved,46,,406,1310,406,884,0.0738,0.1073,1
582,86cfb01e379d245a,,wastar,"{""w"": 1.0}",pdb,"{""pdb_dir"": ""../phase1_data_generation/data/pdbs""}",38.00,1,solved,44,,1730,5302,1721,3498,0.3177,0.4616,1
583,78e9cfb15d6a2340,,wastar,"{""w"": 1.0}",pdb,"{""pdb_dir"": ""../phase1_data_generation/data/pdbs""}",40.00,1,solved,46,,877,2745,875,1825,0.1602,0.2328,1
584,b846d05721cfa3e9,,wastar,"{""w"": 1.0}",pdb,"{""pdb_dir"": ""../phase1_data_generation/data/pdbs""}",46.00,1,solved,52,,17104,52600,16795,33747,3.0866,4.5357,1
585,fdc9b63a28e47150,,wastar,"{""w"": 1.0}",pdb,"{""pdb_dir"": ""../phase1_data_generation/data/pdbs""}",26.00,1,solved,30,,35,115,36,81,0.0066,0.0095,1
586,9c2f7a51b408d3e6,,wastar,"{""w"": 1.0}",pdb,"{""pdb_dir"": ""../phase1_data_generation/data/pdbs""}",42.00,1,solved,52,,7843,24389,7794,16106,1.4330,2.0965,1
587,ab0c6f739e2514d8,,wastar,"{""w"": 1.0}",pdb,"{""pdb_dir"": ""../phase1_data_generation/data/pdbs""}",42.00,1,solved,48,,5245,16225,5222,10615,0.9447,1.3831,1
588,ec4da6f1b3789052,,wastar,"{""w"": 1.0}",pdb,"{""pdb_dir"": ""../phase1_data_generation/data/pdbs""}",36.00,1,solved,40,,161,501,162,339,0.0288,0.0416,1
589,d7ec6ab8510234f9,,wastar,"{""w"": 1.0}",pdb,"{""pdb_dir"": ""../phase1_data_generation/data/pdbs""}",34.00,1,solved,40,,570,1803,569,1205,0.1008,0.1465,1
590,e30facd6149527b8,,wastar,"{""w"": 1.0}",pdb,"{""pdb_dir"": ""../phase1_data_generation/data/pdbs""}",42.00,1,solved,48,,2351,7370,2317,4864,0.4268,0.6241,1
591,85af2db4e13697c0,,wastar,"{""w"": 1.0}",pdb,"{""pdb_dir"": ""../phase1_data_generation/data/pdbs""}",48.00,1,solved,58,,69047,211855,67347,134408,12.5065,18.4983,1
592,a30e9c5627f4b18d,,wastar,"{""w"": 1.0}",pdb,"{""pdb_dir"": ""../phase1_data_generation/data/pdbs""}",38.00,1,solved,48,,2755,8708,2722,5761,0.4955,0.7266,1
593,2caef0b14356987d,,wastar,"{""w"": 1.0}",pdb,"{""pdb_dir"": ""../phase1_data_generation/data/pdbs""}",44.00,1,solved,54,,19741,60473,19380,38623,3.5871,5.2678,1
594,a45d6bf9872ce031,,wastar,"{""w"": 1.0}",pdb,"{""pdb_dir"": ""../phase1_data_generation/data/pdbs""}",36.00,1,solved,42,,995,3185,986,2078,0.1807,0.2629,1
595,6de9fa4c05b82713,,wastar,"{""w"": 1.0}",pdb,"{""pdb_dir"": ""../phase1_data_generation/data/pdbs""}",32.00,1,solved,44,,12074,38432,11776,24935,2.1733,3.2051,1
596,7ea9825dbcf41360,,wastar,"{""w"": 1.0}",pdb,"{""pdb_dir"": ""../phase1_data_generation/data/pdbs""}",38.00,1,solved,46,,1590,5052,1566,3366,0.2875,0.4205,1
597,2c89de610f547ba3,,wastar,"{""w"": 1.0}",pdb,"{""pdb_dir"": ""../phase1_data_generation/data/pdbs""}",40.00,1,solved,44,,1848,5802,1829,3889,0.3305,0.4842,1
598,12c6b0a5efd83479,,wastar,"{""w"": 1.0}",pdb,"{""pdb_dir"": ""../phase1_data_generation/data/pdbs""}",40.00,1,solved,48,,8929,27597,8793,17742,1.6265,2.3816,1
599,f68edbc4231a5097,,wastar,"{""w"": 1.0}",pdb,"{""pdb_dir"": ""../phase1_data_generation/data/pdbs""}",34.00,1,solved,42,,1017,3231,1000,2148,0.1843,0.2695,1
600,dcef27658941a03b,,wastar,"{""w"": 1.0}",pdb,"{""pdb_dir"": ""../phase1_data_generation/data/pdbs""}",44.00,1,solved,52,,11916,35770,11671,22682,2.1653,3.1740,1
601,8dc629540a17fb3e,,wastar,"{""w"": 1.0}",pdb,"{""pdb_dir"": ""../phase1_data_generation/data/pdbs""}",44.00,1,solved,50,,4751,14676,4617,9457,0.8471,1.2436,1
602,3eac6f9db2815470,,wastar,"{""w"": 1.0}",pdb,"{""pdb_dir"": ""../phase1_data_generation/data/pdbs""}",34.00,1,solved,42,,4434,14014,4381,9194,0.7958,1.1679,1
603,b3c6e074912df5a8,,wastar,"{""w"": 1.0}",pdb,"{""pdb_dir"": ""../phase1_data_generation/data/pdbs""}",42.00,1,solved,48,,1391,4376,1371,2870,0.2529,0.3686,1
604,ade9b7f1c5843026,,wastar,"{""w"": 1.0}",pdb,"{""pdb_dir"": ""../phase1_data_generation/data/pdbs""}",38.00,1,solved,44,,996,3145,974,2022,0.1784,0.2605,1
605,d904f65c8a3127be,,wastar,"{""w"": 1.0}",pdb,"{""pdb_dir"": ""../phase1_data_generation/data/pdbs""}",36.00,1,solved,44,,1898,6087,1878,4052,0.3453,0.5052,1
606,2a69b3edcf081754,,wastar,"{""w"": 1.0}",pdb,"{""pdb_dir"": ""../phase1_data_generation/data/pdbs""}",36.00,1,solved,40,,48,155,49,108,0.0090,0.0129,1
607,17b9ad5e2c03f468,,wastar,"{""w"": 1.0}",pdb,"{""pdb_dir"": ""../phase1_data_generation/data/pdbs""}",44.00,1,solved,52,,3048,9564,3011,6324,0.5456,0.7992,1
608,0fc987ed5b32a641,,wastar,"{""w"": 1.0}",pdb,"{""pdb_dir"": ""../phase1_data_generation/data/pdbs""}",36.00,1,solved,44,,7603,23874,7433,15390,1.3635,2.0026,1
609,9c527640bf13ed8a,,wastar,"{""w"": 1.0}",pdb,"{""pdb_dir"": ""../phase1_data_generation/data/pdbs""}",48.00,1,solved,54,,4484,13596,4442,8796,0.7988,1.1671,1
610,37fbe8ad9204c651,,wastar,"{""w"": 1.0}",pdb,"{""pdb_dir"": ""../phase1_data_generation/data/pdbs""}",42.00,1,solved,46,,447,1423,447,968,0.0783,0.1141,1
611,2a76394c1f05be8d,,wastar,"{""w"": 1.0}",pdb,"{""pdb_dir"": ""../phase1_data_generation/data/pdbs""}",46.00,1,solved,52,,3979,12319,3958,8035,0.7208,1.0533,1
612,d2ec9ba8f3046571,,wastar,"{""w"": 1.0}",pdb,"{""pdb_dir"": ""../phase1_data_generation/data/pdbs""}",32.00,1,solved,32,,84,290,85,207,0.0156,0.0226,1
613,af0cd14973e6b285,,wastar,"{""w"": 1.0}",pdb,"{""pdb_dir"": ""../phase1_data_generation/data/pdbs""}",32.00,1,solved,38,,377,1210,378,819,0.0697,0.1011,1
614,81c5f9de6b0734a2,,wastar,"{""w"": 1.0}",pdb,"{""pdb_dir"": ""../phase1_data_generation/data/pdbs""}",40.00,1,solved,48,,9385,28754,9296,18494,1.7273,2.5270,1
615,aef5679c823410bd,,wastar,"{""w"": 1.0}",pdb,"{""pdb_dir"": ""../phase1_data_generation/data/pdbs""}",38.00,1,solved,50,,49262,154357,48044,98568,8.9299,13.2178,1
616,f14a70c6be23859d,,wastar,"{""w"": 1.0}",pdb,"{""pdb_dir"": ""../phase1_data_generation/data/pdbs""}",46.00,1,solved,50,,2722,8493,2711,5633,0.4932,0.7193,1
617,a72c39b0e4f6d518,,wastar,"{""w"": 1.0}",pdb,"{""pdb_dir"": ""../phase1_data_generation/data/pdbs""}",44.00,1,solved,50,,2766,8695,2748,5806,0.4912,0.7182,1
618,e269b5c10f487ad3,,wastar,"{""w"": 1.0}",pdb,"{""pdb_dir"": ""../phase1_data_generation/data/pdbs""}",36.00,1,solved,46,,4720,14892,4650,9636,0.8423,1.2334,1
619,ecd19f58a6243b70,,wastar,"{""w"": 1.0}",pdb,"{""pdb_dir"": ""../phase1_data_generation/data/pdbs""}",32.00,1,solved,42,,1731,5362,1718,3546,0.3095,0.4515,1
620,c295d47fb8013e6a,,wastar,"{""w"": 1.0}",pdb,"{""pdb_dir"": ""../phase1_data_generation/data/pdbs""}",42.00,1,solved,48,,948,2957,948,1978,0.1691,0.2460,1
621,afd9bc562e413780,,wastar,"{""w"": 1.0}",pdb,"{""pdb_dir"": ""../phase1_data_generation/data/pdbs""}",34.00,1,solved,38,,570,1816,569,1215,0.0971,0.1411,1
622,dce8a459b672f310,,wastar,"{""w"": 1.0}",pdb,"{""pdb_dir"": ""../phase1_data_generation/data/pdbs""}",32.00,1,solved,40,,240,753,241,513,0.0421,0.0614,1
623,aef8943d6c01527b,,wastar,"{""w"": 1.0}",pdb,"{""pdb_dir"": ""../phase1_data_generation/data/pdbs""}",42.00,1,solved,48,,3792,12055,3685,7806,0.6443,0.9497,1
624,ca58bf9107e2364d,,wastar,"{""w"": 1.0}",pdb,"{""pdb_dir"": ""../phase1_data_generation/data/pdbs""}",32.00,1,solved,36,,126,403,127,277,0.0227,0.0328,1
625,2f16e8a0d94c73b5,,wastar,"{""w"": 1.0}",pdb,"{""pdb_dir"": ""../phase1_data_generation/data/pdbs""}",40.00,1,solved,48,,2821,8769,2811,5801,0.5094,0.7426,1
626,be0adc693f415728,,wastar,"{""w"": 1.0}",pdb,"{""pdb_dir"": ""../phase1_data_generation/data/pdbs""}",36.00,1,solved,38,,82,267,83,186,0.0151,0.0218,1
627,84b5dc9fe1027a36,,wastar,"{""w"": 1.0}",pdb,"{""pdb_dir"": ""../phase1_data_generation/data/pdbs""}",44.00,1,solved,46,,324,988,322,653,0.0592,0.0857,1
628,a7c43f520896edb1,,wastar,"{""w"": 1.0}",pdb,"{""pdb_dir"": ""../phase1_data_generation/data/pdbs""}",38.00,1,solved,46,,1152,3576,1132,2359,0.2044,0.2986,1
629,f89c2d50ab14e736,,wastar,"{""w"": 1.0}",pdb,"{""pdb_dir"": ""../phase1_data_generation/data/pdbs""}",34.00,1,solved,36,,113,366,114,252,0.0210,0.0302,1
630,a3d8f6c97b21e540,,wastar,"{""w"": 1.0}",pdb,"{""pdb_dir"": ""../phase1_data_generation/data/pdbs""}",36.00,1,solved,44,,1938,6140,1881,3996,0.3278,0.4825,1
631,a90e2d6b4fc13875,,wastar,"{""w"": 1.0}",pdb,"{""pdb_dir"": ""../phase1_data_generation/data/pdbs""}",42.00,1,solved,50,,5906,18714,5838,12182,1.0420,1.5325,1
632,f7ed402c9b83a516,,wastar,"{""w"": 1.0}",pdb,"{""pdb_dir"": ""../phase1_data_generation/data/pdbs""}",34.00,1,solved,42,,2422,7542,2408,4941,0.4444,0.6481,1
633,76a4ed120b95cf38,,wastar,"{""w"": 1.0}",pdb,"{""pdb_dir"": ""../phase1_data_generation/data/pdbs""}",44.00,1,solved,54,,23632,74830,23231,48795,4.2131,6.2164,1
634,ead673c29b85f410,,wastar,"{""w"": 1.0}",pdb,"{""pdb_dir"": ""../phase1_data_generation/data/pdbs""}",40.00,1,solved,44,,940,3009,933,1989,0.1684,0.2463,1
635,b83d6c2a0f7e9415,,wastar,"{""w"": 1.0}",pdb,"{""pdb_dir"": ""../phase1_data_generation/data/pdbs""}",46.00,1,solved,52,,1526,4823,1518,3204,0.2659,0.3890,1
636,74bce26f0a39d518,,wastar,"{""w"": 1.0}",pdb,"{""pdb_dir"": ""../phase1_data_generation/data/pdbs""}",36.00,1,solved,44,,321,1004,321,668,0.0557,0.0812,1
637,26ecd9a807f53b14,,wastar,"{""w"": 1.0}",pdb,"{""pdb_dir"": ""../phase1_data_generation/data/pdbs""}",32.00,1,solved,34,,214,690,214,475,0.0384,0.0557,1
638,a7364890bdcef251,,wastar,"{""w"": 1.0}",pdb,"{""pdb_dir"": ""../phase1_data_generation/data/pdbs""}",44.00,1,solved,48,,400,1274,401,868,0.0695,0.1016,1
639,0fac8e59b3d17462,,wastar,"{""w"": 1.0}",pdb,"{""pdb_dir"": ""../phase1_data_generation/data/pdbs""}",28.00,1,solved,36,,355,1148,350,769,0.0619,0.0911,1
640,87e9ac12d5f4b360,,wastar,"{""w"": 1.0}",pdb,"{""pdb_dir"": ""../phase1_data_generation/data/pdbs""}",42.00,1,solved,44,,120,373,121,254,0.0215,0.0313,1
641,082cad15ef64b379,,wastar,"{""w"": 1.0}",pdb,"{""pdb_dir"": ""../phase1_data_generation/data/pdbs""}",38.00,1,solved,40,,178,574,175,390,0.0312,0.0453,1
642,682ce0b374f951ad,,wastar,"{""w"": 1.0}",pdb,"{""pdb_dir"": ""../phase1_data_generation/data/pdbs""}",46.00,1,solved,52,,2611,8048,2592,5312,0.4724,0.6886,1
643,e78cd0231b54f96a,,wastar,"{""w"": 1.0}",pdb,"{""pdb_dir"": ""../phase1_data_generation/data/pdbs""}",42.00,1,solved,52,,39390,123606,38591,79523,7.0092,10.3737,1
644,9bfc3ea042671d58,,wastar,"{""w"": 1.0}",pdb,"{""pdb_dir"": ""../phase1_data_generation/data/pdbs""}",40.00,1,solved,44,,124,392,125,269,0.0225,0.0323,1
645,be298f43015cd7a6,,wastar,"{""w"": 1.0}",pdb,"{""pdb_dir"": ""../phase1_data_generation/data/pdbs""}",44.00,1,solved,52,,5890,18504,5834,12171,1.0604,1.5574,1
646,cd0e8591f7a4632b,,wastar,"{""w"": 1.0}",pdb,"{""pdb_dir"": ""../phase1_data_generation/data/pdbs""}",42.00,1,solved,50,,15038,46976,14815,30829,2.7030,3.9803,1
647,086df9bc5ea47231,,wastar,"{""w"": 1.0}",pdb,"{""pdb_dir"": ""../phase1_data_generation/data/pdbs""}",32.00,1,solved,34,,131,418,132,286,0.0241,0.0351,1
648,b4086eda95c2f371,,wastar,"{""w"": 1.0}",pdb,"{""pdb_dir"": ""../phase1_data_generation/data/pdbs""}",38.00,1,solved,46,,2775,8658,2760,5653,0.5070,0.7397,1
649,a4e138c5bd0726f9,,wastar,"{""w"": 1.0}",pdb,"{""pdb_dir"": ""../phase1_data_generation/data/pdbs""}",42.00,1,solved,48,,4718,14902,4681,9852,0.8452,1.2385,1
650,8c9da146372eb05f,,wastar,"{""w"": 1.0}",pdb,"{""pdb_dir"": ""../phase1_data_generation/data/pdbs""}",44.00,1,solved,54,,11297,35125,11149,22936,1.9956,2.9371,1
651,e65d9fa07421b38c,,wastar,"{""w"": 1.0}",pdb,"{""pdb_dir"": ""../phase1_data_generation/data/pdbs""}",32.00,1,solved,38,,199,632,199,431,0.0358,0.0522,1
652,ab6d2ce31f849750,,wastar,"{""w"": 1.0}",pdb,"{""pdb_dir"": ""../phase1_data_generation/data/pdbs""}",38.00,1,solved,48,,4124,13054,3991,8313,0.7174,1.0567,1
653,bf9e67c82453a01d,,wastar,"{""w"": 1.0}",pdb,"{""pdb_dir"": ""../phase1_data_generation/data/pdbs""}",38.00,1,solved,38,,66,211,67,146,0.0119,0.0171,1
654,753ce4a012f8b96d,,wastar,"{""w"": 1.0}",pdb,"{""pdb_dir"": ""../phase1_data_generation/data/pdbs""}",42.00,1,solved,54,,53609,167177,52324,106591,9.6339,14.2690,1
655,defc79a03b814256,,wastar,"{""w"": 1.0}",pdb,"{""pdb_dir"": ""../phase1_data_generation/data/pdbs""}",36.00,1,solved,42,,806,2501,806,1646,0.1477,0.2142,1
656,c48feda263057b19,,wastar,"{""w"": 1.0}",pdb,"{""pdb_dir"": ""../phase1_data_generation/data/pdbs""}",40.00,1,solved,48,,8038,25091,7894,16308,1.4120,2.0794,1
657,3bdae71896c420f5,,wastar,"{""w"": 1.0}",pdb,"{""pdb_dir"": ""../phase1_data_generation/data/pdbs""}",38.00,1,solved,44,,384,1224,384,827,0.0701,0.1016,1
658,c70e1d245ab83f96,,wastar,"{""w"": 1.0}",pdb,"{""pdb_dir"": ""../phase1_data_generation/data/pdbs""}",44.00,1,solved,56,,34678,107028,34132,69056,6.2141,9.1667,1
659,8e0d7bc23f5a4619,,wastar,"{""w"": 1.0}",pdb,"{""pdb_dir"": ""../phase1_data_generation/data/pdbs""}",38.00,1,solved,44,,1568,4964,1547,3264,0.2839,0.4145,1
660,b7e8fc9d04a26135,,wastar,"{""w"": 1.0}",pdb,"{""pdb_dir"": ""../phase1_data_generation/data/pdbs""}",34.00,1,solved,42,,1275,3988,1258,2607,0.2292,0.3343,1
661,04dce5ab9f286371,,wastar,"{""w"": 1.0}",pdb,"{""pdb_dir"": ""../phase1_data_generation/data/pdbs""}",32.00,1,solved,40,,1974,6322,1960,4207,0.3490,0.5111,1
662,7203dfa4b1e96c58,,wastar,"{""w"": 1.0}",pdb,"{""pdb_dir"": ""../phase1_data_generation/data/pdbs""}",42.00,1,solved,56,,53982,171327,52947,110308,9.6440,14.2795,1
663,b2f8c3de71065a94,,wastar,"{""w"": 1.0}",pdb,"{""pdb_dir"": ""../phase1_data_generation/data/pdbs""}",36.00,1,solved,40,,127,405,128,276,0.0223,0.0323,1
664,e217468bda0f539c,,wastar,"{""w"": 1.0}",pdb,"{""pdb_dir"": ""../phase1_data_generation/data/pdbs""}",50.00,1,solved,60,,34687,105656,34202,67500,6.2465,9.1960,1
665,bd6a27f953ce1840,,wastar,"{""w"": 1.0}",pdb,"{""pdb_dir"": ""../phase1_data_generation/data/pdbs""}",40.00,1,solved,42,,86,273,86,186,0.0158,0.0229,1
666,bec2763df8a14095,,wastar,"{""w"": 1.0}",pdb,"{""pdb_dir"": ""../phase1_data_generation/data/pdbs""}",40.00,1,solved,48,,3101,9647,3070,6291,0.5474,0.8037,1
667,2e5cd96f813ab740,,wastar,"{""w"": 1.0}",pdb,"{""pdb_dir"": ""../phase1_data_generation/data/pdbs""}",40.00,1,solved,48,,11551,36222,11416,23350,2.0693,3.0391,1
668,653f709d148eba2c,,wastar,"{""w"": 1.0}",pdb,"{""pdb_dir"": ""../phase1_data_generation/data/pdbs""}",44.00,1,solved,54,,38205,116952,37568,74620,6.8207,10.0485,1
669,c2a9ed517b3460f8,,wastar,"{""w"": 1.0}",pdb,"{""pdb_dir"": ""../phase1_data_generation/data/pdbs""}",40.00,1,solved,46,,873,2789,871,1876,0.1483,0.2173,1
670,4a81fdc2370be569,,wastar,"{""w"": 1.0}",pdb,"{""pdb_dir"": ""../phase1_data_generation/data/pdbs""}",40.00,1,solved,50,,13485,42607,13225,27725,2.3794,3.5094,1
671,0e68f9a513d47b2c,,wastar,"{""w"": 1.0}",pdb,"{""pdb_dir"": ""../phase1_data_generation/data/pdbs""}",36.00,1,solved,42,,1592,5051,1577,3368,0.2813,0.4117,1
672,f9a628ec4bd73150,,wastar,"{""w"": 1.0}",pdb,"{""pdb_dir"": ""../phase1_data_generation/data/pdbs""}",38.00,1,solved,48,,12152,38517,11795,24789,2.1149,3.1281,1
673,ac8db094ef615237,,wastar,"{""w"": 1.0}",pdb,"{""pdb_dir"": ""../phase1_data_generation/data/pdbs""}",38.00,1,solved,40,,149,480,150,330,0.0263,0.0381,1
674,7a9cf0b6e85234d1,,wastar,"{""w"": 1.0}",pdb,"{""pdb_dir"": ""../phase1_data_generation/data/pdbs""}",36.00,1,solved,46,,14754,46585,14464,30114,2.5908,3.8236,1
675,f70bec8d41a53269,,wastar,"{""w"": 1.0}",pdb,"{""pdb_dir"": ""../phase1_data_generation/data/pdbs""}",36.00,1,solved,46,,9338,29294,9116,18864,1.6434,2.4226,1
676,27ca91d0e856fb34,,wastar,"{""w"": 1.0}",pdb,"{""pdb_dir"": ""../phase1_data_generation/data/pdbs""}",38.00,1,solved,46,,3348,10574,3290,6929,0.5895,0.8657,1
677,aec7f98631bd5024,,wastar,"{""w"": 1.0}",pdb,"{""pdb_dir"": ""../phase1_data_generation/data/pdbs""}",34.00,1,solved,40,,1198,3840,1188,2562,0.2116,0.3095,1
678,7b0d3f1ea9c52648,,wastar,"{""w"": 1.0}",pdb,"{""pdb_dir"": ""../phase1_data_generation/data/pdbs""}",32.00,1,solved,34,,80,251,81,171,0.0142,0.0205,1
679,2fde705b36a8194c,,wastar,"{""w"": 1.0}",pdb,"{""pdb_dir"": ""../phase1_data_generation/data/pdbs""}",32.00,1,solved,42,,1906,5888,1904,3910,0.3337,0.4873,1
680,d38c90aef6517b42,,wastar,"{""w"": 1.0}",pdb,"{""pdb_dir"": ""../phase1_data_generation/data/pdbs""}",36.00,1,solved,44,,10090,31581,9828,20286,1.7548,2.5894,1
681,f9c6345d7a81b02e,,wastar,"{""w"": 1.0}",pdb,"{""pdb_dir"": ""../phase1_data_generation/data/pdbs""}",38.00,1,solved,44,,1729,5442,1691,3545,0.3063,0.4489,1
682,0fc18be57296ad34,,wastar,"{""w"": 1.0}",pdb,"{""pdb_dir"": ""../phase1_data_generation/data/pdbs""}",34.00,1,solved,42,,596,1861,596,1246,0.1102,0.1601,1
683,9f6cd0a175483be2,,wastar,"{""w"": 1.0}",pdb,"{""pdb_dir"": ""../phase1_data_generation/data/pdbs""}",32.00,1,solved,36,,317,1033,316,709,0.0569,0.0827,1
684,3f0924a7bc85d6e1,,wastar,"{""w"": 1.0}",pdb,"{""pdb_dir"": ""../phase1_data_generation/data/pdbs""}",44.00,1,solved,50,,2295,7240,2293,4812,0.4106,0.6000,1
685,abdef08471c96523,,wastar,"{""w"": 1.0}",pdb,"{""pdb_dir"": ""../phase1_data_generation/data/pdbs""}",36.00,1,solved,42,,1066,3424,1055,2295,0.1858,0.2713,1
686,72f963be584c10ad,,wastar,"{""w"": 1.0}",pdb,"{""pdb_dir"": ""../phase1_data_generation/data/pdbs""}",42.00,1,solved,48,,2504,7675,2496,5074,0.4421,0.6457,1
687,b32d78e094ca6f15,,wastar,"{""w"": 1.0}",pdb,"{""pdb_dir"": ""../phase1_data_generation/data/pdbs""}",42.00,1,solved,46,,319,1002,320,682,0.0556,0.0810,1
688,e6d289bc1a54f037,,wastar,"{""w"": 1.0}",pdb,"{""pdb_dir"": ""../phase1_data_generation/data/pdbs""}",38.00,1,solved,46,,2914,9216,2873,6047,0.5201,0.7634,1
689,5fc46d30e789b2a1,,wastar,"{""w"": 1.0}",pdb,"{""pdb_dir"": ""../phase1_data_generation/data/pdbs""}",34.00,1,solved,40,,1628,5143,1592,3314,0.2867,0.4195,1
690,df9c80e147a62b53,,wastar,"{""w"": 1.0}",pdb,"{""pdb_dir"": ""../phase1_data_generation/data/pdbs""}",40.00,1,solved,46,,1783,5592,1747,3663,0.3179,0.4651,1
691,9401f87c3e6d2ab5,,wastar,"{""w"": 1.0}",pdb,"{""pdb_dir"": ""../phase1_data_generation/data/pdbs""}",36.00,1,solved,44,,1651,5217,1642,3496,0.2939,0.4288,1
692,a3e8bc192f5760d4,,wastar,"{""w"": 1.0}",pdb,"{""pdb_dir"": ""../phase1_data_generation/data/pdbs""}",36.00,1,solved,46,,2847,9034,2802,5942,0.5060,0.7414,1
693,e7df281a6953b4c0,,wastar,"{""w"": 1.0}",pdb,"{""pdb_dir"": ""../phase1_data_generation/data/pdbs""}",44.00,1,solved,48,,845,2643,843,1776,0.1466,0.2136,1
694,3849572d06ebaf1c,,wastar,"{""w"": 1.0}",pdb,"{""pdb_dir"": ""../phase1_data_generation/data/pdbs""}",46.00,1,solved,52,,1285,3957,1269,2577,0.2240,0.3276,1
695,eba5703d14f869c2,,wastar,"{""w"": 1.0}",pdb,"{""pdb_dir"": ""../phase1_data_generation/data/pdbs""}",40.00,1,solved,46,,1105,3479,1091,2306,0.1907,0.2794,1
696,4f1eadbc52396870,,wastar,"{""w"": 1.0}",pdb,"{""pdb_dir"": ""../phase1_data_generation/data/pdbs""}",42.00,1,solved,50,,2908,9051,2868,5884,0.5058,0.7427,1
697,13adf06cb7952e84,,wastar,"{""w"": 1.0}",pdb,"{""pdb_dir"": ""../phase1_data_generation/data/pdbs""}",34.00,1,solved,40,,493,1582,489,1070,0.0865,0.1263,1
698,ebc6d1a98524f037,,wastar,"{""w"": 1.0}",pdb,"{""pdb_dir"": ""../phase1_data_generation/data/pdbs""}",40.00,1,solved,46,,1540,4822,1522,3221,0.2701,0.3952,1
699,b4fc3d60e7189a25,,wastar,"{""w"": 1.0}",pdb,"{""pdb_dir"": ""../phase1_data_generation/data/pdbs""}",34.00,1,solved,36,,85,271,86,185,0.0157,0.0226,1
700,d403e1c5ab276f98,,wastar,"{""w"": 1.0}",pdb,"{""pdb_dir"": ""../phase1_data_generation/data/pdbs""}",48.00,1,solved,54,,6059,19139,5981,12669,1.0747,1.5763,1
701,0658ca2d791efb43,,wastar,"{""w"": 1.0}",pdb,"{""pdb_dir"": ""../phase1_data_generation/data/pdbs""}",40.00,1,solved,50,,3202,9995,3136,6531,0.5523,0.8121,1
702,49edcb2af7586031,,wastar,"{""w"": 1.0}",pdb,"{""pdb_dir"": ""../phase1_data_generation/data/pdbs""}",38.00,1,solved,42,,751,2410,750,1625,0.1353,0.1972,1
703,3b9810fec65d7a42,,wastar,"{""w"": 1.0}",pdb,"{""pdb_dir"": ""../phase1_data_generation/data/pdbs""}",42.00,1,solved,46,,2165,6691,2146,4384,0.3876,0.5646,1
704,e93f6a80b5d4172c,,wastar,"{""w"": 1.0}",pdb,"{""pdb_dir"": ""../phase1_data_generation/data/pdbs""}",42.00,1,solved,50,,2910,9120,2894,6027,0.5242,0.7644,1
705,ebd436c59f78a210,,wastar,"{""w"": 1.0}",pdb,"{""pdb_dir"": ""../phase1_data_generation/data/pdbs""}",32.00,1,solved,40,,1320,4244,1282,2758,0.2297,0.3374,1
706,0c269ef13db87a45,,wastar,"{""w"": 1.0}",pdb,"{""pdb_dir"": ""../phase1_data_generation/data/pdbs""}",38.00,1,solved,44,,312,971,313,656,0.0559,0.0810,1
707,ce0af64875d321b9,,wastar,"{""w"": 1.0}",pdb,"{""pdb_dir"": ""../phase1_data_generation/data/pdbs""}",36.00,1,solved,42,,219,684,219,461,0.0390,0.0566,1
708,cd5a19837b4ef026,,wastar,"{""w"": 1.0}",pdb,"{""pdb_dir"": ""../phase1_data_generation/data/pdbs""}",46.00,1,solved,54,,12758,39677,12553,25803,2.2450,3.2948,1
709,e59ad4b2710cf638,,wastar,"{""w"": 1.0}",pdb,"{""pdb_dir"": ""../phase1_data_generation/data/pdbs""}",42.00,1,solved,46,,1289,4077,1284,2731,0.2188,0.3201,1
710,067e3bad2c4f8591,,wastar,"{""w"": 1.0}",pdb,"{""pdb_dir"": ""../phase1_data_generation/data/pdbs""}",40.00,1,solved,46,,334,1041,335,706,0.0577,0.0836,1
711,df2c1a7836b5e049,,wastar,"{""w"": 1.0}",pdb,"{""pdb_dir"": ""../phase1_data_generation/data/pdbs""}",38.00,1,solved,46,,12391,38834,12195,25299,2.1738,3.1891,1
712,f649b57c0ed8312a,,wastar,"{""w"": 1.0}",pdb,"{""pdb_dir"": ""../phase1_data_generation/data/pdbs""}",32.00,1,solved,42,,5328,16728,5269,10943,0.9438,1.3811,1
713,a9dc78e03521fb64,,wastar,"{""w"": 1.0}",pdb,"{""pdb_dir"": ""../phase1_data_generation/data/pdbs""}",30.00,1,solved,42,,4683,14997,4623,9899,0.8238,1.2071,1
714,fe8960c1ba7523d4,,wastar,"{""w"": 1.0}",pdb,"{""pdb_dir"": ""../phase1_data_generation/data/pdbs""}",30.00,1,solved,36,,657,2054,647,1357,0.1131,0.1650,1
715,1fdc60e834b5972a,,wastar,"{""w"": 1.0}",pdb,"{""pdb_dir"": ""../phase1_data_generation/data/pdbs""}",32.00,1,solved,42,,7481,23270,7353,14814,1.2964,1.9053,1
716,061389dcba54f27e,,wastar,"{""w"": 1.0}",pdb,"{""pdb_dir"": ""../phase1_data_generation/data/pdbs""}",46.00,1,solved,56,,30676,96992,29978,62805,5.3985,7.9571,1
717,bc69e315daf48270,,wastar,"{""w"": 1.0}",pdb,"{""pdb_dir"": ""../phase1_data_generation/data/pdbs""}",40.00,1,solved,50,,17916,56070,17655,36166,3.1425,4.6196,1
718,9308754b12d6efca,,wastar,"{""w"": 1.0}",pdb,"{""pdb_dir"": ""../phase1_data_generation/data/pdbs""}",48.00,1,solved,58,,5256,16307,5179,10595,0.9345,1.3694,1
719,f28a705e1bc4936d,,wastar,"{""w"": 1.0}",pdb,"{""pdb_dir"": ""../phase1_data_generation/data/pdbs""}",34.00,1,solved,38,,119,387,120,269,0.0212,0.0306,1
720,a4ef1c7b38d96025,,wastar,"{""w"": 1.0}",pdb,"{""pdb_dir"": ""../phase1_data_generation/data/pdbs""}",44.00,1,solved,50,,294,932,291,628,0.0511,0.0744,1
721,647f5c9eb30a281d,,wastar,"{""w"": 1.0}",pdb,"{""pdb_dir"": ""../phase1_data_generation/data/pdbs""}",46.00,1,solved,50,,1158,3651,1151,2433,0.2033,0.2955,1
722,219dc06fe385a4b7,,wastar,"{""w"": 1.0}",pdb,"{""pdb_dir"": ""../phase1_data_generation/data/pdbs""}",48.00,1,solved,52,,1135,3501,1130,2338,0.2025,0.2939,1
723,689ab4defc137520,,wastar,"{""w"": 1.0}",pdb,"{""pdb_dir"": ""../phase1_data_generation/data/pdbs""}",44.00,1,solved,48,,293,919,293,625,0.0528,0.0764,1
724,9d4c70f2b681a3e5,,wastar,"{""w"": 1.0}",pdb,"{""pdb_dir"": ""../phase1_data_generation/data/pdbs""}",36.00,1,solved,42,,1787,5728,1774,3804,0.3198,0.4671,1
725,ae973fdc65082b14,,wastar,"{""w"": 1.0}",pdb,"{""pdb_dir"": ""../phase1_data_generation/data/pdbs""}",32.00,1,solved,32,,99,320,100,222,0.0177,0.0255,1
726,aebdf176230c4985,,wastar,"{""w"": 1.0}",pdb,"{""pdb_dir"": ""../phase1_data_generation/data/pdbs""}",36.00,1,solved,36,,50,158,51,109,0.0090,0.0129,1
727,76d834b0cafe9215,,wastar,"{""w"": 1.0}",pdb,"{""pdb_dir"": ""../phase1_data_generation/data/pdbs""}",44.00,1,solved,48,,779,2393,779,1604,0.1363,0.1980,1
728,95fca8ed0672134b,,wastar,"{""w"": 1.0}",pdb,"{""pdb_dir"": ""../phase1_data_generation/data/pdbs""}",38.00,1,solved,46,,11321,35628,11150,23081,1.9993,2.9403,1
729,f9deb23a750c8614,,wastar,"{""w"": 1.0}",pdb,"{""pdb_dir"": ""../phase1_data_generation/data/pdbs""}",34.00,1,solved,38,,627,2011,624,1356,0.1094,0.1598,1
730,6fec9830bd427a51,,wastar,"{""w"": 1.0}",pdb,"{""pdb_dir"": ""../phase1_data_generation/data/pdbs""}",32.00,1,solved,38,,3171,10031,3090,6413,0.5401,0.7957,1
731,e6c4d5807a319bf2,,wastar,"{""w"": 1.0}",pdb,"{""pdb_dir"": ""../phase1_data_generation/data/pdbs""}",36.00,1,solved,44,,1980,6298,1962,4170,0.3534,0.5154,1
732,b5172adf360ce498,,wastar,"{""w"": 1.0}",pdb,"{""pdb_dir"": ""../phase1_data_generation/data/pdbs""}",40.00,1,solved,48,,1100,3391,1094,2241,0.1986,0.2881,1
733,75c63da4e219b08f,,wastar,"{""w"": 1.0}",pdb,"{""pdb_dir"": ""../phase1_data_generation/data/pdbs""}",40.00,1,solved,52,,44762,141662,43874,90632,7.9544,11.7193,1
734,fb0a3794e865c12d,,wastar,"{""w"": 1.0}",pdb,"{""pdb_dir"": ""../phase1_data_generation/data/pdbs""}",42.00,1,solved,52,,10767,33908,10648,22281,1.8865,2.7706,1
735,fe0a2cd395b76481,,wastar,"{""w"": 1.0}",pdb,"{""pdb_dir"": ""../phase1_data_generation/data/pdbs""}",40.00,1,solved,46,,2994,9501,2973,6284,0.5233,0.7658,1
736,0ec1f596237a4bd8,,wastar,"{""w"": 1.0}",pdb,"{""pdb_dir"": ""../phase1_data_generation/data/pdbs""}",34.00,1,solved,42,,297,932,297,620,0.0521,0.0755,1
737,e9683fd17ac5b024,,wastar,"{""w"": 1.0}",pdb,"{""pdb_dir"": ""../phase1_data_generation/data/pdbs""}",32.00,1,solved,40,,2248,7099,2206,4636,0.3904,0.5719,1
738,8f721cad6e05439b,,wastar,"{""w"": 1.0}",pdb,"{""pdb_dir"": ""../phase1_data_generation/data/pdbs""}",48.00,1,solved,54,,15236,46959,14959,30171,2.6955,3.9569,1
739,eb21c08d6f75943a,,wastar,"{""w"": 1.0}",pdb,"{""pdb_dir"": ""../phase1_data_generation/data/pdbs""}",46.00,1,solved,52,,5634,17425,5544,11348,0.9742,1.4267,1
740,697cfd824b5a30e1,,wastar,"{""w"": 1.0}",pdb,"{""pdb_dir"": ""../phase1_data_generation/data/pdbs""}",34.00,1,solved,44,,3356,10601,3263,6773,0.5803,0.8514,1
741,d94c7f2106a8be35,,wastar,"{""w"": 1.0}",pdb,"{""pdb_dir"": ""../phase1_data_generation/data/pdbs""}",32.00,1,solved,40,,2136,6839,2103,4556,0.3770,0.5516,1
742,6d54ec217a09bf83,,wastar,"{""w"": 1.0}",pdb,"{""pdb_dir"": ""../phase1_data_generation/data/pdbs""}",42.00,1,solved,46,,1484,4715,1453,3090,0.2622,0.3835,1
743,b8d4c091e6537af2,,wastar,"{""w"": 1.0}",pdb,"{""pdb_dir"": ""../phase1_data_generation/data/pdbs""}",40.00,1,solved,44,,272,871,271,594,0.0490,0.0710,1
744,210dcf946b38ea75,,wastar,"{""w"": 1.0}",pdb,"{""pdb_dir"": ""../phase1_data_generation/data/pdbs""}",44.00,1,solved,50,,1344,4236,1338,2853,0.2399,0.3489,1
745,9fec624805a71d3b,,wastar,"{""w"": 1.0}",pdb,"{""pdb_dir"": ""../phase1_data_generation/data/pdbs""}",38.00,1,solved,50,,42011,129477,41224,82772,7.4571,10.9562,1
746,93085fdc74612bea,,wastar,"{""w"": 1.0}",pdb,"{""pdb_dir"": ""../phase1_data_generation/data/pdbs""}",42.00,1,solved,48,,2991,9300,2949,6059,0.5322,0.7775,1
747,f98461d2ab7ce035,,wastar,"{""w"": 1.0}",pdb,"{""pdb_dir"": ""../phase1_data_generation/data/pdbs""}",38.00,1,solved,46,,3564,11206,3535,7451,0.6197,0.9074,1
748,d632cf495b8e701a,,wastar,"{""w"": 1.0}",pdb,"{""pdb_dir"": ""../phase1_data_generation/data/pdbs""}",46.00,1,solved,54,,4344,13416,4279,8630,0.7765,1.1333,1
749,937cfd1e0286ba45,,wastar,"{""w"": 1.0}",pdb,"{""pdb_dir"": ""../phase1_data_generation/data/pdbs""}",38.00,1,solved,42,,466,1477,461,985,0.0836,0.1216,1
750,6f7c831b42095ade,,wastar,"{""w"": 1.0}",pdb,"{""pdb_dir"": ""../phase1_data_generation/data/pdbs""}",46.00,1,solved,54,,14313,44223,14139,28773,2.5425,3.7252,1
751,06c35a79deb4218f,,wastar,"{""w"": 1.0}",pdb,"{""pdb_dir"": ""../phase1_data_generation/data/pdbs""}",44.00,1,solved,50,,402,1304,398,878,0.0705,0.1033,1
752,ba0fc6492d5317e8,,wastar,"{""w"": 1.0}",pdb,"{""pdb_dir"": ""../phase1_data_generation/data/pdbs""}",42.00,1,solved,52,,6712,21061,6633,13853,1.1676,1.7125,1
753,ae0d32756b941fc8,,wastar,"{""w"": 1.0}",pdb,"{""pdb_dir"": ""../phase1_data_generation/data/pdbs""}",40.00,1,solved,46,,1867,6022,1858,4034,0.3310,0.4835,1
754,d7591860c2b3afe4,,wastar,"{""w"": 1.0}",pdb,"{""pdb_dir"": ""../phase1_data_generation/data/pdbs""}",46.00,1,solved,52,,984,3133,977,2117,0.1749,0.2553,1
755,b5e9cf4a0168273d,,wastar,"{""w"": 1.0}",pdb,"{""pdb_dir"": ""../phase1_data_generation/data/pdbs""}",40.00,1,solved,48,,6894,21591,6753,13879,1.2134,1.7804,1
756,7a683c91fe0d254b,,wastar,"{""w"": 1.0}",pdb,"{""pdb_dir"": ""../phase1_data_generation/data/pdbs""}",40.00,1,solved,46,,6345,19968,6211,12807,1.1224,1.6449,1
757,630e79c8fbda2145,,wastar,"{""w"": 1.0}",pdb,"{""pdb_dir"": ""../phase1_data_generation/data/pdbs""}",36.00,1,solved,42,,1014,3249,1003,2187,0.1770,0.2583,1
758,0e68cda572943f1b,,wastar,"{""w"": 1.0}",pdb,"{""pdb_dir"": ""../phase1_data_generation/data/pdbs""}",34.00,1,solved,42,,2644,8364,2610,5459,0.4547,0.6655,1
759,683bf9d7ace51024,,wastar,"{""w"": 1.0}",pdb,"{""pdb_dir"": ""../phase1_data_generation/data/pdbs""}",42.00,1,solved,52,,7747,24209,7616,15651,1.3600,1.9909,1
760,7fedb5c80231a496,,wastar,"{""w"": 1.0}",pdb,"{""pdb_dir"": ""../phase1_data_generation/data/pdbs""}",32.00,1,solved,36,,737,2301,690,1441,0.1254,0.1852,1
761,834f96dc57be20a1,,wastar,"{""w"": 1.0}",pdb,"{""pdb_dir"": ""../phase1_data_generation/data/pdbs""}",44.00,1,solved,52,,14057,44269,13744,28351,2.4602,3.6191,1
762,7df345cabe086291,,wastar,"{""w"": 1.0}",pdb,"{""pdb_dir"": ""../phase1_data_generation/data/pdbs""}",38.00,1,solved,46,,2986,9539,2910,6202,0.5174,0.7581,1
763,fbd96ce23518a740,,wastar,"{""w"": 1.0}",pdb,"{""pdb_dir"": ""../phase1_data_generation/data/pdbs""}",32.00,1,solved,36,,138,441,139,293,0.0245,0.0353,1
764,6cb9a3df418e5072,,wastar,"{""w"": 1.0}",pdb,"{""pdb_dir"": ""../phase1_data_generation/data/pdbs""}",46.00,1,solved,52,,3089,9636,3071,6395,0.5524,0.8041,1
765,ef9d4ab805c61327,,wastar,"{""w"": 1.0}",pdb,"{""pdb_dir"": ""../phase1_data_generation/data/pdbs""}",42.00,1,solved,48,,6703,21023,6575,13683,1.1503,1.6894,1
766,a258eb1c9704f63d,,wastar,"{""w"": 1.0}",pdb,"{""pdb_dir"": ""../phase1_data_generation/data/pdbs""}",38.00,1,solved,48,,11061,34498,10880,22467,1.9752,2.8958,1
767,37ba8092c14df65e,,wastar,"{""w"": 1.0}",pdb,"{""pdb_dir"": ""../phase1_data_generation/data/pdbs""}",50.00,1,solved,56,,3779,11987,3748,8036,0.6665,0.9753,1
768,1e09a458df27cb63,,wastar,"{""w"": 1.0}",pdb,"{""pdb_dir"": ""../phase1_data_generation/data/pdbs""}",52.00,1,solved,58,,7437,22907,7314,14875,1.3326,1.9450,1
769,9d6872b4cf1530ae,,wastar,"{""w"": 1.0}",pdb,"{""pdb_dir"": ""../phase1_data_generation/data/pdbs""}",38.00,1,solved,48,,5243,16736,5122,10873,0.9316,1.3659,1
770,c14abf8e2d093657,,wastar,"{""w"": 1.0}",pdb,"{""pdb_dir"": ""../phase1_data_generation/data/pdbs""}",42.00,1,solved,50,,2362,7360,2349,4866,0.4256,0.6190,1
771,29ae3bf805714d6c,,wastar,"{""w"": 1.0}",pdb,"{""pdb_dir"": ""../phase1_data_generation/data/pdbs""}",44.00,1,solved,48,,1516,4792,1505,3200,0.2673,0.3902,1
772,c9761efb034a285d,,wastar,"{""w"": 1.0}",pdb,"{""pdb_dir"": ""../phase1_data_generation/data/pdbs""}",48.00,1,solved,48,,71,222,72,152,0.0128,0.0186,1
773,ecb9608721a543df,,wastar,"{""w"": 1.0}",pdb,"{""pdb_dir"": ""../phase1_data_generation/data/pdbs""}",44.00,1,solved,50,,2204,6887,2184,4549,0.3913,0.5704,1
774,789d6a10bfe23c54,,wastar,"{""w"": 1.0}",pdb,"{""pdb_dir"": ""../phase1_data_generation/data/pdbs""}",38.00,1,solved,44,,902,2875,898,1936,0.1611,0.2350,1
775,aef8907d4bc56321,,wastar,"{""w"": 1.0}",pdb,"{""pdb_dir"": ""../phase1_data_generation/data/pdbs""}",34.00,1,solved,42,,4148,13071,4054,8520,0.7362,1.0804,1
776,a56230ed7489bfc1,,wastar,"{""w"": 1.0}",pdb,"{""pdb_dir"": ""../phase1_data_generation/data/pdbs""}",42.00,1,solved,52,,8842,27848,8743,18213,1.5725,2.3036,1
777,d68ce420f57a3b91,,wastar,"{""w"": 1.0}",pdb,"{""pdb_dir"": ""../phase1_data_generation/data/pdbs""}",30.00,1,solved,38,,1204,3779,1199,2509,0.2162,0.3160,1
778,bc14d5f086a9723e,,wastar,"{""w"": 1.0}",pdb,"{""pdb_dir"": ""../phase1_data_generation/data/pdbs""}",42.00,1,solved,50,,4257,13201,4224,8722,0.7676,1.1188,1
779,360cb7df98ae5124,,wastar,"{""w"": 1.0}",pdb,"{""pdb_dir"": ""../phase1_data_generation/data/pdbs""}",40.00,1,solved,46,,1743,5537,1726,3684,0.3140,0.4572,1
780,8b3f524c0d19ea76,,wastar,"{""w"": 1.0}",pdb,"{""pdb_dir"": ""../phase1_data_generation/data/pdbs""}",46.00,1,solved,52,,3643,11277,3621,7467,0.6498,0.9458,1
781,a6bce5d0729f3184,,wastar,"{""w"": 1.0}",pdb,"{""pdb_dir"": ""../phase1_data_generation/data/pdbs""}",26.00,1,solved,30,,63,198,64,136,0.0113,0.0164,1
782,cb94afe27168d350,,wastar,"{""w"": 1.0}",pdb,"{""pdb_dir"": ""../phase1_data_generation/data/pdbs""}",40.00,1,solved,46,,1474,4720,1460,3166,0.2506,0.3673,1
783,052ca369db78ef41,,wastar,"{""w"": 1.0}",pdb,"{""pdb_dir"": ""../phase1_data_generation/data/pdbs""}",36.00,1,solved,42,,197,611,198,412,0.0350,0.0508,1
784,06e834d75b2c91fa,,wastar,"{""w"": 1.0}",pdb,"{""pdb_dir"": ""../phase1_data_generation/data/pdbs""}",44.00,1,solved,52,,1049,3210,1048,2140,0.1823,0.2646,1
785,3f197dbe620c58a4,,wastar,"{""w"": 1.0}",pdb,"{""pdb_dir"": ""../phase1_data_generation/data/pdbs""}",38.00,1,solved,42,,368,1154,369,775,0.0643,0.0931,1
786,eac8df51730b2694,,wastar,"{""w"": 1.0}",pdb,"{""pdb_dir"": ""../phase1_data_generation/data/pdbs""}",30.00,1,solved,38,,1477,4675,1456,3097,0.2511,0.3674,1
787,fa94b760e31c25d8,,wastar,"{""w"": 1.0}",pdb,"{""pdb_dir"": ""../phase1_data_generation/data/pdbs""}",32.00,1,solved,44,,11198,35637,10914,22948,1.9623,2.8864,1
788,3d975f180e6ca4b2,,wastar,"{""w"": 1.0}",pdb,"{""pdb_dir"": ""../phase1_data_generation/data/pdbs""}",44.00,1,solved,48,,2108,6514,2032,4105,0.3562,0.5232,1
789,7c025648eb9daf13,,wastar,"{""w"": 1.0}",pdb,"{""pdb_dir"": ""../phase1_data_generation/data/pdbs""}",46.00,1,solved,52,,20182,62333,19839,40376,3.5526,5.2107,1
790,d75af8492e0c36b1,,wastar,"{""w"": 1.0}",pdb,"{""pdb_dir"": ""../phase1_data_generation/data/pdbs""}",34.00,1,solved,40,,870,2744,863,1803,0.1548,0.2252,1
791,c49aebf18236d075,,wastar,"{""w"": 1.0}",pdb,"{""pdb_dir"": ""../phase1_data_generation/data/pdbs""}",44.00,1,solved,50,,964,2997,959,1997,0.1703,0.2474,1
792,c5f937e68402ba1d,,wastar,"{""w"": 1.0}",pdb,"{""pdb_dir"": ""../phase1_data_generation/data/pdbs""}",42.00,1,solved,50,,6819,21170,6703,13585,1.1856,1.7407,1
793,36b2aecf578d1490,,wastar,"{""w"": 1.0}",pdb,"{""pdb_dir"": ""../phase1_data_generation/data/pdbs""}",42.00,1,solved,50,,4501,13826,4453,9050,0.7986,1.1645,1
794,9ce82b31fd06457a,,wastar,"{""w"": 1.0}",pdb,"{""pdb_dir"": ""../phase1_data_generation/data/pdbs""}",42.00,1,solved,48,,1612,5043,1587,3317,0.2874,0.4188,1
795,df56907cb81a32e4,,wastar,"{""w"": 1.0}",pdb,"{""pdb_dir"": ""../phase1_data_generation/data/pdbs""}",32.00,1,solved,40,,2109,6550,2077,4227,0.3778,0.5506,1
796,560ca94ed1283f7b,,wastar,"{""w"": 1.0}",pdb,"{""pdb_dir"": ""../phase1_data_generation/data/pdbs""}",42.00,1,solved,54,,153251,476616,149402,301021,27.0449,40.0430,1
797,08ebc915df73624a,,wastar,"{""w"": 1.0}",pdb,"{""pdb_dir"": ""../phase1_data_generation/data/pdbs""}",46.00,1,solved,46,,51,162,52,112,0.0098,0.0142,1
798,e825f7910bdc4a36,,wastar,"{""w"": 1.0}",pdb,"{""pdb_dir"": ""../phase1_data_generation/data/pdbs""}",40.00,1,solved,48,,6235,19146,6173,12473,1.1164,1.6336,1
799,b2089dc735a1ef64,,wastar,"{""w"": 1.0}",pdb,"{""pdb_dir"": ""../phase1_data_generation/data/pdbs""}",38.00,1,solved,46,,7262,22856,7194,15135,1.3033,1.9059,1
800,5d0ba6c7e3142f89,,wastar,"{""w"": 1.0}",pdb,"{""pdb_dir"": ""../phase1_data_generation/data/pdbs""}",38.00,1,solved,48,,7176,22455,7016,14481,1.2665,1.8573,1
801,dc89a720f1e4b356,,wastar,"{""w"": 1.0}",pdb,"{""pdb_dir"": ""../phase1_data_generation/data/pdbs""}",34.00,1,solved,38,,175,563,174,384,0.0310,0.0452,1
802,b3ace6f9d1457082,,wastar,"{""w"": 1.0}",pdb,"{""pdb_dir"": ""../phase1_data_generation/data/pdbs""}",38.00,1,solved,42,,173,546,173,370,0.0305,0.0443,1
803,03ab6dfe2741589c,,wastar,"{""w"": 1.0}",pdb,"{""pdb_dir"": ""../phase1_data_generation/data/pdbs""}",44.00,1,solved,50,,3401,10538,3343,6845,0.6051,0.8842,1
804,fc79b0835e4a621d,,wastar,"{""w"": 1.0}",pdb,"{""pdb_dir"": ""../phase1_data_generation/data/pdbs""}",34.00,1,solved,44,,4249,13441,4200,8703,0.7641,1.1164,1
805,6fa174c90e2d38b5,,wastar,"{""w"": 1.0}",pdb,"{""pdb_dir"": ""../phase1_data_generation/data/pdbs""}",38.00,1,solved,44,,2915,9236,2866,5971,0.5100,0.7469,1
806,ce67b9da83f14520,,wastar,"{""w"": 1.0}",pdb,"{""pdb_dir"": ""../phase1_data_generation/data/pdbs""}",46.00,1,solved,54,,4789,14763,4724,9574,0.8588,1.2538,1
807,0f8512c3de7ab694,,wastar,"{""w"": 1.0}",pdb,"{""pdb_dir"": ""../phase1_data_generation/data/pdbs""}",40.00,1,solved,48,,2664,8414,2643,5613,0.4805,0.7004,1
808,8e0d9a6c7f12b534,,wastar,"{""w"": 1.0}",pdb,"{""pdb_dir"": ""../phase1_data_generation/data/pdbs""}",34.00,1,solved,38,,135,436,135,296,0.0245,0.0354,1
809,dc2ebf80a5697431,,wastar,"{""w"": 1.0}",pdb,"{""pdb_dir"": ""../phase1_data_generation/data/pdbs""}",36.00,1,solved,40,,372,1206,372,823,0.0672,0.0975,1
810,cadf31908e7b2546,,wastar,"{""w"": 1.0}",pdb,"{""pdb_dir"": ""../phase1_data_generation/data/pdbs""}",46.00,1,solved,52,,1933,5995,1898,3921,0.3482,0.5074,1
811,320a67ec4b589f1d,,wastar,"{""w"": 1.0}",pdb,"{""pdb_dir"": ""../phase1_data_generation/data/pdbs""}",46.00,1,solved,52,,4731,14483,4679,9502,0.8505,1.2402,1
812,cfd7501eba642938,,wastar,"{""w"": 1.0}",pdb,"{""pdb_dir"": ""../phase1_data_generation/data/pdbs""}",40.00,1,solved,52,,104372,324869,101804,204513,18.7597,27.7437,1
813,d691b7c03ae5284f,,wastar,"{""w"": 1.0}",pdb,"{""pdb_dir"": ""../phase1_data_generation/data/pdbs""}",38.00,1,solved,46,,2869,8964,2822,5870,0.5236,0.7645,1
814,ac6d741b0e385f92,,wastar,"{""w"": 1.0}",pdb,"{""pdb_dir"": ""../phase1_data_generation/data/pdbs""}",40.00,1,solved,48,,583,1815,583,1220,0.1060,0.1536,1
815,0b1763afe2954cd8,,wastar,"{""w"": 1.0}",pdb,"{""pdb_dir"": ""../phase1_data_generation/data/pdbs""}",50.00,1,solved,56,,1808,5508,1802,3639,0.3294,0.4777,1
816,1ca9de38570b62f4,,wastar,"{""w"": 1.0}",pdb,"{""pdb_dir"": ""../phase1_data_generation/data/pdbs""}",42.00,1,solved,46,,707,2298,702,1547,0.1278,0.1862,1
817,08d4ecf593b267a1,,wastar,"{""w"": 1.0}",pdb,"{""pdb_dir"": ""../phase1_data_generation/data/pdbs""}",38.00,1,solved,42,,357,1125,348,740,0.0644,0.0938,1
818,2c9763df1e4ab085,,wastar,"{""w"": 1.0}",pdb,"{""pdb_dir"": ""../phase1_data_generation/data/pdbs""}",44.00,1,solved,52,,2717,8356,2676,5429,0.4900,0.7139,1
819,7efd80ca915b6342,,wastar,"{""w"": 1.0}",pdb,"{""pdb_dir"": ""../phase1_data_generation/data/pdbs""}",38.00,1,solved,44,,1077,3333,1068,2205,0.1933,0.2815,1
820,bec730d92685f1a4,,wastar,"{""w"": 1.0}",pdb,"{""pdb_dir"": ""../phase1_data_generation/data/pdbs""}",28.00,1,solved,40,,2121,6742,2099,4454,0.3780,0.5542,1
821,a3f7c5d01b8692e4,,wastar,"{""w"": 1.0}",pdb,"{""pdb_dir"": ""../phase1_data_generation/data/pdbs""}",42.00,1,solved,52,,6462,20013,6344,12953,1.1457,1.6789,1
822,bc0a62fe85347d91,,wastar,"{""w"": 1.0}",pdb,"{""pdb_dir"": ""../phase1_data_generation/data/pdbs""}",34.00,1,solved,44,,1077,3385,1076,2259,0.1970,0.2865,1
823,8401fcb3a2ed9675,,wastar,"{""w"": 1.0}",pdb,"{""pdb_dir"": ""../phase1_data_generation/data/pdbs""}",46.00,1,solved,48,,569,1795,569,1208,0.1044,0.1514,1
824,abd9f08e263c4751,,wastar,"{""w"": 1.0}",pdb,"{""pdb_dir"": ""../phase1_data_generation/data/pdbs""}",34.00,1,solved,36,,83,271,84,189,0.0159,0.0229,1
825,76dae08cf394152b,,wastar,"{""w"": 1.0}",pdb,"{""pdb_dir"": ""../phase1_data_generation/data/pdbs""}",36.00,1,solved,40,,549,1727,547,1161,0.0994,0.1443,1
826,eacd7fb041965283,,wastar,"{""w"": 1.0}",pdb,"{""pdb_dir"": ""../phase1_data_generation/data/pdbs""}",40.00,1,solved,46,,748,2322,743,1540,0.1354,0.1968,1
827,e9bc3f7d62085a14,,wastar,"{""w"": 1.0}",pdb,"{""pdb_dir"": ""../phase1_data_generation/data/pdbs""}",28.00,1,solved,32,,118,382,119,265,0.0217,0.0314,1
828,26de97b5a3f8c140,,wastar,"{""w"": 1.0}",pdb,"{""pdb_dir"": ""../phase1_data_generation/data/pdbs""}",44.00,1,solved,52,,14070,44039,13869,28819,2.5212,3.7011,1
829,fa7d268c0b19453e,,wastar,"{""w"": 1.0}",pdb,"{""pdb_dir"": ""../phase1_data_generation/data/pdbs""}",40.00,1,solved,46,,3912,12356,3875,8153,0.6874,1.0071,1
830,7cd4f6e8ba053192,,wastar,"{""w"": 1.0}",pdb,"{""pdb_dir"": ""../phase1_data_generation/data/pdbs""}",30.00,1,solved,44,,46162,145118,44945,92037,8.2929,12.2393,1
831,b2da91ec8f047653,,wastar,"{""w"": 1.0}",pdb,"{""pdb_dir"": ""../phase1_data_generation/data/pdbs""}",40.00,1,solved,46,,2277,7142,2233,4703,0.4017,0.5880,1
832,5f9cbea2017d6843,,wastar,"{""w"": 1.0}",pdb,"{""pdb_dir"": ""../phase1_data_generation/data/pdbs""}",40.00,1,solved,48,,4790,14932,4762,9822,0.8713,1.2694,1
833,c548bf620d1e7a93,,wastar,"{""w"": 1.0}",pdb,"{""pdb_dir"": ""../phase1_data_generation/data/pdbs""}",38.00,1,solved,46,,1754,5480,1740,3623,0.3085,0.4504,1
834,6fe3b7901da8254c,,wastar,"{""w"": 1.0}",pdb,"{""pdb_dir"": ""../phase1_data_generation/data/pdbs""}",42.00,1,solved,46,,933,2956,924,1970,0.1617,0.2358,1
835,a984ef271cbd5360,,wastar,"{""w"": 1.0}",pdb,"{""pdb_dir"": ""../phase1_data_generation/data/pdbs""}",44.00,1,solved,52,,2458,7614,2449,5023,0.4361,0.6358,1
836,e6f4751328cdb9a0,,wastar,"{""w"": 1.0}",pdb,"{""pdb_dir"": ""../phase1_data_generation/data/pdbs""}",42.00,1,solved,52,,14670,45582,14503,29733,2.6212,3.8427,1
837,6d1ce85f0794a32b,,wastar,"{""w"": 1.0}",pdb,"{""pdb_dir"": ""../phase1_data_generation/data/pdbs""}",36.00,1,solved,46,,14620,45910,14273,29665,2.5888,3.8057,1
838,7e1c2d50abf96384,,wastar,"{""w"": 1.0}",pdb,"{""pdb_dir"": ""../phase1_data_generation/data/pdbs""}",34.00,1,solved,40,,1010,3184,1008,2134,0.1758,0.2570,1
839,95418dafbe32607c,,wastar,"{""w"": 1.0}",pdb,"{""pdb_dir"": ""../phase1_data_generation/data/pdbs""}",46.00,1,solved,52,,2815,8860,2784,5841,0.5036,0.7365,1
840,26b813cf9704dea5,,wastar,"{""w"": 1.0}",pdb,"{""pdb_dir"": ""../phase1_data_generation/data/pdbs""}",44.00,1,solved,54,,24913,76357,24295,48606,4.4481,6.5402,1
841,079ecbf436a8d125,,wastar,"{""w"": 1.0}",pdb,"{""pdb_dir"": ""../phase1_data_generation/data/pdbs""}",40.00,1,solved,46,,1083,3389,1079,2258,0.1974,0.2866,1
842,e1c4a968f70b532d,,wastar,"{""w"": 1.0}",pdb,"{""pdb_dir"": ""../phase1_data_generation/data/pdbs""}",40.00,1,solved,48,,8130,25379,8072,16744,1.4660,2.1449,1
843,cd483769f501ae2b,,wastar,"{""w"": 1.0}",pdb,"{""pdb_dir"": ""../phase1_data_generation/data/pdbs""}",36.00,1,solved,48,,7280,22849,7202,15001,1.3092,1.9154,1
844,57ba2f963c01d48e,,wastar,"{""w"": 1.0}",pdb,"{""pdb_dir"": ""../phase1_data_generation/data/pdbs""}",48.00,1,solved,52,,2163,6738,2122,4410,0.3852,0.5628,1
845,cbeaf2586d193470,,wastar,"{""w"": 1.0}",pdb,"{""pdb_dir"": ""../phase1_data_generation/data/pdbs""}",34.00,1,solved,42,,1675,5254,1643,3412,0.3008,0.4389,1
846,bad260ec37149f58,,wastar,"{""w"": 1.0}",pdb,"{""pdb_dir"": ""../phase1_data_generation/data/pdbs""}",36.00,1,solved,42,,562,1810,560,1228,0.1015,0.1473,1
847,d1489cf0b2ea6537,,wastar,"{""w"": 1.0}",pdb,"{""pdb_dir"": ""../phase1_data_generation/data/pdbs""}",46.00,1,solved,52,,1425,4343,1387,2801,0.2549,0.3715,1
848,1d096aec25b47f83,,wastar,"{""w"": 1.0}",pdb,"{""pdb_dir"": ""../phase1_data_generation/data/pdbs""}",42.00,1,solved,48,,3046,9678,2989,6399,0.5389,0.7920,1
849,632de4f17c5a9b80,,wastar,"{""w"": 1.0}",pdb,"{""pdb_dir"": ""../phase1_data_generation/data/pdbs""}",46.00,1,solved,50,,887,2747,879,1776,0.1581,0.2297,1
850,0e2f9dbc7154a368,,wastar,"{""w"": 1.0}",pdb,"{""pdb_dir"": ""../phase1_data_generation/data/pdbs""}",36.00,1,solved,42,,1259,4032,1249,2692,0.2272,0.3311,1
851,85e1fc2674bd309a,,wastar,"{""w"": 1.0}",pdb,"{""pdb_dir"": ""../phase1_data_generation/data/pdbs""}",38.00,1,solved,46,,2864,8725,2830,5611,0.5204,0.7574,1
852,c8194eaf7b62d035,,wastar,"{""w"": 1.0}",pdb,"{""pdb_dir"": ""../phase1_data_generation/data/pdbs""}",46.00,1,solved,50,,529,1618,526,1080,0.0967,0.1404,1
853,0f124e7d65cb3a89,,wastar,"{""w"": 1.0}",pdb,"{""pdb_dir"": ""../phase1_data_generation/data/pdbs""}",40.00,1,solved,48,,5301,16640,5166,10688,0.9302,1.3660,1
854,e78df2c10439a5b6,,wastar,"{""w"": 1.0}",pdb,"{""pdb_dir"": ""../phase1_data_generation/data/pdbs""}",36.00,1,solved,38,,61,190,62,130,0.0110,0.0158,1
855,2bfce7ad06935148,,wastar,"{""w"": 1.0}",pdb,"{""pdb_dir"": ""../phase1_data_generation/data/pdbs""}",34.00,1,solved,42,,510,1594,510,1069,0.0937,0.1357,1
856,c584fe90bda62371,,wastar,"{""w"": 1.0}",pdb,"{""pdb_dir"": ""../phase1_data_generation/data/pdbs""}",32.00,1,solved,38,,299,933,300,632,0.0553,0.0801,1
857,29f8a4e17d635cb0,,wastar,"{""w"": 1.0}",pdb,"{""pdb_dir"": ""../phase1_data_generation/data/pdbs""}",46.00,1,solved,52,,789,2440,780,1609,0.1419,0.2058,1
858,7c0931bef6a8d452,,wastar,"{""w"": 1.0}",pdb,"{""pdb_dir"": ""../phase1_data_generation/data/pdbs""}",38.00,1,solved,50,,7809,24247,7695,15817,1.3923,2.0360,1
859,3fdc9eb80671a542,,wastar,"{""w"": 1.0}",pdb,"{""pdb_dir"": ""../phase1_data_generation/data/pdbs""}",30.00,1,solved,34,,351,1126,348,758,0.0643,0.0935,1
860,87d9c4f2eb05a163,,wastar,"{""w"": 1.0}",pdb,"{""pdb_dir"": ""../phase1_data_generation/data/pdbs""}",50.00,1,solved,54,,2683,8219,2663,5423,0.4873,0.7084,1
861,a48d9e15bf3726c0,,wastar,"{""w"": 1.0}",pdb,"{""pdb_dir"": ""../phase1_data_generation/data/pdbs""}",40.00,1,solved,46,,306,987,304,669,0.0551,0.0800,1
862,2f4b30ec7d15a968,,wastar,"{""w"": 1.0}",pdb,"{""pdb_dir"": ""../phase1_data_generation/data/pdbs""}",40.00,1,solved,48,,9062,28427,8807,18041,1.5899,2.3351,1
863,ab0638ed9451f72c,,wastar,"{""w"": 1.0}",pdb,"{""pdb_dir"": ""../phase1_data_generation/data/pdbs""}",40.00,1,solved,48,,7294,23131,7152,15056,1.2911,1.8935,1
864,3ad4e6bf2c987051,,wastar,"{""w"": 1.0}",pdb,"{""pdb_dir"": ""../phase1_data_generation/data/pdbs""}",36.00,1,solved,44,,758,2442,741,1622,0.1337,0.1961,1
865,a2f83b6d790c14e5,,wastar,"{""w"": 1.0}",pdb,"{""pdb_dir"": ""../phase1_data_generation/data/pdbs""}",36.00,1,solved,42,,643,2034,637,1354,0.1108,0.1612,1
866,6eba439d78512fc0,,wastar,"{""w"": 1.0}",pdb,"{""pdb_dir"": ""../phase1_data_generation/data/pdbs""}",40.00,1,solved,48,,2417,7690,2369,5049,0.4154,0.6097,1
867,93fca0675be2814d,,wastar,"{""w"": 1.0}",pdb,"{""pdb_dir"": ""../phase1_data_generation/data/pdbs""}",42.00,1,solved,52,,24158,75740,23792,49359,4.3827,6.4310,1
868,0c6fd582eb9a4731,,wastar,"{""w"": 1.0}",pdb,"{""pdb_dir"": ""../phase1_data_generation/data/pdbs""}",40.00,1,solved,52,,23102,71296,22782,45850,4.2045,6.1718,1
869,deac50b649f87231,,wastar,"{""w"": 1.0}",pdb,"{""pdb_dir"": ""../phase1_data_generation/data/pdbs""}",36.00,1,solved,38,,152,491,153,338,0.0277,0.0401,1
870,eca8f64079d5b312,,wastar,"{""w"": 1.0}",pdb,"{""pdb_dir"": ""../phase1_data_generation/data/pdbs""}",28.00,1,solved,30,,77,249,78,171,0.0144,0.0208,1
871,bcd7a980456ef132,,wastar,"{""w"": 1.0}",pdb,"{""pdb_dir"": ""../phase1_data_generation/data/pdbs""}",46.00,1,solved,52,,1831,5675,1824,3767,0.3360,0.4909,1
872,bd082654ecaf7931,,wastar,"{""w"": 1.0}",pdb,"{""pdb_dir"": ""../phase1_data_generation/data/pdbs""}",38.00,1,solved,42,,995,3149,988,2096,0.1775,0.2594,1
873,b5dfea9c71043286,,wastar,"{""w"": 1.0}",pdb,"{""pdb_dir"": ""../phase1_data_generation/data/pdbs""}",32.00,1,solved,32,,77,246,78,168,0.0138,0.0200,1
874,0951ebd437f8a2c6,,wastar,"{""w"": 1.0}",pdb,"{""pdb_dir"": ""../phase1_data_generation/data/pdbs""}",40.00,1,solved,46,,382,1179,378,786,0.0681,0.0990,1
875,0bac345df76892e1,,wastar,"{""w"": 1.0}",pdb,"{""pdb_dir"": ""../phase1_data_generation/data/pdbs""}",32.00,1,solved,42,,1079,3431,1037,2217,0.1854,0.2729,1
876,380c2e6a5f1d7b49,,wastar,"{""w"": 1.0}",pdb,"{""pdb_dir"": ""../phase1_data_generation/data/pdbs""}",38.00,1,solved,46,,2500,7846,2475,5153,0.4425,0.6466,1
877,327d895c0bfa6e41,,wastar,"{""w"": 1.0}",pdb,"{""pdb_dir"": ""../phase1_data_generation/data/pdbs""}",40.00,1,solved,50,,7785,24360,7698,15932,1.3870,2.0290,1
878,985df1c074ea362b,,wastar,"{""w"": 1.0}",pdb,"{""pdb_dir"": ""../phase1_data_generation/data/pdbs""}",36.00,1,solved,44,,8066,25332,7939,16379,1.4391,2.1083,1
879,f659d0c2b8e3714a,,wastar,"{""w"": 1.0}",pdb,"{""pdb_dir"": ""../phase1_data_generation/data/pdbs""}",34.00,1,solved,42,,1262,3956,1253,2625,0.2251,0.3276,1
880,271fae8c45b936d0,,wastar,"{""w"": 1.0}",pdb,"{""pdb_dir"": ""../phase1_data_generation/data/pdbs""}",40.00,1,solved,50,,3209,9905,3179,6447,0.5810,0.8442,1
881,97eaf3408612c5bd,,wastar,"{""w"": 1.0}",pdb,"{""pdb_dir"": ""../phase1_data_generation/data/pdbs""}",48.00,1,solved,58,,47652,148072,46778,94928,8.5635,12.5876,1
882,78f914ea3b05c62d,,wastar,"{""w"": 1.0}",pdb,"{""pdb_dir"": ""../phase1_data_generation/data/pdbs""}",42.00,1,solved,50,,1694,5312,1685,3535,0.2976,0.4349,1
883,fcb14a293e0d7856,,wastar,"{""w"": 1.0}",pdb,"{""pdb_dir"": ""../phase1_data_generation/data/pdbs""}",42.00,1,solved,48,,3781,11897,3754,7880,0.6621,0.9686,1
884,f9c4e0752a163d8b,,wastar,"{""w"": 1.0}",pdb,"{""pdb_dir"": ""../phase1_data_generation/data/pdbs""}",38.00,1,solved,46,,4916,15587,4862,10289,0.8846,1.2911,1
885,03be6c98f571a4d2,,wastar,"{""w"": 1.0}",pdb,"{""pdb_dir"": ""../phase1_data_generation/data/pdbs""}",42.00,1,solved,48,,3423,10477,3406,6877,0.6081,0.8861,1
886,0dc4ef39b7a82651,,wastar,"{""w"": 1.0}",pdb,"{""pdb_dir"": ""../phase1_data_generation/data/pdbs""}",24.00,1,solved,30,,281,914,280,620,0.0491,0.0713,1
887,9dabe2850f463c71,,wastar,"{""w"": 1.0}",pdb,"{""pdb_dir"": ""../phase1_data_generation/data/pdbs""}",42.00,1,solved,44,,80,257,81,178,0.0146,0.0209,1
888,0583e19bfc6d7a42,,wastar,"{""w"": 1.0}",pdb,"{""pdb_dir"": ""../phase1_data_generation/data/pdbs""}",42.00,1,solved,50,,846,2665,847,1787,0.1553,0.2253,1
889,bc09752e6af8314d,,wastar,"{""w"": 1.0}",pdb,"{""pdb_dir"": ""../phase1_data_generation/data/pdbs""}",30.00,1,solved,36,,112,353,113,241,0.0205,0.0296,1
890,9aef1630cb4d7258,,wastar,"{""w"": 1.0}",pdb,"{""pdb_dir"": ""../phase1_data_generation/data/pdbs""}",42.00,1,solved,48,,1000,3148,998,2089,0.1811,0.2627,1
891,0e6c1849af723bd5,,wastar,"{""w"": 1.0}",pdb,"{""pdb_dir"": ""../phase1_data_generation/data/pdbs""}",36.00,1,solved,46,,7146,22765,7064,15154,1.2753,1.8682,1
892,bf0d254a387c9e61,,wastar,"{""w"": 1.0}",pdb,"{""pdb_dir"": ""../phase1_data_generation/data/pdbs""}",32.00,1,solved,40,,753,2420,752,1627,0.1325,0.1936,1
893,a6fd73ecb5982014,,wastar,"{""w"": 1.0}",pdb,"{""pdb_dir"": ""../phase1_data_generation/data/pdbs""}",22.00,1,solved,30,,453,1483,450,1014,0.0795,0.1159,1
894,e7f982ba510c6d34,,wastar,"{""w"": 1.0}",pdb,"{""pdb_dir"": ""../phase1_data_generation/data/pdbs""}",38.00,1,solved,46,,1434,4545,1429,3026,0.2503,0.3662,1
895,ba0cd49e6538271f,,wastar,"{""w"": 1.0}",pdb,"{""pdb_dir"": ""../phase1_data_generation/data/pdbs""}",40.00,1,solved,46,,4711,15110,4622,9940,0.8327,1.2225,1
896,48ecda31b52967f0,,wastar,"{""w"": 1.0}",pdb,"{""pdb_dir"": ""../phase1_data_generation/data/pdbs""}",42.00,1,solved,50,,1986,6272,1969,4178,0.3595,0.5239,1
897,8a749dec3501bf62,,wastar,"{""w"": 1.0}",pdb,"{""pdb_dir"": ""../phase1_data_generation/data/pdbs""}",38.00,1,solved,46,,3778,12138,3730,8008,0.6813,0.9960,1
898,769d1045fbcae823,,wastar,"{""w"": 1.0}",pdb,"{""pdb_dir"": ""../phase1_data_generation/data/pdbs""}",44.00,1,solved,54,,52836,162173,51874,103183,9.5088,13.9920,1
899,45fca697238ebd10,,wastar,"{""w"": 1.0}",pdb,"{""pdb_dir"": ""../phase1_data_generation/data/pdbs""}",40.00,1,solved,48,,2247,7122,2191,4624,0.3920,0.5748,1
900,2efc408d7b1a5693,,wastar,"{""w"": 1.0}",pdb,"{""pdb_dir"": ""../phase1_data_generation/data/pdbs""}",40.00,1,solved,46,,446,1367,446,908,0.0817,0.1182,1
901,689d7ecf3b5a2140,,wastar,"{""w"": 1.0}",pdb,"{""pdb_dir"": ""../phase1_data_generation/data/pdbs""}",34.00,1,solved,40,,2111,6742,2063,4390,0.3787,0.5540,1
902,79cd602afb85e143,,wastar,"{""w"": 1.0}",pdb,"{""pdb_dir"": ""../phase1_data_generation/data/pdbs""}",42.00,1,solved,48,,1235,3850,1226,2555,0.2253,0.3277,1
903,e40cf7962d85ab13,,wastar,"{""w"": 1.0}",pdb,"{""pdb_dir"": ""../phase1_data_generation/data/pdbs""}",36.00,1,solved,40,,399,1261,399,849,0.0725,0.1051,1
904,6abfe0937d412c58,,wastar,"{""w"": 1.0}",pdb,"{""pdb_dir"": ""../phase1_data_generation/data/pdbs""}",40.00,1,solved,50,,3095,9689,3054,6370,0.5599,0.8176,1
905,13b5e029a7fd64c8,,wastar,"{""w"": 1.0}",pdb,"{""pdb_dir"": ""../phase1_data_generation/data/pdbs""}",46.00,1,solved,48,,180,562,181,383,0.0328,0.0474,1
906,b53cf4e0718a26d9,,wastar,"{""w"": 1.0}",pdb,"{""pdb_dir"": ""../phase1_data_generation/data/pdbs""}",36.00,1,solved,44,,1257,3954,1253,2616,0.2223,0.3243,1
907,bed859f4a302c671,,wastar,"{""w"": 1.0}",pdb,"{""pdb_dir"": ""../phase1_data_generation/data/pdbs""}",38.00,1,solved,42,,1358,4341,1347,2899,0.2384,0.3487,1
908,b9fed06825c3417a,,wastar,"{""w"": 1.0}",pdb,"{""pdb_dir"": ""../phase1_data_generation/data/pdbs""}",40.00,1,solved,46,,400,1272,400,861,0.0697,0.1013,1
909,e6a71d523c0f4b89,,wastar,"{""w"": 1.0}",pdb,"{""pdb_dir"": ""../phase1_data_generation/data/pdbs""}",44.00,1,solved,54,,14441,44266,14267,28451,2.5870,3.7905,1
910,21abf36c479de580,,wastar,"{""w"": 1.0}",pdb,"{""pdb_dir"": ""../phase1_data_generation/data/pdbs""}",44.00,1,solved,50,,364,1105,364,740,0.0667,0.0966,1
911,32e57cfa68d410b9,,wastar,"{""w"": 1.0}",pdb,"{""pdb_dir"": ""../phase1_data_generation/data/pdbs""}",46.00,1,solved,50,,627,1949,623,1303,0.1136,0.1649,1
912,bf3d794a2c08e615,,wastar,"{""w"": 1.0}",pdb,"{""pdb_dir"": ""../phase1_data_generation/data/pdbs""}",38.00,1,solved,46,,5866,18627,5796,12282,1.0631,1.5572,1
913,df87c3b6a219e054,,wastar,"{""w"": 1.0}",pdb,"{""pdb_dir"": ""../phase1_data_generation/data/pdbs""}",42.00,1,solved,46,,1224,3793,1216,2506,0.2200,0.3198,1
914,7cf83e950adb2164,,wastar,"{""w"": 1.0}",pdb,"{""pdb_dir"": ""../phase1_data_generation/data/pdbs""}",32.00,1,solved,34,,136,434,137,295,0.0231,0.0335,1
915,0d1f96a58b7c32e4,,wastar,"{""w"": 1.0}",pdb,"{""pdb_dir"": ""../phase1_data_generation/data/pdbs""}",36.00,1,solved,50,,42653,131782,41985,84039,7.7309,11.3648,1
916,b925fe187c64d03a,,wastar,"{""w"": 1.0}",pdb,"{""pdb_dir"": ""../phase1_data_generation/data/pdbs""}",42.00,1,solved,48,,1279,4006,1273,2683,0.2334,0.3397,1
917,ac68903db2f1574e,,wastar,"{""w"": 1.0}",pdb,"{""pdb_dir"": ""../phase1_data_generation/data/pdbs""}",40.00,1,solved,42,,107,349,107,241,0.0196,0.0284,1
918,dc09b5e4238a761f,,wastar,"{""w"": 1.0}",pdb,"{""pdb_dir"": ""../phase1_data_generation/data/pdbs""}",40.00,1,solved,42,,250,803,241,523,0.0438,0.0642,1
919,df1eb4c82a093765,,wastar,"{""w"": 1.0}",pdb,"{""pdb_dir"": ""../phase1_data_generation/data/pdbs""}",36.00,1,solved,40,,241,768,242,528,0.0439,0.0635,1
920,a6cef579028d43b1,,wastar,"{""w"": 1.0}",pdb,"{""pdb_dir"": ""../phase1_data_generation/data/pdbs""}",38.00,1,solved,40,,127,399,126,264,0.0230,0.0333,1
921,461afd987302b5ec,,wastar,"{""w"": 1.0}",pdb,"{""pdb_dir"": ""../phase1_data_generation/data/pdbs""}",44.00,1,solved,50,,1307,4149,1299,2765,0.2320,0.3385,1
922,5b9ac04f83de2167,,wastar,"{""w"": 1.0}",pdb,"{""pdb_dir"": ""../phase1_data_generation/data/pdbs""}",46.00,1,solved,54,,5110,15908,5023,10368,0.8927,1.3080,1
923,7e8f5ac0b3412d96,,wastar,"{""w"": 1.0}",pdb,"{""pdb_dir"": ""../phase1_data_generation/data/pdbs""}",38.00,1,solved,42,,365,1147,360,765,0.0658,0.0955,1
924,3c0689a2bf1de745,,wastar,"{""w"": 1.0}",pdb,"{""pdb_dir"": ""../phase1_data_generation/data/pdbs""}",46.00,1,solved,52,,3580,10940,3542,7103,0.6515,0.9482,1
925,fb41c028ed36a597,,wastar,"{""w"": 1.0}",pdb,"{""pdb_dir"": ""../phase1_data_generation/data/pdbs""}",44.00,1,solved,50,,1107,3515,1105,2380,0.2031,0.2949,1
926,6dc81fe2a70345b9,,wastar,"{""w"": 1.0}",pdb,"{""pdb_dir"": ""../phase1_data_generation/data/pdbs""}",40.00,1,solved,46,,4428,13552,4388,8853,0.7903,1.1543,1
927,f38b9c40ade76251,,wastar,"{""w"": 1.0}",pdb,"{""pdb_dir"": ""../phase1_data_generation/data/pdbs""}",36.00,1,solved,38,,94,307,95,212,0.0166,0.0240,1
928,7f81c03eba542d96,,wastar,"{""w"": 1.0}",pdb,"{""pdb_dir"": ""../phase1_data_generation/data/pdbs""}",38.00,1,solved,44,,2703,8466,2660,5476,0.4807,0.7037,1
929,b385d091ef7c42a6,,wastar,"{""w"": 1.0}",pdb,"{""pdb_dir"": ""../phase1_data_generation/data/pdbs""}",42.00,1,solved,50,,3085,9310,3048,6011,0.5628,0.8176,1
930,6e4750fbda193c82,,wastar,"{""w"": 1.0}",pdb,"{""pdb_dir"": ""../phase1_data_generation/data/pdbs""}",48.00,1,solved,54,,12217,38328,12060,24957,2.1652,3.1733,1
931,9d0f7ba834561ce2,,wastar,"{""w"": 1.0}",pdb,"{""pdb_dir"": ""../phase1_data_generation/data/pdbs""}",44.00,1,solved,48,,2220,6891,2206,4566,0.4028,0.5863,1
932,738e6cdb0214af59,,wastar,"{""w"": 1.0}",pdb,"{""pdb_dir"": ""../phase1_data_generation/data/pdbs""}",44.00,1,solved,48,,1102,3489,1089,2339,0.1994,0.2904,1
933,fe7c16b52a3490d8,,wastar,"{""w"": 1.0}",pdb,"{""pdb_dir"": ""../phase1_data_generation/data/pdbs""}",36.00,1,solved,44,,5705,17810,5571,11457,1.0192,1.4924,1
934,bf0a358e67c9214d,,wastar,"{""w"": 1.0}",pdb,"{""pdb_dir"": ""../phase1_data_generation/data/pdbs""}",32.00,1,solved,36,,661,2086,656,1382,0.1191,0.1735,1
935,0daeb148f95c7632,,wastar,"{""w"": 1.0}",pdb,"{""pdb_dir"": ""../phase1_data_generation/data/pdbs""}",38.00,1,solved,44,,1726,5387,1721,3561,0.2986,0.4351,1
936,fe0d5b8c2a941736,,wastar,"{""w"": 1.0}",pdb,"{""pdb_dir"": ""../phase1_data_generation/data/pdbs""}",26.00,1,solved,34,,1008,3128,992,2043,0.1765,0.2584,1
937,4fc3a7d0561e298b,,wastar,"{""w"": 1.0}",pdb,"{""pdb_dir"": ""../phase1_data_generation/data/pdbs""}",44.00,1,solved,52,,17037,53307,16747,34490,3.0166,4.4326,1
938,e8d4205691a7cbf3,,wastar,"{""w"": 1.0}",pdb,"{""pdb_dir"": ""../phase1_data_generation/data/pdbs""}",48.00,1,solved,56,,3294,10046,3285,6607,0.5978,0.8696,1
939,59bdc06ae734f281,,wastar,"{""w"": 1.0}",pdb,"{""pdb_dir"": ""../phase1_data_generation/data/pdbs""}",38.00,1,solved,44,,2228,7051,2198,4668,0.3999,0.5825,1
940,0dc2af1857496be3,,wastar,"{""w"": 1.0}",pdb,"{""pdb_dir"": ""../phase1_data_generation/data/pdbs""}",36.00,1,solved,48,,4875,15264,4839,10089,0.8707,1.2739,1
941,0ec6a5df837b2149,,wastar,"{""w"": 1.0}",pdb,"{""pdb_dir"": ""../phase1_data_generation/data/pdbs""}",36.00,1,solved,44,,2621,8226,2593,5406,0.4609,0.6745,1
942,cef8d560a12974b3,,wastar,"{""w"": 1.0}",pdb,"{""pdb_dir"": ""../phase1_data_generation/data/pdbs""}",42.00,1,solved,44,,76,238,77,163,0.0134,0.0193,1
943,7f1e84d0a5263bc9,,wastar,"{""w"": 1.0}",pdb,"{""pdb_dir"": ""../phase1_data_generation/data/pdbs""}",40.00,1,solved,44,,635,2031,631,1358,0.1137,0.1650,1
944,ab05fe82c73916d4,,wastar,"{""w"": 1.0}",pdb,"{""pdb_dir"": ""../phase1_data_generation/data/pdbs""}",42.00,1,solved,46,,501,1585,501,1070,0.0907,0.1315,1
945,bf9a561e230c748d,,wastar,"{""w"": 1.0}",pdb,"{""pdb_dir"": ""../phase1_data_generation/data/pdbs""}",34.00,1,solved,36,,131,407,132,277,0.0240,0.0345,1
946,cad5e7630b89f241,,wastar,"{""w"": 1.0}",pdb,"{""pdb_dir"": ""../phase1_data_generation/data/pdbs""}",40.00,1,solved,46,,1620,5002,1599,3288,0.2942,0.4284,1
947,69dfcab52748e310,,wastar,"{""w"": 1.0}",pdb,"{""pdb_dir"": ""../phase1_data_generation/data/pdbs""}",42.00,1,solved,48,,9333,29397,9085,19001,1.6636,2.4451,1
948,fbad98610e453c27,,wastar,"{""w"": 1.0}",pdb,"{""pdb_dir"": ""../phase1_data_generation/data/pdbs""}",38.00,1,solved,46,,5116,16162,5089,10628,0.9262,1.3517,1
949,ef2cb0d19a647358,,wastar,"{""w"": 1.0}",pdb,"{""pdb_dir"": ""../phase1_data_generation/data/pdbs""}",32.00,1,solved,38,,960,3078,952,2055,0.1653,0.2414,1
950,9f16428cbad370e5,,wastar,"{""w"": 1.0}",pdb,"{""pdb_dir"": ""../phase1_data_generation/data/pdbs""}",42.00,1,solved,50,,3540,11167,3512,7340,0.6223,0.9104,1
951,6baf9d30e4c15782,,wastar,"{""w"": 1.0}",pdb,"{""pdb_dir"": ""../phase1_data_generation/data/pdbs""}",40.00,1,solved,48,,1556,4910,1550,3271,0.2724,0.3971,1
952,ae0c916827d43bf5,,wastar,"{""w"": 1.0}",pdb,"{""pdb_dir"": ""../phase1_data_generation/data/pdbs""}",34.00,1,solved,46,,26897,85603,26519,55600,4.8410,7.1230,1
953,fa64508b723ed9c1,,wastar,"{""w"": 1.0}",pdb,"{""pdb_dir"": ""../phase1_data_generation/data/pdbs""}",40.00,1,solved,48,,3682,11658,3632,7670,0.6669,0.9777,1
954,2cf813bd7e06954a,,wastar,"{""w"": 1.0}",pdb,"{""pdb_dir"": ""../phase1_data_generation/data/pdbs""}",44.00,1,solved,52,,31686,97843,30818,62214,5.6513,8.3225,1
955,c8b2e93ad5417f60,,wastar,"{""w"": 1.0}",pdb,"{""pdb_dir"": ""../phase1_data_generation/data/pdbs""}",42.00,1,solved,48,,517,1617,518,1096,0.0911,0.1322,1
956,ef08c7a2395d146b,,wastar,"{""w"": 1.0}",pdb,"{""pdb_dir"": ""../phase1_data_generation/data/pdbs""}",38.00,1,solved,46,,3077,9776,3027,6370,0.5633,0.8275,1
957,b916f2a7548dc3e0,,wastar,"{""w"": 1.0}",pdb,"{""pdb_dir"": ""../phase1_data_generation/data/pdbs""}",46.00,1,solved,56,,4312,13181,4285,8627,0.7973,1.1606,1
958,01db52efa3c67894,,wastar,"{""w"": 1.0}",pdb,"{""pdb_dir"": ""../phase1_data_generation/data/pdbs""}",42.00,1,solved,52,,11667,35704,11531,23161,2.0978,3.0665,1
959,f6c1b0783dae4529,,wastar,"{""w"": 1.0}",pdb,"{""pdb_dir"": ""../phase1_data_generation/data/pdbs""}",38.00,1,solved,40,,280,859,281,576,0.0511,0.0737,1
960,e128904cd73afb65,,wastar,"{""w"": 1.0}",pdb,"{""pdb_dir"": ""../phase1_data_generation/data/pdbs""}",42.00,1,solved,48,,1790,5614,1781,3761,0.3190,0.4645,1
961,afb9318e750c246d,,wastar,"{""w"": 1.0}",pdb,"{""pdb_dir"": ""../phase1_data_generation/data/pdbs""}",38.00,1,solved,44,,1811,5600,1794,3680,0.3198,0.4654,1
962,e4d876359f0ba12c,,wastar,"{""w"": 1.0}",pdb,"{""pdb_dir"": ""../phase1_data_generation/data/pdbs""}",44.00,1,solved,50,,4636,14308,4577,9271,0.8243,1.2035,1
963,67b92f3c5da1e048,,wastar,"{""w"": 1.0}",pdb,"{""pdb_dir"": ""../phase1_data_generation/data/pdbs""}",38.00,1,solved,50,,21065,65389,20538,41736,3.7820,5.5602,1
964,4ae1c7b8fd596320,,wastar,"{""w"": 1.0}",pdb,"{""pdb_dir"": ""../phase1_data_generation/data/pdbs""}",40.00,1,solved,48,,707,2253,708,1540,0.1205,0.1752,1
965,bf9d20315ac87e46,,wastar,"{""w"": 1.0}",pdb,"{""pdb_dir"": ""../phase1_data_generation/data/pdbs""}",36.00,1,solved,40,,582,1834,579,1223,0.0997,0.1450,1
966,bf71c4d9368a2e50,,wastar,"{""w"": 1.0}",pdb,"{""pdb_dir"": ""../phase1_data_generation/data/pdbs""}",36.00,1,solved,44,,876,2804,869,1875,0.1493,0.2183,1
967,b586702e3caf1d94,,wastar,"{""w"": 1.0}",pdb,"{""pdb_dir"": ""../phase1_data_generation/data/pdbs""}",40.00,1,solved,44,,730,2311,731,1549,0.1256,0.1826,1
968,da6218ce9f0b4753,,wastar,"{""w"": 1.0}",pdb,"{""pdb_dir"": ""../phase1_data_generation/data/pdbs""}",48.00,1,solved,56,,5215,15847,5183,10389,0.9382,1.3645,1
969,da5270f86c4eb193,,wastar,"{""w"": 1.0}",pdb,"{""pdb_dir"": ""../phase1_data_generation/data/pdbs""}",42.00,1,solved,52,,11289,34942,11125,22732,1.9948,2.9222,1
970,5bfd76ea839c2014,,wastar,"{""w"": 1.0}",pdb,"{""pdb_dir"": ""../phase1_data_generation/data/pdbs""}",26.00,1,solved,36,,424,1357,423,925,0.0769,0.1116,1
971,b90dcf84a752e316,,wastar,"{""w"": 1.0}",pdb,"{""pdb_dir"": ""../phase1_data_generation/data/pdbs""}",34.00,1,solved,38,,274,879,274,580,0.0498,0.0720,1
972,b6ad78f10ec53942,,wastar,"{""w"": 1.0}",pdb,"{""pdb_dir"": ""../phase1_data_generation/data/pdbs""}",32.00,1,solved,38,,235,742,236,507,0.0429,0.0619,1
973,8fed907c2b635a41,,wastar,"{""w"": 1.0}",pdb,"{""pdb_dir"": ""../phase1_data_generation/data/pdbs""}",34.00,1,solved,42,,2573,8240,2535,5472,0.4588,0.6711,1
974,be5c109327af684d,,wastar,"{""w"": 1.0}",pdb,"{""pdb_dir"": ""../phase1_data_generation/data/pdbs""}",40.00,1,solved,48,,2784,8835,2763,5808,0.4885,0.7135,1
975,da7b165f0ec93284,,wastar,"{""w"": 1.0}",pdb,"{""pdb_dir"": ""../phase1_data_generation/data/pdbs""}",38.00,1,solved,46,,2108,6494,2094,4276,0.3703,0.5395,1
976,f69b1ced7a382045,,wastar,"{""w"": 1.0}",pdb,"{""pdb_dir"": ""../phase1_data_generation/data/pdbs""}",32.00,1,solved,38,,70,226,71,155,0.0125,0.0178,1
977,9adebc65f8032174,,wastar,"{""w"": 1.0}",pdb,"{""pdb_dir"": ""../phase1_data_generation/data/pdbs""}",36.00,1,solved,44,,3717,11739,3696,7822,0.6584,0.9657,1
978,f7c8249e650dab31,,wastar,"{""w"": 1.0}",pdb,"{""pdb_dir"": ""../phase1_data_generation/data/pdbs""}",36.00,1,solved,40,,711,2244,708,1489,0.1256,0.1834,1
979,cb74d390f8526ea1,,wastar,"{""w"": 1.0}",pdb,"{""pdb_dir"": ""../phase1_data_generation/data/pdbs""}",38.00,1,solved,48,,5716,17927,5657,11704,1.0330,1.5077,1
980,5f0cea18d6497b23,,wastar,"{""w"": 1.0}",pdb,"{""pdb_dir"": ""../phase1_data_generation/data/pdbs""}",34.00,1,solved,44,,3875,12136,3832,7949,0.6749,0.9871,1
981,5bc264e01fa8379d,,wastar,"{""w"": 1.0}",pdb,"{""pdb_dir"": ""../phase1_data_generation/data/pdbs""}",42.00,1,solved,50,,15267,47303,15072,30390,2.7002,3.9498,1
982,eb87c39afd641250,,wastar,"{""w"": 1.0}",pdb,"{""pdb_dir"": ""../phase1_data_generation/data/pdbs""}",40.00,1,solved,48,,10288,32032,10116,20565,1.7876,2.6190,1
983,c2de8f14ab057963,,wastar,"{""w"": 1.0}",pdb,"{""pdb_dir"": ""../phase1_data_generation/data/pdbs""}",42.00,1,solved,46,,145,459,146,312,0.0247,0.0357,1
984,6ce39f71a20db845,,wastar,"{""w"": 1.0}",pdb,"{""pdb_dir"": ""../phase1_data_generation/data/pdbs""}",42.00,1,solved,48,,856,2656,853,1737,0.1479,0.2152,1
985,b835fadc0149e267,,wastar,"{""w"": 1.0}",pdb,"{""pdb_dir"": ""../phase1_data_generation/data/pdbs""}",42.00,1,solved,46,,361,1117,362,742,0.0619,0.0900,1
986,32bf615a8d04e7c9,,wastar,"{""w"": 1.0}",pdb,"{""pdb_dir"": ""../phase1_data_generation/data/pdbs""}",48.00,1,solved,56,,13821,42221,13639,27297,2.4380,3.5666,1
987,7bedfc80641a2935,,wastar,"{""w"": 1.0}",pdb,"{""pdb_dir"": ""../phase1_data_generation/data/pdbs""}",34.00,1,solved,40,,504,1575,504,1061,0.0895,0.1296,1
988,fec8a9543d71206b,,wastar,"{""w"": 1.0}",pdb,"{""pdb_dir"": ""../phase1_data_generation/data/pdbs""}",24.00,1,solved,32,,509,1641,506,1112,0.0893,0.1298,1
989,c458a39d2701ebf6,,wastar,"{""w"": 1.0}",pdb,"{""pdb_dir"": ""../phase1_data_generation/data/pdbs""}",42.00,1,solved,50,,2412,7564,2396,5060,0.4217,0.6158,1
990,e581d046ba932f7c,,wastar,"{""w"": 1.0}",pdb,"{""pdb_dir"": ""../phase1_data_generation/data/pdbs""}",46.00,1,solved,52,,4152,12669,4122,8329,0.7470,1.0876,1
991,efd157c08a2b3964,,wastar,"{""w"": 1.0}",pdb,"{""pdb_dir"": ""../phase1_data_generation/data/pdbs""}",36.00,1,solved,42,,430,1332,429,897,0.0781,0.1131,1
992,7be5a4801cfd2369,,wastar,"{""w"": 1.0}",pdb,"{""pdb_dir"": ""../phase1_data_generation/data/pdbs""}",44.00,1,solved,48,,3420,10723,3294,6850,0.6016,0.8828,1
993,de95f81072b6c34a,,wastar,"{""w"": 1.0}",pdb,"{""pdb_dir"": ""../phase1_data_generation/data/pdbs""}",34.00,1,solved,44,,896,2792,887,1835,0.1573,0.2285,1
994,87bdc26a0451ef39,,wastar,"{""w"": 1.0}",pdb,"{""pdb_dir"": ""../phase1_data_generation/data/pdbs""}",44.00,1,solved,44,,113,359,114,247,0.0197,0.0286,1
995,0bed7fac45692183,,wastar,"{""w"": 1.0}",pdb,"{""pdb_dir"": ""../phase1_data_generation/data/pdbs""}",34.00,1,solved,38,,239,748,240,507,0.0414,0.0602,1
996,6edc7fba21053894,,wastar,"{""w"": 1.0}",pdb,"{""pdb_dir"": ""../phase1_data_generation/data/pdbs""}",26.00,1,solved,30,,127,418,128,289,0.0223,0.0323,1
997,0f4eb56138acd792,,wastar,"{""w"": 1.0}",pdb,"{""pdb_dir"": ""../phase1_data_generation/data/pdbs""}",38.00,1,solved,44,,1548,4976,1519,3285,0.2662,0.3905,1
998,be87cad5169f3240,,wastar,"{""w"": 1.0}",pdb,"{""pdb_dir"": ""../phase1_data_generation/data/pdbs""}",36.00,1,solved,42,,154,502,153,342,0.0288,0.0419,1
999,c80942a1f6b5de73,,wastar,"{""w"": 1.0}",pdb,"{""pdb_dir"": ""../phase1_data_generation/data/pdbs""}",44.00,1,solved,52,,3634,11235,3611,7483,0.6514,0.9497,1
0,8cdfb65a7391e024,,wastar,"{""w"": 2.0}",pdb,"{""pdb_dir"": ""../phase1_data_generation/data/pdbs""}",36.00,1,solved,60,,196,622,197,427,0.0360,0.0522,1
1,65f87c9b3d421ae0,,wastar,"{""w"": 2.0}",pdb,"{""pdb_dir"": ""../phase1_data_generation/data/pdbs""}",38.00,1,solved,54,,440,1383,434,919,0.0793,0.1153,1
2,da4f3be0c9816275,,wastar,"{""w"": 2.0}",pdb,"{""pdb_dir"": ""../phase1_data_generation/data/pdbs""}",42.00,1,solved,62,,257,814,254,546,0.0463,0.0672,1
3,eadbc6570128f394,,wastar,"{""w"": 2.0}",pdb,"{""pdb_dir"": ""../phase1_data_generation/data/pdbs""}",32.00,1,solved,42,,99,326,100,227,0.0181,0.0262,1
4,fa8170c92d653be4,,wastar,"{""w"": 2.0}",pdb,"{""pdb_dir"": ""../phase1_data_generation/data/pdbs""}",32.00,1,solved,46,,272,887,259,578,0.0473,0.0695,1
5,da689174fe0523cb,,wastar,"{""w"": 2.0}",pdb,"{""pdb_dir"": ""../phase1_data_generation/data/pdbs""}",42.00,1,solved,62,,148,472,149,325,0.0270,0.0391,1
6,fa38e9bc752460d1,,wastar,"{""w"": 2.0}",pdb,"{""pdb_dir"": ""../phase1_data_generation/data/pdbs""}",34.00,1,solved,50,,240,781,224,502,0.0403,0.0597,1
7,0f6d73aeb8c51294,,wastar,"{""w"": 2.0}",pdb,"{""pdb_dir"": ""../phase1_data_generation/data/pdbs""}",32.00,1,solved,48,,836,2696,794,1736,0.1449,0.2132,1
8,f5c2ad80eb714693,,wastar,"{""w"": 2.0}",pdb,"{""pdb_dir"": ""../phase1_data_generation/data/pdbs""}",38.00,1,solved,54,,200,628,195,414,0.0356,0.0518,1
9,ea09fb7d1245386c,,wastar,"{""w"": 2.0}",pdb,"{""pdb_dir"": ""../phase1_data_generation/data/pdbs""}",34.00,1,solved,46,,248,795,247,535,0.0450,0.0654,1
10,1f08a4d37c625eb9,,wastar,"{""w"": 2.0}",pdb,"{""pdb_dir"": ""../phase1_data_generation/data/pdbs""}",46.00,1,solved,66,,190,610,191,421,0.0346,0.0501,1
11,0cb47e6592a183df,,wastar,"{""w"": 2.0}",pdb,"{""pdb_dir"": ""../phase1_data_generation/data/pdbs""}",46.00,1,solved,70,,991,3176,887,1897,0.1599,0.2396,1
12,980a6fc437e2bd15,,wastar,"{""w"": 2.0}",pdb,"{""pdb_dir"": ""../phase1_data_generation/data/pdbs""}",38.00,1,solved,58,,250,798,237,511,0.0426,0.0627,1
13,ca05ed26f479b381,,wastar,"{""w"": 2.0}",pdb,"{""pdb_dir"": ""../phase1_data_generation/data/pdbs""}",38.00,1,solved,38,,53,160,54,108,0.0099,0.0141,1
14,9ec8fa3d2b645071,,wastar,"{""w"": 2.0}",pdb,"{""pdb_dir"": ""../phase1_data_generation/data/pdbs""}",30.00,1,solved,34,,48,155,49,108,0.0089,0.0127,1
15,6fbd9c583ea42017,,wastar,"{""w"": 2.0}",pdb,"{""pdb_dir"": ""../phase1_data_generation/data/pdbs""}",32.00,1,solved,48,,229,738,224,492,0.0405,0.0590,1
16,f1d7a82e340b65c9,,wastar,"{""w"": 2.0}",pdb,"{""pdb_dir"": ""../phase1_data_generation/data/pdbs""}",44.00,1,solved,60,,146,469,147,324,0.0266,0.0382,1
17,bd0c6e78a9f41352,,wastar,"{""w"": 2.0}",pdb,"{""pdb_dir"": ""../phase1_data_generation/data/pdbs""}",32.00,1,solved,38,,48,158,49,111,0.0088,0.0125,1
18,8f9d2b3046e17ac5,,wastar,"{""w"": 2.0}",pdb,"{""pdb_dir"": ""../phase1_data_generation/data/pdbs""}",38.00,1,solved,58,,240,759,241,518,0.0422,0.0610,1
19,09c5e4ad2861fb37,,wastar,"{""w"": 2.0}",pdb,"{""pdb_dir"": ""../phase1_data_generation/data/pdbs""}",40.00,1,solved,56,,334,1034,332,692,0.0584,0.0847,1
20,023e9f6db5ac1784,,wastar,"{""w"": 2.0}",pdb,"{""pdb_dir"": ""../phase1_data_generation/data/pdbs""}",38.00,1,solved,48,,69,222,70,154,0.0126,0.0184,1
21,3bac4f2e0581796d,,wastar,"{""w"": 2.0}",pdb,"{""pdb_dir"": ""../phase1_data_generation/data/pdbs""}",38.00,1,solved,56,,266,833,265,559,0.0448,0.0650,1
22,d90c78a4b236e5f1,,wastar,"{""w"": 2.0}",pdb,"{""pdb_dir"": ""../phase1_data_generation/data/pdbs""}",34.00,1,solved,44,,229,748,230,515,0.0385,0.0560,1
23,e2dc5af87309b641,,wastar,"{""w"": 2.0}",pdb,"{""pdb_dir"": ""../phase1_data_generation/data/pdbs""}",28.00,1,solved,44,,305,972,306,662,0.0514,0.0745,1
24,f94c7ab8650123ed,,wastar,"{""w"": 2.0}",pdb,"{""pdb_dir"": ""../phase1_data_generation/data/pdbs""}",36.00,1,solved,50,,185,599,186,414,0.0324,0.0468,1
25,cfda7312590eb648,,wastar,"{""w"": 2.0}",pdb,"{""pdb_dir"": ""../phase1_data_generation/data/pdbs""}",40.00,1,solved,60,,228,728,229,501,0.0387,0.0561,1
26,8964e23dbc0f1a75,,wastar,"{""w"": 2.0}",pdb,"{""pdb_dir"": ""../phase1_data_generation/data/pdbs""}",44.00,1,solved,66,,248,764,249,517,0.0420,0.0610,1
27,13647bae2c08d59f,,wastar,"{""w"": 2.0}",pdb,"{""pdb_dir"": ""../phase1_data_generation/data/pdbs""}",54.00,1,solved,72,,615,2031,611,1382,0.1047,0.1529,1
28,d208b59c46f37e1a,,wastar,"{""w"": 2.0}",pdb,"{""pdb_dir"": ""../phase1_data_generation/data/pdbs""}",40.00,1,solved,62,,174,554,175,381,0.0304,0.0439,1
29,7e158d906cf43ab2,,wastar,"{""w"": 2.0}",pdb,"{""pdb_dir"": ""../phase1_data_generation/data/pdbs""}",38.00,1,solved,62,,219,694,220,476,0.0386,0.0559,1
30,86d9b7304aef125c,,wastar,"{""w"": 2.0}",pdb,"{""pdb_dir"": ""../phase1_data_generation/data/pdbs""}",46.00,1,solved,64,,144,460,145,317,0.0276,0.0399,1
31,8d7cf61a4b0e2539,,wastar,"{""w"": 2.0}",pdb,"{""pdb_dir"": ""../phase1_data_generation/data/pdbs""}",42.00,1,solved,62,,184,583,185,400,0.0322,0.0473,1
32,b38cad416ef79052,,wastar,"{""w"": 2.0}",pdb,"{""pdb_dir"": ""../phase1_data_generation/data/pdbs""}",36.00,1,solved,50,,167,537,158,348,0.0278,0.0410,1
33,39f86eadbc027514,,wastar,"{""w"": 2.0}",pdb,"{""pdb_dir"": ""../phase1_data_generation/data/pdbs""}",36.00,1,solved,50,,95,312,96,218,0.0170,0.0245,1
34,b3ae5d607214cf98,,wastar,"{""w"": 2.0}",pdb,"{""pdb_dir"": ""../phase1_data_generation/data/pdbs""}",44.00,1,solved,62,,140,449,141,310,0.0254,0.0367,1
35,b98cdaf73605e412,,wastar,"{""w"": 2.0}",pdb,"{""pdb_dir"": ""../phase1_data_generation/data/pdbs""}",38.00,1,solved,64,,1340,4214,1181,2466,0.2146,0.3219,1
36,6f5ce03dba179482,,wastar,"{""w"": 2.0}",pdb,"{""pdb_dir"": ""../phase1_data_generation/data/pdbs""}",40.00,1,solved,58,,1496,4708,1398,2951,0.2519,0.3724,1
37,7301856e2bfac94d,,wastar,"{""w"": 2.0}",pdb,"{""pdb_dir"": ""../phase1_data_generation/data/pdbs""}",50.00,1,solved,68,,268,843,268,571,0.0476,0.0689,1
38,0fb75d943ec126a8,,wastar,"{""w"": 2.0}",pdb,"{""pdb_dir"": ""../phase1_data_generation/data/pdbs""}",36.00,1,solved,58,,602,1928,566,1211,0.1025,0.1512,1
39,e32c7015abd8f694,,wastar,"{""w"": 2.0}",pdb,"{""pdb_dir"": ""../phase1_data_generation/data/pdbs""}",36.00,1,solved,54,,421,1366,395,878,0.0721,0.1062,1
40,f5048eb97d1a36c2,,wastar,"{""w"": 2.0}",pdb,"{""pdb_dir"": ""../phase1_data_generation/data/pdbs""}",34.00,1,solved,50,,494,1604,491,1085,0.0883,0.1284,1
41,63fbd92c840a751e,,wastar,"{""w"": 2.0}",pdb,"{""pdb_dir"": ""../phase1_data_generation/data/pdbs""}",42.00,1,solved,66,,415,1311,408,871,0.0725,0.1057,1
42,5ecdf3b928071a46,,wastar,"{""w"": 2.0}",pdb,"{""pdb_dir"": ""../phase1_data_generation/data/pdbs""}",36.00,1,solved,48,,209,663,209,450,0.0372,0.0538,1
43,e842cd67b901f3a5,,wastar,"{""w"": 2.0}",pdb,"{""pdb_dir"": ""../phase1_data_generation/data/pdbs""}",40.00,1,solved,64,,1117,3521,1074,2237,0.1958,0.2868,1
44,e5f1d3bc02a67498,,wastar,"{""w"": 2.0}",pdb,"{""pdb_dir"": ""../phase1_data_generation/data/pdbs""}",40.00,1,solved,62,,488,1522,478,996,0.0872,0.1268,1
45,5df9b8e4a71c2036,,wastar,"{""w"": 2.0}",pdb,"{""pdb_dir"": ""../phase1_data_generation/data/pdbs""}",40.00,1,solved,70,,478,1532,473,1030,0.0856,0.1246,1
46,e91cf362ba5d7840,,wastar,"{""w"": 2.0}",pdb,"{""pdb_dir"": ""../phase1_data_generation/data/pdbs""}",36.00,1,solved,50,,432,1336,425,875,0.0769,0.1116,1
47,134cfe8abd796052,,wastar,"{""w"": 2.0}",pdb,"{""pdb_dir"": ""../phase1_data_generation/data/pdbs""}",38.00,1,solved,56,,183,587,184,402,0.0321,0.0463,1
48,7fd425ca96083b1e,,wastar,"{""w"": 2.0}",pdb,"{""pdb_dir"": ""../phase1_data_generation/data/pdbs""}",36.00,1,solved,50,,87,291,88,205,0.0155,0.0223,1
49,e28cf1d50b4637a9,,wastar,"{""w"": 2.0}",pdb,"{""pdb_dir"": ""../phase1_data_generation/data/pdbs""}",34.00,1,solved,40,,103,330,103,226,0.0181,0.0263,1
50,6172a04cbde8f593,,wastar,"{""w"": 2.0}",pdb,"{""pdb_dir"": ""../phase1_data_generation/data/pdbs""}",48.00,1,solved,66,,564,1766,551,1158,0.0960,0.1404,1
51,81679da0befc3245,,wastar,"{""w"": 2.0}",pdb,"{""pdb_dir"": ""../phase1_data_generation/data/pdbs""}",42.00,1,solved,56,,299,950,282,607,0.0492,0.0728,1
52,79d850c2f6a4be31,,wastar,"{""w"": 2.0}",pdb,"{""pdb_dir"": ""../phase1_data_generation/data/pdbs""}",34.00,1,solved,52,,428,1386,266,591,0.0463,0.0777,1
53,ef4568ac7d1932b0,,wastar,"{""w"": 2.0}",pdb,"{""pdb_dir"": ""../phase1_data_generation/data/pdbs""}",32.00,1,solved,44,,114,360,115,243,0.0195,0.0282,1
54,ec6d7120358b49af,,wastar,"{""w"": 2.0}",pdb,"{""pdb_dir"": ""../phase1_data_generation/data/pdbs""}",42.00,1,solved,72,,1152,3620,1128,2371,0.1942,0.2844,1
55,b8f4c015e69d327a,,wastar,"{""w"": 2.0}",pdb,"{""pdb_dir"": ""../phase1_data_generation/data/pdbs""}",38.00,1,solved,56,,440,1397,415,881,0.0703,0.1038,1
56,d7083c5469efa21b,,wastar,"{""w"": 2.0}",pdb,"{""pdb_dir"": ""../phase1_data_generation/data/pdbs""}",40.00,1,solved,48,,55,174,56,120,0.0095,0.0136,1
57,ce856da1b9f47230,,wastar,"{""w"": 2.0}",pdb,"{""pdb_dir"": ""../phase1_data_generation/data/pdbs""}",38.00,1,solved,46,,96,308,97,213,0.0167,0.0240,1
58,bc9e83f60a74125d,,wastar,"{""w"": 2.0}",pdb,"{""pdb_dir"": ""../phase1_data_generation/data/pdbs""}",40.00,1,solved,66,,495,1572,492,1054,0.0837,0.1216,1
59,fcbd1e49720856a3,,wastar,"{""w"": 2.0}",pdb,"{""pdb_dir"": ""../phase1_data_generation/data/pdbs""}",40.00,1,solved,54,,128,415,129,288,0.0224,0.0323,1
60,370fd5c469ab28e1,,wastar,"{""w"": 2.0}",pdb,"{""pdb_dir"": ""../phase1_data_generation/data/pdbs""}",40.00,1,solved,46,,54,178,55,125,0.0093,0.0138,1
61,d3bf746c08e92a15,,wastar,"{""w"": 2.0}",pdb,"{""pdb_dir"": ""../phase1_data_generation/data/pdbs""}",40.00,1,solved,42,,62,193,63,132,0.0111,0.0158,1
62,02f596cb7ade1348,,wastar,"{""w"": 2.0}",pdb,"{""pdb_dir"": ""../phase1_data_generation/data/pdbs""}",38.00,1,solved,60,,252,776,252,521,0.0439,0.0636,1
63,7f0e9a832dcb6145,,wastar,"{""w"": 2.0}",pdb,"{""pdb_dir"": ""../phase1_data_generation/data/pdbs""}",38.00,1,solved,52,,461,1446,449,949,0.0775,0.1133,1
64,94dc8ea60b3172f5,,wastar,"{""w"": 2.0}",pdb,"{""pdb_dir"": ""../phase1_data_generation/data/pdbs""}",38.00,1,solved,52,,88,285,89,198,0.0150,0.0216,1
65,2f3d5e748169a0cb,,wastar,"{""w"": 2.0}",pdb,"{""pdb_dir"": ""../phase1_data_generation/data/pdbs""}",46.00,1,solved,64,,170,545,168,369,0.0292,0.0424,1
66,2c08a4b9f7513de6,,wastar,"{""w"": 2.0}",pdb,"{""pdb_dir"": ""../phase1_data_generation/data/pdbs""}",38.00,1,solved,52,,1281,4056,1231,2567,0.2154,0.3164,1
67,e5b973c86f0d412a,,wastar,"{""w"": 2.0}",pdb,"{""pdb_dir"": ""../phase1_data_generation/data/pdbs""}",40.00,1,solved,56,,133,428,133,292,0.0236,0.0341,1
68,2f5c6d840e31ab79,,wastar,"{""w"": 2.0}",pdb,"{""pdb_dir"": ""../phase1_data_generation/data/pdbs""}",34.00,1,solved,50,,153,492,154,340,0.0278,0.0402,1
69,d6fca037b254e198,,wastar,"{""w"": 2.0}",pdb,"{""pdb_dir"": ""../phase1_data_generation/data/pdbs""}",38.00,1,solved,62,,394,1280,381,837,0.0686,0.1003,1
70,a7ed91c82f453b60,,wastar,"{""w"": 2.0}",pdb,"{""pdb_dir"": ""../phase1_data_generation/data/pdbs""}",34.00,1,solved,50,,126,403,127,278,0.0229,0.0332,1
71,4b7d2f5a06ec1389,,wastar,"{""w"": 2.0}",pdb,"{""pdb_dir"": ""../phase1_data_generation/data/pdbs""}",42.00,1,solved,60,,1258,3986,1243,2635,0.2234,0.3257,1
72,098eab472d6c351f,,wastar,"{""w"": 2.0}",pdb,"{""pdb_dir"": ""../phase1_data_generation/data/pdbs""}",40.00,1,solved,60,,372,1179,373,803,0.0664,0.0962,1
73,af45c2b80e931d67,,wastar,"{""w"": 2.0}",pdb,"{""pdb_dir"": ""../phase1_data_generation/data/pdbs""}",46.00,1,solved,60,,130,403,131,274,0.0238,0.0344,1
74,be08179d6a2fc354,,wastar,"{""w"": 2.0}",pdb,"{""pdb_dir"": ""../phase1_data_generation/data/pdbs""}",36.00,1,solved,62,,450,1440,449,981,0.0799,0.1158,1
75,3db4a19e7f05286c,,wastar,"{""w"": 2.0}",pdb,"{""pdb_dir"": ""../phase1_data_generation/data/pdbs""}",42.00,1,solved,64,,1028,3353,940,2061,0.1679,0.2502,1
76,76ecf3d49805ba21,,wastar,"{""w"": 2.0}",pdb,"{""pdb_dir"": ""../phase1_data_generation/data/pdbs""}",26.00,1,solved,40,,282,910,277,610,0.0490,0.0715,1
77,facb6e19430d8725,,wastar,"{""w"": 2.0}",pdb,"{""pdb_dir"": ""../phase1_data_generation/data/pdbs""}",36.00,1,solved,54,,584,1878,552,1213,0.0979,0.1443,1
78,4906fce2b7d853a1,,wastar,"{""w"": 2.0}",pdb,"{""pdb_dir"": ""../phase1_data_generation/data/pdbs""}",40.00,1,solved,56,,178,572,178,391,0.0324,0.0468,1
79,46d780f9b5eca213,,wastar,"{""w"": 2.0}",pdb,"{""pdb_dir"": ""../phase1_data_generation/data/pdbs""}",46.00,1,solved,70,,181,587,181,402,0.0322,0.0466,1
80,de07416b398fa25c,,wastar,"{""w"": 2.0}",pdb,"{""pdb_dir"": ""../phase1_data_generation/data/pdbs""}",46.00,1,solved,74,,840,2713,754,1652,0.1339,0.2004,1
81,cb1afe9d62387045,,wastar,"{""w"": 2.0}",pdb,"{""pdb_dir"": ""../phase1_data_generation/data/pdbs""}",32.00,1,solved,34,,35,117,36,83,0.0066,0.0094,1
82,d5fc3ea8790146b2,,wastar,"{""w"": 2.0}",pdb,"{""pdb_dir"": ""../phase1_data_generation/data/pdbs""}",36.00,1,solved,50,,472,1536,441,978,0.0794,0.1173,1
83,689f42bcd3e57a10,,wastar,"{""w"": 2.0}",pdb,"{""pdb_dir"": ""../phase1_data_generation/data/pdbs""}",40.00,1,solved,56,,91,288,92,198,0.0164,0.0237,1
84,384e67c0af291bd5,,wastar,"{""w"": 2.0}",pdb,"{""pdb_dir"": ""../phase1_data_generation/data/pdbs""}",42.00,1,solved,62,,1506,4699,1371,2831,0.2403,0.3581,1
85,f9d485730cb1a6e2,,wastar,"{""w"": 2.0}",pdb,"{""pdb_dir"": ""../phase1_data_generation/data/pdbs""}",40.00,1,solved,56,,118,373,116,248,0.0210,0.0305,1
86,f94c758ab631e2d0,,wastar,"{""w"": 2.0}",pdb,"{""pdb_dir"": ""../phase1_data_generation/data/pdbs""}",34.00,1,solved,44,,293,937,291,629,0.0527,0.0765,1
87,5becf9a0714d6328,,wastar,"{""w"": 2.0}",pdb,"{""pdb_dir"": ""../phase1_data_generation/data/pdbs""}",30.00,1,solved,42,,394,1266,390,857,0.0694,0.1008,1
88,670f591ce3d2a48b,,wastar,"{""w"": 2.0}",pdb,"{""pdb_dir"": ""../phase1_data_generation/data/pdbs""}",40.00,1,solved,50,,153,487,145,312,0.0252,0.0372,1
89,0d1ef39c7a524b68,,wastar,"{""w"": 2.0}",pdb,"{""pdb_dir"": ""../phase1_data_generation/data/pdbs""}",36.00,1,solved,52,,141,445,141,301,0.0238,0.0344,1
90,d18cf0e27946a5b3,,wastar,"{""w"": 2.0}",pdb,"{""pdb_dir"": ""../phase1_data_generation/data/pdbs""}",38.00,1,solved,48,,60,193,61,134,0.0101,0.0146,1
91,0389af6e2b7dc154,,wastar,"{""w"": 2.0}",pdb,"{""pdb_dir"": ""../phase1_data_generation/data/pdbs""}",38.00,1,solved,46,,115,373,115,255,0.0193,0.0279,1
92,76c9a048febd2351,,wastar,"{""w"": 2.0}",pdb,"{""pdb_dir"": ""../phase1_data_generation/data/pdbs""}",34.00,1,solved,44,,151,474,152,324,0.0268,0.0385,1
93,c207ebd8f6a19543,,wastar,"{""w"": 2.0}",pdb,"{""pdb_dir"": ""../phase1_data_generation/data/pdbs""}",42.00,1,solved,52,,271,864,271,581,0.0476,0.0687,1
94,7fe4bac82d651930,,wastar,"{""w"": 2.0}",pdb,"{""pdb_dir"": ""../phase1_data_generation/data/pdbs""}",32.00,1,solved,50,,171,534,172,362,0.0295,0.0426,1
95,7d6be28c3f9a1054,,wastar,"{""w"": 2.0}",pdb,"{""pdb_dir"": ""../phase1_data_generation/data/pdbs""}",28.00,1,solved,42,,118,369,119,252,0.0205,0.0294,1
96,b4d3ce96081a72f5,,wastar,"{""w"": 2.0}",pdb,"{""pdb_dir"": ""../phase1_data_generation/data/pdbs""}",46.00,1,solved,72,,194,612,195,419,0.0336,0.0489,1
97,9cab10dfe8537246,,wastar,"{""w"": 2.0}",pdb,"{""pdb_dir"": ""../phase1_data_generation/data/pdbs""}",44.00,1,solved,62,,229,732,221,485,0.0376,0.0551,1
98,c9ed7f13b405682a,,wastar,"{""w"": 2.0}",pdb,"{""pdb_dir"": ""../phase1_data_generation/data/pdbs""}",42.00,1,solved,68,,699,2215,670,1426,0.1147,0.1687,1
99,f58ab3427e6cd190,,wastar,"{""w"": 2.0}",pdb,"{""pdb_dir"": ""../phase1_data_generation/data/pdbs""}",40.00,1,solved,54,,92,298,93,207,0.0159,0.0235,1
100,cd9aef14265b8730,,wastar,"{""w"": 2.0}",pdb,"{""pdb_dir"": ""../phase1_data_generation/data/pdbs""}",42.00,1,solved,68,,360,1129,352,739,0.0621,0.0909,1
101,29ed7f683ab4105c,,wastar,"{""w"": 2.0}",pdb,"{""pdb_dir"": ""../phase1_data_generation/data/pdbs""}",32.00,1,solved,44,,125,408,125,280,0.0238,0.0345,1
102,fd41bc60895a2e37,,wastar,"{""w"": 2.0}",pdb,"{""pdb_dir"": ""../phase1_data_generation/data/pdbs""}",40.00,1,solved,60,,295,930,242,520,0.0434,0.0669,1
103,ea017f926c5d3b84,,wastar,"{""w"": 2.0}",pdb,"{""pdb_dir"": ""../phase1_data_generation/data/pdbs""}",32.00,1,solved,54,,310,987,310,669,0.0532,0.0770,1
104,b8cfa1603d9e7254,,wastar,"{""w"": 2.0}",pdb,"{""pdb_dir"": ""../phase1_data_generation/data/pdbs""}",36.00,1,solved,50,,156,496,157,340,0.0274,0.0398,1
105,97fea518063db24c,,wastar,"{""w"": 2.0}",pdb,"{""pdb_dir"": ""../phase1_data_generation/data/pdbs""}",36.00,1,solved,48,,159,510,156,343,0.0269,0.0392,1
106,867b2fc9354ed01a,,wastar,"{""w"": 2.0}",pdb,"{""pdb_dir"": ""../phase1_data_generation/data/pdbs""}",44.00,1,solved,70,,641,2011,583,1218,0.1039,0.1544,1
107,7b8f3ae02c4d6915,,wastar,"{""w"": 2.0}",pdb,"{""pdb_dir"": ""../phase1_data_generation/data/pdbs""}",36.00,1,solved,40,,42,127,43,86,0.0076,0.0109,1
108,69a83015bfcd2e74,,wastar,"{""w"": 2.0}",pdb,"{""pdb_dir"": ""../phase1_data_generation/data/pdbs""}",38.00,1,solved,62,,986,3102,743,1558,0.1333,0.2090,1
109,5ed46b8fc70923a1,,wastar,"{""w"": 2.0}",pdb,"{""pdb_dir"": ""../phase1_data_generation/data/pdbs""}",44.00,1,solved,56,,91,288,92,198,0.0165,0.0237,1
110,d981e0af46c2b735,,wastar,"{""w"": 2.0}",pdb,"{""pdb_dir"": ""../phase1_data_generation/data/pdbs""}",38.00,1,solved,44,,58,182,59,125,0.0108,0.0156,1
111,9f0c3dab7528614e,,wastar,"{""w"": 2.0}",pdb,"{""pdb_dir"": ""../phase1_data_generation/data/pdbs""}",36.00,1,solved,46,,267,853,247,523,0.0443,0.0655,1
112,798d54b2ec0136af,,wastar,"{""w"": 2.0}",pdb,"{""pdb_dir"": ""../phase1_data_generation/data/pdbs""}",44.00,1,solved,60,,117,375,118,259,0.0212,0.0306,1
113,2ed87f340916c5ba,,wastar,"{""w"": 2.0}",pdb,"{""pdb_dir"": ""../phase1_data_generation/data/pdbs""}",44.00,1,solved,52,,80,264,81,185,0.0144,0.0208,1
114,3df75029ea186cb4,,wastar,"{""w"": 2.0}",pdb,"{""pdb_dir"": ""../phase1_data_generation/data/pdbs""}",46.00,1,solved,54,,103,340,103,233,0.0185,0.0269,1
115,ba9c4827fe0d5361,,wastar,"{""w"": 2.0}",pdb,"{""pdb_dir"": ""../phase1_data_generation/data/pdbs""}",38.00,1,solved,54,,111,361,111,246,0.0196,0.0283,1
116,bedaf58c76023914,,wastar,"{""w"": 2.0}",pdb,"{""pdb_dir"": ""../phase1_data_generation/data/pdbs""}",28.00,1,solved,40,,75,236,76,162,0.0136,0.0195,1
117,8f36b09e24cda715,,wastar,"{""w"": 2.0}",pdb,"{""pdb_dir"": ""../phase1_data_generation/data/pdbs""}",42.00,1,solved,60,,158,493,159,336,0.0280,0.0404,1
118,fd081ce5b2a97364,,wastar,"{""w"": 2.0}",pdb,"{""pdb_dir"": ""../phase1_data_generation/data/pdbs""}",30.00,1,solved,34,,58,185,59,128,0.0108,0.0155,1
119,7e9bf05c3168d4a2,,wastar,"{""w"": 2.0}",pdb,"{""pdb_dir"": ""../phase1_data_generation/data/pdbs""}",36.00,1,solved,46,,65,216,66,152,0.0119,0.0172,1
120,a1e43fcd790b6285,,wastar,"{""w"": 2.0}",pdb,"{""pdb_dir"": ""../phase1_data_generation/data/pdbs""}",36.00,1,solved,52,,143,460,144,318,0.0261,0.0378,1
121,c6d830a51fb492e7,,wastar,"{""w"": 2.0}",pdb,"{""pdb_dir"": ""../phase1_data_generation/data/pdbs""}",40.00,1,solved,62,,532,1670,528,1123,0.0948,0.1377,1
122,a8cd60fb297e4351,,wastar,"{""w"": 2.0}",pdb,"{""pdb_dir"": ""../phase1_data_generation/data/pdbs""}",38.00,1,solved,52,,292,942,256,559,0.0462,0.0692,1
123,84be6f3ac9d27510,,wastar,"{""w"": 2.0}",pdb,"{""pdb_dir"": ""../phase1_data_generation/data/pdbs""}",44.00,1,solved,54,,68,224,69,157,0.0125,0.0180,1
124,47a9201c3f5dbe86,,wastar,"{""w"": 2.0}",pdb,"{""pdb_dir"": ""../phase1_data_generation/data/pdbs""}",46.00,1,solved,60,,169,547,170,379,0.0302,0.0436,1
125,fe94c03a6db82517,,wastar,"{""w"": 2.0}",pdb,"{""pdb_dir"": ""../phase1_data_generation/data/pdbs""}",38.00,1,solved,50,,85,274,86,190,0.0155,0.0223,1
126,d84ce370a1f9256b,,wastar,"{""w"": 2.0}",pdb,"{""pdb_dir"": ""../phase1_data_generation/data/pdbs""}",38.00,1,solved,52,,138,446,138,307,0.0245,0.0355,1
127,cd9e1a8b0742f536,,wastar,"{""w"": 2.0}",pdb,"{""pdb_dir"": ""../phase1_data_generation/data/pdbs""}",46.00,1,solved,56,,223,712,219,469,0.0398,0.0579,1
128,6b587f1d29ac30e4,,wastar,"{""w"": 2.0}",pdb,"{""pdb_dir"": ""../phase1_data_generation/data/pdbs""}",34.00,1,solved,56,,364,1144,362,768,0.0655,0.0950,1
129,ca89f035ed647b12,,wastar,"{""w"": 2.0}",pdb,"{""pdb_dir"": ""../phase1_data_generation/data/pdbs""}",36.00,1,solved,46,,136,432,137,296,0.0247,0.0356,1
130,0c8dbe9476f3512a,,wastar,"{""w"": 2.0}",pdb,"{""pdb_dir"": ""../phase1_data_generation/data/pdbs""}",42.00,1,solved,56,,200,628,185,392,0.0335,0.0494,1
131,f31d9a54b68e207c,,wastar,"{""w"": 2.0}",pdb,"{""pdb_dir"": ""../phase1_data_generation/data/pdbs""}",38.00,1,solved,52,,197,627,198,427,0.0357,0.0515,1
132,e72d38cb910af645,,wastar,"{""w"": 2.0}",pdb,"{""pdb_dir"": ""../phase1_data_generation/data/pdbs""}",40.00,1,solved,58,,204,660,204,453,0.0368,0.0532,1
133,970d6f1b5ae832c4,,wastar,"{""w"": 2.0}",pdb,"{""pdb_dir"": ""../phase1_data_generation/data/pdbs""}",32.00,1,solved,40,,55,181,56,127,0.0101,0.0145,1
134,28f4dab037c596e1,,wastar,"{""w"": 2.0}",pdb,"{""pdb_dir"": ""../phase1_data_generation/data/pdbs""}",42.00,1,solved,56,,177,554,178,377,0.0322,0.0464,1
135,f593106ecadb8472,,wastar,"{""w"": 2.0}",pdb,"{""pdb_dir"": ""../phase1_data_generation/data/pdbs""}",52.00,1,solved,78,,301,954,300,644,0.0533,0.0770,1
136,ac983be7df145620,,wastar,"{""w"": 2.0}",pdb,"{""pdb_dir"": ""../phase1_data_generation/data/pdbs""}",38.00,1,solved,58,,253,798,253,541,0.0454,0.0657,1
137,e601fd8ca924b375,,wastar,"{""w"": 2.0}",pdb,"{""pdb_dir"": ""../phase1_data_generation/data/pdbs""}",28.00,1,solved,38,,300,936,299,626,0.0533,0.0772,1
138,3ae9602d7fc51b84,,wastar,"{""w"": 2.0}",pdb,"{""pdb_dir"": ""../phase1_data_generation/data/pdbs""}",36.00,1,solved,48,,337,1091,327,720,0.0568,0.0833,1
139,ced176fba3849025,,wastar,"{""w"": 2.0}",pdb,"{""pdb_dir"": ""../phase1_data_generation/data/pdbs""}",38.00,1,solved,56,,492,1560,483,1027,0.0816,0.1194,1
140,c9edba587201f634,,wastar,"{""w"": 2.0}",pdb,"{""pdb_dir"": ""../phase1_data_generation/data/pdbs""}",36.00,1,solved,58,,559,1759,471,1002,0.0819,0.1250,1
141,695abefc024178d3,,wastar,"{""w"": 2.0}",pdb,"{""pdb_dir"": ""../phase1_data_generation/data/pdbs""}",38.00,1,solved,42,,52,166,53,115,0.0093,0.0135,1
142,ca01b35e679d42f8,,wastar,"{""w"": 2.0}",pdb,"{""pdb_dir"": ""../phase1_data_generation/data/pdbs""}",46.00,1,solved,60,,135,436,121,266,0.0204,0.0308,1
143,9fd8a27c0e1b3645,,wastar,"{""w"": 2.0}",pdb,"{""pdb_dir"": ""../phase1_data_generation/data/pdbs""}",34.00,1,solved,54,,2266,7126,1591,3305,0.2745,0.4443,1
144,687fc5940e1adb32,,wastar,"{""w"": 2.0}",pdb,"{""pdb_dir"": ""../phase1_data_generation/data/pdbs""}",46.00,1,solved,72,,780,2426,698,1432,0.1214,0.1824,1
145,face3d912b648057,,wastar,"{""w"": 2.0}",pdb,"{""pdb_dir"": ""../phase1_data_generation/data/pdbs""}",38.00,1,solved,56,,761,2376,645,1342,0.1117,0.1699,1
146,e6d5c084b23f79a1,,wastar,"{""w"": 2.0}",pdb,"{""pdb_dir"": ""../phase1_data_generation/data/pdbs""}",38.00,1,solved,50,,104,334,105,231,0.0180,0.0262,1
147,bdca9482f51637e0,,wastar,"{""w"": 2.0}",pdb,"{""pdb_dir"": ""../phase1_data_generation/data/pdbs""}",40.00,1,solved,58,,413,1306,413,887,0.0699,0.1020,1
148,dcb2f7e0a1349685,,wastar,"{""w"": 2.0}",pdb,"{""pdb_dir"": ""../phase1_data_generation/data/pdbs""}",40.00,1,solved,50,,89,290,90,202,0.0159,0.0232,1
149,028abd63ec457f19,,wastar,"{""w"": 2.0}",pdb,"{""pdb_dir"": ""../phase1_data_generation/data/pdbs""}",42.00,1,solved,62,,207,667,205,448,0.0352,0.0515,1
150,bf0a34189ced6275,,wastar,"{""w"": 2.0}",pdb,"{""pdb_dir"": ""../phase1_data_generation/data/pdbs""}",38.00,1,solved,54,,416,1342,406,886,0.0725,0.1060,1
151,6804bdc2a915f7e3,,wastar,"{""w"": 2.0}",pdb,"{""pdb_dir"": ""../phase1_data_generation/data/pdbs""}",44.00,1,solved,58,,166,528,167,363,0.0303,0.0437,1
152,dbc3aef529067841,,wastar,"{""w"": 2.0}",pdb,"{""pdb_dir"": ""../phase1_data_generation/data/pdbs""}",42.00,1,solved,58,,532,1669,525,1109,0.0952,0.1382,1
153,ef396abcd2517048,,wastar,"{""w"": 2.0}",pdb,"{""pdb_dir"": ""../phase1_data_generation/data/pdbs""}",36.00,1,solved,44,,111,354,112,243,0.0202,0.0291,1
154,f8be6d139c4527a0,,wastar,"{""w"": 2.0}",pdb,"{""pdb_dir"": ""../phase1_data_generation/data/pdbs""}",40.00,1,solved,50,,158,505,159,348,0.0287,0.0414,1
155,b85d9cf072163ae4,,wastar,"{""w"": 2.0}",pdb,"{""pdb_dir"": ""../phase1_data_generation/data/pdbs""}",30.00,1,solved,40,,50,164,51,115,0.0093,0.0133,1
156,397a6d5cbe8421f0,,wastar,"{""w"": 2.0}",pdb,"{""pdb_dir"": ""../phase1_data_generation/data/pdbs""}",38.00,1,solved,60,,459,1500,453,1004,0.0797,0.1161,1
157,faec628d0b157943,,wastar,"{""w"": 2.0}",pdb,"{""pdb_dir"": ""../phase1_data_generation/data/pdbs""}",30.00,1,solved,40,,128,410,128,278,0.0232,0.0337,1
158,965d80c2e3ab1f74,,wastar,"{""w"": 2.0}",pdb,"{""pdb_dir"": ""../phase1_data_generation/data/pdbs""}",40.00,1,solved,62,,567,1787,525,1106,0.0950,0.1403,1
159,f759b6c03214e8ad,,wastar,"{""w"": 2.0}",pdb,"{""pdb_dir"": ""../phase1_data_generation/data/pdbs""}",38.00,1,solved,64,,570,1811,546,1168,0.0997,0.1462,1
160,be9ca14863fd5072,,wastar,"{""w"": 2.0}",pdb,"{""pdb_dir"": ""../phase1_data_generation/data/pdbs""}",36.00,1,solved,52,,83,264,84,182,0.0154,0.0222,1
161,ad987fbc4206315e,,wastar,"{""w"": 2.0}",pdb,"{""pdb_dir"": ""../phase1_data_generation/data/pdbs""}",38.00,1,solved,48,,148,470,149,323,0.0271,0.0392,1
162,dcea5f1063247b98,,wastar,"{""w"": 2.0}",pdb,"{""pdb_dir"": ""../phase1_data_generation/data/pdbs""}",36.00,1,solved,52,,461,1453,451,963,0.0811,0.1184,1
163,fad31ec26794805b,,wastar,"{""w"": 2.0}",pdb,"{""pdb_dir"": ""../phase1_data_generation/data/pdbs""}",44.00,1,solved,64,,113,371,113,256,0.0202,0.0294,1
164,a7d96b5cf238e041,,wastar,"{""w"": 2.0}",pdb,"{""pdb_dir"": ""../phase1_data_generation/data/pdbs""}",36.00,1,solved,52,,431,1360,424,904,0.0768,0.1118,1
165,2a8df0763e5914cb,,wastar,"{""w"": 2.0}",pdb,"{""pdb_dir"": ""../phase1_data_generation/data/pdbs""}",38.00,1,solved,54,,216,690,217,473,0.0393,0.0570,1
166,08af15e9bdc26473,,wastar,"{""w"": 2.0}",pdb,"{""pdb_dir"": ""../phase1_data_generation/data/pdbs""}",46.00,1,solved,72,,464,1460,432,924,0.0781,0.1154,1
167,7a15e9b602dcf438,,wastar,"{""w"": 2.0}",pdb,"{""pdb_dir"": ""../phase1_data_generation/data/pdbs""}",42.00,1,solved,60,,162,513,163,352,0.0295,0.0425,1
168,84b6a0dfe275319c,,wastar,"{""w"": 2.0}",pdb,"{""pdb_dir"": ""../phase1_data_generation/data/pdbs""}",42.00,1,solved,54,,126,396,127,271,0.0224,0.0322,1
169,93e87ac50124fb6d,,wastar,"{""w"": 2.0}",pdb,"{""pdb_dir"": ""../phase1_data_generation/data/pdbs""}",40.00,1,solved,46,,55,178,56,124,0.0097,0.0141,1
170,c6befd23a1487059,,wastar,"{""w"": 2.0}",pdb,"{""pdb_dir"": ""../phase1_data_generation/data/pdbs""}",40.00,1,solved,62,,365,1142,362,764,0.0653,0.0951,1
171,a8f54c9de103726b,,wastar,"{""w"": 2.0}",pdb,"{""pdb_dir"": ""../phase1_data_generation/data/pdbs""}",44.00,1,solved,56,,101,326,101,223,0.0183,0.0266,1
172,dcb9fae053248617,,wastar,"{""w"": 2.0}",pdb,"{""pdb_dir"": ""../phase1_data_generation/data/pdbs""}",38.00,1,solved,52,,90,287,91,198,0.0163,0.0235,1
173,a5f8b94c6d0e7231,,wastar,"{""w"": 2.0}",pdb,"{""pdb_dir"": ""../phase1_data_generation/data/pdbs""}",36.00,1,solved,54,,526,1659,514,1098,0.0930,0.1355,1
174,bf4c309ae68d7521,,wastar,"{""w"": 2.0}",pdb,"{""pdb_dir"": ""../phase1_data_generation/data/pdbs""}",34.00,1,solved,50,,209,674,210,464,0.0378,0.0546,1
175,ba0d8fc67e415293,,wastar,"{""w"": 2.0}",pdb,"{""pdb_dir"": ""../phase1_data_generation/data/pdbs""}",36.00,1,solved,52,,406,1282,353,746,0.0641,0.0963,1
176,bca23f780ed45196,,wastar,"{""w"": 2.0}",pdb,"{""pdb_dir"": ""../phase1_data_generation/data/pdbs""}",36.00,1,solved,50,,419,1362,393,865,0.0707,0.1044,1
177,bc68a72fe41d3095,,wastar,"{""w"": 2.0}",pdb,"{""pdb_dir"": ""../phase1_data_generation/data/pdbs""}",36.00,1,solved,42,,59,196,60,138,0.0106,0.0152,1
178,5b0d39c8ae2467f1,,wastar,"{""w"": 2.0}",pdb,"{""pdb_dir"": ""../phase1_data_generation/data/pdbs""}",32.00,1,solved,48,,175,584,176,402,0.0304,0.0442,1
179,d798e064fc35ba21,,wastar,"{""w"": 2.0}",pdb,"{""pdb_dir"": ""../phase1_data_generation/data/pdbs""}",32.00,1,solved,42,,239,792,239,547,0.0407,0.0591,1
180,fb9423c87a05d16e,,wastar,"{""w"": 2.0}",pdb,"{""pdb_dir"": ""../phase1_data_generation/data/pdbs""}",38.00,1,solved,60,,1033,3248,847,1788,0.1481,0.2272,1
181,ab7f384c9d0e6125,,wastar,"{""w"": 2.0}",pdb,"{""pdb_dir"": ""../phase1_data_generation/data/pdbs""}",38.00,1,solved,52,,89,281,90,193,0.0153,0.0220,1
182,260ca319ebf45d87,,wastar,"{""w"": 2.0}",pdb,"{""pdb_dir"": ""../phase1_data_generation/data/pdbs""}",42.00,1,solved,60,,180,565,181,386,0.0318,0.0462,1
183,6f9c80bd73a452e1,,wastar,"{""w"": 2.0}",pdb,"{""pdb_dir"": ""../phase1_data_generation/data/pdbs""}",34.00,1,solved,50,,1137,3628,1097,2352,0.1901,0.2798,1
184,0a78b32e16f945dc,,wastar,"{""w"": 2.0}",pdb,"{""pdb_dir"": ""../phase1_data_generation/data/pdbs""}",46.00,1,solved,62,,324,1032,319,692,0.0562,0.0817,1
185,56dc9240e3b7fa18,,wastar,"{""w"": 2.0}",pdb,"{""pdb_dir"": ""../phase1_data_generation/data/pdbs""}",38.00,1,solved,52,,156,508,157,353,0.0268,0.0389,1
186,b708dfc364ea2519,,wastar,"{""w"": 2.0}",pdb,"{""pdb_dir"": ""../phase1_data_generation/data/pdbs""}",36.00,1,solved,48,,542,1727,516,1120,0.0906,0.1332,1
187,7b3face5269410d8,,wastar,"{""w"": 2.0}",pdb,"{""pdb_dir"": ""../phase1_data_generation/data/pdbs""}",38.00,1,solved,52,,103,326,104,224,0.0179,0.0258,1
188,b9fc3e186524a7d0,,wastar,"{""w"": 2.0}",pdb,"{""pdb_dir"": ""../phase1_data_generation/data/pdbs""}",32.00,1,solved,38,,71,219,72,149,0.0125,0.0180,1
189,fcad8041b592e673,,wastar,"{""w"": 2.0}",pdb,"{""pdb_dir"": ""../phase1_data_generation/data/pdbs""}",36.00,1,solved,50,,83,267,84,185,0.0145,0.0209,1
190,39ebfacd62475081,,wastar,"{""w"": 2.0}",pdb,"{""pdb_dir"": ""../phase1_data_generation/data/pdbs""}",38.00,1,solved,52,,309,990,301,651,0.0529,0.0772,1
191,651e8a407dfcb392,,wastar,"{""w"": 2.0}",pdb,"{""pdb_dir"": ""../phase1_data_generation/data/pdbs""}",40.00,1,solved,50,,56,183,57,128,0.0099,0.0146,1
192,fb981e603a7524dc,,wastar,"{""w"": 2.0}",pdb,"{""pdb_dir"": ""../phase1_data_generation/data/pdbs""}",36.00,1,solved,56,,402,1269,384,814,0.0676,0.0992,1
193,fa89ec1d7b653420,,wastar,"{""w"": 2.0}",pdb,"{""pdb_dir"": ""../phase1_data_generation/data/pdbs""}",32.00,1,solved,52,,333,1079,307,675,0.0545,0.0808,1
194,52c8af10be396d47,,wastar,"{""w"": 2.0}",pdb,"{""pdb_dir"": ""../phase1_data_generation/data/pdbs""}",40.00,1,solved,50,,498,1577,488,1042,0.0868,0.1265,1
195,69e458ba37cf20d1,,wastar,"{""w"": 2.0}",pdb,"{""pdb_dir"": ""../phase1_data_generation/data/pdbs""}",42.00,1,solved,60,,455,1444,455,981,0.0819,0.1190,1
196,f498e1a62503d7bc,,wastar,"{""w"": 2.0}",pdb,"{""pdb_dir"": ""../phase1_data_generation/data/pdbs""}",46.00,1,solved,66,,271,868,270,591,0.0484,0.0703,1
197,9bd87ac0e345f612,,wastar,"{""w"": 2.0}",pdb,"{""pdb_dir"": ""../phase1_data_generation/data/pdbs""}",36.00,1,solved,42,,47,150,48,104,0.0087,0.0124,1
198,9b0ef587d3c6a241,,wastar,"{""w"": 2.0}",pdb,"{""pdb_dir"": ""../phase1_data_generation/data/pdbs""}",40.00,1,solved,50,,1930,6068,1773,3675,0.3180,0.4722,1
199,fe1928adb435607c,,wastar,"{""w"": 2.0}",pdb,"{""pdb_dir"": ""../phase1_data_generation/data/pdbs""}",36.00,1,solved,52,,1708,5444,1331,2867,0.2415,0.3762,1
200,0df53c8abe124697,,wastar,"{""w"": 2.0}",pdb,"{""pdb_dir"": ""../phase1_data_generation/data/pdbs""}",44.00,1,solved,68,,585,1810,582,1204,0.1035,0.1506,1
201,8d5e2f3a01c976b4,,wastar,"{""w"": 2.0}",pdb,"{""pdb_dir"": ""../phase1_data_generation/data/pdbs""}",42.00,1,solved,52,,101,327,102,227,0.0180,0.0261,1
202,ceda1042bf769583,,wastar,"{""w"": 2.0}",pdb,"{""pdb_dir"": ""../phase1_data_generation/data/pdbs""}",48.00,1,solved,66,,231,732,232,502,0.0400,0.0578,1
203,94f5e8c27a0b31d6,,wastar,"{""w"": 2.0}",pdb,"{""pdb_dir"": ""../phase1_data_generation/data/pdbs""}",40.00,1,solved,56,,158,511,158,350,0.0266,0.0384,1
204,cf4b709ade623158,,wastar,"{""w"": 2.0}",pdb,"{""pdb_dir"": ""../phase1_data_generation/data/pdbs""}",40.00,1,solved,62,,145,477,146,333,0.0243,0.0354,1
205,05d8e7a4f3926b1c,,wastar,"{""w"": 2.0}",pdb,"{""pdb_dir"": ""../phase1_data_generation/data/pdbs""}",34.00,1,solved,46,,87,281,88,195,0.0153,0.0222,1
206,af7b3e15d20c4869,,wastar,"{""w"": 2.0}",pdb,"{""pdb_dir"": ""../phase1_data_generation/data/pdbs""}",44.00,1,solved,74,,432,1374,430,929,0.0751,0.1096,1
207,4fc3e0a789d61b25,,wastar,"{""w"": 2.0}",pdb,"{""pdb_dir"": ""../phase1_data_generation/data/pdbs""}",44.00,1,solved,68,,381,1201,374,795,0.0652,0.0958,1
208,5e6b3f4ca702d189,,wastar,"{""w"": 2.0}",pdb,"{""pdb_dir"": ""../phase1_data_generation/data/pdbs""}",44.00,1,solved,64,,505,1577,499,1043,0.0875,0.1280,1
209,8f6e2170a59cb34d,,wastar,"{""w"": 2.0}",pdb,"{""pdb_dir"": ""../phase1_data_generation/data/pdbs""}",34.00,1,solved,50,,467,1472,451,944,0.0796,0.1169,1
210,09d1b5a4ef62c738,,wastar,"{""w"": 2.0}",pdb,"{""pdb_dir"": ""../phase1_data_generation/data/pdbs""}",38.00,1,solved,54,,83,264,84,182,0.0152,0.0217,1
211,2eb7f9d86305c4a1,,wastar,"{""w"": 2.0}",pdb,"{""pdb_dir"": ""../phase1_data_generation/data/pdbs""}",46.00,1,solved,68,,216,690,216,469,0.0384,0.0556,1
212,fd98401c27ea365b,,wastar,"{""w"": 2.0}",pdb,"{""pdb_dir"": ""../phase1_data_generation/data/pdbs""}",40.00,1,solved,58,,136,434,137,299,0.0243,0.0349,1
213,69d8c51eb703af42,,wastar,"{""w"": 2.0}",pdb,"{""pdb_dir"": ""../phase1_data_generation/data/pdbs""}",42.00,1,solved,54,,85,275,86,191,0.0149,0.0216,1
214,d983f0ce651b2a74,,wastar,"{""w"": 2.0}",pdb,"{""pdb_dir"": ""../phase1_data_generation/data/pdbs""}",36.00,1,solved,54,,284,898,284,611,0.0499,0.0725,1
215,cbadf04e79251638,,wastar,"{""w"": 2.0}",pdb,"{""pdb_dir"": ""../phase1_data_generation/data/pdbs""}",38.00,1,solved,50,,104,329,105,226,0.0181,0.0261,1
216,8ab57fcd24e13096,,wastar,"{""w"": 2.0}",pdb,"{""pdb_dir"": ""../phase1_data_generation/data/pdbs""}",36.00,1,solved,44,,334,1039,280,581,0.0494,0.0750,1
217,abed3049f216758c,,wastar,"{""w"": 2.0}",pdb,"{""pdb_dir"": ""../phase1_data_generation/data/pdbs""}",32.00,1,solved,40,,67,214,67,144,0.0122,0.0175,1
218,d968b3afe2c41075,,wastar,"{""w"": 2.0}",pdb,"{""pdb_dir"": ""../phase1_data_generation/data/pdbs""}",40.00,1,solved,56,,145,456,146,312,0.0263,0.0379,1
219,fdbca04971e53286,,wastar,"{""w"": 2.0}",pdb,"{""pdb_dir"": ""../phase1_data_generation/data/pdbs""}",26.00,1,solved,42,,172,576,171,396,0.0308,0.0448,1
220,2eb475a8360fd91c,,wastar,"{""w"": 2.0}",pdb,"{""pdb_dir"": ""../phase1_data_generation/data/pdbs""}",46.00,1,solved,62,,153,491,154,339,0.0277,0.0400,1
221,6c4baf92370d8e51,,wastar,"{""w"": 2.0}",pdb,"{""pdb_dir"": ""../phase1_data_generation/data/pdbs""}",42.00,1,solved,58,,236,731,236,490,0.0404,0.0591,1
222,2dba7e6f41c58390,,wastar,"{""w"": 2.0}",pdb,"{""pdb_dir"": ""../phase1_data_generation/data/pdbs""}",44.00,1,solved,58,,94,314,95,221,0.0159,0.0231,1
223,dafc3e890125b467,,wastar,"{""w"": 2.0}",pdb,"{""pdb_dir"": ""../phase1_data_generation/data/pdbs""}",40.00,1,solved,54,,175,566,175,386,0.0306,0.0444,1
224,7fcea0d93b821465,,wastar,"{""w"": 2.0}",pdb,"{""pdb_dir"": ""../phase1_data_generation/data/pdbs""}",32.00,1,solved,40,,76,249,77,174,0.0136,0.0198,1
225,b5d1cea07329f648,,wastar,"{""w"": 2.0}",pdb,"{""pdb_dir"": ""../phase1_data_generation/data/pdbs""}",40.00,1,solved,52,,238,751,238,510,0.0431,0.0623,1
226,fc5e8d74a602b193,,wastar,"{""w"": 2.0}",pdb,"{""pdb_dir"": ""../phase1_data_generation/data/pdbs""}",36.00,1,solved,54,,286,915,284,618,0.0512,0.0745,1
227,5dbf63ae180942c7,,wastar,"{""w"": 2.0}",pdb,"{""pdb_dir"": ""../phase1_data_generation/data/pdbs""}",48.00,1,solved,60,,95,290,96,196,0.0174,0.0251,1
228,a298be7d06c513f4,,wastar,"{""w"": 2.0}",pdb,"{""pdb_dir"": ""../phase1_data_generation/data/pdbs""}",40.00,1,solved,44,,61,204,62,144,0.0110,0.0158,1
229,ca18f2e50964d7b3,,wastar,"{""w"": 2.0}",pdb,"{""pdb_dir"": ""../phase1_data_generation/data/pdbs""}",38.00,1,solved,60,,1133,3574,1031,2178,0.1853,0.2761,1
230,dba6c9fe37082541,,wastar,"{""w"": 2.0}",pdb,"{""pdb_dir"": ""../phase1_data_generation/data/pdbs""}",36.00,1,solved,44,,104,329,105,226,0.0186,0.0268,1
231,6f9aed24b501c837,,wastar,"{""w"": 2.0}",pdb,"{""pdb_dir"": ""../phase1_data_generation/data/pdbs""}",42.00,1,solved,56,,150,473,151,324,0.0268,0.0388,1
232,d3c4b5af620871e9,,wastar,"{""w"": 2.0}",pdb,"{""pdb_dir"": ""../phase1_data_generation/data/pdbs""}",38.00,1,solved,48,,87,285,88,199,0.0154,0.0221,1
233,fc8de624a109b375,,wastar,"{""w"": 2.0}",pdb,"{""pdb_dir"": ""../phase1_data_generation/data/pdbs""}",30.00,1,solved,46,,359,1122,348,729,0.0619,0.0903,1
234,0cb9e87f641d2a35,,wastar,"{""w"": 2.0}",pdb,"{""pdb_dir"": ""../phase1_data_generation/data/pdbs""}",40.00,1,solved,54,,286,916,275,593,0.0485,0.0710,1
235,fa9ced65324871b0,,wastar,"{""w"": 2.0}",pdb,"{""pdb_dir"": ""../phase1_data_generation/data/pdbs""}",30.00,1,solved,52,,310,962,301,625,0.0542,0.0790,1
236,1ab8c0d97fe36542,,wastar,"{""w"": 2.0}",pdb,"{""pdb_dir"": ""../phase1_data_generation/data/pdbs""}",42.00,1,solved,62,,714,2232,633,1321,0.1139,0.1714,1
237,7e8afbc095d42631,,wastar,"{""w"": 2.0}",pdb,"{""pdb_dir"": ""../phase1_data_generation/data/pdbs""}",28.00,1,solved,46,,936,3014,811,1762,0.1450,0.2187,1
238,0c85e4d2ba93716f,,wastar,"{""w"": 2.0}",pdb,"{""pdb_dir"": ""../phase1_data_generation/data/pdbs""}",40.00,1,solved,56,,107,345,108,239,0.0195,0.0281,1
239,e7fa2cbd05384169,,wastar,"{""w"": 2.0}",pdb,"{""pdb_dir"": ""../phase1_data_generation/data/pdbs""}",42.00,1,solved,66,,1069,3369,1053,2219,0.1907,0.2779,1
240,f6d4a312e90c57b8,,wastar,"{""w"": 2.0}",pdb,"{""pdb_dir"": ""../phase1_data_generation/data/pdbs""}",38.00,1,solved,64,,1186,3909,1039,2350,0.1813,0.2738,1
241,2b95ae8f371c40d6,,wastar,"{""w"": 2.0}",pdb,"{""pdb_dir"": ""../phase1_data_generation/data/pdbs""}",40.00,1,solved,60,,196,631,196,434,0.0332,0.0484,1
242,ec9ad0b53761428f,,wastar,"{""w"": 2.0}",pdb,"{""pdb_dir"": ""../phase1_data_generation/data/pdbs""}",40.00,1,solved,62,,269,843,270,575,0.0477,0.0690,1
243,1f4c5ad93e76b280,,wastar,"{""w"": 2.0}",pdb,"{""pdb_dir"": ""../phase1_data_generation/data/pdbs""}",32.00,1,solved,58,,696,2208,682,1451,0.1183,0.1741,1
244,5fa239670e14bc8d,,wastar,"{""w"": 2.0}",pdb,"{""pdb_dir"": ""../phase1_data_generation/data/pdbs""}",46.00,1,solved,70,,321,1021,322,700,0.0557,0.0809,1
245,ed84b0597631fac2,,wastar,"{""w"": 2.0}",pdb,"{""pdb_dir"": ""../phase1_data_generation/data/pdbs""}",34.00,1,solved,48,,154,514,141,328,0.0235,0.0350,1
246,e784cf59a30261bd,,wastar,"{""w"": 2.0}",pdb,"{""pdb_dir"": ""../phase1_data_generation/data/pdbs""}",40.00,1,solved,62,,1738,5536,1572,3382,0.2736,0.4098,1
247,bd2980afc35e6741,,wastar,"{""w"": 2.0}",pdb,"{""pdb_dir"": ""../phase1_data_generation/data/pdbs""}",46.00,1,solved,62,,155,480,145,303,0.0253,0.0374,1
248,78df103eb6a9254c,,wastar,"{""w"": 2.0}",pdb,"{""pdb_dir"": ""../phase1_data_generation/data/pdbs""}",40.00,1,solved,48,,59,189,60,131,0.0104,0.0149,1
249,7a9d65bf0318c2e4,,wastar,"{""w"": 2.0}",pdb,"{""pdb_dir"": ""../phase1_data_generation/data/pdbs""}",38.00,1,solved,54,,307,983,307,672,0.0547,0.0791,1
250,bf2a6c31579840de,,wastar,"{""w"": 2.0}",pdb,"{""pdb_dir"": ""../phase1_data_generation/data/pdbs""}",46.00,1,solved,68,,2426,7648,2242,4693,0.4072,0.6037,1
251,5f07c694a321edb8,,wastar,"{""w"": 2.0}",pdb,"{""pdb_dir"": ""../phase1_data_generation/data/pdbs""}",42.00,1,solved,66,,496,1587,488,1065,0.0862,0.1255,1
252,8ef1503ab7d94c26,,wastar,"{""w"": 2.0}",pdb,"{""pdb_dir"": ""../phase1_data_generation/data/pdbs""}",50.00,1,solved,70,,304,965,299,647,0.0533,0.0775,1
253,3bae70869cdf2415,,wastar,"{""w"": 2.0}",pdb,"{""pdb_dir"": ""../phase1_data_generation/data/pdbs""}",42.00,1,solved,58,,273,860,267,569,0.0481,0.0700,1
254,0354cf2ab1897d6e,,wastar,"{""w"": 2.0}",pdb,"{""pdb_dir"": ""../phase1_data_generation/data/pdbs""}",46.00,1,solved,64,,264,846,262,571,0.0466,0.0676,1
255,f6a4be5d271390c8,,wastar,"{""w"": 2.0}",pdb,"{""pdb_dir"": ""../phase1_data_generation/data/pdbs""}",36.00,1,solved,50,,77,251,78,175,0.0136,0.0197,1
256,4d02bfc93a18756e,,wastar,"{""w"": 2.0}",pdb,"{""pdb_dir"": ""../phase1_data_generation/data/pdbs""}",42.00,1,solved,72,,2533,8036,2082,4306,0.3777,0.5791,1
257,de4162a0f8b7c953,,wastar,"{""w"": 2.0}",pdb,"{""pdb_dir"": ""../phase1_data_generation/data/pdbs""}",50.00,1,solved,78,,1812,5778,1667,3523,0.3019,0.4478,1
258,e86fa0bcd5129473,,wastar,"{""w"": 2.0}",pdb,"{""pdb_dir"": ""../phase1_data_generation/data/pdbs""}",46.00,1,solved,70,,333,1055,324,691,0.0603,0.0884,1
259,b8acde205f914673,,wastar,"{""w"": 2.0}",pdb,"{""pdb_dir"": ""../phase1_data_generation/data/pdbs""}",40.00,1,solved,66,,985,3113,849,1779,0.1515,0.2290,1
260,450bf3ad6e8192c7,,wastar,"{""w"": 2.0}",pdb,"{""pdb_dir"": ""../phase1_data_generation/data/pdbs""}",46.00,1,solved,70,,294,937,282,606,0.0515,0.0754,1
261,e845fdb90ac26713,,wastar,"{""w"": 2.0}",pdb,"{""pdb_dir"": ""../phase1_data_generation/data/pdbs""}",36.00,1,solved,40,,44,133,45,90,0.0082,0.0118,1
262,f4c1b26de35a9087,,wastar,"{""w"": 2.0}",pdb,"{""pdb_dir"": ""../phase1_data_generation/data/pdbs""}",40.00,1,solved,62,,505,1658,491,1106,0.0864,0.1265,1
263,e40df2c69853ba17,,wastar,"{""w"": 2.0}",pdb,"{""pdb_dir"": ""../phase1_data_generation/data/pdbs""}",38.00,1,solved,42,,50,161,51,112,0.0093,0.0131,1
264,b1c82d6f3754a0e9,,wastar,"{""w"": 2.0}",pdb,"{""pdb_dir"": ""../phase1_data_generation/data/pdbs""}",36.00,1,solved,56,,197,627,198,431,0.0339,0.0494,1
265,e748f061a2d9c35b,,wastar,"{""w"": 2.0}",pdb,"{""pdb_dir"": ""../phase1_data_generation/data/pdbs""}",40.00,1,solved,56,,242,780,241,529,0.0417,0.0606,1
266,07cdbe94f1386a52,,wastar,"{""w"": 2.0}",pdb,"{""pdb_dir"": ""../phase1_data_generation/data/pdbs""}",36.00,1,solved,60,,768,2439,744,1604,0.1286,0.1884,1
267,da36f8c1e249b057,,wastar,"{""w"": 2.0}",pdb,"{""pdb_dir"": ""../phase1_data_generation/data/pdbs""}",40.00,1,solved,56,,135,425,136,291,0.0234,0.0338,1
268,b7fc13d89e65a024,,wastar,"{""w"": 2.0}",pdb,"{""pdb_dir"": ""../phase1_data_generation/data/pdbs""}",28.00,1,solved,32,,77,251,78,175,0.0136,0.0198,1
269,ba4c2fd86e713590,,wastar,"{""w"": 2.0}",pdb,"{""pdb_dir"": ""../phase1_data_generation/data/pdbs""}",28.00,1,solved,32,,39,128,40,90,0.0070,0.0100,1
270,aed9365701f2bc84,,wastar,"{""w"": 2.0}",pdb,"{""pdb_dir"": ""../phase1_data_generation/data/pdbs""}",40.00,1,solved,56,,480,1530,442,956,0.0767,0.1140,1
271,adf978e13b04256c,,wastar,"{""w"": 2.0}",pdb,"{""pdb_dir"": ""../phase1_data_generation/data/pdbs""}",34.00,1,solved,56,,1455,4662,1299,2794,0.2242,0.3368,1
272,bec279680a34f1d5,,wastar,"{""w"": 2.0}",pdb,"{""pdb_dir"": ""../phase1_data_generation/data/pdbs""}",38.00,1,solved,62,,1661,5242,1357,2859,0.2333,0.3596,1
273,efcb16480275a39d,,wastar,"{""w"": 2.0}",pdb,"{""pdb_dir"": ""../phase1_data_generation/data/pdbs""}",40.00,1,solved,62,,414,1290,410,856,0.0717,0.1050,1
274,7f1c4e892b03d56a,,wastar,"{""w"": 2.0}",pdb,"{""pdb_dir"": ""../phase1_data_generation/data/pdbs""}",40.00,1,solved,54,,128,420,129,293,0.0216,0.0314,1
275,6b01e854f9d2ca37,,wastar,"{""w"": 2.0}",pdb,"{""pdb_dir"": ""../phase1_data_generation/data/pdbs""}",46.00,1,solved,74,,381,1175,377,776,0.0657,0.0956,1
276,adf2b6c53108e749,,wastar,"{""w"": 2.0}",pdb,"{""pdb_dir"": ""../phase1_data_generation/data/pdbs""}",36.00,1,solved,48,,128,415,129,288,0.0220,0.0317,1
277,16aef584320d97bc,,wastar,"{""w"": 2.0}",pdb,"{""pdb_dir"": ""../phase1_data_generation/data/pdbs""}",40.00,1,solved,54,,93,301,94,209,0.0162,0.0237,1
278,0a846d39e5c2b7f1,,wastar,"{""w"": 2.0}",pdb,"{""pdb_dir"": ""../phase1_data_generation/data/pdbs""}",40.00,1,solved,46,,1477,4675,1337,2789,0.2292,0.3430,1
279,72ad6b591308fe4c,,wastar,"{""w"": 2.0}",pdb,"{""pdb_dir"": ""../phase1_data_generation/data/pdbs""}",36.00,1,solved,60,,1178,3736,1120,2379,0.1984,0.2919,1
280,0ce48f5b73a9d612,,wastar,"{""w"": 2.0}",pdb,"{""pdb_dir"": ""../phase1_data_generation/data/pdbs""}",40.00,1,solved,60,,157,487,158,331,0.0277,0.0400,1
281,7d0ca8f569e413b2,,wastar,"{""w"": 2.0}",pdb,"{""pdb_dir"": ""../phase1_data_generation/data/pdbs""}",36.00,1,solved,42,,69,219,70,151,0.0127,0.0183,1
282,3afe59c78b14d062,,wastar,"{""w"": 2.0}",pdb,"{""pdb_dir"": ""../phase1_data_generation/data/pdbs""}",42.00,1,solved,64,,257,840,257,576,0.0461,0.0669,1
283,2f3b90cda647158e,,wastar,"{""w"": 2.0}",pdb,"{""pdb_dir"": ""../phase1_data_generation/data/pdbs""}",44.00,1,solved,64,,386,1212,382,808,0.0692,0.1005,1
284,a50891dc7f426eb3,,wastar,"{""w"": 2.0}",pdb,"{""pdb_dir"": ""../phase1_data_generation/data/pdbs""}",40.00,1,solved,56,,999,3189,883,1905,0.1597,0.2398,1
285,1d8f36c57a049e2b,,wastar,"{""w"": 2.0}",pdb,"{""pdb_dir"": ""../phase1_data_generation/data/pdbs""}",42.00,1,solved,58,,141,448,142,307,0.0257,0.0370,1
286,470de6ac2359f1b8,,wastar,"{""w"": 2.0}",pdb,"{""pdb_dir"": ""../phase1_data_generation/data/pdbs""}",34.00,1,solved,40,,47,153,48,107,0.0087,0.0125,1
287,b9ae5247c1f830d6,,wastar,"{""w"": 2.0}",pdb,"{""pdb_dir"": ""../phase1_data_generation/data/pdbs""}",42.00,1,solved,58,,185,589,180,388,0.0327,0.0476,1
288,f7d46ae95c183b20,,wastar,"{""w"": 2.0}",pdb,"{""pdb_dir"": ""../phase1_data_generation/data/pdbs""}",32.00,1,solved,48,,393,1281,338,749,0.0610,0.0920,1
289,f64ae95cb208731d,,wastar,"{""w"": 2.0}",pdb,"{""pdb_dir"": ""../phase1_data_generation/data/pdbs""}",32.00,1,solved,34,,40,134,41,95,0.0074,0.0106,1
290,aebd72c93f518640,,wastar,"{""w"": 2.0}",pdb,"{""pdb_dir"": ""../phase1_data_generation/data/pdbs""}",36.00,1,solved,52,,617,2000,613,1358,0.1103,0.1604,1
291,ebd8f2ac75013694,,wastar,"{""w"": 2.0}",pdb,"{""pdb_dir"": ""../phase1_data_generation/data/pdbs""}",28.00,1,solved,34,,57,188,58,132,0.0101,0.0146,1
292,f5ac89d64321e0b7,,wastar,"{""w"": 2.0}",pdb,"{""pdb_dir"": ""../phase1_data_generation/data/pdbs""}",42.00,1,solved,52,,131,415,132,285,0.0235,0.0341,1
293,3d6f25ac07e1498b,,wastar,"{""w"": 2.0}",pdb,"{""pdb_dir"": ""../phase1_data_generation/data/pdbs""}",42.00,1,solved,62,,170,539,168,363,0.0306,0.0443,1
294,3fc5a01de7289b64,,wastar,"{""w"": 2.0}",pdb,"{""pdb_dir"": ""../phase1_data_generation/data/pdbs""}",34.00,1,solved,46,,1594,5097,1496,3204,0.2685,0.3968,1
295,7bfde6982a0541c3,,wastar,"{""w"": 2.0}",pdb,"{""pdb_dir"": ""../phase1_data_generation/data/pdbs""}",36.00,1,solved,52,,104,328,105,225,0.0189,0.0273,1
296,0fa87e9d6b153c24,,wastar,"{""w"": 2.0}",pdb,"{""pdb_dir"": ""../phase1_data_generation/data/pdbs""}",24.00,1,solved,30,,171,545,147,321,0.0266,0.0399,1
297,cba1f0e53847d692,,wastar,"{""w"": 2.0}",pdb,"{""pdb_dir"": ""../phase1_data_generation/data/pdbs""}",42.00,1,solved,46,,82,264,83,183,0.0150,0.0216,1
298,6cbf3e8da5217490,,wastar,"{""w"": 2.0}",pdb,"{""pdb_dir"": ""../phase1_data_generation/data/pdbs""}",42.00,1,solved,62,,495,1565,489,1040,0.0874,0.1272,1
299,e3a5cd872691f0b4,,wastar,"{""w"": 2.0}",pdb,"{""pdb_dir"": ""../phase1_data_generation/data/pdbs""}",40.00,1,solved,58,,107,351,108,245,0.0189,0.0272,1
300,5e086c19d7af32b4,,wastar,"{""w"": 2.0}",pdb,"{""pdb_dir"": ""../phase1_data_generation/data/pdbs""}",36.00,1,solved,60,,1632,5105,1441,2990,0.2571,0.3855,1
301,6804bcdaf92153e7,,wastar,"{""w"": 2.0}",pdb,"{""pdb_dir"": ""../phase1_data_generation/data/pdbs""}",42.00,1,solved,50,,82,272,83,191,0.0144,0.0209,1
302,8ad36bc0e129f457,,wastar,"{""w"": 2.0}",pdb,"{""pdb_dir"": ""../phase1_data_generation/data/pdbs""}",44.00,1,solved,70,,432,1375,332,719,0.0582,0.0907,1
303,bfc87a916503de42,,wastar,"{""w"": 2.0}",pdb,"{""pdb_dir"": ""../phase1_data_generation/data/pdbs""}",36.00,1,solved,40,,101,325,102,225,0.0181,0.0263,1
304,0d18ae9f2b643c75,,wastar,"{""w"": 2.0}",pdb,"{""pdb_dir"": ""../phase1_data_generation/data/pdbs""}",42.00,1,solved,50,,138,431,139,294,0.0243,0.0349,1
305,7916e4cb8d2f35a0,,wastar,"{""w"": 2.0}",pdb,"{""pdb_dir"": ""../phase1_data_generation/data/pdbs""}",44.00,1,solved,66,,350,1123,326,708,0.0567,0.0839,1
306,f2956d8eabc14730,,wastar,"{""w"": 2.0}",pdb,"{""pdb_dir"": ""../phase1_data_generation/data/pdbs""}",38.00,1,solved,54,,364,1170,359,785,0.0650,0.0945,1
307,cfb583da640927e1,,wastar,"{""w"": 2.0}",pdb,"{""pdb_dir"": ""../phase1_data_generation/data/pdbs""}",44.00,1,solved,68,,1112,3470,1015,2063,0.1788,0.2664,1
308,dc25b9480fa6317e,,wastar,"{""w"": 2.0}",pdb,"{""pdb_dir"": ""../phase1_data_generation/data/pdbs""}",38.00,1,solved,52,,174,549,175,375,0.0304,0.0440,1
309,3b8a9160e5c42f7d,,wastar,"{""w"": 2.0}",pdb,"{""pdb_dir"": ""../phase1_data_generation/data/pdbs""}",42.00,1,solved,66,,436,1416,430,960,0.0754,0.1096,1
310,fb6de0a17985234c,,wastar,"{""w"": 2.0}",pdb,"{""pdb_dir"": ""../phase1_data_generation/data/pdbs""}",36.00,1,solved,54,,113,362,114,250,0.0192,0.0279,1
311,e4fb9d1c86a23075,,wastar,"{""w"": 2.0}",pdb,"{""pdb_dir"": ""../phase1_data_generation/data/pdbs""}",40.00,1,solved,54,,118,379,119,262,0.0211,0.0306,1
312,0ad98e467c352fb1,,wastar,"{""w"": 2.0}",pdb,"{""pdb_dir"": ""../phase1_data_generation/data/pdbs""}",40.00,1,solved,50,,175,567,176,392,0.0303,0.0439,1
313,4e0cd918f756b32a,,wastar,"{""w"": 2.0}",pdb,"{""pdb_dir"": ""../phase1_data_generation/data/pdbs""}",34.00,1,solved,46,,151,475,149,318,0.0257,0.0377,1
314,06b1c5a8f34972ed,,wastar,"{""w"": 2.0}",pdb,"{""pdb_dir"": ""../phase1_data_generation/data/pdbs""}",40.00,1,solved,64,,278,863,278,580,0.0491,0.0710,1
315,0f2c98d1ba46735e,,wastar,"{""w"": 2.0}",pdb,"{""pdb_dir"": ""../phase1_data_generation/data/pdbs""}",34.00,1,solved,40,,228,737,227,497,0.0392,0.0572,1
316,fdc9e45b076182a3,,wastar,"{""w"": 2.0}",pdb,"{""pdb_dir"": ""../phase1_data_generation/data/pdbs""}",36.00,1,solved,52,,224,718,179,384,0.0305,0.0471,1
317,8fd9b71035e264ac,,wastar,"{""w"": 2.0}",pdb,"{""pdb_dir"": ""../phase1_data_generation/data/pdbs""}",36.00,1,solved,52,,441,1408,396,855,0.0676,0.1009,1
318,26915ab47f0c38de,,wastar,"{""w"": 2.0}",pdb,"{""pdb_dir"": ""../phase1_data_generation/data/pdbs""}",48.00,1,solved,68,,430,1350,400,843,0.0680,0.1010,1
319,6d4cb5a08e12f379,,wastar,"{""w"": 2.0}",pdb,"{""pdb_dir"": ""../phase1_data_generation/data/pdbs""}",38.00,1,solved,52,,91,289,92,199,0.0159,0.0230,1
320,cdf5b086e371249a,,wastar,"{""w"": 2.0}",pdb,"{""pdb_dir"": ""../phase1_data_generation/data/pdbs""}",40.00,1,solved,42,,47,150,48,104,0.0084,0.0122,1
321,3f857ad4e9061b2c,,wastar,"{""w"": 2.0}",pdb,"{""pdb_dir"": ""../phase1_data_generation/data/pdbs""}",42.00,1,solved,56,,149,478,149,325,0.0261,0.0379,1
322,f603a4cd7895eb12,,wastar,"{""w"": 2.0}",pdb,"{""pdb_dir"": ""../phase1_data_generation/data/pdbs""}",40.00,1,solved,56,,244,790,237,512,0.0405,0.0593,1
323,87ac2d6e350fb914,,wastar,"{""w"": 2.0}",pdb,"{""pdb_dir"": ""../phase1_data_generation/data/pdbs""}",36.00,1,solved,56,,623,1995,616,1336,0.1074,0.1563,1
324,7cbde3a81f694250,,wastar,"{""w"": 2.0}",pdb,"{""pdb_dir"": ""../phase1_data_generation/data/pdbs""}",38.00,1,solved,56,,380,1186,335,705,0.0606,0.0906,1
325,fbdc30145729e6a8,,wastar,"{""w"": 2.0}",pdb,"{""pdb_dir"": ""../phase1_data_generation/data/pdbs""}",34.00,1,solved,48,,383,1231,371,813,0.0669,0.0978,1
326,f7cea4685b0d2139,,wastar,"{""w"": 2.0}",pdb,"{""pdb_dir"": ""../phase1_data_generation/data/pdbs""}",36.00,1,solved,62,,275,882,275,606,0.0497,0.0718,1
327,0915ed84f2a3c67b,,wastar,"{""w"": 2.0}",pdb,"{""pdb_dir"": ""../phase1_data_generation/data/pdbs""}",46.00,1,solved,66,,322,1014,322,685,0.0585,0.0845,1
328,b842e7d06c91a53f,,wastar,"{""w"": 2.0}",pdb,"{""pdb_dir"": ""../phase1_data_generation/data/pdbs""}",42.00,1,solved,58,,121,390,122,270,0.0220,0.0318,1
329,a69ed7c50b314f28,,wastar,"{""w"": 2.0}",pdb,"{""pdb_dir"": ""../phase1_data_generation/data/pdbs""}",40.00,1,solved,54,,101,330,102,230,0.0189,0.0272,1
330,f8da4c160b79532e,,wastar,"{""w"": 2.0}",pdb,"{""pdb_dir"": ""../phase1_data_generation/data/pdbs""}",44.00,1,solved,66,,764,2436,711,1526,0.1295,0.1916,1
331,df753cae46189b20,,wastar,"{""w"": 2.0}",pdb,"{""pdb_dir"": ""../phase1_data_generation/data/pdbs""}",42.00,1,solved,60,,838,2639,770,1616,0.1368,0.2025,1
332,edb5f07832946ac1,,wastar,"{""w"": 2.0}",pdb,"{""pdb_dir"": ""../phase1_data_generation/data/pdbs""}",32.00,1,solved,46,,216,693,200,440,0.0350,0.0518,1
333,d64b3790e285f1ca,,wastar,"{""w"": 2.0}",pdb,"{""pdb_dir"": ""../phase1_data_generation/data/pdbs""}",44.00,1,solved,68,,1135,3636,1063,2288,0.1906,0.2817,1
334,baecd7f058143962,,wastar,"{""w"": 2.0}",pdb,"{""pdb_dir"": ""../phase1_data_generation/data/pdbs""}",32.00,1,solved,40,,50,163,51,114,0.0092,0.0132,1
335,67fc18be329da054,,wastar,"{""w"": 2.0}",pdb,"{""pdb_dir"": ""../phase1_data_generation/data/pdbs""}",38.00,1,solved,44,,58,188,59,131,0.0107,0.0154,1
336,0bae674cf18925d3,,wastar,"{""w"": 2.0}",pdb,"{""pdb_dir"": ""../phase1_data_generation/data/pdbs""}",36.00,1,solved,64,,674,2156,667,1454,0.1208,0.1753,1
337,6d8eacb0f2593741,,wastar,"{""w"": 2.0}",pdb,"{""pdb_dir"": ""../phase1_data_generation/data/pdbs""}",36.00,1,solved,58,,344,1087,331,706,0.0599,0.0875,1
338,f3b1e279c684ad50,,wastar,"{""w"": 2.0}",pdb,"{""pdb_dir"": ""../phase1_data_generation/data/pdbs""}",48.00,1,solved,72,,130,421,131,292,0.0235,0.0339,1
339,e50cab8d7f693214,,wastar,"{""w"": 2.0}",pdb,"{""pdb_dir"": ""../phase1_data_generation/data/pdbs""}",22.00,1,solved,30,,267,856,262,564,0.0477,0.0693,1
340,be28cf6037da5914,,wastar,"{""w"": 2.0}",pdb,"{""pdb_dir"": ""../phase1_data_generation/data/pdbs""}",34.00,1,solved,46,,155,494,156,338,0.0281,0.0405,1
341,f7082dea5b4c6931,,wastar,"{""w"": 2.0}",pdb,"{""pdb_dir"": ""../phase1_data_generation/data/pdbs""}",34.00,1,solved,54,,153,487,154,335,0.0278,0.0400,1
342,b721f0da435e698c,,wastar,"{""w"": 2.0}",pdb,"{""pdb_dir"": ""../phase1_data_generation/data/pdbs""}",44.00,1,solved,54,,75,241,76,167,0.0133,0.0191,1
343,e59df0bc7368a421,,wastar,"{""w"": 2.0}",pdb,"{""pdb_dir"": ""../phase1_data_generation/data/pdbs""}",28.00,1,solved,36,,95,299,91,193,0.0161,0.0234,1
344,a7c85f92036d1eb4,,wastar,"{""w"": 2.0}",pdb,"{""pdb_dir"": ""../phase1_data_generation/data/pdbs""}",36.00,1,solved,54,,245,780,244,526,0.0416,0.0606,1
345,732860ca54deb9f1,,wastar,"{""w"": 2.0}",pdb,"{""pdb_dir"": ""../phase1_data_generation/data/pdbs""}",44.00,1,solved,64,,178,555,179,378,0.0298,0.0433,1
346,bfd92580e6c4a371,,wastar,"{""w"": 2.0}",pdb,"{""pdb_dir"": ""../phase1_data_generation/data/pdbs""}",32.00,1,solved,42,,802,2560,753,1606,0.1306,0.1932,1
347,0b936f7c24de581a,,wastar,"{""w"": 2.0}",pdb,"{""pdb_dir"": ""../phase1_data_generation/data/pdbs""}",42.00,1,solved,62,,116,371,117,256,0.0200,0.0288,1
348,bfe4a0263c751d89,,wastar,"{""w"": 2.0}",pdb,"{""pdb_dir"": ""../phase1_data_generation/data/pdbs""}",38.00,1,solved,50,,363,1142,359,761,0.0620,0.0906,1
349,0bc971d5f86ea324,,wastar,"{""w"": 2.0}",pdb,"{""pdb_dir"": ""../phase1_data_generation/data/pdbs""}",32.00,1,solved,46,,238,750,238,505,0.0408,0.0591,1
350,f84ce01d9673b2a5,,wastar,"{""w"": 2.0}",pdb,"{""pdb_dir"": ""../phase1_data_generation/data/pdbs""}",38.00,1,solved,52,,335,1055,334,714,0.0593,0.0862,1
351,78a1c64be309f2d5,,wastar,"{""w"": 2.0}",pdb,"{""pdb_dir"": ""../phase1_data_generation/data/pdbs""}",42.00,1,solved,52,,75,246,76,172,0.0130,0.0188,1
352,e9dc23680f14ba57,,wastar,"{""w"": 2.0}",pdb,"{""pdb_dir"": ""../phase1_data_generation/data/pdbs""}",28.00,1,solved,32,,60,198,61,139,0.0105,0.0150,1
353,6e9c30b87df5214a,,wastar,"{""w"": 2.0}",pdb,"{""pdb_dir"": ""../phase1_data_generation/data/pdbs""}",28.00,1,solved,38,,120,376,120,252,0.0206,0.0296,1
354,a902efc34b681d57,,wastar,"{""w"": 2.0}",pdb,"{""pdb_dir"": ""../phase1_data_generation/data/pdbs""}",48.00,1,solved,70,,217,683,217,462,0.0378,0.0546,1
355,cf48ab61de972530,,wastar,"{""w"": 2.0}",pdb,"{""pdb_dir"": ""../phase1_data_generation/data/pdbs""}",42.00,1,solved,54,,254,799,250,532,0.0427,0.0621,1
356,e39da6c10487fb52,,wastar,"{""w"": 2.0}",pdb,"{""pdb_dir"": ""../phase1_data_generation/data/pdbs""}",38.00,1,solved,58,,261,844,259,572,0.0446,0.0652,1
357,0fa429bce658713d,,wastar,"{""w"": 2.0}",pdb,"{""pdb_dir"": ""../phase1_data_generation/data/pdbs""}",36.00,1,solved,54,,204,645,205,442,0.0355,0.0513,1
358,ae7c406b281d3f95,,wastar,"{""w"": 2.0}",pdb,"{""pdb_dir"": ""../phase1_data_generation/data/pdbs""}",36.00,1,solved,56,,655,2099,629,1360,0.1099,0.1613,1
359,dc32b850e6a19f47,,wastar,"{""w"": 2.0}",pdb,"{""pdb_dir"": ""../phase1_data_generation/data/pdbs""}",42.00,1,solved,54,,88,270,89,183,0.0155,0.0222,1
360,e297f0658cd4a31b,,wastar,"{""w"": 2.0}",pdb,"{""pdb_dir"": ""../phase1_data_generation/data/pdbs""}",38.00,1,solved,60,,524,1652,462,967,0.0800,0.1203,1
361,6d8791fce4a320b5,,wastar,"{""w"": 2.0}",pdb,"{""pdb_dir"": ""../phase1_data_generation/data/pdbs""}",42.00,1,solved,46,,55,186,56,132,0.0097,0.0140,1
362,b4fce2687d05a319,,wastar,"{""w"": 2.0}",pdb,"{""pdb_dir"": ""../phase1_data_generation/data/pdbs""}",30.00,1,solved,42,,695,2201,633,1342,0.1099,0.1637,1
363,7e25cbd09a8436f1,,wastar,"{""w"": 2.0}",pdb,"{""pdb_dir"": ""../phase1_data_generation/data/pdbs""}",38.00,1,solved,52,,104,340,105,235,0.0181,0.0262,1
364,eadf473c510b2698,,wastar,"{""w"": 2.0}",pdb,"{""pdb_dir"": ""../phase1_data_generation/data/pdbs""}",40.00,1,solved,56,,1203,3808,1160,2443,0.2089,0.3059,1
365,785debf93c06a214,,wastar,"{""w"": 2.0}",pdb,"{""pdb_dir"": ""../phase1_data_generation/data/pdbs""}",30.00,1,solved,44,,233,768,224,503,0.0405,0.0592,1
366,721a30896eb45fdc,,wastar,"{""w"": 2.0}",pdb,"{""pdb_dir"": ""../phase1_data_generation/data/pdbs""}",48.00,1,solved,72,,224,731,225,507,0.0406,0.0588,1
367,7eb536cd0149af82,,wastar,"{""w"": 2.0}",pdb,"{""pdb_dir"": ""../phase1_data_generation/data/pdbs""}",36.00,1,solved,50,,495,1566,473,995,0.0858,0.1258,1
368,0d29fa81c5473eb6,,wastar,"{""w"": 2.0}",pdb,"{""pdb_dir"": ""../phase1_data_generation/data/pdbs""}",42.00,1,solved,64,,385,1233,339,733,0.0603,0.0905,1
369,9438ebdca5f16072,,wastar,"{""w"": 2.0}",pdb,"{""pdb_dir"": ""../phase1_data_generation/data/pdbs""}",40.00,1,solved,52,,69,220,70,152,0.0129,0.0185,1
370,3fbe6819572ad4c0,,wastar,"{""w"": 2.0}",pdb,"{""pdb_dir"": ""../phase1_data_generation/data/pdbs""}",42.00,1,solved,68,,543,1721,528,1126,0.0950,0.1387,1
371,dfc8a095712e36b4,,wastar,"{""w"": 2.0}",pdb,"{""pdb_dir"": ""../phase1_data_generation/data/pdbs""}",26.00,1,solved,40,,135,432,136,297,0.0239,0.0345,1
372,d859aec23b67f041,,wastar,"{""w"": 2.0}",pdb,"{""pdb_dir"": ""../phase1_data_generation/data/pdbs""}",38.00,1,solved,56,,747,2330,730,1525,0.1311,0.1911,1
373,ce687f3402b1a5d9,,wastar,"{""w"": 2.0}",pdb,"{""pdb_dir"": ""../phase1_data_generation/data/pdbs""}",36.00,1,solved,58,,219,717,219,495,0.0390,0.0564,1
374,2eb8795ac10d36f4,,wastar,"{""w"": 2.0}",pdb,"{""pdb_dir"": ""../phase1_data_generation/data/pdbs""}",36.00,1,solved,44,,62,202,63,141,0.0114,0.0163,1
375,82fcb09e135764ad,,wastar,"{""w"": 2.0}",pdb,"{""pdb_dir"": ""../phase1_data_generation/data/pdbs""}",38.00,1,solved,58,,153,484,152,324,0.0274,0.0397,1
376,8f51da6379bc24e0,,wastar,"{""w"": 2.0}",pdb,"{""pdb_dir"": ""../phase1_data_generation/data/pdbs""}",44.00,1,solved,74,,479,1514,475,1009,0.0862,0.1254,1
377,fec5a21609d3b748,,wastar,"{""w"": 2.0}",pdb,"{""pdb_dir"": ""../phase1_data_generation/data/pdbs""}",28.00,1,solved,40,,151,482,152,330,0.0268,0.0387,1
378,bd837f956ca1402e,,wastar,"{""w"": 2.0}",pdb,"{""pdb_dir"": ""../phase1_data_generation/data/pdbs""}",42.00,1,solved,62,,172,542,171,366,0.0302,0.0436,1
379,6de7c085f1b293a4,,wastar,"{""w"": 2.0}",pdb,"{""pdb_dir"": ""../phase1_data_generation/data/pdbs""}",42.00,1,solved,58,,301,954,301,649,0.0523,0.0760,1
380,86c1fde4b9357a20,,wastar,"{""w"": 2.0}",pdb,"{""pdb_dir"": ""../phase1_data_generation/data/pdbs""}",34.00,1,solved,42,,217,705,211,467,0.0363,0.0531,1
381,af2ce9b806d45173,,wastar,"{""w"": 2.0}",pdb,"{""pdb_dir"": ""../phase1_data_generation/data/pdbs""}",36.00,1,solved,50,,102,331,103,230,0.0178,0.0258,1
382,6bdca09e4f351728,,wastar,"{""w"": 2.0}",pdb,"{""pdb_dir"": ""../phase1_data_generation/data/pdbs""}",36.00,1,solved,46,,80,262,81,183,0.0140,0.0203,1
383,ef786ab19405c32d,,wastar,"{""w"": 2.0}",pdb,"{""pdb_dir"": ""../phase1_data_generation/data/pdbs""}",42.00,1,solved,68,,704,2198,624,1289,0.1095,0.1647,1
384,6ca9bdf4021e7358,,wastar,"{""w"": 2.0}",pdb,"{""pdb_dir"": ""../phase1_data_generation/data/pdbs""}",34.00,1,solved,42,,65,211,66,147,0.0112,0.0161,1
385,4f0a31ed78c96b52,,wastar,"{""w"": 2.0}",pdb,"{""pdb_dir"": ""../phase1_data_generation/data/pdbs""}",40.00,1,solved,46,,754,2410,710,1511,0.1215,0.1796,1
386,591afe680bd43c72,,wastar,"{""w"": 2.0}",pdb,"{""pdb_dir"": ""../phase1_data_generation/data/pdbs""}",38.00,1,solved,56,,280,901,272,599,0.0466,0.0680,1
387,fe8d2b40a6c93571,,wastar,"{""w"": 2.0}",pdb,"{""pdb_dir"": ""../phase1_data_generation/data/pdbs""}",24.00,1,solved,30,,156,501,156,341,0.0261,0.0379,1
388,ea086b5f394712dc,,wastar,"{""w"": 2.0}",pdb,"{""pdb_dir"": ""../phase1_data_generation/data/pdbs""}",38.00,1,solved,54,,86,278,87,193,0.0150,0.0218,1
389,f39c6a75ed0b2841,,wastar,"{""w"": 2.0}",pdb,"{""pdb_dir"": ""../phase1_data_generation/data/pdbs""}",36.00,1,solved,56,,564,1776,556,1184,0.0953,0.1392,1
390,a65f2d7c13e9b048,,wastar,"{""w"": 2.0}",pdb,"{""pdb_dir"": ""../phase1_data_generation/data/pdbs""}",34.00,1,solved,54,,276,870,271,576,0.0490,0.0714,1
391,5c3a20bef918d467,,wastar,"{""w"": 2.0}",pdb,"{""pdb_dir"": ""../phase1_data_generation/data/pdbs""}",48.00,1,solved,74,,799,2561,782,1696,0.1404,0.2051,1
392,69d12f50bec3a748,,wastar,"{""w"": 2.0}",pdb,"{""pdb_dir"": ""../phase1_data_generation/data/pdbs""}",38.00,1,solved,44,,60,187,61,128,0.0113,0.0162,1
393,f69cb1372a8ed045,,wastar,"{""w"": 2.0}",pdb,"{""pdb_dir"": ""../phase1_data_generation/data/pdbs""}",36.00,1,solved,52,,854,2668,601,1259,0.1085,0.1741,1
394,fade7865140c93b2,,wastar,"{""w"": 2.0}",pdb,"{""pdb_dir"": ""../phase1_data_generation/data/pdbs""}",34.00,1,solved,40,,75,244,76,170,0.0137,0.0197,1
395,dbfc354806a9e217,,wastar,"{""w"": 2.0}",pdb,"{""pdb_dir"": ""../phase1_data_generation/data/pdbs""}",36.00,1,solved,50,,363,1166,354,771,0.0637,0.0930,1
396,f2a467db59ec3081,,wastar,"{""w"": 2.0}",pdb,"{""pdb_dir"": ""../phase1_data_generation/data/pdbs""}",34.00,1,solved,38,,72,239,73,168,0.0133,0.0191,1
397,b4fd503a2c89e671,,wastar,"{""w"": 2.0}",pdb,"{""pdb_dir"": ""../phase1_data_generation/data/pdbs""}",44.00,1,solved,52,,80,256,81,177,0.0143,0.0206,1
398,adcf3e482609751b,,wastar,"{""w"": 2.0}",pdb,"{""pdb_dir"": ""../phase1_data_generation/data/pdbs""}",36.00,1,solved,50,,616,1955,521,1116,0.0936,0.1419,1
399,719fb5e0ca34d268,,wastar,"{""w"": 2.0}",pdb,"{""pdb_dir"": ""../phase1_data_generation/data/pdbs""}",44.00,1,solved,74,,490,1573,443,969,0.0801,0.1196,1
400,6d03249f5e18ca7b,,wastar,"{""w"": 2.0}",pdb,"{""pdb_dir"": ""../phase1_data_generation/data/pdbs""}",54.00,1,solved,82,,903,2876,886,1921,0.1607,0.2345,1
401,bd146f235c0e8a79,,wastar,"{""w"": 2.0}",pdb,"{""pdb_dir"": ""../phase1_data_generation/data/pdbs""}",48.00,1,solved,76,,679,2198,652,1435,0.1182,0.1732,1
402,984731e0fa2cb6d5,,wastar,"{""w"": 2.0}",pdb,"{""pdb_dir"": ""../phase1_data_generation/data/pdbs""}",44.00,1,solved,64,,524,1659,484,1029,0.0878,0.1300,1
403,4b0d6ae2fc913785,,wastar,"{""w"": 2.0}",pdb,"{""pdb_dir"": ""../phase1_data_generation/data/pdbs""}",38.00,1,solved,56,,1198,3805,958,2043,0.1738,0.2679,1
404,c4865d9ef102b3a7,,wastar,"{""w"": 2.0}",pdb,"{""pdb_dir"": ""../phase1_data_generation/data/pdbs""}",44.00,1,solved,64,,277,856,277,576,0.0503,0.0729,1
405,1fbed6c90345a728,,wastar,"{""w"": 2.0}",pdb,"{""pdb_dir"": ""../phase1_data_generation/data/pdbs""}",36.00,1,solved,52,,147,462,148,315,0.0269,0.0389,1
406,03fb29ea81765c4d,,wastar,"{""w"": 2.0}",pdb,"{""pdb_dir"": ""../phase1_data_generation/data/pdbs""}",48.00,1,solved,64,,199,651,197,443,0.0355,0.0517,1
407,d60cf79e24b83a51,,wastar,"{""w"": 2.0}",pdb,"{""pdb_dir"": ""../phase1_data_generation/data/pdbs""}",26.00,1,solved,38,,415,1317,390,826,0.0684,0.1007,1
408,5d93aeb0728f61c4,,wastar,"{""w"": 2.0}",pdb,"{""pdb_dir"": ""../phase1_data_generation/data/pdbs""}",44.00,1,solved,54,,191,606,185,395,0.0321,0.0468,1
409,3e5f60ad28c9b741,,wastar,"{""w"": 2.0}",pdb,"{""pdb_dir"": ""../phase1_data_generation/data/pdbs""}",36.00,1,solved,48,,122,382,123,261,0.0212,0.0305,1
410,5a0e87cf4923b6d1,,wastar,"{""w"": 2.0}",pdb,"{""pdb_dir"": ""../phase1_data_generation/data/pdbs""}",44.00,1,solved,68,,248,775,245,517,0.0420,0.0611,1
411,cbf940e827563ad1,,wastar,"{""w"": 2.0}",pdb,"{""pdb_dir"": ""../phase1_data_generation/data/pdbs""}",36.00,1,solved,42,,67,222,68,156,0.0119,0.0171,1
412,fa2d3198b70c65e4,,wastar,"{""w"": 2.0}",pdb,"{""pdb_dir"": ""../phase1_data_generation/data/pdbs""}",36.00,1,solved,56,,204,657,205,450,0.0355,0.0515,1
413,5a4cde82b713609f,,wastar,"{""w"": 2.0}",pdb,"{""pdb_dir"": ""../phase1_data_generation/data/pdbs""}",44.00,1,solved,58,,150,489,151,339,0.0271,0.0391,1
414,e91d5f80b2a4736c,,wastar,"{""w"": 2.0}",pdb,"{""pdb_dir"": ""../phase1_data_generation/data/pdbs""}",30.00,1,solved,50,,165,516,164,343,0.0286,0.0415,1
415,753819cb2a0d6e4f,,wastar,"{""w"": 2.0}",pdb,"{""pdb_dir"": ""../phase1_data_generation/data/pdbs""}",46.00,1,solved,68,,227,711,222,471,0.0393,0.0571,1
416,a6097bf14c3d285e,,wastar,"{""w"": 2.0}",pdb,"{""pdb_dir"": ""../phase1_data_generation/data/pdbs""}",44.00,1,solved,60,,325,1025,325,698,0.0585,0.0851,1
417,740e3dcb89f12a65,,wastar,"{""w"": 2.0}",pdb,"{""pdb_dir"": ""../phase1_data_generation/data/pdbs""}",40.00,1,solved,56,,251,788,252,534,0.0446,0.0646,1
418,2ec8d5af079634b1,,wastar,"{""w"": 2.0}",pdb,"{""pdb_dir"": ""../phase1_data_generation/data/pdbs""}",34.00,1,solved,52,,320,1002,316,658,0.0548,0.0799,1
419,0f48e6ac719d3b52,,wastar,"{""w"": 2.0}",pdb,"{""pdb_dir"": ""../phase1_data_generation/data/pdbs""}",32.00,1,solved,54,,2105,6727,1590,3392,0.2898,0.4580,1
420,e95d1ac2f80467b3,,wastar,"{""w"": 2.0}",pdb,"{""pdb_dir"": ""../phase1_data_generation/data/pdbs""}",34.00,1,solved,48,,102,322,103,221,0.0179,0.0258,1
421,0e91f6d8b4c5732a,,wastar,"{""w"": 2.0}",pdb,"{""pdb_dir"": ""../phase1_data_generation/data/pdbs""}",32.00,1,solved,42,,194,615,191,407,0.0326,0.0475,1
422,2fb576ea084d3c19,,wastar,"{""w"": 2.0}",pdb,"{""pdb_dir"": ""../phase1_data_generation/data/pdbs""}",38.00,1,solved,50,,114,367,115,254,0.0196,0.0283,1
423,efc1bad482037596,,wastar,"{""w"": 2.0}",pdb,"{""pdb_dir"": ""../phase1_data_generation/data/pdbs""}",38.00,1,solved,58,,100,322,101,223,0.0170,0.0247,1
424,bf873e10a5942dc6,,wastar,"{""w"": 2.0}",pdb,"{""pdb_dir"": ""../phase1_data_generation/data/pdbs""}",36.00,1,solved,44,,68,213,69,146,0.0117,0.0168,1
425,7f0d6e89ba3c1245,,wastar,"{""w"": 2.0}",pdb,"{""pdb_dir"": ""../phase1_data_generation/data/pdbs""}",30.00,1,solved,50,,578,1818,498,1039,0.0854,0.1292,1
426,b9f75ed342ac6180,,wastar,"{""w"": 2.0}",pdb,"{""pdb_dir"": ""../phase1_data_generation/data/pdbs""}",42.00,1,solved,52,,112,362,113,251,0.0194,0.0280,1
427,b91c7820eaf4365d,,wastar,"{""w"": 2.0}",pdb,"{""pdb_dir"": ""../phase1_data_generation/data/pdbs""}",36.00,1,solved,52,,622,1973,610,1302,0.1066,0.1559,1
428,d812ec37f4ba9650,,wastar,"{""w"": 2.0}",pdb,"{""pdb_dir"": ""../phase1_data_generation/data/pdbs""}",48.00,1,solved,56,,140,444,141,304,0.0243,0.0352,1
429,2f69c0e47b81a3d5,,wastar,"{""w"": 2.0}",pdb,"{""pdb_dir"": ""../phase1_data_generation/data/pdbs""}",34.00,1,solved,50,,248,790,243,526,0.0416,0.0605,1
430,6a52b0789ce4f3d1,,wastar,"{""w"": 2.0}",pdb,"{""pdb_dir"": ""../phase1_data_generation/data/pdbs""}",44.00,1,solved,66,,276,864,276,584,0.0472,0.0682,1
431,e8dc26147f0593ab,,wastar,"{""w"": 2.0}",pdb,"{""pdb_dir"": ""../phase1_data_generation/data/pdbs""}",36.00,1,solved,54,,169,550,170,382,0.0310,0.0449,1
432,0b3c845da97162ef,,wastar,"{""w"": 2.0}",pdb,"{""pdb_dir"": ""../phase1_data_generation/data/pdbs""}",44.00,1,solved,72,,414,1316,409,880,0.0731,0.1064,1
433,dfe240ac9813b756,,wastar,"{""w"": 2.0}",pdb,"{""pdb_dir"": ""../phase1_data_generation/data/pdbs""}",42.00,1,solved,62,,233,744,234,509,0.0415,0.0598,1
434,1b4965df87a2ec30,,wastar,"{""w"": 2.0}",pdb,"{""pdb_dir"": ""../phase1_data_generation/data/pdbs""}",50.00,1,solved,68,,133,439,134,307,0.0234,0.0339,1
435,b3a59812e6c4fd70,,wastar,"{""w"": 2.0}",pdb,"{""pdb_dir"": ""../phase1_data_generation/data/pdbs""}",44.00,1,solved,62,,93,302,94,210,0.0171,0.0246,1
436,7acb35e92df61048,,wastar,"{""w"": 2.0}",pdb,"{""pdb_dir"": ""../phase1_data_generation/data/pdbs""}",36.00,1,solved,48,,818,2577,813,1712,0.1456,0.2116,1
437,85fc4031b92d6a7e,,wastar,"{""w"": 2.0}",pdb,"{""pdb_dir"": ""../phase1_data_generation/data/pdbs""}",46.00,1,solved,64,,140,442,141,303,0.0256,0.0369,1
438,780acdb5e94126f3,,wastar,"{""w"": 2.0}",pdb,"{""pdb_dir"": ""../phase1_data_generation/data/pdbs""}",42.00,1,solved,58,,152,490,153,339,0.0276,0.0398,1
439,08d12bac7e39654f,,wastar,"{""w"": 2.0}",pdb,"{""pdb_dir"": ""../phase1_data_generation/data/pdbs""}",42.00,1,solved,58,,76,255,77,180,0.0139,0.0200,1
440,1f08d3e7245cab96,,wastar,"{""w"": 2.0}",pdb,"{""pdb_dir"": ""../phase1_data_generation/data/pdbs""}",42.00,1,solved,58,,319,994,305,638,0.0553,0.0808,1
441,6e8cad970b52f314,,wastar,"{""w"": 2.0}",pdb,"{""pdb_dir"": ""../phase1_data_generation/data/pdbs""}",30.00,1,solved,48,,160,509,161,350,0.0291,0.0419,1
442,0cb861d54723af9e,,wastar,"{""w"": 2.0}",pdb,"{""pdb_dir"": ""../phase1_data_generation/data/pdbs""}",46.00,1,solved,64,,178,563,177,378,0.0319,0.0462,1
443,bf6ea5207d4c3819,,wastar,"{""w"": 2.0}",pdb,"{""pdb_dir"": ""../phase1_data_generation/data/pdbs""}",30.00,1,solved,36,,61,202,62,142,0.0112,0.0161,1
444,37bae04c85f1d692,,wastar,"{""w"": 2.0}",pdb,"{""pdb_dir"": ""../phase1_data_generation/data/pdbs""}",42.00,1,solved,60,,97,315,98,219,0.0178,0.0256,1
445,f9c8abe67d453210,,wastar,"{""w"": 2.0}",pdb,"{""pdb_dir"": ""../phase1_data_generation/data/pdbs""}",24.00,1,solved,36,,443,1396,388,820,0.0704,0.1055,1
446,f65eb274839dc01a,,wastar,"{""w"": 2.0}",pdb,"{""pdb_dir"": ""../phase1_data_generation/data/pdbs""}",40.00,1,solved,56,,113,367,114,255,0.0205,0.0296,1
447,a8ed6bf9345c7021,,wastar,"{""w"": 2.0}",pdb,"{""pdb_dir"": ""../phase1_data_generation/data/pdbs""}",32.00,1,solved,44,,90,295,91,206,0.0164,0.0236,1
448,d672e3195f0cab48,,wastar,"{""w"": 2.0}",pdb,"{""pdb_dir"": ""../phase1_data_generation/data/pdbs""}",44.00,1,solved,58,,101,327,102,227,0.0184,0.0265,1
449,e6fd294c0b58713a,,wastar,"{""w"": 2.0}",pdb,"{""pdb_dir"": ""../phase1_data_generation/data/pdbs""}",32.00,1,solved,46,,154,476,154,321,0.0280,0.0404,1
450,7eb4235c0a8f1d69,,wastar,"{""w"": 2.0}",pdb,"{""pdb_dir"": ""../phase1_data_generation/data/pdbs""}",38.00,1,solved,62,,364,1157,352,762,0.0629,0.0920,1
451,dfe8601954c2ba37,,wastar,"{""w"": 2.0}",pdb,"{""pdb_dir"": ""../phase1_data_generation/data/pdbs""}",40.00,1,solved,60,,137,437,138,300,0.0251,0.0361,1
452,ae1c90d8b5f26734,,wastar,"{""w"": 2.0}",pdb,"{""pdb_dir"": ""../phase1_data_generation/data/pdbs""}",30.00,1,solved,50,,421,1323,406,862,0.0718,0.1048,1
453,af6850bd34c271e9,,wastar,"{""w"": 2.0}",pdb,"{""pdb_dir"": ""../phase1_data_generation/data/pdbs""}",42.00,1,solved,60,,162,509,163,348,0.0296,0.0427,1
454,ea56fbdc73814920,,wastar,"{""w"": 2.0}",pdb,"{""pdb_dir"": ""../phase1_data_generation/data/pdbs""}",34.00,1,solved,46,,101,319,102,219,0.0178,0.0258,1
455,b87c3a940d6521ef,,wastar,"{""w"": 2.0}",pdb,"{""pdb_dir"": ""../phase1_data_generation/data/pdbs""}",40.00,1,solved,58,,625,1965,593,1248,0.1063,0.1562,1
456,d3ba92807e1cf456,,wastar,"{""w"": 2.0}",pdb,"{""pdb_dir"": ""../phase1_data_generation/data/pdbs""}",44.00,1,solved,68,,995,3124,956,2002,0.1716,0.2516,1
457,138d4f7905ec6b2a,,wastar,"{""w"": 2.0}",pdb,"{""pdb_dir"": ""../phase1_data_generation/data/pdbs""}",44.00,1,solved,68,,427,1370,413,904,0.0714,0.1051,1
458,a526103d7b9ec4f8,,wastar,"{""w"": 2.0}",pdb,"{""pdb_dir"": ""../phase1_data_generation/data/pdbs""}",50.00,1,solved,66,,209,675,210,465,0.0364,0.0535,1
459,8651c790e2bdfa43,,wastar,"{""w"": 2.0}",pdb,"{""pdb_dir"": ""../phase1_data_generation/data/pdbs""}",46.00,1,solved,70,,247,759,245,506,0.0437,0.0631,1
460,9a07ce146bd8f352,,wastar,"{""w"": 2.0}",pdb,"{""pdb_dir"": ""../phase1_data_generation/data/pdbs""}",40.00,1,solved,58,,602,1938,556,1203,0.0972,0.1446,1
461,7bfce34da6912850,,wastar,"{""w"": 2.0}",pdb,"{""pdb_dir"": ""../phase1_data_generation/data/pdbs""}",30.00,1,solved,42,,314,994,314,669,0.0547,0.0793,1
462,ef25ca789b1d3046,,wastar,"{""w"": 2.0}",pdb,"{""pdb_dir"": ""../phase1_data_generation/data/pdbs""}",40.00,1,solved,54,,240,766,237,515,0.0412,0.0599,1
463,a2d4b9ef370c1658,,wastar,"{""w"": 2.0}",pdb,"{""pdb_dir"": ""../phase1_data_generation/data/pdbs""}",36.00,1,solved,54,,212,678,193,419,0.0340,0.0503,1
464,a76280c4f9d5be13,,wastar,"{""w"": 2.0}",pdb,"{""pdb_dir"": ""../phase1_data_generation/data/pdbs""}",46.00,1,solved,72,,3307,10640,2822,6057,0.5015,0.7636,1
465,8a6e4fd1037529bc,,wastar,"{""w"": 2.0}",pdb,"{""pdb_dir"": ""../phase1_data_generation/data/pdbs""}",42.00,1,solved,58,,209,684,210,474,0.0378,0.0549,1
466,a8fd3c541e27b069,,wastar,"{""w"": 2.0}",pdb,"{""pdb_dir"": ""../phase1_data_generation/data/pdbs""}",40.00,1,solved,56,,99,318,100,220,0.0179,0.0259,1
467,fd9cb568ea713420,,wastar,"{""w"": 2.0}",pdb,"{""pdb_dir"": ""../phase1_data_generation/data/pdbs""}",24.00,1,solved,32,,98,318,99,221,0.0175,0.0253,1
468,b2e930f875cd61a4,,wastar,"{""w"": 2.0}",pdb,"{""pdb_dir"": ""../phase1_data_generation/data/pdbs""}",38.00,1,solved,44,,55,174,56,120,0.0099,0.0142,1
469,ac7910fdeb583462,,wastar,"{""w"": 2.0}",pdb,"{""pdb_dir"": ""../phase1_data_generation/data/pdbs""}",36.00,1,solved,50,,96,315,97,220,0.0175,0.0252,1
470,746dbfc0519e3a82,,wastar,"{""w"": 2.0}",pdb,"{""pdb_dir"": ""../phase1_data_generation/data/pdbs""}",36.00,1,solved,42,,317,1011,318,691,0.0564,0.0816,1
471,07bd65842caf39e1,,wastar,"{""w"": 2.0}",pdb,"{""pdb_dir"": ""../phase1_data_generation/data/pdbs""}",38.00,1,solved,44,,359,1142,341,730,0.0608,0.0893,1
472,830c5db172fe694a,,wastar,"{""w"": 2.0}",pdb,"{""pdb_dir"": ""../phase1_data_generation/data/pdbs""}",44.00,1,solved,52,,77,253,78,177,0.0136,0.0197,1
473,2ac8f13e94db7065,,wastar,"{""w"": 2.0}",pdb,"{""pdb_dir"": ""../phase1_data_generation/data/pdbs""}",38.00,1,solved,46,,205,661,204,446,0.0358,0.0518,1
474,6b1ce0df59a23487,,wastar,"{""w"": 2.0}",pdb,"{""pdb_dir"": ""../phase1_data_generation/data/pdbs""}",38.00,1,solved,62,,1020,3222,1012,2160,0.1802,0.2622,1
475,bd8cfe713605924a,,wastar,"{""w"": 2.0}",pdb,"{""pdb_dir"": ""../phase1_data_generation/data/pdbs""}",32.00,1,solved,40,,127,397,128,270,0.0225,0.0324,1
476,6a3d5bfe940c8271,,wastar,"{""w"": 2.0}",pdb,"{""pdb_dir"": ""../phase1_data_generation/data/pdbs""}",44.00,1,solved,50,,127,408,128,282,0.0225,0.0323,1
477,53bced89fa162740,,wastar,"{""w"": 2.0}",pdb,"{""pdb_dir"": ""../phase1_data_generation/data/pdbs""}",30.00,1,solved,50,,2802,8817,2355,4890,0.4267,0.6507,1
478,6e5b2f907841ca3d,,wastar,"{""w"": 2.0}",pdb,"{""pdb_dir"": ""../phase1_data_generation/data/pdbs""}",44.00,1,solved,64,,190,620,191,430,0.0339,0.0491,1
479,3f649d8a0b1c2e75,,wastar,"{""w"": 2.0}",pdb,"{""pdb_dir"": ""../phase1_data_generation/data/pdbs""}",38.00,1,solved,56,,599,1930,582,1284,0.1067,0.1565,1
480,e8519ca6f40d3b72,,wastar,"{""w"": 2.0}",pdb,"{""pdb_dir"": ""../phase1_data_generation/data/pdbs""}",38.00,1,solved,64,,366,1179,365,802,0.0662,0.0966,1
481,ec81a025f7bd4693,,wastar,"{""w"": 2.0}",pdb,"{""pdb_dir"": ""../phase1_data_generation/data/pdbs""}",40.00,1,solved,64,,480,1503,451,958,0.0820,0.1209,1
482,8fe9d56174acb023,,wastar,"{""w"": 2.0}",pdb,"{""pdb_dir"": ""../phase1_data_generation/data/pdbs""}",40.00,1,solved,66,,826,2696,775,1710,0.1383,0.2048,1
483,bf9de47c3601a582,,wastar,"{""w"": 2.0}",pdb,"{""pdb_dir"": ""../phase1_data_generation/data/pdbs""}",30.00,1,solved,40,,204,645,168,359,0.0302,0.0461,1
484,d5c4e182b907f63a,,wastar,"{""w"": 2.0}",pdb,"{""pdb_dir"": ""../phase1_data_generation/data/pdbs""}",40.00,1,solved,54,,845,2637,664,1362,0.1163,0.1802,1
485,a602581dbc937ef4,,wastar,"{""w"": 2.0}",pdb,"{""pdb_dir"": ""../phase1_data_generation/data/pdbs""}",44.00,1,solved,66,,524,1651,524,1124,0.0903,0.1308,1
486,c47930d2b816fae5,,wastar,"{""w"": 2.0}",pdb,"{""pdb_dir"": ""../phase1_data_generation/data/pdbs""}",48.00,1,solved,70,,3606,11486,3317,6990,0.5940,0.8874,1
487,3b0de89f15c472a6,,wastar,"{""w"": 2.0}",pdb,"{""pdb_dir"": ""../phase1_data_generation/data/pdbs""}",42.00,1,solved,46,,65,220,66,156,0.0120,0.0173,1
488,140cbaf9e6853d27,,wastar,"{""w"": 2.0}",pdb,"{""pdb_dir"": ""../phase1_data_generation/data/pdbs""}",40.00,1,solved,52,,103,333,104,231,0.0189,0.0272,1
489,3e2586cdba714f90,,wastar,"{""w"": 2.0}",pdb,"{""pdb_dir"": ""../phase1_data_generation/data/pdbs""}",42.00,1,solved,62,,436,1357,435,915,0.0790,0.1144,1
490,06d9bc2af71e3854,,wastar,"{""w"": 2.0}",pdb,"{""pdb_dir"": ""../phase1_data_generation/data/pdbs""}",36.00,1,solved,58,,619,1953,606,1280,0.1098,0.1598,1
491,6ef9b4ca0d138572,,wastar,"{""w"": 2.0}",pdb,"{""pdb_dir"": ""../phase1_data_generation/data/pdbs""}",42.00,1,solved,60,,248,781,249,531,0.0452,0.0653,1
492,a86be5fc413927d0,,wastar,"{""w"": 2.0}",pdb,"{""pdb_dir"": ""../phase1_data_generation/data/pdbs""}",44.00,1,solved,60,,211,663,209,440,0.0380,0.0551,1
493,fde9304276ac581b,,wastar,"{""w"": 2.0}",pdb,"{""pdb_dir"": ""../phase1_data_generation/data/pdbs""}",36.00,1,solved,58,,943,2996,876,1853,0.1560,0.2310,1
494,3fd9a16042c85eb7,,wastar,"{""w"": 2.0}",pdb,"{""pdb_dir"": ""../phase1_data_generation/data/pdbs""}",40.00,1,solved,66,,380,1219,380,834,0.0672,0.0975,1
495,e2c8f150b937a64d,,wastar,"{""w"": 2.0}",pdb,"{""pdb_dir"": ""../phase1_data_generation/data/pdbs""}",32.00,1,solved,52,,539,1713,455,973,0.0821,0.1245,1
496,f90e2b761a8d3c54,,wastar,"{""w"": 2.0}",pdb,"{""pdb_dir"": ""../phase1_data_generation/data/pdbs""}",34.00,1,solved,56,,2080,6618,1934,4057,0.3436,0.5094,1
497,f79d2bce3605184a,,wastar,"{""w"": 2.0}",pdb,"{""pdb_dir"": ""../phase1_data_generation/data/pdbs""}",34.00,1,solved,50,,468,1511,465,1022,0.0808,0.1177,1
498,28d17eb90fac6345,,wastar,"{""w"": 2.0}",pdb,"{""pdb_dir"": ""../phase1_data_generation/data/pdbs""}",38.00,1,solved,44,,86,277,86,190,0.0152,0.0221,1
499,a7edfb60189c2534,,wastar,"{""w"": 2.0}",pdb,"{""pdb_dir"": ""../phase1_data_generation/data/pdbs""}",30.00,1,solved,38,,76,237,77,162,0.0139,0.0199,1
500,de5a6fc03241789b,,wastar,"{""w"": 2.0}",pdb,"{""pdb_dir"": ""../phase1_data_generation/data/pdbs""}",36.00,1,solved,50,,61,199,62,139,0.0109,0.0157,1
501,6281cfe94d05ba73,,wastar,"{""w"": 2.0}",pdb,"{""pdb_dir"": ""../phase1_data_generation/data/pdbs""}",44.00,1,solved,50,,73,237,74,165,0.0125,0.0180,1
502,2b8ef0d597a6431c,,wastar,"{""w"": 2.0}",pdb,"{""pdb_dir"": ""../phase1_data_generation/data/pdbs""}",40.00,1,solved,58,,258,818,256,549,0.0451,0.0658,1
503,1f694d8e5b2c70a3,,wastar,"{""w"": 2.0}",pdb,"{""pdb_dir"": ""../phase1_data_generation/data/pdbs""}",42.00,1,solved,58,,217,690,218,474,0.0380,0.0548,1
504,7ca5f06e3d19b428,,wastar,"{""w"": 2.0}",pdb,"{""pdb_dir"": ""../phase1_data_generation/data/pdbs""}",36.00,1,solved,52,,613,1988,525,1167,0.0915,0.1384,1
505,736cb58d1e49a2f0,,wastar,"{""w"": 2.0}",pdb,"{""pdb_dir"": ""../phase1_data_generation/data/pdbs""}",40.00,1,solved,70,,661,2071,639,1335,0.1153,0.1686,1
506,01d2afc8eb357649,,wastar,"{""w"": 2.0}",pdb,"{""pdb_dir"": ""../phase1_data_generation/data/pdbs""}",36.00,1,solved,60,,607,1899,554,1154,0.0975,0.1448,1
507,586ecf91ab2743d0,,wastar,"{""w"": 2.0}",pdb,"{""pdb_dir"": ""../phase1_data_generation/data/pdbs""}",46.00,1,solved,68,,488,1585,483,1079,0.0844,0.1228,1
508,5f8ce740b2d6a139,,wastar,"{""w"": 2.0}",pdb,"{""pdb_dir"": ""../phase1_data_generation/data/pdbs""}",40.00,1,solved,48,,96,298,97,203,0.0168,0.0242,1
509,68dc7e51f39ab042,,wastar,"{""w"": 2.0}",pdb,"{""pdb_dir"": ""../phase1_data_generation/data/pdbs""}",32.00,1,solved,42,,141,457,141,313,0.0243,0.0353,1
510,eafc7928b50d3146,,wastar,"{""w"": 2.0}",pdb,"{""pdb_dir"": ""../phase1_data_generation/data/pdbs""}",28.00,1,solved,32,,39,132,40,94,0.0071,0.0102,1
511,aeb8dc4079516f32,,wastar,"{""w"": 2.0}",pdb,"{""pdb_dir"": ""../phase1_data_generation/data/pdbs""}",34.00,1,solved,46,,216,691,211,452,0.0364,0.0531,1
512,4c7eb5893fda1260,,wastar,"{""w"": 2.0}",pdb,"{""pdb_dir"": ""../phase1_data_generation/data/pdbs""}",44.00,1,solved,68,,336,1050,336,707,0.0584,0.0847,1
513,4af91c20b8ed7653,,wastar,"{""w"": 2.0}",pdb,"{""pdb_dir"": ""../phase1_data_generation/data/pdbs""}",42.00,1,solved,48,,71,233,72,163,0.0124,0.0179,1
514,fa8b29ec16045d37,,wastar,"{""w"": 2.0}",pdb,"{""pdb_dir"": ""../phase1_data_generation/data/pdbs""}",42.00,1,solved,52,,67,209,68,143,0.0122,0.0175,1
515,fad1e95c376840b2,,wastar,"{""w"": 2.0}",pdb,"{""pdb_dir"": ""../phase1_data_generation/data/pdbs""}",32.00,1,solved,46,,1268,4062,1202,2592,0.2076,0.3067,1
516,ce0f7a9d8614b352,,wastar,"{""w"": 2.0}",pdb,"{""pdb_dir"": ""../phase1_data_generation/data/pdbs""}",36.00,1,solved,54,,197,627,197,424,0.0355,0.0512,1
517,f7d8519c03a6b2e4,,wastar,"{""w"": 2.0}",pdb,"{""pdb_dir"": ""../phase1_data_generation/data/pdbs""}",34.00,1,solved,46,,253,804,252,543,0.0453,0.0655,1
518,7e0386c9a2f5d41b,,wastar,"{""w"": 2.0}",pdb,"{""pdb_dir"": ""../phase1_data_generation/data/pdbs""}",50.00,1,solved,72,,192,617,193,426,0.0349,0.0504,1
519,5df8391ac204e7b6,,wastar,"{""w"": 2.0}",pdb,"{""pdb_dir"": ""../phase1_data_generation/data/pdbs""}",42.00,1,solved,60,,251,785,242,508,0.0438,0.0638,1
520,e79fbda5c3186042,,wastar,"{""w"": 2.0}",pdb,"{""pdb_dir"": ""../phase1_data_generation/data/pdbs""}",40.00,1,solved,62,,409,1305,404,880,0.0733,0.1064,1
521,dac6f5890241be73,,wastar,"{""w"": 2.0}",pdb,"{""pdb_dir"": ""../phase1_data_generation/data/pdbs""}",34.00,1,solved,44,,106,345,107,240,0.0193,0.0279,1
522,c63ab2f01e94d758,,wastar,"{""w"": 2.0}",pdb,"{""pdb_dir"": ""../phase1_data_generation/data/pdbs""}",42.00,1,solved,72,,777,2450,773,1646,0.1402,0.2034,1
523,bd97e8f0a61c5432,,wastar,"{""w"": 2.0}",pdb,"{""pdb_dir"": ""../phase1_data_generation/data/pdbs""}",40.00,1,solved,46,,115,376,116,262,0.0202,0.0292,1
524,562b10e8fdc4a379,,wastar,"{""w"": 2.0}",pdb,"{""pdb_dir"": ""../phase1_data_generation/data/pdbs""}",42.00,1,solved,62,,1006,3157,953,1956,0.1706,0.2511,1
525,f1de89bc056473a2,,wastar,"{""w"": 2.0}",pdb,"{""pdb_dir"": ""../phase1_data_generation/data/pdbs""}",32.00,1,solved,46,,115,365,115,247,0.0206,0.0298,1
526,610f7ecb59d34a28,,wastar,"{""w"": 2.0}",pdb,"{""pdb_dir"": ""../phase1_data_generation/data/pdbs""}",42.00,1,solved,64,,114,357,113,239,0.0198,0.0287,1
527,12bdc7ef0598a643,,wastar,"{""w"": 2.0}",pdb,"{""pdb_dir"": ""../phase1_data_generation/data/pdbs""}",48.00,1,solved,62,,213,670,214,458,0.0388,0.0561,1
528,9a78f154bc02de63,,wastar,"{""w"": 2.0}",pdb,"{""pdb_dir"": ""../phase1_data_generation/data/pdbs""}",46.00,1,solved,56,,70,225,71,156,0.0126,0.0181,1
529,efac175b620d3894,,wastar,"{""w"": 2.0}",pdb,"{""pdb_dir"": ""../phase1_data_generation/data/pdbs""}",34.00,1,solved,48,,934,2955,919,1965,0.1596,0.2326,1
530,29dcb075fa463e81,,wastar,"{""w"": 2.0}",pdb,"{""pdb_dir"": ""../phase1_data_generation/data/pdbs""}",36.00,1,solved,52,,166,530,167,364,0.0277,0.0401,1
531,f3e6d2ac1789b054,,wastar,"{""w"": 2.0}",pdb,"{""pdb_dir"": ""../phase1_data_generation/data/pdbs""}",34.00,1,solved,42,,111,364,111,251,0.0190,0.0277,1
532,b7e5f8a103cd6429,,wastar,"{""w"": 2.0}",pdb,"{""pdb_dir"": ""../phase1_data_generation/data/pdbs""}",38.00,1,solved,46,,80,248,81,169,0.0144,0.0207,1
533,be6cfda184073925,,wastar,"{""w"": 2.0}",pdb,"{""pdb_dir"": ""../phase1_data_generation/data/pdbs""}",36.00,1,solved,42,,74,239,75,166,0.0135,0.0194,1
534,c905b1edaf647283,,wastar,"{""w"": 2.0}",pdb,"{""pdb_dir"": ""../phase1_data_generation/data/pdbs""}",38.00,1,solved,48,,83,266,84,184,0.0151,0.0216,1
535,e7b8c610afd53492,,wastar,"{""w"": 2.0}",pdb,"{""pdb_dir"": ""../phase1_data_generation/data/pdbs""}",36.00,1,solved,52,,855,2704,750,1572,0.1348,0.2034,1
536,b7c89d6023541fea,,wastar,"{""w"": 2.0}",pdb,"{""pdb_dir"": ""../phase1_data_generation/data/pdbs""}",34.00,1,solved,46,,111,352,112,242,0.0201,0.0290,1
537,f689db4ca721e053,,wastar,"{""w"": 2.0}",pdb,"{""pdb_dir"": ""../phase1_data_generation/data/pdbs""}",38.00,1,solved,54,,172,552,172,374,0.0305,0.0440,1
538,7468b9edf102a35c,,wastar,"{""w"": 2.0}",pdb,"{""pdb_dir"": ""../phase1_data_generation/data/pdbs""}",42.00,1,solved,52,,247,802,238,525,0.0434,0.0639,1
539,75dce9a6b103f428,,wastar,"{""w"": 2.0}",pdb,"{""pdb_dir"": ""../phase1_data_generation/data/pdbs""}",38.00,1,solved,54,,565,1786,519,1108,0.0930,0.1380,1
540,06e4f5812b37d9ca,,wastar,"{""w"": 2.0}",pdb,"{""pdb_dir"": ""../phase1_data_generation/data/pdbs""}",42.00,1,solved,62,,200,629,199,422,0.0360,0.0524,1
541,c39ef01a78b524d6,,wastar,"{""w"": 2.0}",pdb,"{""pdb_dir"": ""../phase1_data_generation/data/pdbs""}",42.00,1,solved,52,,753,2412,726,1565,0.1314,0.1927,1
542,bc9de5f0214a6783,,wastar,"{""w"": 2.0}",pdb,"{""pdb_dir"": ""../phase1_data_generation/data/pdbs""}",38.00,1,solved,40,,46,147,47,102,0.0085,0.0123,1
543,5dfe61b93a0827c4,,wastar,"{""w"": 2.0}",pdb,"{""pdb_dir"": ""../phase1_data_generation/data/pdbs""}",38.00,1,solved,50,,122,380,123,259,0.0222,0.0320,1
544,d68cfb970354a2e1,,wastar,"{""w"": 2.0}",pdb,"{""pdb_dir"": ""../phase1_data_generation/data/pdbs""}",28.00,1,solved,48,,1953,6088,1669,3447,0.2939,0.4456,1
545,d54b7efa01362c98,,wastar,"{""w"": 2.0}",pdb,"{""pdb_dir"": ""../phase1_data_generation/data/pdbs""}",44.00,1,solved,64,,680,2182,673,1473,0.1153,0.1683,1
546,adcf73e06b891452,,wastar,"{""w"": 2.0}",pdb,"{""pdb_dir"": ""../phase1_data_generation/data/pdbs""}",40.00,1,solved,62,,228,709,227,475,0.0386,0.0559,1
547,5e4b70a96fdc3821,,wastar,"{""w"": 2.0}",pdb,"{""pdb_dir"": ""../phase1_data_generation/data/pdbs""}",36.00,1,solved,46,,225,737,225,510,0.0390,0.0567,1
548,bac87d9632e4501f,,wastar,"{""w"": 2.0}",pdb,"{""pdb_dir"": ""../phase1_data_generation/data/pdbs""}",32.00,1,solved,44,,74,235,75,162,0.0132,0.0190,1
549,e78da95b431f60c2,,wastar,"{""w"": 2.0}",pdb,"{""pdb_dir"": ""../phase1_data_generation/data/pdbs""}",40.00,1,solved,54,,372,1178,362,775,0.0643,0.0941,1
550,d80f913cb6e57a24,,wastar,"{""w"": 2.0}",pdb,"{""pdb_dir"": ""../phase1_data_generation/data/pdbs""}",36.00,1,solved,48,,86,284,87,199,0.0156,0.0225,1
551,7f098c6423d5ba1e,,wastar,"{""w"": 2.0}",pdb,"{""pdb_dir"": ""../phase1_data_generation/data/pdbs""}",38.00,1,solved,58,,716,2281,642,1380,0.1154,0.1725,1
552,aed578c20f1396b4,,wastar,"{""w"": 2.0}",pdb,"{""pdb_dir"": ""../phase1_data_generation/data/pdbs""}",40.00,1,solved,60,,218,700,219,481,0.0395,0.0572,1
553,fea147cb350962d8,,wastar,"{""w"": 2.0}",pdb,"{""pdb_dir"": ""../phase1_data_generation/data/pdbs""}",36.00,1,solved,50,,260,836,230,504,0.0409,0.0611,1
554,f7e9b0cd2a183546,,wastar,"{""w"": 2.0}",pdb,"{""pdb_dir"": ""../phase1_data_generation/data/pdbs""}",24.00,1,solved,34,,157,502,156,339,0.0274,0.0398,1
555,5639fbc4e201ad78,,wastar,"{""w"": 2.0}",pdb,"{""pdb_dir"": ""../phase1_data_generation/data/pdbs""}",38.00,1,solved,54,,104,331,105,228,0.0184,0.0265,1
556,ec89ad576f031b42,,wastar,"{""w"": 2.0}",pdb,"{""pdb_dir"": ""../phase1_data_generation/data/pdbs""}",36.00,1,solved,56,,575,1811,567,1185,0.1009,0.1471,1
557,de94f85106273bac,,wastar,"{""w"": 2.0}",pdb,"{""pdb_dir"": ""../phase1_data_generation/data/pdbs""}",34.00,1,solved,62,,550,1746,494,1062,0.0875,0.1305,1
558,eac9b7612f08d345,,wastar,"{""w"": 2.0}",pdb,"{""pdb_dir"": ""../phase1_data_generation/data/pdbs""}",32.00,1,solved,36,,41,136,42,96,0.0073,0.0106,1
559,f528b47a3e0c16d9,,wastar,"{""w"": 2.0}",pdb,"{""pdb_dir"": ""../phase1_data_generation/data/pdbs""}",40.00,1,solved,56,,292,931,289,625,0.0519,0.0753,1
560,37ed6a94fcb82051,,wastar,"{""w"": 2.0}",pdb,"{""pdb_dir"": ""../phase1_data_generation/data/pdbs""}",32.00,1,solved,56,,1936,6173,1591,3375,0.2878,0.4408,1
561,7c9a65b2e308f4d1,,wastar,"{""w"": 2.0}",pdb,"{""pdb_dir"": ""../phase1_data_generation/data/pdbs""}",40.00,1,solved,64,,1271,4087,1233,2659,0.2231,0.3272,1
562,43c6ef29b805d7a1,,wastar,"{""w"": 2.0}",pdb,"{""pdb_dir"": ""../phase1_data_generation/data/pdbs""}",42.00,1,solved,58,,275,872,271,580,0.0481,0.0701,1
563,f394b1d07e26a8c5,,wastar,"{""w"": 2.0}",pdb,"{""pdb_dir"": ""../phase1_data_generation/data/pdbs""}",40.00,1,solved,60,,219,710,218,487,0.0374,0.0546,1
564,8f47ebc1da653029,,wastar,"{""w"": 2.0}",pdb,"{""pdb_dir"": ""../phase1_data_generation/data/pdbs""}",40.00,1,solved,50,,62,202,63,141,0.0114,0.0161,1
565,c3b967d4210a85fe,,wastar,"{""w"": 2.0}",pdb,"{""pdb_dir"": ""../phase1_data_generation/data/pdbs""}",48.00,1,solved,68,,248,814,245,553,0.0430,0.0631,1
566,62bacfd0e3189475,,wastar,"{""w"": 2.0}",pdb,"{""pdb_dir"": ""../phase1_data_generation/data/pdbs""}",42.00,1,solved,54,,247,793,246,538,0.0423,0.0617,1
567,01edfa9b623c7584,,wastar,"{""w"": 2.0}",pdb,"{""pdb_dir"": ""../phase1_data_generation/data/pdbs""}",32.00,1,solved,48,,338,1101,339,759,0.0570,0.0828,1
568,a4ced986bf257310,,wastar,"{""w"": 2.0}",pdb,"{""pdb_dir"": ""../phase1_data_generation/data/pdbs""}",34.00,1,solved,44,,65,214,66,150,0.0109,0.0158,1
569,dea579b62f4c3810,,wastar,"{""w"": 2.0}",pdb,"{""pdb_dir"": ""../phase1_data_generation/data/pdbs""}",38.00,1,solved,60,,428,1374,377,827,0.0634,0.0952,1
570,a2fcd379be548016,,wastar,"{""w"": 2.0}",pdb,"{""pdb_dir"": ""../phase1_data_generation/data/pdbs""}",34.00,1,solved,52,,1009,3172,958,2003,0.1662,0.2457,1
571,ef4973805cdab261,,wastar,"{""w"": 2.0}",pdb,"{""pdb_dir"": ""../phase1_data_generation/data/pdbs""}",40.00,1,solved,50,,79,258,80,180,0.0138,0.0197,1
572,ea19bdc87305f246,,wastar,"{""w"": 2.0}",pdb,"{""pdb_dir"": ""../phase1_data_generation/data/pdbs""}",34.00,1,solved,48,,118,373,119,255,0.0200,0.0289,1
573,5d68ec2f79043ab1,,wastar,"{""w"": 2.0}",pdb,"{""pdb_dir"": ""../phase1_data_generation/data/pdbs""}",34.00,1,solved,44,,103,337,104,234,0.0176,0.0253,1
574,91c5f6a807d2b3e4,,wastar,"{""w"": 2.0}",pdb,"{""pdb_dir"": ""../phase1_data_generation/data/pdbs""}",32.00,1,solved,52,,453,1438,379,796,0.0670,0.1025,1
575,e8094b7f6c51d2a3,,wastar,"{""w"": 2.0}",pdb,"{""pdb_dir"": ""../phase1_data_generation/data/pdbs""}",44.00,1,solved,76,,561,1777,323,694,0.0586,0.1008,1
576,abec603df8497251,,wastar,"{""w"": 2.0}",pdb,"{""pdb_dir"": ""../phase1_data_generation/data/pdbs""}",26.00,1,solved,34,,167,533,168,367,0.0305,0.0440,1
577,b98eaf10d6732c45,,wastar,"{""w"": 2.0}",pdb,"{""pdb_dir"": ""../phase1_data_generation/data/pdbs""}",40.00,1,solved,56,,431,1370,431,929,0.0781,0.1130,1
578,0126ac5ed937fb84,,wastar,"{""w"": 2.0}",pdb,"{""pdb_dir"": ""../phase1_data_generation/data/pdbs""}",46.00,1,solved,68,,789,2519,747,1595,0.1346,0.1981,1
579,8aec7bd943f51620,,wastar,"{""w"": 2.0}",pdb,"{""pdb_dir"": ""../phase1_data_generation/data/pdbs""}",40.00,1,solved,54,,124,398,125,274,0.0219,0.0317,1
580,8d6459e0af13b27c,,wastar,"{""w"": 2.0}",pdb,"{""pdb_dir"": ""../phase1_data_generation/data/pdbs""}",46.00,1,solved,58,,86,276,87,191,0.0158,0.0228,1
581,b5f410ade6837c92,,wastar,"{""w"": 2.0}",pdb,"{""pdb_dir"": ""../phase1_data_generation/data/pdbs""}",42.00,1,solved,62,,237,771,227,510,0.0406,0.0595,1
582,86cfb01e379d245a,,wastar,"{""w"": 2.0}",pdb,"{""pdb_dir"": ""../phase1_data_generation/data/pdbs""}",38.00,1,solved,50,,486,1554,463,998,0.0805,0.1185,1
583,78e9cfb15d6a2340,,wastar,"{""w"": 2.0}",pdb,"{""pdb_dir"": ""../phase1_data_generation/data/pdbs""}",40.00,1,solved,64,,269,855,261,557,0.0455,0.0663,1
584,b846d05721cfa3e9,,wastar,"{""w"": 2.0}",pdb,"{""pdb_dir"": ""../phase1_data_generation/data/pdbs""}",46.00,1,solved,66,,285,892,273,576,0.0491,0.0720,1
585,fdc9b63a28e47150,,wastar,"{""w"": 2.0}",pdb,"{""pdb_dir"": ""../phase1_data_generation/data/pdbs""}",26.00,1,solved,30,,35,115,36,81,0.0064,0.0091,1
586,9c2f7a51b408d3e6,,wastar,"{""w"": 2.0}",pdb,"{""pdb_dir"": ""../phase1_data_generation/data/pdbs""}",42.00,1,solved,64,,668,2136,553,1191,0.0996,0.1524,1
587,ab0c6f739e2514d8,,wastar,"{""w"": 2.0}",pdb,"{""pdb_dir"": ""../phase1_data_generation/data/pdbs""}",42.00,1,solved,64,,297,926,291,607,0.0539,0.0786,1
588,ec4da6f1b3789052,,wastar,"{""w"": 2.0}",pdb,"{""pdb_dir"": ""../phase1_data_generation/data/pdbs""}",36.00,1,solved,48,,162,519,163,356,0.0294,0.0426,1
589,d7ec6ab8510234f9,,wastar,"{""w"": 2.0}",pdb,"{""pdb_dir"": ""../phase1_data_generation/data/pdbs""}",34.00,1,solved,54,,223,701,214,452,0.0389,0.0569,1
590,e30facd6149527b8,,wastar,"{""w"": 2.0}",pdb,"{""pdb_dir"": ""../phase1_data_generation/data/pdbs""}",42.00,1,solved,56,,203,628,204,424,0.0360,0.0520,1
591,85af2db4e13697c0,,wastar,"{""w"": 2.0}",pdb,"{""pdb_dir"": ""../phase1_data_generation/data/pdbs""}",48.00,1,solved,78,,393,1202,370,752,0.0662,0.0974,1
592,a30e9c5627f4b18d,,wastar,"{""w"": 2.0}",pdb,"{""pdb_dir"": ""../phase1_data_generation/data/pdbs""}",38.00,1,solved,62,,428,1395,414,926,0.0738,0.1082,1
593,2caef0b14356987d,,wastar,"{""w"": 2.0}",pdb,"{""pdb_dir"": ""../phase1_data_generation/data/pdbs""}",44.00,1,solved,70,,400,1257,376,801,0.0682,0.1002,1
594,a45d6bf9872ce031,,wastar,"{""w"": 2.0}",pdb,"{""pdb_dir"": ""../phase1_data_generation/data/pdbs""}",36.00,1,solved,50,,145,472,145,321,0.0253,0.0367,1
595,6de9fa4c05b82713,,wastar,"{""w"": 2.0}",pdb,"{""pdb_dir"": ""../phase1_data_generation/data/pdbs""}",32.00,1,solved,56,,825,2624,777,1672,0.1373,0.2024,1
596,7ea9825dbcf41360,,wastar,"{""w"": 2.0}",pdb,"{""pdb_dir"": ""../phase1_data_generation/data/pdbs""}",38.00,1,solved,58,,1083,3513,1016,2196,0.1826,0.2704,1
597,2c89de610f547ba3,,wastar,"{""w"": 2.0}",pdb,"{""pdb_dir"": ""../phase1_data_generation/data/pdbs""}",40.00,1,solved,52,,276,881,253,549,0.0442,0.0657,1
598,12c6b0a5efd83479,,wastar,"{""w"": 2.0}",pdb,"{""pdb_dir"": ""../phase1_data_generation/data/pdbs""}",40.00,1,solved,50,,1485,4697,1259,2660,0.2235,0.3398,1
599,f68edbc4231a5097,,wastar,"{""w"": 2.0}",pdb,"{""pdb_dir"": ""../phase1_data_generation/data/pdbs""}",34.00,1,solved,50,,713,2263,668,1425,0.1155,0.1709,1
600,dcef27658941a03b,,wastar,"{""w"": 2.0}",pdb,"{""pdb_dir"": ""../phase1_data_generation/data/pdbs""}",44.00,1,solved,60,,145,452,146,308,0.0251,0.0364,1
601,8dc629540a17fb3e,,wastar,"{""w"": 2.0}",pdb,"{""pdb_dir"": ""../phase1_data_generation/data/pdbs""}",44.00,1,solved,52,,83,271,84,189,0.0148,0.0214,1
602,3eac6f9db2815470,,wastar,"{""w"": 2.0}",pdb,"{""pdb_dir"": ""../phase1_data_generation/data/pdbs""}",34.00,1,solved,56,,586,1843,562,1183,0.1009,0.1481,1
603,b3c6e074912df5a8,,wastar,"{""w"": 2.0}",pdb,"{""pdb_dir"": ""../phase1_data_generation/data/pdbs""}",42.00,1,solved,56,,139,438,140,299,0.0254,0.0367,1
604,ade9b7f1c5843026,,wastar,"{""w"": 2.0}",pdb,"{""pdb_dir"": ""../phase1_data_generation/data/pdbs""}",38.00,1,solved,58,,516,1641,396,864,0.0701,0.1094,1
605,d904f65c8a3127be,,wastar,"{""w"": 2.0}",pdb,"{""pdb_dir"": ""../phase1_data_generation/data/pdbs""}",36.00,1,solved,56,,218,705,218,481,0.0393,0.0569,1
606,2a69b3edcf081754,,wastar,"{""w"": 2.0}",pdb,"{""pdb_dir"": ""../phase1_data_generation/data/pdbs""}",36.00,1,solved,40,,42,136,43,95,0.0079,0.0113,1
607,17b9ad5e2c03f468,,wastar,"{""w"": 2.0}",pdb,"{""pdb_dir"": ""../phase1_data_generation/data/pdbs""}",44.00,1,solved,66,,183,582,184,398,0.0323,0.0466,1
608,0fc987ed5b32a641,,wastar,"{""w"": 2.0}",pdb,"{""pdb_dir"": ""../phase1_data_generation/data/pdbs""}",36.00,1,solved,62,,447,1418,439,934,0.0786,0.1144,1
609,9c527640bf13ed8a,,wastar,"{""w"": 2.0}",pdb,"{""pdb_dir"": ""../phase1_data_generation/data/pdbs""}",48.00,1,solved,68,,137,428,138,292,0.0251,0.0361,1
610,37fbe8ad9204c651,,wastar,"{""w"": 2.0}",pdb,"{""pdb_dir"": ""../phase1_data_generation/data/pdbs""}",42.00,1,solved,56,,107,354,108,247,0.0196,0.0283,1
611,2a76394c1f05be8d,,wastar,"{""w"": 2.0}",pdb,"{""pdb_dir"": ""../phase1_data_generation/data/pdbs""}",46.00,1,solved,70,,1298,4119,1199,2534,0.2145,0.3184,1
612,d2ec9ba8f3046571,,wastar,"{""w"": 2.0}",pdb,"{""pdb_dir"": ""../phase1_data_generation/data/pdbs""}",32.00,1,solved,40,,159,511,159,348,0.0280,0.0404,1
613,af0cd14973e6b285,,wastar,"{""w"": 2.0}",pdb,"{""pdb_dir"": ""../phase1_data_generation/data/pdbs""}",32.00,1,solved,44,,72,239,73,168,0.0128,0.0184,1
614,81c5f9de6b0734a2,,wastar,"{""w"": 2.0}",pdb,"{""pdb_dir"": ""../phase1_data_generation/data/pdbs""}",40.00,1,solved,52,,127,407,128,281,0.0224,0.0323,1
615,aef5679c823410bd,,wastar,"{""w"": 2.0}",pdb,"{""pdb_dir"": ""../phase1_data_generation/data/pdbs""}",38.00,1,solved,60,,410,1296,401,856,0.0722,0.1052,1
616,f14a70c6be23859d,,wastar,"{""w"": 2.0}",pdb,"{""pdb_dir"": ""../phase1_data_generation/data/pdbs""}",46.00,1,solved,58,,1350,4311,1100,2332,0.1973,0.3033,1
617,a72c39b0e4f6d518,,wastar,"{""w"": 2.0}",pdb,"{""pdb_dir"": ""../phase1_data_generation/data/pdbs""}",44.00,1,solved,70,,334,1064,329,714,0.0594,0.0863,1
618,e269b5c10f487ad3,,wastar,"{""w"": 2.0}",pdb,"{""pdb_dir"": ""../phase1_data_generation/data/pdbs""}",36.00,1,solved,52,,203,647,200,431,0.0362,0.0525,1
619,ecd19f58a6243b70,,wastar,"{""w"": 2.0}",pdb,"{""pdb_dir"": ""../phase1_data_generation/data/pdbs""}",32.00,1,solved,46,,54,170,55,117,0.0099,0.0143,1
620,c295d47fb8013e6a,,wastar,"{""w"": 2.0}",pdb,"{""pdb_dir"": ""../phase1_data_generation/data/pdbs""}",42.00,1,solved,58,,165,524,156,333,0.0283,0.0414,1
621,afd9bc562e413780,,wastar,"{""w"": 2.0}",pdb,"{""pdb_dir"": ""../phase1_data_generation/data/pdbs""}",34.00,1,solved,38,,445,1411,428,905,0.0757,0.1109,1
622,dce8a459b672f310,,wastar,"{""w"": 2.0}",pdb,"{""pdb_dir"": ""../phase1_data_generation/data/pdbs""}",32.00,1,solved,44,,67,212,68,146,0.0117,0.0168,1
623,aef8943d6c01527b,,wastar,"{""w"": 2.0}",pdb,"{""pdb_dir"": ""../phase1_data_generation/data/pdbs""}",42.00,1,solved,58,,222,725,223,501,0.0380,0.0552,1
624,ca58bf9107e2364d,,wastar,"{""w"": 2.0}",pdb,"{""pdb_dir"": ""../phase1_data_generation/data/pdbs""}",32.00,1,solved,50,,2140,6692,2041,4232,0.3527,0.5206,1
625,2f16e8a0d94c73b5,,wastar,"{""w"": 2.0}",pdb,"{""pdb_dir"": ""../phase1_data_generation/data/pdbs""}",40.00,1,solved,60,,315,999,273,584,0.0468,0.0705,1
626,be0adc693f415728,,wastar,"{""w"": 2.0}",pdb,"{""pdb_dir"": ""../phase1_data_generation/data/pdbs""}",36.00,1,solved,44,,70,233,71,164,0.0124,0.0178,1
627,84b5dc9fe1027a36,,wastar,"{""w"": 2.0}",pdb,"{""pdb_dir"": ""../phase1_data_generation/data/pdbs""}",44.00,1,solved,50,,58,183,59,126,0.0100,0.0143,1
628,a7c43f520896edb1,,wastar,"{""w"": 2.0}",pdb,"{""pdb_dir"": ""../phase1_data_generation/data/pdbs""}",38.00,1,solved,50,,53,169,54,117,0.0091,0.0130,1
629,f89c2d50ab14e736,,wastar,"{""w"": 2.0}",pdb,"{""pdb_dir"": ""../phase1_data_generation/data/pdbs""}",34.00,1,solved,38,,43,141,44,99,0.0075,0.0107,1
630,a3d8f6c97b21e540,,wastar,"{""w"": 2.0}",pdb,"{""pdb_dir"": ""../phase1_data_generation/data/pdbs""}",36.00,1,solved,54,,128,412,129,285,0.0221,0.0319,1
631,a90e2d6b4fc13875,,wastar,"{""w"": 2.0}",pdb,"{""pdb_dir"": ""../phase1_data_generation/data/pdbs""}",42.00,1,solved,58,,173,547,174,373,0.0308,0.0445,1
632,f7ed402c9b83a516,,wastar,"{""w"": 2.0}",pdb,"{""pdb_dir"": ""../phase1_data_generation/data/pdbs""}",34.00,1,solved,48,,104,327,105,224,0.0188,0.0271,1
633,76a4ed120b95cf38,,wastar,"{""w"": 2.0}",pdb,"{""pdb_dir"": ""../phase1_data_generation/data/pdbs""}",44.00,1,solved,62,,152,499,153,348,0.0267,0.0386,1
634,ead673c29b85f410,,wastar,"{""w"": 2.0}",pdb,"{""pdb_dir"": ""../phase1_data_generation/data/pdbs""}",40.00,1,solved,56,,215,698,214,476,0.0385,0.0558,1
635,b83d6c2a0f7e9415,,wastar,"{""w"": 2.0}",pdb,"{""pdb_dir"": ""../phase1_data_generation/data/pdbs""}",46.00,1,solved,66,,143,458,144,316,0.0256,0.0370,1
636,74bce26f0a39d518,,wastar,"{""w"": 2.0}",pdb,"{""pdb_dir"": ""../phase1_data_generation/data/pdbs""}",36.00,1,solved,44,,53,172,54,120,0.0097,0.0139,1
637,26ecd9a807f53b14,,wastar,"{""w"": 2.0}",pdb,"{""pdb_dir"": ""../phase1_data_generation/data/pdbs""}",32.00,1,solved,40,,484,1541,464,984,0.0819,0.1201,1
638,a7364890bdcef251,,wastar,"{""w"": 2.0}",pdb,"{""pdb_dir"": ""../phase1_data_generation/data/pdbs""}",44.00,1,solved,64,,867,2761,780,1667,0.1389,0.2072,1
639,0fac8e59b3d17462,,wastar,"{""w"": 2.0}",pdb,"{""pdb_dir"": ""../phase1_data_generation/data/pdbs""}",28.00,1,solved,44,,125,407,126,283,0.0219,0.0316,1
640,87e9ac12d5f4b360,,wastar,"{""w"": 2.0}",pdb,"{""pdb_dir"": ""../phase1_data_generation/data/pdbs""}",42.00,1,solved,50,,70,220,71,151,0.0125,0.0180,1
641,082cad15ef64b379,,wastar,"{""w"": 2.0}",pdb,"{""pdb_dir"": ""../phase1_data_generation/data/pdbs""}",38.00,1,solved,42,,52,171,53,120,0.0093,0.0133,1
642,682ce0b374f951ad,,wastar,"{""w"": 2.0}",pdb,"{""pdb_dir"": ""../phase1_data_generation/data/pdbs""}",46.00,1,solved,68,,555,1770,502,1083,0.0885,0.1317,1
643,e78cd0231b54f96a,,wastar,"{""w"": 2.0}",pdb,"{""pdb_dir"": ""../phase1_data_generation/data/pdbs""}",42.00,1,solved,64,,520,1662,479,1038,0.0854,0.1264,1
644,9bfc3ea042671d58,,wastar,"{""w"": 2.0}",pdb,"{""pdb_dir"": ""../phase1_data_generation/data/pdbs""}",40.00,1,solved,60,,743,2357,727,1546,0.1307,0.1908,1
645,be298f43015cd7a6,,wastar,"{""w"": 2.0}",pdb,"{""pdb_dir"": ""../phase1_data_generation/data/pdbs""}",44.00,1,solved,62,,121,390,122,270,0.0218,0.0316,1
646,cd0e8591f7a4632b,,wastar,"{""w"": 2.0}",pdb,"{""pdb_dir"": ""../phase1_data_generation/data/pdbs""}",42.00,1,solved,66,,715,2223,683,1397,0.1223,0.1794,1
647,086df9bc5ea47231,,wastar,"{""w"": 2.0}",pdb,"{""pdb_dir"": ""../phase1_data_generation/data/pdbs""}",32.00,1,solved,44,,154,491,155,338,0.0278,0.0401,1
648,b4086eda95c2f371,,wastar,"{""w"": 2.0}",pdb,"{""pdb_dir"": ""../phase1_data_generation/data/pdbs""}",38.00,1,solved,50,,111,352,112,242,0.0202,0.0291,1
649,a4e138c5bd0726f9,,wastar,"{""w"": 2.0}",pdb,"{""pdb_dir"": ""../phase1_data_generation/data/pdbs""}",42.00,1,solved,58,,656,2085,607,1298,0.1100,0.1623,1
650,8c9da146372eb05f,,wastar,"{""w"": 2.0}",pdb,"{""pdb_dir"": ""../phase1_data_generation/data/pdbs""}",44.00,1,solved,72,,468,1491,442,948,0.0801,0.1177,1
651,e65d9fa07421b38c,,wastar,"{""w"": 2.0}",pdb,"{""pdb_dir"": ""../phase1_data_generation/data/pdbs""}",32.00,1,solved,44,,74,237,75,164,0.0136,0.0195,1
652,ab6d2ce31f849750,,wastar,"{""w"": 2.0}",pdb,"{""pdb_dir"": ""../phase1_data_generation/data/pdbs""}",38.00,1,solved,52,,194,603,193,402,0.0350,0.0506,1
653,bf9e67c82453a01d,,wastar,"{""w"": 2.0}",pdb,"{""pdb_dir"": ""../phase1_data_generation/data/pdbs""}",38.00,1,solved,56,,287,916,288,627,0.0510,0.0741,1
654,753ce4a012f8b96d,,wastar,"{""w"": 2.0}",pdb,"{""pdb_dir"": ""../phase1_data_generation/data/pdbs""}",42.00,1,solved,56,,322,1015,313,664,0.0543,0.0794,1
655,defc79a03b814256,,wastar,"{""w"": 2.0}",pdb,"{""pdb_dir"": ""../phase1_data_generation/data/pdbs""}",36.00,1,solved,54,,304,986,305,682,0.0525,0.0764,1
656,c48feda263057b19,,wastar,"{""w"": 2.0}",pdb,"{""pdb_dir"": ""../phase1_data_generation/data/pdbs""}",40.00,1,solved,66,,211,682,211,469,0.0360,0.0523,1
657,3bdae71896c420f5,,wastar,"{""w"": 2.0}",pdb,"{""pdb_dir"": ""../phase1_data_generation/data/pdbs""}",38.00,1,solved,46,,68,221,69,154,0.0124,0.0179,1
658,c70e1d245ab83f96,,wastar,"{""w"": 2.0}",pdb,"{""pdb_dir"": ""../phase1_data_generation/data/pdbs""}",44.00,1,solved,72,,297,934,298,636,0.0531,0.0768,1
659,8e0d7bc23f5a4619,,wastar,"{""w"": 2.0}",pdb,"{""pdb_dir"": ""../phase1_data_generation/data/pdbs""}",38.00,1,solved,50,,128,420,127,286,0.0214,0.0311,1
660,b7e8fc9d04a26135,,wastar,"{""w"": 2.0}",pdb,"{""pdb_dir"": ""../phase1_data_generation/data/pdbs""}",34.00,1,solved,50,,150,467,149,312,0.0260,0.0375,1
661,04dce5ab9f286371,,wastar,"{""w"": 2.0}",pdb,"{""pdb_dir"": ""../phase1_data_generation/data/pdbs""}",32.00,1,solved,48,,154,497,155,344,0.0273,0.0397,1
662,7203dfa4b1e96c58,,wastar,"{""w"": 2.0}",pdb,"{""pdb_dir"": ""../phase1_data_generation/data/pdbs""}",42.00,1,solved,56,,100,332,100,229,0.0174,0.0251,1
663,b2f8c3de71065a94,,wastar,"{""w"": 2.0}",pdb,"{""pdb_dir"": ""../phase1_data_generation/data/pdbs""}",36.00,1,solved,40,,51,168,52,118,0.0092,0.0131,1
664,e217468bda0f539c,,wastar,"{""w"": 2.0}",pdb,"{""pdb_dir"": ""../phase1_data_generation/data/pdbs""}",50.00,1,solved,76,,376,1193,361,770,0.0609,0.0895,1
665,bd6a27f953ce1840,,wastar,"{""w"": 2.0}",pdb,"{""pdb_dir"": ""../phase1_data_generation/data/pdbs""}",40.00,1,solved,52,,133,419,134,287,0.0223,0.0323,1
666,bec2763df8a14095,,wastar,"{""w"": 2.0}",pdb,"{""pdb_dir"": ""../phase1_data_generation/data/pdbs""}",40.00,1,solved,66,,1176,3784,1069,2337,0.1868,0.2796,1
667,2e5cd96f813ab740,,wastar,"{""w"": 2.0}",pdb,"{""pdb_dir"": ""../phase1_data_generation/data/pdbs""}",40.00,1,solved,54,,127,412,128,286,0.0223,0.0323,1
668,653f709d148eba2c,,wastar,"{""w"": 2.0}",pdb,"{""pdb_dir"": ""../phase1_data_generation/data/pdbs""}",44.00,1,solved,60,,241,751,235,492,0.0393,0.0575,1
669,c2a9ed517b3460f8,,wastar,"{""w"": 2.0}",pdb,"{""pdb_dir"": ""../phase1_data_generation/data/pdbs""}",40.00,1,solved,62,,237,764,234,518,0.0399,0.0585,1
670,4a81fdc2370be569,,wastar,"{""w"": 2.0}",pdb,"{""pdb_dir"": ""../phase1_data_generation/data/pdbs""}",40.00,1,solved,56,,132,431,133,299,0.0231,0.0336,1
671,0e68f9a513d47b2c,,wastar,"{""w"": 2.0}",pdb,"{""pdb_dir"": ""../phase1_data_generation/data/pdbs""}",36.00,1,solved,46,,303,963,293,630,0.0499,0.0733,1
672,f9a628ec4bd73150,,wastar,"{""w"": 2.0}",pdb,"{""pdb_dir"": ""../phase1_data_generation/data/pdbs""}",38.00,1,solved,56,,381,1181,374,772,0.0652,0.0946,1
673,ac8db094ef615237,,wastar,"{""w"": 2.0}",pdb,"{""pdb_dir"": ""../phase1_data_generation/data/pdbs""}",38.00,1,solved,50,,136,441,133,295,0.0234,0.0341,1
674,7a9cf0b6e85234d1,,wastar,"{""w"": 2.0}",pdb,"{""pdb_dir"": ""../phase1_data_generation/data/pdbs""}",36.00,1,solved,58,,554,1747,546,1147,0.0968,0.1411,1
675,f70bec8d41a53269,,wastar,"{""w"": 2.0}",pdb,"{""pdb_dir"": ""../phase1_data_generation/data/pdbs""}",36.00,1,solved,52,,180,582,181,403,0.0327,0.0473,1
676,27ca91d0e856fb34,,wastar,"{""w"": 2.0}",pdb,"{""pdb_dir"": ""../phase1_data_generation/data/pdbs""}",38.00,1,solved,58,,226,727,226,497,0.0410,0.0593,1
677,aec7f98631bd5024,,wastar,"{""w"": 2.0}",pdb,"{""pdb_dir"": ""../phase1_data_generation/data/pdbs""}",34.00,1,solved,54,,586,1842,563,1177,0.1025,0.1499,1
678,7b0d3f1ea9c52648,,wastar,"{""w"": 2.0}",pdb,"{""pdb_dir"": ""../phase1_data_generation/data/pdbs""}",32.00,1,solved,34,,35,108,36,74,0.0066,0.0095,1
679,2fde705b36a8194c,,wastar,"{""w"": 2.0}",pdb,"{""pdb_dir"": ""../phase1_data_generation/data/pdbs""}",32.00,1,solved,48,,227,719,228,488,0.0414,0.0597,1
680,d38c90aef6517b42,,wastar,"{""w"": 2.0}",pdb,"{""pdb_dir"": ""../phase1_data_generation/data/pdbs""}",36.00,1,solved,56,,1371,4354,1274,2718,0.2288,0.3389,1
681,f9c6345d7a81b02e,,wastar,"{""w"": 2.0}",pdb,"{""pdb_dir"": ""../phase1_data_generation/data/pdbs""}",38.00,1,solved,54,,196,624,197,429,0.0359,0.0520,1
682,0fc18be57296ad34,,wastar,"{""w"": 2.0}",pdb,"{""pdb_dir"": ""../phase1_data_generation/data/pdbs""}",34.00,1,solved,48,,154,488,154,330,0.0277,0.0402,1
683,9f6cd0a175483be2,,wastar,"{""w"": 2.0}",pdb,"{""pdb_dir"": ""../phase1_data_generation/data/pdbs""}",32.00,1,solved,48,,142,464,143,323,0.0260,0.0377,1
684,3f0924a7bc85d6e1,,wastar,"{""w"": 2.0}",pdb,"{""pdb_dir"": ""../phase1_data_generation/data/pdbs""}",44.00,1,solved,66,,660,2099,649,1390,0.1175,0.1716,1
685,abdef08471c96523,,wastar,"{""w"": 2.0}",pdb,"{""pdb_dir"": ""../phase1_data_generation/data/pdbs""}",36.00,1,solved,48,,94,305,95,212,0.0167,0.0241,1
686,72f963be584c10ad,,wastar,"{""w"": 2.0}",pdb,"{""pdb_dir"": ""../phase1_data_generation/data/pdbs""}",42.00,1,solved,62,,219,693,216,462,0.0389,0.0566,1
687,b32d78e094ca6f15,,wastar,"{""w"": 2.0}",pdb,"{""pdb_dir"": ""../phase1_data_generation/data/pdbs""}",42.00,1,solved,48,,53,175,54,123,0.0097,0.0139,1
688,e6d289bc1a54f037,,wastar,"{""w"": 2.0}",pdb,"{""pdb_dir"": ""../phase1_data_generation/data/pdbs""}",38.00,1,solved,46,,67,219,68,153,0.0121,0.0174,1
689,5fc46d30e789b2a1,,wastar,"{""w"": 2.0}",pdb,"{""pdb_dir"": ""../phase1_data_generation/data/pdbs""}",34.00,1,solved,52,,1040,3379,1012,2226,0.1824,0.2668,1
690,df9c80e147a62b53,,wastar,"{""w"": 2.0}",pdb,"{""pdb_dir"": ""../phase1_data_generation/data/pdbs""}",40.00,1,solved,62,,699,2246,676,1478,0.1217,0.1782,1
691,9401f87c3e6d2ab5,,wastar,"{""w"": 2.0}",pdb,"{""pdb_dir"": ""../phase1_data_generation/data/pdbs""}",36.00,1,solved,58,,214,677,212,454,0.0386,0.0560,1
692,a3e8bc192f5760d4,,wastar,"{""w"": 2.0}",pdb,"{""pdb_dir"": ""../phase1_data_generation/data/pdbs""}",36.00,1,solved,52,,203,638,200,425,0.0363,0.0527,1
693,e7df281a6953b4c0,,wastar,"{""w"": 2.0}",pdb,"{""pdb_dir"": ""../phase1_data_generation/data/pdbs""}",44.00,1,solved,56,,512,1628,486,1047,0.0875,0.1286,1
694,3849572d06ebaf1c,,wastar,"{""w"": 2.0}",pdb,"{""pdb_dir"": ""../phase1_data_generation/data/pdbs""}",46.00,1,solved,68,,177,579,178,403,0.0315,0.0455,1
695,eba5703d14f869c2,,wastar,"{""w"": 2.0}",pdb,"{""pdb_dir"": ""../phase1_data_generation/data/pdbs""}",40.00,1,solved,54,,230,747,230,508,0.0398,0.0576,1
696,4f1eadbc52396870,,wastar,"{""w"": 2.0}",pdb,"{""pdb_dir"": ""../phase1_data_generation/data/pdbs""}",42.00,1,solved,68,,1331,4177,1234,2584,0.2160,0.3203,1
697,13adf06cb7952e84,,wastar,"{""w"": 2.0}",pdb,"{""pdb_dir"": ""../phase1_data_generation/data/pdbs""}",34.00,1,solved,44,,222,724,221,497,0.0368,0.0536,1
698,ebc6d1a98524f037,,wastar,"{""w"": 2.0}",pdb,"{""pdb_dir"": ""../phase1_data_generation/data/pdbs""}",40.00,1,solved,54,,464,1488,453,978,0.0788,0.1151,1
699,b4fc3d60e7189a25,,wastar,"{""w"": 2.0}",pdb,"{""pdb_dir"": ""../phase1_data_generation/data/pdbs""}",34.00,1,solved,38,,94,309,95,216,0.0160,0.0231,1
700,d403e1c5ab276f98,,wastar,"{""w"": 2.0}",pdb,"{""pdb_dir"": ""../phase1_data_generation/data/pdbs""}",48.00,1,solved,74,,898,2845,853,1816,0.1482,0.2181,1
701,0658ca2d791efb43,,wastar,"{""w"": 2.0}",pdb,"{""pdb_dir"": ""../phase1_data_generation/data/pdbs""}",40.00,1,solved,64,,169,541,170,373,0.0296,0.0429,1
702,49edcb2af7586031,,wastar,"{""w"": 2.0}",pdb,"{""pdb_dir"": ""../phase1_data_generation/data/pdbs""}",38.00,1,solved,48,,219,712,220,489,0.0389,0.0563,1
703,3b9810fec65d7a42,,wastar,"{""w"": 2.0}",pdb,"{""pdb_dir"": ""../phase1_data_generation/data/pdbs""}",42.00,1,solved,58,,431,1342,425,890,0.0739,0.1074,1
704,e93f6a80b5d4172c,,wastar,"{""w"": 2.0}",pdb,"{""pdb_dir"": ""../phase1_data_generation/data/pdbs""}",42.00,1,solved,66,,281,883,280,598,0.0494,0.0716,1
705,ebd436c59f78a210,,wastar,"{""w"": 2.0}",pdb,"{""pdb_dir"": ""../phase1_data_generation/data/pdbs""}",32.00,1,solved,48,,481,1547,475,1042,0.0845,0.1230,1
706,0c269ef13db87a45,,wastar,"{""w"": 2.0}",pdb,"{""pdb_dir"": ""../phase1_data_generation/data/pdbs""}",38.00,1,solved,56,,720,2274,696,1453,0.1243,0.1821,1
707,ce0af64875d321b9,,wastar,"{""w"": 2.0}",pdb,"{""pdb_dir"": ""../phase1_data_generation/data/pdbs""}",36.00,1,solved,44,,57,184,58,128,0.0105,0.0151,1
708,cd5a19837b4ef026,,wastar,"{""w"": 2.0}",pdb,"{""pdb_dir"": ""../phase1_data_generation/data/pdbs""}",46.00,1,solved,70,,362,1136,362,766,0.0646,0.0934,1
709,e59ad4b2710cf638,,wastar,"{""w"": 2.0}",pdb,"{""pdb_dir"": ""../phase1_data_generation/data/pdbs""}",42.00,1,solved,56,,315,1049,297,675,0.0553,0.0815,1
710,067e3bad2c4f8591,,wastar,"{""w"": 2.0}",pdb,"{""pdb_dir"": ""../phase1_data_generation/data/pdbs""}",40.00,1,solved,56,,210,676,202,445,0.0365,0.0536,1
711,df2c1a7836b5e049,,wastar,"{""w"": 2.0}",pdb,"{""pdb_dir"": ""../phase1_data_generation/data/pdbs""}",38.00,1,solved,48,,211,675,212,463,0.0383,0.0555,1
712,f649b57c0ed8312a,,wastar,"{""w"": 2.0}",pdb,"{""pdb_dir"": ""../phase1_data_generation/data/pdbs""}",32.00,1,solved,46,,489,1546,464,977,0.0827,0.1216,1
713,a9dc78e03521fb64,,wastar,"{""w"": 2.0}",pdb,"{""pdb_dir"": ""../phase1_data_generation/data/pdbs""}",30.00,1,solved,48,,151,479,152,329,0.0275,0.0396,1
714,fe8960c1ba7523d4,,wastar,"{""w"": 2.0}",pdb,"{""pdb_dir"": ""../phase1_data_generation/data/pdbs""}",30.00,1,solved,50,,293,917,293,621,0.0527,0.0762,1
715,1fdc60e834b5972a,,wastar,"{""w"": 2.0}",pdb,"{""pdb_dir"": ""../phase1_data_generation/data/pdbs""}",32.00,1,solved,48,,209,655,208,441,0.0375,0.0543,1
716,061389dcba54f27e,,wastar,"{""w"": 2.0}",pdb,"{""pdb_dir"": ""../phase1_data_generation/data/pdbs""}",46.00,1,solved,66,,410,1298,400,851,0.0732,0.1066,1
717,bc69e315daf48270,,wastar,"{""w"": 2.0}",pdb,"{""pdb_dir"": ""../phase1_data_generation/data/pdbs""}",40.00,1,solved,60,,342,1094,342,743,0.0621,0.0903,1
718,9308754b12d6efca,,wastar,"{""w"": 2.0}",pdb,"{""pdb_dir"": ""../phase1_data_generation/data/pdbs""}",48.00,1,solved,76,,312,969,304,632,0.0553,0.0805,1
719,f28a705e1bc4936d,,wastar,"{""w"": 2.0}",pdb,"{""pdb_dir"": ""../phase1_data_generation/data/pdbs""}",34.00,1,solved,52,,201,646,202,445,0.0365,0.0526,1
720,a4ef1c7b38d96025,,wastar,"{""w"": 2.0}",pdb,"{""pdb_dir"": ""../phase1_data_generation/data/pdbs""}",44.00,1,solved,56,,87,283,88,197,0.0159,0.0228,1
721,647f5c9eb30a281d,,wastar,"{""w"": 2.0}",pdb,"{""pdb_dir"": ""../phase1_data_generation/data/pdbs""}",46.00,1,solved,54,,83,266,84,184,0.0152,0.0219,1
722,219dc06fe385a4b7,,wastar,"{""w"": 2.0}",pdb,"{""pdb_dir"": ""../phase1_data_generation/data/pdbs""}",48.00,1,solved,74,,754,2361,748,1565,0.1359,0.1973,1
723,689ab4defc137520,,wastar,"{""w"": 2.0}",pdb,"{""pdb_dir"": ""../phase1_data_generation/data/pdbs""}",44.00,1,solved,64,,456,1449,455,980,0.0824,0.1194,1
724,9d4c70f2b681a3e5,,wastar,"{""w"": 2.0}",pdb,"{""pdb_dir"": ""../phase1_data_generation/data/pdbs""}",36.00,1,solved,48,,99,331,100,233,0.0175,0.0251,1
725,ae973fdc65082b14,,wastar,"{""w"": 2.0}",pdb,"{""pdb_dir"": ""../phase1_data_generation/data/pdbs""}",32.00,1,solved,38,,141,453,142,312,0.0248,0.0358,1
726,aebdf176230c4985,,wastar,"{""w"": 2.0}",pdb,"{""pdb_dir"": ""../phase1_data_generation/data/pdbs""}",36.00,1,solved,36,,58,187,59,130,0.0105,0.0151,1
727,76d834b0cafe9215,,wastar,"{""w"": 2.0}",pdb,"{""pdb_dir"": ""../phase1_data_generation/data/pdbs""}",44.00,1,solved,66,,167,526,168,360,0.0303,0.0436,1
728,95fca8ed0672134b,,wastar,"{""w"": 2.0}",pdb,"{""pdb_dir"": ""../phase1_data_generation/data/pdbs""}",38.00,1,solved,56,,1045,3302,1015,2139,0.1817,0.2660,1
729,f9deb23a750c8614,,wastar,"{""w"": 2.0}",pdb,"{""pdb_dir"": ""../phase1_data_generation/data/pdbs""}",34.00,1,solved,50,,277,885,258,554,0.0457,0.0676,1
730,6fec9830bd427a51,,wastar,"{""w"": 2.0}",pdb,"{""pdb_dir"": ""../phase1_data_generation/data/pdbs""}",32.00,1,solved,44,,356,1152,353,776,0.0630,0.0915,1
731,e6c4d5807a319bf2,,wastar,"{""w"": 2.0}",pdb,"{""pdb_dir"": ""../phase1_data_generation/data/pdbs""}",36.00,1,solved,54,,1168,3765,1003,2174,0.1765,0.2682,1
732,b5172adf360ce498,,wastar,"{""w"": 2.0}",pdb,"{""pdb_dir"": ""../phase1_data_generation/data/pdbs""}",40.00,1,solved,68,,356,1131,349,757,0.0603,0.0881,1
733,75c63da4e219b08f,,wastar,"{""w"": 2.0}",pdb,"{""pdb_dir"": ""../phase1_data_generation/data/pdbs""}",40.00,1,solved,64,,1026,3324,978,2146,0.1678,0.2483,1
734,fb0a3794e865c12d,,wastar,"{""w"": 2.0}",pdb,"{""pdb_dir"": ""../phase1_data_generation/data/pdbs""}",42.00,1,solved,58,,128,415,129,288,0.0227,0.0329,1
735,fe0a2cd395b76481,,wastar,"{""w"": 2.0}",pdb,"{""pdb_dir"": ""../phase1_data_generation/data/pdbs""}",40.00,1,solved,66,,172,545,173,373,0.0301,0.0435,1
736,0ec1f596237a4bd8,,wastar,"{""w"": 2.0}",pdb,"{""pdb_dir"": ""../phase1_data_generation/data/pdbs""}",34.00,1,solved,54,,589,1860,543,1147,0.0952,0.1411,1
737,e9683fd17ac5b024,,wastar,"{""w"": 2.0}",pdb,"{""pdb_dir"": ""../phase1_data_generation/data/pdbs""}",32.00,1,solved,44,,107,345,108,239,0.0194,0.0281,1
738,8f721cad6e05439b,,wastar,"{""w"": 2.0}",pdb,"{""pdb_dir"": ""../phase1_data_generation/data/pdbs""}",48.00,1,solved,70,,885,2817,818,1744,0.1444,0.2141,1
739,eb21c08d6f75943a,,wastar,"{""w"": 2.0}",pdb,"{""pdb_dir"": ""../phase1_data_generation/data/pdbs""}",46.00,1,solved,70,,633,1980,630,1322,0.1108,0.1615,1
740,697cfd824b5a30e1,,wastar,"{""w"": 2.0}",pdb,"{""pdb_dir"": ""../phase1_data_generation/data/pdbs""}",34.00,1,solved,50,,244,772,241,515,0.0418,0.0607,1
741,d94c7f2106a8be35,,wastar,"{""w"": 2.0}",pdb,"{""pdb_dir"": ""../phase1_data_generation/data/pdbs""}",32.00,1,solved,50,,420,1371,412,917,0.0700,0.1025,1
742,6d54ec217a09bf83,,wastar,"{""w"": 2.0}",pdb,"{""pdb_dir"": ""../phase1_data_generation/data/pdbs""}",42.00,1,solved,48,,83,264,84,182,0.0142,0.0204,1
743,b8d4c091e6537af2,,wastar,"{""w"": 2.0}",pdb,"{""pdb_dir"": ""../phase1_data_generation/data/pdbs""}",40.00,1,solved,46,,134,428,135,295,0.0228,0.0331,1
744,210dcf946b38ea75,,wastar,"{""w"": 2.0}",pdb,"{""pdb_dir"": ""../phase1_data_generation/data/pdbs""}",44.00,1,solved,60,,194,624,195,429,0.0328,0.0475,1
745,9fec624805a71d3b,,wastar,"{""w"": 2.0}",pdb,"{""pdb_dir"": ""../phase1_data_generation/data/pdbs""}",38.00,1,solved,62,,529,1683,521,1122,0.0883,0.1289,1
746,93085fdc74612bea,,wastar,"{""w"": 2.0}",pdb,"{""pdb_dir"": ""../phase1_data_generation/data/pdbs""}",42.00,1,solved,54,,166,526,166,358,0.0280,0.0407,1
747,f98461d2ab7ce035,,wastar,"{""w"": 2.0}",pdb,"{""pdb_dir"": ""../phase1_data_generation/data/pdbs""}",38.00,1,solved,50,,122,391,123,270,0.0214,0.0309,1
748,d632cf495b8e701a,,wastar,"{""w"": 2.0}",pdb,"{""pdb_dir"": ""../phase1_data_generation/data/pdbs""}",46.00,1,solved,60,,85,275,86,191,0.0147,0.0215,1
749,937cfd1e0286ba45,,wastar,"{""w"": 2.0}",pdb,"{""pdb_dir"": ""../phase1_data_generation/data/pdbs""}",38.00,1,solved,54,,178,566,179,387,0.0308,0.0446,1
750,6f7c831b42095ade,,wastar,"{""w"": 2.0}",pdb,"{""pdb_dir"": ""../phase1_data_generation/data/pdbs""}",46.00,1,solved,74,,422,1331,412,871,0.0721,0.1053,1
751,06c35a79deb4218f,,wastar,"{""w"": 2.0}",pdb,"{""pdb_dir"": ""../phase1_data_generation/data/pdbs""}",44.00,1,solved,64,,231,748,231,513,0.0400,0.0583,1
752,ba0fc6492d5317e8,,wastar,"{""w"": 2.0}",pdb,"{""pdb_dir"": ""../phase1_data_generation/data/pdbs""}",42.00,1,solved,62,,185,577,186,393,0.0323,0.0466,1
753,ae0d32756b941fc8,,wastar,"{""w"": 2.0}",pdb,"{""pdb_dir"": ""../phase1_data_generation/data/pdbs""}",40.00,1,solved,54,,916,3011,855,1905,0.1502,0.2233,1
754,d7591860c2b3afe4,,wastar,"{""w"": 2.0}",pdb,"{""pdb_dir"": ""../phase1_data_generation/data/pdbs""}",46.00,1,solved,62,,670,2164,652,1424,0.1174,0.1719,1
755,b5e9cf4a0168273d,,wastar,"{""w"": 2.0}",pdb,"{""pdb_dir"": ""../phase1_data_generation/data/pdbs""}",40.00,1,solved,54,,100,317,101,217,0.0184,0.0265,1
756,7a683c91fe0d254b,,wastar,"{""w"": 2.0}",pdb,"{""pdb_dir"": ""../phase1_data_generation/data/pdbs""}",40.00,1,solved,54,,196,631,196,431,0.0351,0.0510,1
757,630e79c8fbda2145,,wastar,"{""w"": 2.0}",pdb,"{""pdb_dir"": ""../phase1_data_generation/data/pdbs""}",36.00,1,solved,54,,351,1108,337,714,0.0611,0.0894,1
758,0e68cda572943f1b,,wastar,"{""w"": 2.0}",pdb,"{""pdb_dir"": ""../phase1_data_generation/data/pdbs""}",34.00,1,solved,52,,198,624,199,425,0.0360,0.0519,1
759,683bf9d7ace51024,,wastar,"{""w"": 2.0}",pdb,"{""pdb_dir"": ""../phase1_data_generation/data/pdbs""}",42.00,1,solved,66,,197,623,197,423,0.0356,0.0514,1
760,7fedb5c80231a496,,wastar,"{""w"": 2.0}",pdb,"{""pdb_dir"": ""../phase1_data_generation/data/pdbs""}",32.00,1,solved,38,,67,217,68,151,0.0123,0.0178,1
761,834f96dc57be20a1,,wastar,"{""w"": 2.0}",pdb,"{""pdb_dir"": ""../phase1_data_generation/data/pdbs""}",44.00,1,solved,72,,1469,4653,1357,2877,0.2462,0.3651,1
762,7df345cabe086291,,wastar,"{""w"": 2.0}",pdb,"{""pdb_dir"": ""../phase1_data_generation/data/pdbs""}",38.00,1,solved,54,,1301,4124,1123,2387,0.1983,0.3000,1
763,fbd96ce23518a740,,wastar,"{""w"": 2.0}",pdb,"{""pdb_dir"": ""../phase1_data_generation/data/pdbs""}",32.00,1,solved,40,,58,188,59,131,0.0104,0.0149,1
764,6cb9a3df418e5072,,wastar,"{""w"": 2.0}",pdb,"{""pdb_dir"": ""../phase1_data_generation/data/pdbs""}",46.00,1,solved,62,,93,294,94,202,0.0165,0.0238,1
765,ef9d4ab805c61327,,wastar,"{""w"": 2.0}",pdb,"{""pdb_dir"": ""../phase1_data_generation/data/pdbs""}",42.00,1,solved,62,,719,2252,691,1452,0.1200,0.1763,1
766,a258eb1c9704f63d,,wastar,"{""w"": 2.0}",pdb,"{""pdb_dir"": ""../phase1_data_generation/data/pdbs""}",38.00,1,solved,64,,430,1382,431,947,0.0739,0.1068,1
767,37ba8092c14df65e,,wastar,"{""w"": 2.0}",pdb,"{""pdb_dir"": ""../phase1_data_generation/data/pdbs""}",50.00,1,solved,70,,812,2553,769,1637,0.1338,0.1972,1
768,1e09a458df27cb63,,wastar,"{""w"": 2.0}",pdb,"{""pdb_dir"": ""../phase1_data_generation/data/pdbs""}",52.00,1,solved,76,,1658,5231,1553,3262,0.2742,0.4066,1
769,9d6872b4cf1530ae,,wastar,"{""w"": 2.0}",pdb,"{""pdb_dir"": ""../phase1_data_generation/data/pdbs""}",38.00,1,solved,64,,242,773,242,526,0.0425,0.0615,1
770,c14abf8e2d093657,,wastar,"{""w"": 2.0}",pdb,"{""pdb_dir"": ""../phase1_data_generation/data/pdbs""}",42.00,1,solved,62,,315,990,257,545,0.0441,0.0675,1
771,29ae3bf805714d6c,,wastar,"{""w"": 2.0}",pdb,"{""pdb_dir"": ""../phase1_data_generation/data/pdbs""}",44.00,1,solved,58,,88,281,89,194,0.0154,0.0222,1
772,c9761efb034a285d,,wastar,"{""w"": 2.0}",pdb,"{""pdb_dir"": ""../phase1_data_generation/data/pdbs""}",48.00,1,solved,62,,133,424,134,292,0.0233,0.0337,1
773,ecb9608721a543df,,wastar,"{""w"": 2.0}",pdb,"{""pdb_dir"": ""../phase1_data_generation/data/pdbs""}",44.00,1,solved,62,,311,992,283,614,0.0492,0.0729,1
774,789d6a10bfe23c54,,wastar,"{""w"": 2.0}",pdb,"{""pdb_dir"": ""../phase1_data_generation/data/pdbs""}",38.00,1,solved,46,,170,540,169,363,0.0293,0.0425,1
775,aef8907d4bc56321,,wastar,"{""w"": 2.0}",pdb,"{""pdb_dir"": ""../phase1_data_generation/data/pdbs""}",34.00,1,solved,52,,268,855,263,570,0.0463,0.0672,1
776,a56230ed7489bfc1,,wastar,"{""w"": 2.0}",pdb,"{""pdb_dir"": ""../phase1_data_generation/data/pdbs""}",42.00,1,solved,58,,992,3141,959,2023,0.1725,0.2527,1
777,d68ce420f57a3b91,,wastar,"{""w"": 2.0}",pdb,"{""pdb_dir"": ""../phase1_data_generation/data/pdbs""}",30.00,1,solved,50,,526,1738,451,1015,0.0808,0.1221,1
778,bc14d5f086a9723e,,wastar,"{""w"": 2.0}",pdb,"{""pdb_dir"": ""../phase1_data_generation/data/pdbs""}",42.00,1,solved,56,,85,266,86,182,0.0155,0.0222,1
779,360cb7df98ae5124,,wastar,"{""w"": 2.0}",pdb,"{""pdb_dir"": ""../phase1_data_generation/data/pdbs""}",40.00,1,solved,52,,87,282,88,196,0.0156,0.0225,1
780,8b3f524c0d19ea76,,wastar,"{""w"": 2.0}",pdb,"{""pdb_dir"": ""../phase1_data_generation/data/pdbs""}",46.00,1,solved,54,,74,235,75,162,0.0136,0.0195,1
781,a6bce5d0729f3184,,wastar,"{""w"": 2.0}",pdb,"{""pdb_dir"": ""../phase1_data_generation/data/pdbs""}",26.00,1,solved,34,,66,214,67,149,0.0119,0.0171,1
782,cb94afe27168d350,,wastar,"{""w"": 2.0}",pdb,"{""pdb_dir"": ""../phase1_data_generation/data/pdbs""}",40.00,1,solved,66,,503,1615,496,1083,0.0871,0.1270,1
783,052ca369db78ef41,,wastar,"{""w"": 2.0}",pdb,"{""pdb_dir"": ""../phase1_data_generation/data/pdbs""}",36.00,1,solved,44,,63,201,64,139,0.0114,0.0164,1
784,06e834d75b2c91fa,,wastar,"{""w"": 2.0}",pdb,"{""pdb_dir"": ""../phase1_data_generation/data/pdbs""}",44.00,1,solved,68,,1399,4449,1292,2731,0.2301,0.3414,1
785,3f197dbe620c58a4,,wastar,"{""w"": 2.0}",pdb,"{""pdb_dir"": ""../phase1_data_generation/data/pdbs""}",38.00,1,solved,54,,267,844,255,543,0.0453,0.0663,1
786,eac8df51730b2694,,wastar,"{""w"": 2.0}",pdb,"{""pdb_dir"": ""../phase1_data_generation/data/pdbs""}",30.00,1,solved,40,,233,727,191,398,0.0341,0.0519,1
787,fa94b760e31c25d8,,wastar,"{""w"": 2.0}",pdb,"{""pdb_dir"": ""../phase1_data_generation/data/pdbs""}",32.00,1,solved,52,,816,2625,763,1667,0.1365,0.2017,1
788,3d975f180e6ca4b2,,wastar,"{""w"": 2.0}",pdb,"{""pdb_dir"": ""../phase1_data_generation/data/pdbs""}",44.00,1,solved,52,,58,191,59,134,0.0104,0.0150,1
789,7c025648eb9daf13,,wastar,"{""w"": 2.0}",pdb,"{""pdb_dir"": ""../phase1_data_generation/data/pdbs""}",46.00,1,solved,68,,227,716,228,489,0.0404,0.0583,1
790,d75af8492e0c36b1,,wastar,"{""w"": 2.0}",pdb,"{""pdb_dir"": ""../phase1_data_generation/data/pdbs""}",34.00,1,solved,44,,106,340,107,234,0.0189,0.0272,1
791,c49aebf18236d075,,wastar,"{""w"": 2.0}",pdb,"{""pdb_dir"": ""../phase1_data_generation/data/pdbs""}",44.00,1,solved,54,,81,256,82,176,0.0144,0.0207,1
792,c5f937e68402ba1d,,wastar,"{""w"": 2.0}",pdb,"{""pdb_dir"": ""../phase1_data_generation/data/pdbs""}",42.00,1,solved,54,,223,723,223,494,0.0398,0.0576,1
793,36b2aecf578d1490,,wastar,"{""w"": 2.0}",pdb,"{""pdb_dir"": ""../phase1_data_generation/data/pdbs""}",42.00,1,solved,62,,899,2805,792,1641,0.1418,0.2128,1
794,9ce82b31fd06457a,,wastar,"{""w"": 2.0}",pdb,"{""pdb_dir"": ""../phase1_data_generation/data/pdbs""}",42.00,1,solved,56,,174,550,175,376,0.0311,0.0448,1
795,df56907cb81a32e4,,wastar,"{""w"": 2.0}",pdb,"{""pdb_dir"": ""../phase1_data_generation/data/pdbs""}",32.00,1,solved,46,,696,2215,671,1419,0.1185,0.1738,1
796,560ca94ed1283f7b,,wastar,"{""w"": 2.0}",pdb,"{""pdb_dir"": ""../phase1_data_generation/data/pdbs""}",42.00,1,solved,62,,317,1012,277,602,0.0502,0.0752,1
797,08ebc915df73624a,,wastar,"{""w"": 2.0}",pdb,"{""pdb_dir"": ""../phase1_data_generation/data/pdbs""}",46.00,1,solved,46,,51,162,52,112,0.0094,0.0135,1
798,e825f7910bdc4a36,,wastar,"{""w"": 2.0}",pdb,"{""pdb_dir"": ""../phase1_data_generation/data/pdbs""}",40.00,1,solved,64,,278,855,272,552,0.0497,0.0720,1
799,b2089dc735a1ef64,,wastar,"{""w"": 2.0}",pdb,"{""pdb_dir"": ""../phase1_data_generation/data/pdbs""}",38.00,1,solved,54,,284,893,284,604,0.0513,0.0742,1
800,5d0ba6c7e3142f89,,wastar,"{""w"": 2.0}",pdb,"{""pdb_dir"": ""../phase1_data_generation/data/pdbs""}",38.00,1,solved,58,,687,2152,650,1366,0.1185,0.1742,1
801,dc89a720f1e4b356,,wastar,"{""w"": 2.0}",pdb,"{""pdb_dir"": ""../phase1_data_generation/data/pdbs""}",34.00,1,solved,44,,73,241,74,169,0.0134,0.0194,1
802,b3ace6f9d1457082,,wastar,"{""w"": 2.0}",pdb,"{""pdb_dir"": ""../phase1_data_generation/data/pdbs""}",38.00,1,solved,50,,123,404,124,280,0.0218,0.0316,1
803,03ab6dfe2741589c,,wastar,"{""w"": 2.0}",pdb,"{""pdb_dir"": ""../phase1_data_generation/data/pdbs""}",44.00,1,solved,58,,106,339,107,234,0.0192,0.0276,1
804,fc79b0835e4a621d,,wastar,"{""w"": 2.0}",pdb,"{""pdb_dir"": ""../phase1_data_generation/data/pdbs""}",34.00,1,solved,54,,271,865,265,576,0.0460,0.0671,1
805,6fa174c90e2d38b5,,wastar,"{""w"": 2.0}",pdb,"{""pdb_dir"": ""../phase1_data_generation/data/pdbs""}",38.00,1,solved,58,,969,3135,899,1961,0.1548,0.2308,1
806,ce67b9da83f14520,,wastar,"{""w"": 2.0}",pdb,"{""pdb_dir"": ""../phase1_data_generation/data/pdbs""}",46.00,1,solved,76,,1171,3676,995,2069,0.1729,0.2623,1
807,0f8512c3de7ab694,,wastar,"{""w"": 2.0}",pdb,"{""pdb_dir"": ""../phase1_data_generation/data/pdbs""}",40.00,1,solved,52,,87,282,88,196,0.0145,0.0210,1
808,8e0d9a6c7f12b534,,wastar,"{""w"": 2.0}",pdb,"{""pdb_dir"": ""../phase1_data_generation/data/pdbs""}",34.00,1,solved,40,,65,211,66,147,0.0110,0.0159,1
809,dc2ebf80a5697431,,wastar,"{""w"": 2.0}",pdb,"{""pdb_dir"": ""../phase1_data_generation/data/pdbs""}",36.00,1,solved,46,,74,240,74,165,0.0130,0.0188,1
810,cadf31908e7b2546,,wastar,"{""w"": 2.0}",pdb,"{""pdb_dir"": ""../phase1_data_generation/data/pdbs""}",46.00,1,solved,62,,284,909,284,621,0.0489,0.0712,1
811,320a67ec4b589f1d,,wastar,"{""w"": 2.0}",pdb,"{""pdb_dir"": ""../phase1_data_generation/data/pdbs""}",46.00,1,solved,70,,437,1380,425,903,0.0747,0.1093,1
812,cfd7501eba642938,,wastar,"{""w"": 2.0}",pdb,"{""pdb_dir"": ""../phase1_data_generation/data/pdbs""}",40.00,1,solved,58,,808,2626,694,1545,0.1203,0.1823,1
813,d691b7c03ae5284f,,wastar,"{""w"": 2.0}",pdb,"{""pdb_dir"": ""../phase1_data_generation/data/pdbs""}",38.00,1,solved,60,,409,1297,378,814,0.0685,0.1012,1
814,ac6d741b0e385f92,,wastar,"{""w"": 2.0}",pdb,"{""pdb_dir"": ""../phase1_data_generation/data/pdbs""}",40.00,1,solved,62,,111,365,112,255,0.0198,0.0286,1
815,0b1763afe2954cd8,,wastar,"{""w"": 2.0}",pdb,"{""pdb_dir"": ""../phase1_data_generation/data/pdbs""}",50.00,1,solved,82,,2170,6883,1896,3968,0.3269,0.4942,1
816,1ca9de38570b62f4,,wastar,"{""w"": 2.0}",pdb,"{""pdb_dir"": ""../phase1_data_generation/data/pdbs""}",42.00,1,solved,50,,114,378,115,265,0.0192,0.0278,1
817,08d4ecf593b267a1,,wastar,"{""w"": 2.0}",pdb,"{""pdb_dir"": ""../phase1_data_generation/data/pdbs""}",38.00,1,solved,44,,72,232,73,159,0.0122,0.0177,1
818,2c9763df1e4ab085,,wastar,"{""w"": 2.0}",pdb,"{""pdb_dir"": ""../phase1_data_generation/data/pdbs""}",44.00,1,solved,62,,197,638,194,432,0.0333,0.0486,1
819,7efd80ca915b6342,,wastar,"{""w"": 2.0}",pdb,"{""pdb_dir"": ""../phase1_data_generation/data/pdbs""}",38.00,1,solved,64,,226,716,225,483,0.0399,0.0580,1
820,bec730d92685f1a4,,wastar,"{""w"": 2.0}",pdb,"{""pdb_dir"": ""../phase1_data_generation/data/pdbs""}",28.00,1,solved,54,,1237,3885,1180,2474,0.2023,0.2983,1
821,a3f7c5d01b8692e4,,wastar,"{""w"": 2.0}",pdb,"{""pdb_dir"": ""../phase1_data_generation/data/pdbs""}",42.00,1,solved,74,,448,1407,443,934,0.0780,0.1133,1
822,bc0a62fe85347d91,,wastar,"{""w"": 2.0}",pdb,"{""pdb_dir"": ""../phase1_data_generation/data/pdbs""}",34.00,1,solved,54,,493,1574,488,1064,0.0847,0.1237,1
823,8401fcb3a2ed9675,,wastar,"{""w"": 2.0}",pdb,"{""pdb_dir"": ""../phase1_data_generation/data/pdbs""}",46.00,1,solved,64,,323,1037,324,711,0.0578,0.0839,1
824,abd9f08e263c4751,,wastar,"{""w"": 2.0}",pdb,"{""pdb_dir"": ""../phase1_data_generation/data/pdbs""}",34.00,1,solved,38,,48,152,49,105,0.0087,0.0125,1
825,76dae08cf394152b,,wastar,"{""w"": 2.0}",pdb,"{""pdb_dir"": ""../phase1_data_generation/data/pdbs""}",36.00,1,solved,46,,194,613,195,420,0.0341,0.0494,1
826,eacd7fb041965283,,wastar,"{""w"": 2.0}",pdb,"{""pdb_dir"": ""../phase1_data_generation/data/pdbs""}",40.00,1,solved,66,,2830,8865,2170,4439,0.3894,0.6094,1
827,e9bc3f7d62085a14,,wastar,"{""w"": 2.0}",pdb,"{""pdb_dir"": ""../phase1_data_generation/data/pdbs""}",28.00,1,solved,42,,128,412,128,280,0.0233,0.0337,1
828,26de97b5a3f8c140,,wastar,"{""w"": 2.0}",pdb,"{""pdb_dir"": ""../phase1_data_generation/data/pdbs""}",44.00,1,solved,64,,367,1173,364,786,0.0664,0.0965,1
829,fa7d268c0b19453e,,wastar,"{""w"": 2.0}",pdb,"{""pdb_dir"": ""../phase1_data_generation/data/pdbs""}",40.00,1,solved,50,,120,386,121,267,0.0219,0.0317,1
830,7cd4f6e8ba053192,,wastar,"{""w"": 2.0}",pdb,"{""pdb_dir"": ""../phase1_data_generation/data/pdbs""}",30.00,1,solved,54,,3191,10226,2818,5974,0.5132,0.7732,1
831,b2da91ec8f047653,,wastar,"{""w"": 2.0}",pdb,"{""pdb_dir"": ""../phase1_data_generation/data/pdbs""}",40.00,1,solved,50,,154,496,155,341,0.0284,0.0409,1
832,5f9cbea2017d6843,,wastar,"{""w"": 2.0}",pdb,"{""pdb_dir"": ""../phase1_data_generation/data/pdbs""}",40.00,1,solved,64,,210,671,211,461,0.0387,0.0559,1
833,c548bf620d1e7a93,,wastar,"{""w"": 2.0}",pdb,"{""pdb_dir"": ""../phase1_data_generation/data/pdbs""}",38.00,1,solved,56,,189,604,190,416,0.0348,0.0503,1
834,6fe3b7901da8254c,,wastar,"{""w"": 2.0}",pdb,"{""pdb_dir"": ""../phase1_data_generation/data/pdbs""}",42.00,1,solved,68,,1680,5293,1022,2134,0.1831,0.3089,1
835,a984ef271cbd5360,,wastar,"{""w"": 2.0}",pdb,"{""pdb_dir"": ""../phase1_data_generation/data/pdbs""}",44.00,1,solved,60,,90,291,91,202,0.0160,0.0231,1
836,e6f4751328cdb9a0,,wastar,"{""w"": 2.0}",pdb,"{""pdb_dir"": ""../phase1_data_generation/data/pdbs""}",42.00,1,solved,70,,518,1671,511,1130,0.0930,0.1356,1
837,6d1ce85f0794a32b,,wastar,"{""w"": 2.0}",pdb,"{""pdb_dir"": ""../phase1_data_generation/data/pdbs""}",36.00,1,solved,60,,443,1388,406,866,0.0738,0.1093,1
838,7e1c2d50abf96384,,wastar,"{""w"": 2.0}",pdb,"{""pdb_dir"": ""../phase1_data_generation/data/pdbs""}",34.00,1,solved,50,,128,414,129,287,0.0233,0.0336,1
839,95418dafbe32607c,,wastar,"{""w"": 2.0}",pdb,"{""pdb_dir"": ""../phase1_data_generation/data/pdbs""}",46.00,1,solved,66,,420,1362,411,908,0.0744,0.1084,1
840,26b813cf9704dea5,,wastar,"{""w"": 2.0}",pdb,"{""pdb_dir"": ""../phase1_data_generation/data/pdbs""}",44.00,1,solved,70,,1000,3116,926,1911,0.1685,0.2491,1
841,079ecbf436a8d125,,wastar,"{""w"": 2.0}",pdb,"{""pdb_dir"": ""../phase1_data_generation/data/pdbs""}",40.00,1,solved,46,,68,213,69,146,0.0121,0.0176,1
842,e1c4a968f70b532d,,wastar,"{""w"": 2.0}",pdb,"{""pdb_dir"": ""../phase1_data_generation/data/pdbs""}",40.00,1,solved,64,,1002,3207,989,2144,0.1753,0.2568,1
843,cd483769f501ae2b,,wastar,"{""w"": 2.0}",pdb,"{""pdb_dir"": ""../phase1_data_generation/data/pdbs""}",36.00,1,solved,58,,221,708,222,485,0.0384,0.0558,1
844,57ba2f963c01d48e,,wastar,"{""w"": 2.0}",pdb,"{""pdb_dir"": ""../phase1_data_generation/data/pdbs""}",48.00,1,solved,74,,254,812,253,550,0.0432,0.0629,1
845,cbeaf2586d193470,,wastar,"{""w"": 2.0}",pdb,"{""pdb_dir"": ""../phase1_data_generation/data/pdbs""}",34.00,1,solved,54,,634,2021,580,1234,0.1009,0.1502,1
846,bad260ec37149f58,,wastar,"{""w"": 2.0}",pdb,"{""pdb_dir"": ""../phase1_data_generation/data/pdbs""}",36.00,1,solved,52,,754,2431,724,1557,0.1279,0.1890,1
847,d1489cf0b2ea6537,,wastar,"{""w"": 2.0}",pdb,"{""pdb_dir"": ""../phase1_data_generation/data/pdbs""}",46.00,1,solved,74,,775,2399,769,1594,0.1341,0.1953,1
848,1d096aec25b47f83,,wastar,"{""w"": 2.0}",pdb,"{""pdb_dir"": ""../phase1_data_generation/data/pdbs""}",42.00,1,solved,72,,417,1309,417,885,0.0753,0.1093,1
849,632de4f17c5a9b80,,wastar,"{""w"": 2.0}",pdb,"{""pdb_dir"": ""../phase1_data_generation/data/pdbs""}",46.00,1,solved,66,,462,1476,443,967,0.0769,0.1131,1
850,0e2f9dbc7154a368,,wastar,"{""w"": 2.0}",pdb,"{""pdb_dir"": ""../phase1_data_generation/data/pdbs""}",36.00,1,solved,48,,124,391,124,263,0.0216,0.0314,1
851,85e1fc2674bd309a,,wastar,"{""w"": 2.0}",pdb,"{""pdb_dir"": ""../phase1_data_generation/data/pdbs""}",38.00,1,solved,60,,339,1055,332,693,0.0588,0.0856,1
852,c8194eaf7b62d035,,wastar,"{""w"": 2.0}",pdb,"{""pdb_dir"": ""../phase1_data_generation/data/pdbs""}",46.00,1,solved,54,,87,283,88,197,0.0149,0.0216,1
853,0f124e7d65cb3a89,,wastar,"{""w"": 2.0}",pdb,"{""pdb_dir"": ""../phase1_data_generation/data/pdbs""}",40.00,1,solved,64,,454,1419,452,948,0.0783,0.1137,1
854,e78df2c10439a5b6,,wastar,"{""w"": 2.0}",pdb,"{""pdb_dir"": ""../phase1_data_generation/data/pdbs""}",36.00,1,solved,50,,61,193,62,133,0.0106,0.0153,1
855,2bfce7ad06935148,,wastar,"{""w"": 2.0}",pdb,"{""pdb_dir"": ""../phase1_data_generation/data/pdbs""}",34.00,1,solved,46,,70,225,71,156,0.0125,0.0182,1
856,c584fe90bda62371,,wastar,"{""w"": 2.0}",pdb,"{""pdb_dir"": ""../phase1_data_generation/data/pdbs""}",32.00,1,solved,44,,294,943,285,624,0.0514,0.0752,1
857,29f8a4e17d635cb0,,wastar,"{""w"": 2.0}",pdb,"{""pdb_dir"": ""../phase1_data_generation/data/pdbs""}",46.00,1,solved,56,,198,629,195,420,0.0340,0.0500,1
858,7c0931bef6a8d452,,wastar,"{""w"": 2.0}",pdb,"{""pdb_dir"": ""../phase1_data_generation/data/pdbs""}",38.00,1,solved,60,,546,1753,504,1090,0.0874,0.1301,1
859,3fdc9eb80671a542,,wastar,"{""w"": 2.0}",pdb,"{""pdb_dir"": ""../phase1_data_generation/data/pdbs""}",30.00,1,solved,38,,109,355,106,235,0.0185,0.0270,1
860,87d9c4f2eb05a163,,wastar,"{""w"": 2.0}",pdb,"{""pdb_dir"": ""../phase1_data_generation/data/pdbs""}",50.00,1,solved,72,,2408,7716,2242,4798,0.3974,0.5907,1
861,a48d9e15bf3726c0,,wastar,"{""w"": 2.0}",pdb,"{""pdb_dir"": ""../phase1_data_generation/data/pdbs""}",40.00,1,solved,66,,785,2533,742,1619,0.1330,0.1960,1
862,2f4b30ec7d15a968,,wastar,"{""w"": 2.0}",pdb,"{""pdb_dir"": ""../phase1_data_generation/data/pdbs""}",40.00,1,solved,54,,152,499,152,343,0.0270,0.0392,1
863,ab0638ed9451f72c,,wastar,"{""w"": 2.0}",pdb,"{""pdb_dir"": ""../phase1_data_generation/data/pdbs""}",40.00,1,solved,54,,199,639,198,434,0.0351,0.0509,1
864,3ad4e6bf2c987051,,wastar,"{""w"": 2.0}",pdb,"{""pdb_dir"": ""../phase1_data_generation/data/pdbs""}",36.00,1,solved,60,,775,2499,722,1573,0.1305,0.1933,1
865,a2f83b6d790c14e5,,wastar,"{""w"": 2.0}",pdb,"{""pdb_dir"": ""../phase1_data_generation/data/pdbs""}",36.00,1,solved,54,,206,650,205,434,0.0369,0.0534,1
866,6eba439d78512fc0,,wastar,"{""w"": 2.0}",pdb,"{""pdb_dir"": ""../phase1_data_generation/data/pdbs""}",40.00,1,solved,58,,995,3243,958,2116,0.1721,0.2529,1
867,93fca0675be2814d,,wastar,"{""w"": 2.0}",pdb,"{""pdb_dir"": ""../phase1_data_generation/data/pdbs""}",42.00,1,solved,64,,159,507,158,340,0.0285,0.0413,1
868,0c6fd582eb9a4731,,wastar,"{""w"": 2.0}",pdb,"{""pdb_dir"": ""../phase1_data_generation/data/pdbs""}",40.00,1,solved,54,,164,518,165,355,0.0290,0.0419,1
869,deac50b649f87231,,wastar,"{""w"": 2.0}",pdb,"{""pdb_dir"": ""../phase1_data_generation/data/pdbs""}",36.00,1,solved,48,,131,415,131,281,0.0233,0.0336,1
870,eca8f64079d5b312,,wastar,"{""w"": 2.0}",pdb,"{""pdb_dir"": ""../phase1_data_generation/data/pdbs""}",28.00,1,solved,44,,324,1036,322,694,0.0583,0.0846,1
871,bcd7a980456ef132,,wastar,"{""w"": 2.0}",pdb,"{""pdb_dir"": ""../phase1_data_generation/data/pdbs""}",46.00,1,solved,76,,968,3036,928,1961,0.1682,0.2465,1
872,bd082654ecaf7931,,wastar,"{""w"": 2.0}",pdb,"{""pdb_dir"": ""../phase1_data_generation/data/pdbs""}",38.00,1,solved,50,,100,326,101,227,0.0181,0.0263,1
873,b5dfea9c71043286,,wastar,"{""w"": 2.0}",pdb,"{""pdb_dir"": ""../phase1_data_generation/data/pdbs""}",32.00,1,solved,36,,38,125,39,88,0.0071,0.0102,1
874,0951ebd437f8a2c6,,wastar,"{""w"": 2.0}",pdb,"{""pdb_dir"": ""../phase1_data_generation/data/pdbs""}",40.00,1,solved,46,,75,239,76,165,0.0138,0.0198,1
875,0bac345df76892e1,,wastar,"{""w"": 2.0}",pdb,"{""pdb_dir"": ""../phase1_data_generation/data/pdbs""}",32.00,1,solved,46,,107,349,106,238,0.0191,0.0277,1
876,380c2e6a5f1d7b49,,wastar,"{""w"": 2.0}",pdb,"{""pdb_dir"": ""../phase1_data_generation/data/pdbs""}",38.00,1,solved,52,,214,685,214,465,0.0389,0.0563,1
877,327d895c0bfa6e41,,wastar,"{""w"": 2.0}",pdb,"{""pdb_dir"": ""../phase1_data_generation/data/pdbs""}",40.00,1,solved,62,,373,1192,342,720,0.0624,0.0924,1
878,985df1c074ea362b,,wastar,"{""w"": 2.0}",pdb,"{""pdb_dir"": ""../phase1_data_generation/data/pdbs""}",36.00,1,solved,52,,145,468,146,322,0.0264,0.0381,1
879,f659d0c2b8e3714a,,wastar,"{""w"": 2.0}",pdb,"{""pdb_dir"": ""../phase1_data_generation/data/pdbs""}",34.00,1,solved,52,,539,1702,522,1095,0.0949,0.1384,1
880,271fae8c45b936d0,,wastar,"{""w"": 2.0}",pdb,"{""pdb_dir"": ""../phase1_data_generation/data/pdbs""}",40.00,1,solved,62,,182,578,183,397,0.0311,0.0450,1
881,97eaf3408612c5bd,,wastar,"{""w"": 2.0}",pdb,"{""pdb_dir"": ""../phase1_data_generation/data/pdbs""}",48.00,1,solved,80,,664,2106,657,1401,0.1127,0.1645,1
882,78f914ea3b05c62d,,wastar,"{""w"": 2.0}",pdb,"{""pdb_dir"": ""../phase1_data_generation/data/pdbs""}",42.00,1,solved,70,,244,779,243,530,0.0411,0.0597,1
883,fcb14a293e0d7856,,wastar,"{""w"": 2.0}",pdb,"{""pdb_dir"": ""../phase1_data_generation/data/pdbs""}",42.00,1,solved,52,,295,931,288,607,0.0510,0.0746,1
884,f9c4e0752a163d8b,,wastar,"{""w"": 2.0}",pdb,"{""pdb_dir"": ""../phase1_data_generation/data/pdbs""}",38.00,1,solved,64,,806,2579,795,1728,0.1396,0.2043,1
885,03be6c98f571a4d2,,wastar,"{""w"": 2.0}",pdb,"{""pdb_dir"": ""../phase1_data_generation/data/pdbs""}",42.00,1,solved,56,,153,485,154,333,0.0265,0.0380,1
886,0dc4ef39b7a82651,,wastar,"{""w"": 2.0}",pdb,"{""pdb_dir"": ""../phase1_data_generation/data/pdbs""}",24.00,1,solved,38,,1215,3906,1162,2521,0.2103,0.3093,1
887,9dabe2850f463c71,,wastar,"{""w"": 2.0}",pdb,"{""pdb_dir"": ""../phase1_data_generation/data/pdbs""}",42.00,1,solved,44,,47,155,48,109,0.0088,0.0127,1
888,0583e19bfc6d7a42,,wastar,"{""w"": 2.0}",pdb,"{""pdb_dir"": ""../phase1_data_generation/data/pdbs""}",42.00,1,solved,62,,213,662,213,447,0.0391,0.0565,1
889,bc09752e6af8314d,,wastar,"{""w"": 2.0}",pdb,"{""pdb_dir"": ""../phase1_data_generation/data/pdbs""}",30.00,1,solved,36,,82,269,82,184,0.0150,0.0215,1
890,9aef1630cb4d7258,,wastar,"{""w"": 2.0}",pdb,"{""pdb_dir"": ""../phase1_data_generation/data/pdbs""}",42.00,1,solved,66,,243,757,240,500,0.0441,0.0638,1
891,0e6c1849af723bd5,,wastar,"{""w"": 2.0}",pdb,"{""pdb_dir"": ""../phase1_data_generation/data/pdbs""}",36.00,1,solved,62,,473,1475,471,987,0.0855,0.1239,1
892,bf0d254a387c9e61,,wastar,"{""w"": 2.0}",pdb,"{""pdb_dir"": ""../phase1_data_generation/data/pdbs""}",32.00,1,solved,46,,70,224,71,155,0.0129,0.0185,1
893,a6fd73ecb5982014,,wastar,"{""w"": 2.0}",pdb,"{""pdb_dir"": ""../phase1_data_generation/data/pdbs""}",22.00,1,solved,34,,135,435,136,301,0.0246,0.0355,1
894,e7f982ba510c6d34,,wastar,"{""w"": 2.0}",pdb,"{""pdb_dir"": ""../phase1_data_generation/data/pdbs""}",38.00,1,solved,56,,748,2369,712,1507,0.1296,0.1902,1
895,ba0cd49e6538271f,,wastar,"{""w"": 2.0}",pdb,"{""pdb_dir"": ""../phase1_data_generation/data/pdbs""}",40.00,1,solved,52,,119,388,120,269,0.0210,0.0303,1
896,48ecda31b52967f0,,wastar,"{""w"": 2.0}",pdb,"{""pdb_dir"": ""../phase1_data_generation/data/pdbs""}",42.00,1,solved,58,,275,885,276,610,0.0493,0.0712,1
897,8a749dec3501bf62,,wastar,"{""w"": 2.0}",pdb,"{""pdb_dir"": ""../phase1_data_generation/data/pdbs""}",38.00,1,solved,60,,1503,4931,1457,3258,0.2611,0.3828,1
898,769d1045fbcae823,,wastar,"{""w"": 2.0}",pdb,"{""pdb_dir"": ""../phase1_data_generation/data/pdbs""}",44.00,1,solved,62,,246,773,246,527,0.0444,0.0641,1
899,45fca697238ebd10,,wastar,"{""w"": 2.0}",pdb,"{""pdb_dir"": ""../phase1_data_generation/data/pdbs""}",40.00,1,solved,50,,124,411,125,288,0.0220,0.0317,1
900,2efc408d7b1a5693,,wastar,"{""w"": 2.0}",pdb,"{""pdb_dir"": ""../phase1_data_generation/data/pdbs""}",40.00,1,solved,54,,227,717,228,491,0.0409,0.0590,1
901,689d7ecf3b5a2140,,wastar,"{""w"": 2.0}",pdb,"{""pdb_dir"": ""../phase1_data_generation/data/pdbs""}",34.00,1,solved,50,,352,1130,333,730,0.0599,0.0880,1
902,79cd602afb85e143,,wastar,"{""w"": 2.0}",pdb,"{""pdb_dir"": ""../phase1_data_generation/data/pdbs""}",42.00,1,solved,70,,1017,3242,931,1979,0.1671,0.2483,1
903,e40cf7962d85ab13,,wastar,"{""w"": 2.0}",pdb,"{""pdb_dir"": ""../phase1_data_generation/data/pdbs""}",36.00,1,solved,48,,312,1000,294,642,0.0508,0.0752,1
904,6abfe0937d412c58,,wastar,"{""w"": 2.0}",pdb,"{""pdb_dir"": ""../phase1_data_generation/data/pdbs""}",40.00,1,solved,62,,240,766,235,511,0.0395,0.0578,1
905,13b5e029a7fd64c8,,wastar,"{""w"": 2.0}",pdb,"{""pdb_dir"": ""../phase1_data_generation/data/pdbs""}",46.00,1,solved,64,,226,716,226,489,0.0381,0.0552,1
906,b53cf4e0718a26d9,,wastar,"{""w"": 2.0}",pdb,"{""pdb_dir"": ""../phase1_data_generation/data/pdbs""}",36.00,1,solved,46,,210,666,211,454,0.0364,0.0527,1
907,bed859f4a302c671,,wastar,"{""w"": 2.0}",pdb,"{""pdb_dir"": ""../phase1_data_generation/data/pdbs""}",38.00,1,solved,54,,278,895,279,617,0.0468,0.0681,1
908,b9fed06825c3417a,,wastar,"{""w"": 2.0}",pdb,"{""pdb_dir"": ""../phase1_data_generation/data/pdbs""}",40.00,1,solved,50,,80,259,81,180,0.0146,0.0208,1
909,e6a71d523c0f4b89,,wastar,"{""w"": 2.0}",pdb,"{""pdb_dir"": ""../phase1_data_generation/data/pdbs""}",44.00,1,solved,70,,874,2776,741,1586,0.1315,0.2006,1
910,21abf36c479de580,,wastar,"{""w"": 2.0}",pdb,"{""pdb_dir"": ""../phase1_data_generation/data/pdbs""}",44.00,1,solved,70,,487,1522,482,1007,0.0858,0.1248,1
911,32e57cfa68d410b9,,wastar,"{""w"": 2.0}",pdb,"{""pdb_dir"": ""../phase1_data_generation/data/pdbs""}",46.00,1,solved,66,,867,2738,818,1721,0.1451,0.2143,1
912,bf3d794a2c08e615,,wastar,"{""w"": 2.0}",pdb,"{""pdb_dir"": ""../phase1_data_generation/data/pdbs""}",38.00,1,solved,50,,96,313,97,218,0.0166,0.0240,1
913,df87c3b6a219e054,,wastar,"{""w"": 2.0}",pdb,"{""pdb_dir"": ""../phase1_data_generation/data/pdbs""}",42.00,1,solved,56,,340,1082,335,718,0.0586,0.0851,1
914,7cf83e950adb2164,,wastar,"{""w"": 2.0}",pdb,"{""pdb_dir"": ""../phase1_data_generation/data/pdbs""}",32.00,1,solved,44,,234,746,235,509,0.0407,0.0589,1
915,0d1f96a58b7c32e4,,wastar,"{""w"": 2.0}",pdb,"{""pdb_dir"": ""../phase1_data_generation/data/pdbs""}",36.00,1,solved,58,,323,1024,323,691,0.0575,0.0833,1
916,b925fe187c64d03a,,wastar,"{""w"": 2.0}",pdb,"{""pdb_dir"": ""../phase1_data_generation/data/pdbs""}",42.00,1,solved,48,,66,218,67,153,0.0119,0.0172,1
917,ac68903db2f1574e,,wastar,"{""w"": 2.0}",pdb,"{""pdb_dir"": ""../phase1_data_generation/data/pdbs""}",40.00,1,solved,52,,120,381,121,262,0.0217,0.0313,1
918,dc09b5e4238a761f,,wastar,"{""w"": 2.0}",pdb,"{""pdb_dir"": ""../phase1_data_generation/data/pdbs""}",40.00,1,solved,52,,113,379,114,267,0.0199,0.0287,1
919,df1eb4c82a093765,,wastar,"{""w"": 2.0}",pdb,"{""pdb_dir"": ""../phase1_data_generation/data/pdbs""}",36.00,1,solved,50,,168,539,169,372,0.0300,0.0434,1
920,a6cef579028d43b1,,wastar,"{""w"": 2.0}",pdb,"{""pdb_dir"": ""../phase1_data_generation/data/pdbs""}",38.00,1,solved,52,,904,2884,814,1731,0.1454,0.2170,1
921,461afd987302b5ec,,wastar,"{""w"": 2.0}",pdb,"{""pdb_dir"": ""../phase1_data_generation/data/pdbs""}",44.00,1,solved,64,,362,1178,356,796,0.0626,0.0912,1
922,5b9ac04f83de2167,,wastar,"{""w"": 2.0}",pdb,"{""pdb_dir"": ""../phase1_data_generation/data/pdbs""}",46.00,1,solved,66,,1328,4224,946,1998,0.1692,0.2709,1
923,7e8f5ac0b3412d96,,wastar,"{""w"": 2.0}",pdb,"{""pdb_dir"": ""../phase1_data_generation/data/pdbs""}",38.00,1,solved,56,,2364,7513,1927,4080,0.3440,0.5293,1
924,3c0689a2bf1de745,,wastar,"{""w"": 2.0}",pdb,"{""pdb_dir"": ""../phase1_data_generation/data/pdbs""}",46.00,1,solved,62,,259,826,258,555,0.0465,0.0674,1
925,fb41c028ed36a597,,wastar,"{""w"": 2.0}",pdb,"{""pdb_dir"": ""../phase1_data_generation/data/pdbs""}",44.00,1,solved,68,,297,927,292,611,0.0523,0.0763,1
926,6dc81fe2a70345b9,,wastar,"{""w"": 2.0}",pdb,"{""pdb_dir"": ""../phase1_data_generation/data/pdbs""}",40.00,1,solved,60,,218,689,218,466,0.0397,0.0574,1
927,f38b9c40ade76251,,wastar,"{""w"": 2.0}",pdb,"{""pdb_dir"": ""../phase1_data_generation/data/pdbs""}",36.00,1,solved,50,,195,636,196,440,0.0353,0.0512,1
928,7f81c03eba542d96,,wastar,"{""w"": 2.0}",pdb,"{""pdb_dir"": ""../phase1_data_generation/data/pdbs""}",38.00,1,solved,54,,185,580,186,394,0.0338,0.0488,1
929,b385d091ef7c42a6,,wastar,"{""w"": 2.0}",pdb,"{""pdb_dir"": ""../phase1_data_generation/data/pdbs""}",42.00,1,solved,60,,189,587,189,395,0.0343,0.0495,1
930,6e4750fbda193c82,,wastar,"{""w"": 2.0}",pdb,"{""pdb_dir"": ""../phase1_data_generation/data/pdbs""}",48.00,1,solved,66,,389,1223,385,818,0.0693,0.1009,1
931,9d0f7ba834561ce2,,wastar,"{""w"": 2.0}",pdb,"{""pdb_dir"": ""../phase1_data_generation/data/pdbs""}",44.00,1,solved,62,,849,2700,775,1656,0.1370,0.2048,1
932,738e6cdb0214af59,,wastar,"{""w"": 2.0}",pdb,"{""pdb_dir"": ""../phase1_data_generation/data/pdbs""}",44.00,1,solved,60,,277,874,277,593,0.0477,0.0694,1
933,fe7c16b52a3490d8,,wastar,"{""w"": 2.0}",pdb,"{""pdb_dir"": ""../phase1_data_generation/data/pdbs""}",36.00,1,solved,50,,473,1486,472,992,0.0829,0.1203,1
934,bf0a358e67c9214d,,wastar,"{""w"": 2.0}",pdb,"{""pdb_dir"": ""../phase1_data_generation/data/pdbs""}",32.00,1,solved,38,,51,168,52,118,0.0092,0.0132,1
935,0daeb148f95c7632,,wastar,"{""w"": 2.0}",pdb,"{""pdb_dir"": ""../phase1_data_generation/data/pdbs""}",38.00,1,solved,52,,84,275,82,185,0.0142,0.0207,1
936,fe0d5b8c2a941736,,wastar,"{""w"": 2.0}",pdb,"{""pdb_dir"": ""../phase1_data_generation/data/pdbs""}",26.00,1,solved,34,,143,457,135,291,0.0238,0.0350,1
937,4fc3a7d0561e298b,,wastar,"{""w"": 2.0}",pdb,"{""pdb_dir"": ""../phase1_data_generation/data/pdbs""}",44.00,1,solved,62,,169,540,170,371,0.0300,0.0433,1
938,e8d4205691a7cbf3,,wastar,"{""w"": 2.0}",pdb,"{""pdb_dir"": ""../phase1_data_generation/data/pdbs""}",48.00,1,solved,70,,144,457,143,306,0.0250,0.0362,1
939,59bdc06ae734f281,,wastar,"{""w"": 2.0}",pdb,"{""pdb_dir"": ""../phase1_data_generation/data/pdbs""}",38.00,1,solved,58,,751,2417,686,1496,0.1212,0.1806,1
940,0dc2af1857496be3,,wastar,"{""w"": 2.0}",pdb,"{""pdb_dir"": ""../phase1_data_generation/data/pdbs""}",36.00,1,solved,64,,204,632,204,425,0.0352,0.0511,1
941,0ec6a5df837b2149,,wastar,"{""w"": 2.0}",pdb,"{""pdb_dir"": ""../phase1_data_generation/data/pdbs""}",36.00,1,solved,58,,734,2312,620,1308,0.1075,0.1641,1
942,cef8d560a12974b3,,wastar,"{""w"": 2.0}",pdb,"{""pdb_dir"": ""../phase1_data_generation/data/pdbs""}",42.00,1,solved,44,,56,175,57,120,0.0096,0.0141,1
943,7f1e84d0a5263bc9,,wastar,"{""w"": 2.0}",pdb,"{""pdb_dir"": ""../phase1_data_generation/data/pdbs""}",40.00,1,solved,52,,1045,3437,1005,2256,0.1733,0.2558,1
944,ab05fe82c73916d4,,wastar,"{""w"": 2.0}",pdb,"{""pdb_dir"": ""../phase1_data_generation/data/pdbs""}",42.00,1,solved,50,,83,273,83,187,0.0146,0.0211,1
945,bf9a561e230c748d,,wastar,"{""w"": 2.0}",pdb,"{""pdb_dir"": ""../phase1_data_generation/data/pdbs""}",34.00,1,solved,42,,132,407,133,276,0.0235,0.0337,1
946,cad5e7630b89f241,,wastar,"{""w"": 2.0}",pdb,"{""pdb_dir"": ""../phase1_data_generation/data/pdbs""}",40.00,1,solved,60,,496,1571,496,1069,0.0886,0.1282,1
947,69dfcab52748e310,,wastar,"{""w"": 2.0}",pdb,"{""pdb_dir"": ""../phase1_data_generation/data/pdbs""}",42.00,1,solved,58,,193,602,192,407,0.0346,0.0499,1
948,fbad98610e453c27,,wastar,"{""w"": 2.0}",pdb,"{""pdb_dir"": ""../phase1_data_generation/data/pdbs""}",38.00,1,solved,58,,1112,3535,1086,2312,0.1952,0.2854,1
949,ef2cb0d19a647358,,wastar,"{""w"": 2.0}",pdb,"{""pdb_dir"": ""../phase1_data_generation/data/pdbs""}",32.00,1,solved,40,,133,435,134,303,0.0240,0.0348,1
950,9f16428cbad370e5,,wastar,"{""w"": 2.0}",pdb,"{""pdb_dir"": ""../phase1_data_generation/data/pdbs""}",42.00,1,solved,64,,163,517,164,355,0.0293,0.0424,1
951,6baf9d30e4c15782,,wastar,"{""w"": 2.0}",pdb,"{""pdb_dir"": ""../phase1_data_generation/data/pdbs""}",40.00,1,solved,72,,613,1939,606,1297,0.1094,0.1591,1
952,ae0c916827d43bf5,,wastar,"{""w"": 2.0}",pdb,"{""pdb_dir"": ""../phase1_data_generation/data/pdbs""}",34.00,1,solved,48,,193,625,191,426,0.0345,0.0501,1
953,fa64508b723ed9c1,,wastar,"{""w"": 2.0}",pdb,"{""pdb_dir"": ""../phase1_data_generation/data/pdbs""}",40.00,1,solved,54,,89,287,90,199,0.0163,0.0234,1
954,2cf813bd7e06954a,,wastar,"{""w"": 2.0}",pdb,"{""pdb_dir"": ""../phase1_data_generation/data/pdbs""}",44.00,1,solved,58,,138,436,138,295,0.0250,0.0361,1
955,c8b2e93ad5417f60,,wastar,"{""w"": 2.0}",pdb,"{""pdb_dir"": ""../phase1_data_generation/data/pdbs""}",42.00,1,solved,60,,96,304,97,209,0.0176,0.0253,1
956,ef08c7a2395d146b,,wastar,"{""w"": 2.0}",pdb,"{""pdb_dir"": ""../phase1_data_generation/data/pdbs""}",38.00,1,solved,60,,800,2541,781,1664,0.1417,0.2068,1
957,b916f2a7548dc3e0,,wastar,"{""w"": 2.0}",pdb,"{""pdb_dir"": ""../phase1_data_generation/data/pdbs""}",46.00,1,solved,76,,260,813,255,537,0.0463,0.0674,1
958,01db52efa3c67894,,wastar,"{""w"": 2.0}",pdb,"{""pdb_dir"": ""../phase1_data_generation/data/pdbs""}",42.00,1,solved,68,,865,2712,758,1564,0.1380,0.2070,1
959,f6c1b0783dae4529,,wastar,"{""w"": 2.0}",pdb,"{""pdb_dir"": ""../phase1_data_generation/data/pdbs""}",38.00,1,solved,58,,703,2233,623,1324,0.1145,0.1713,1
960,e128904cd73afb65,,wastar,"{""w"": 2.0}",pdb,"{""pdb_dir"": ""../phase1_data_generation/data/pdbs""}",42.00,1,solved,58,,167,535,168,369,0.0301,0.0434,1
961,afb9318e750c246d,,wastar,"{""w"": 2.0}",pdb,"{""pdb_dir"": ""../phase1_data_generation/data/pdbs""}",38.00,1,solved,48,,60,193,61,134,0.0113,0.0162,1
962,e4d876359f0ba12c,,wastar,"{""w"": 2.0}",pdb,"{""pdb_dir"": ""../phase1_data_generation/data/pdbs""}",44.00,1,solved,62,,278,894,259,568,0.0467,0.0692,1
963,67b92f3c5da1e048,,wastar,"{""w"": 2.0}",pdb,"{""pdb_dir"": ""../phase1_data_generation/data/pdbs""}",38.00,1,solved,60,,164,516,162,346,0.0287,0.0416,1
964,4ae1c7b8fd596320,,wastar,"{""w"": 2.0}",pdb,"{""pdb_dir"": ""../phase1_data_generation/data/pdbs""}",40.00,1,solved,50,,65,210,66,146,0.0121,0.0174,1
965,bf9d20315ac87e46,,wastar,"{""w"": 2.0}",pdb,"{""pdb_dir"": ""../phase1_data_generation/data/pdbs""}",36.00,1,solved,44,,67,214,68,148,0.0125,0.0179,1
966,bf71c4d9368a2e50,,wastar,"{""w"": 2.0}",pdb,"{""pdb_dir"": ""../phase1_data_generation/data/pdbs""}",36.00,1,solved,58,,154,498,155,345,0.0281,0.0406,1
967,b586702e3caf1d94,,wastar,"{""w"": 2.0}",pdb,"{""pdb_dir"": ""../phase1_data_generation/data/pdbs""}",40.00,1,solved,46,,69,224,70,156,0.0127,0.0182,1
968,da6218ce9f0b4753,,wastar,"{""w"": 2.0}",pdb,"{""pdb_dir"": ""../phase1_data_generation/data/pdbs""}",48.00,1,solved,76,,428,1338,427,893,0.0769,0.1115,1
969,da5270f86c4eb193,,wastar,"{""w"": 2.0}",pdb,"{""pdb_dir"": ""../phase1_data_generation/data/pdbs""}",42.00,1,solved,58,,117,375,118,259,0.0215,0.0309,1
970,5bfd76ea839c2014,,wastar,"{""w"": 2.0}",pdb,"{""pdb_dir"": ""../phase1_data_generation/data/pdbs""}",26.00,1,solved,38,,68,228,69,161,0.0124,0.0180,1
971,b90dcf84a752e316,,wastar,"{""w"": 2.0}",pdb,"{""pdb_dir"": ""../phase1_data_generation/data/pdbs""}",34.00,1,solved,42,,274,865,259,550,0.0470,0.0690,1
972,b6ad78f10ec53942,,wastar,"{""w"": 2.0}",pdb,"{""pdb_dir"": ""../phase1_data_generation/data/pdbs""}",32.00,1,solved,46,,101,329,102,227,0.0185,0.0266,1
973,8fed907c2b635a41,,wastar,"{""w"": 2.0}",pdb,"{""pdb_dir"": ""../phase1_data_generation/data/pdbs""}",34.00,1,solved,48,,169,534,170,365,0.0308,0.0444,1
974,be5c109327af684d,,wastar,"{""w"": 2.0}",pdb,"{""pdb_dir"": ""../phase1_data_generation/data/pdbs""}",40.00,1,solved,56,,212,681,213,470,0.0385,0.0556,1
975,da7b165f0ec93284,,wastar,"{""w"": 2.0}",pdb,"{""pdb_dir"": ""../phase1_data_generation/data/pdbs""}",38.00,1,solved,58,,102,325,103,224,0.0187,0.0269,1
976,f69b1ced7a382045,,wastar,"{""w"": 2.0}",pdb,"{""pdb_dir"": ""../phase1_data_generation/data/pdbs""}",32.00,1,solved,46,,173,547,169,360,0.0308,0.0449,1
977,9adebc65f8032174,,wastar,"{""w"": 2.0}",pdb,"{""pdb_dir"": ""../phase1_data_generation/data/pdbs""}",36.00,1,solved,56,,145,469,146,325,0.0265,0.0383,1
978,f7c8249e650dab31,,wastar,"{""w"": 2.0}",pdb,"{""pdb_dir"": ""../phase1_data_generation/data/pdbs""}",36.00,1,solved,54,,137,456,138,319,0.0251,0.0363,1
979,cb74d390f8526ea1,,wastar,"{""w"": 2.0}",pdb,"{""pdb_dir"": ""../phase1_data_generation/data/pdbs""}",38.00,1,solved,56,,136,429,137,294,0.0251,0.0361,1
980,5f0cea18d6497b23,,wastar,"{""w"": 2.0}",pdb,"{""pdb_dir"": ""../phase1_data_generation/data/pdbs""}",34.00,1,solved,50,,120,383,121,264,0.0218,0.0315,1
981,5bc264e01fa8379d,,wastar,"{""w"": 2.0}",pdb,"{""pdb_dir"": ""../phase1_data_generation/data/pdbs""}",42.00,1,solved,58,,118,378,119,261,0.0207,0.0299,1
982,eb87c39afd641250,,wastar,"{""w"": 2.0}",pdb,"{""pdb_dir"": ""../phase1_data_generation/data/pdbs""}",40.00,1,solved,56,,173,537,172,361,0.0303,0.0440,1
983,c2de8f14ab057963,,wastar,"{""w"": 2.0}",pdb,"{""pdb_dir"": ""../phase1_data_generation/data/pdbs""}",42.00,1,solved,62,,311,985,304,647,0.0519,0.0758,1
984,6ce39f71a20db845,,wastar,"{""w"": 2.0}",pdb,"{""pdb_dir"": ""../phase1_data_generation/data/pdbs""}",42.00,1,solved,56,,119,379,120,261,0.0211,0.0303,1
985,b835fadc0149e267,,wastar,"{""w"": 2.0}",pdb,"{""pdb_dir"": ""../phase1_data_generation/data/pdbs""}",42.00,1,solved,58,,135,431,136,295,0.0238,0.0343,1
986,32bf615a8d04e7c9,,wastar,"{""w"": 2.0}",pdb,"{""pdb_dir"": ""../phase1_data_generation/data/pdbs""}",48.00,1,solved,64,,173,548,174,376,0.0305,0.0442,1
987,7bedfc80641a2935,,wastar,"{""w"": 2.0}",pdb,"{""pdb_dir"": ""../phase1_data_generation/data/pdbs""}",34.00,1,solved,46,,239,751,239,504,0.0411,0.0597,1
988,fec8a9543d71206b,,wastar,"{""w"": 2.0}",pdb,"{""pdb_dir"": ""../phase1_data_generation/data/pdbs""}",24.00,1,solved,40,,155,501,156,347,0.0270,0.0392,1
989,c458a39d2701ebf6,,wastar,"{""w"": 2.0}",pdb,"{""pdb_dir"": ""../phase1_data_generation/data/pdbs""}",42.00,1,solved,66,,215,699,214,480,0.0365,0.0532,1
990,e581d046ba932f7c,,wastar,"{""w"": 2.0}",pdb,"{""pdb_dir"": ""../phase1_data_generation/data/pdbs""}",46.00,1,solved,64,,220,696,221,475,0.0384,0.0557,1
991,efd157c08a2b3964,,wastar,"{""w"": 2.0}",pdb,"{""pdb_dir"": ""../phase1_data_generation/data/pdbs""}",36.00,1,solved,56,,215,664,215,444,0.0385,0.0557,1
992,7be5a4801cfd2369,,wastar,"{""w"": 2.0}",pdb,"{""pdb_dir"": ""../phase1_data_generation/data/pdbs""}",44.00,1,solved,58,,206,640,207,435,0.0367,0.0531,1
993,de95f81072b6c34a,,wastar,"{""w"": 2.0}",pdb,"{""pdb_dir"": ""../phase1_data_generation/data/pdbs""}",34.00,1,solved,50,,137,443,136,302,0.0240,0.0351,1
994,87bdc26a0451ef39,,wastar,"{""w"": 2.0}",pdb,"{""pdb_dir"": ""../phase1_data_generation/data/pdbs""}",44.00,1,solved,50,,95,306,95,208,0.0164,0.0236,1
995,0bed7fac45692183,,wastar,"{""w"": 2.0}",pdb,"{""pdb_dir"": ""../phase1_data_generation/data/pdbs""}",34.00,1,solved,42,,101,321,102,221,0.0177,0.0256,1
996,6edc7fba21053894,,wastar,"{""w"": 2.0}",pdb,"{""pdb_dir"": ""../phase1_data_generation/data/pdbs""}",26.00,1,solved,30,,432,1402,429,944,0.0752,0.1096,1
997,0f4eb56138acd792,,wastar,"{""w"": 2.0}",pdb,"{""pdb_dir"": ""../phase1_data_generation/data/pdbs""}",38.00,1,solved,52,,127,415,128,288,0.0221,0.0320,1
998,be87cad5169f3240,,wastar,"{""w"": 2.0}",pdb,"{""pdb_dir"": ""../phase1_data_generation/data/pdbs""}",36.00,1,solved,52,,177,568,178,392,0.0310,0.0450,1
999,c80942a1f6b5de73,,wastar,"{""w"": 2.0}",pdb,"{""pdb_dir"": ""../phase1_data_generation/data/pdbs""}",44.00,1,solved,68,,213,669,214,456,0.0376,0.0543,1
0,8cdfb65a7391e024,,wastar,"{""w"": 5.0}",pdb,"{""pdb_dir"": ""../phase1_data_generation/data/pdbs""}",36.00,1,solved,88,,1680,5329,1366,2877,0.2385,0.3680,1
1,65f87c9b3d421ae0,,wastar,"{""w"": 5.0}",pdb,"{""pdb_dir"": ""../phase1_data_generation/data/pdbs""}",38.00,1,solved,66,,235,735,236,501,0.0405,0.0588,1
2,da4f3be0c9816275,,wastar,"{""w"": 5.0}",pdb,"{""pdb_dir"": ""../phase1_data_generation/data/pdbs""}",42.00,1,solved,64,,146,464,147,319,0.0256,0.0371,1
3,eadbc6570128f394,,wastar,"{""w"": 5.0}",pdb,"{""pdb_dir"": ""../phase1_data_generation/data/pdbs""}",32.00,1,solved,52,,315,1006,316,687,0.0545,0.0791,1
4,fa8170c92d653be4,,wastar,"{""w"": 5.0}",pdb,"{""pdb_dir"": ""../phase1_data_generation/data/pdbs""}",32.00,1,solved,50,,315,1005,316,683,0.0550,0.0797,1
5,da689174fe0523cb,,wastar,"{""w"": 5.0}",pdb,"{""pdb_dir"": ""../phase1_data_generation/data/pdbs""}",42.00,1,solved,62,,122,393,123,272,0.0213,0.0307,1
6,fa38e9bc752460d1,,wastar,"{""w"": 5.0}",pdb,"{""pdb_dir"": ""../phase1_data_generation/data/pdbs""}",34.00,1,solved,78,,350,1113,351,761,0.0607,0.0884,1
7,0f6d73aeb8c51294,,wastar,"{""w"": 5.0}",pdb,"{""pdb_dir"": ""../phase1_data_generation/data/pdbs""}",32.00,1,solved,56,,545,1735,495,1058,0.0845,0.1260,1
8,f5c2ad80eb714693,,wastar,"{""w"": 5.0}",pdb,"{""pdb_dir"": ""../phase1_data_generation/data/pdbs""}",38.00,1,solved,84,,274,867,254,545,0.0452,0.0666,1
9,ea09fb7d1245386c,,wastar,"{""w"": 5.0}",pdb,"{""pdb_dir"": ""../phase1_data_generation/data/pdbs""}",34.00,1,solved,74,,533,1707,534,1162,0.0941,0.1366,1
10,1f08a4d37c625eb9,,wastar,"{""w"": 5.0}",pdb,"{""pdb_dir"": ""../phase1_data_generation/data/pdbs""}",46.00,1,solved,72,,132,420,133,289,0.0241,0.0347,1
11,0cb47e6592a183df,,wastar,"{""w"": 5.0}",pdb,"{""pdb_dir"": ""../phase1_data_generation/data/pdbs""}",46.00,1,solved,84,,366,1163,367,792,0.0658,0.0951,1
12,980a6fc437e2bd15,,wastar,"{""w"": 5.0}",pdb,"{""pdb_dir"": ""../phase1_data_generation/data/pdbs""}",38.00,1,solved,62,,166,540,167,372,0.0301,0.0436,1
13,ca05ed26f479b381,,wastar,"{""w"": 5.0}",pdb,"{""pdb_dir"": ""../phase1_data_generation/data/pdbs""}",38.00,1,solved,38,,59,182,60,124,0.0109,0.0156,1
14,9ec8fa3d2b645071,,wastar,"{""w"": 5.0}",pdb,"{""pdb_dir"": ""../phase1_data_generation/data/pdbs""}",30.00,1,solved,34,,48,155,49,108,0.0088,0.0126,1
15,6fbd9c583ea42017,,wastar,"{""w"": 5.0}",pdb,"{""pdb_dir"": ""../phase1_data_generation/data/pdbs""}",32.00,1,solved,52,,108,340,109,233,0.0200,0.0288,1
16,f1d7a82e340b65c9,,wastar,"{""w"": 5.0}",pdb,"{""pdb_dir"": ""../phase1_data_generation/data/pdbs""}",44.00,1,solved,102,,476,1528,436,949,0.0779,0.1154,1
17,bd0c6e78a9f41352,,wastar,"{""w"": 5.0}",pdb,"{""pdb_dir"": ""../phase1_data_generation/data/pdbs""}",32.00,1,solved,38,,47,156,48,110,0.0084,0.0121,1
18,8f9d2b3046e17ac5,,wastar,"{""w"": 5.0}",pdb,"{""pdb_dir"": ""../phase1_data_generation/data/pdbs""}",38.00,1,solved,64,,167,527,168,361,0.0297,0.0428,1
19,09c5e4ad2861fb37,,wastar,"{""w"": 5.0}",pdb,"{""pdb_dir"": ""../phase1_data_generation/data/pdbs""}",40.00,1,solved,66,,166,516,167,351,0.0301,0.0433,1
20,023e9f6db5ac1784,,wastar,"{""w"": 5.0}",pdb,"{""pdb_dir"": ""../phase1_data_generation/data/pdbs""}",38.00,1,solved,48,,76,245,77,170,0.0135,0.0194,1
21,3bac4f2e0581796d,,wastar,"{""w"": 5.0}",pdb,"{""pdb_dir"": ""../phase1_data_generation/data/pdbs""}",38.00,1,solved,74,,348,1089,347,735,0.0618,0.0895,1
22,d90c78a4b236e5f1,,wastar,"{""w"": 5.0}",pdb,"{""pdb_dir"": ""../phase1_data_generation/data/pdbs""}",34.00,1,solved,54,,432,1383,420,905,0.0763,0.1113,1
23,e2dc5af87309b641,,wastar,"{""w"": 5.0}",pdb,"{""pdb_dir"": ""../phase1_data_generation/data/pdbs""}",28.00,1,solved,68,,687,2166,677,1435,0.1215,0.1767,1
24,f94c7ab8650123ed,,wastar,"{""w"": 5.0}",pdb,"{""pdb_dir"": ""../phase1_data_generation/data/pdbs""}",36.00,1,solved,54,,170,534,166,355,0.0291,0.0424,1
25,cfda7312590eb648,,wastar,"{""w"": 5.0}",pdb,"{""pdb_dir"": ""../phase1_data_generation/data/pdbs""}",40.00,1,solved,66,,220,693,221,474,0.0392,0.0567,1
26,8964e23dbc0f1a75,,wastar,"{""w"": 5.0}",pdb,"{""pdb_dir"": ""../phase1_data_generation/data/pdbs""}",44.00,1,solved,74,,107,340,108,234,0.0197,0.0283,1
27,13647bae2c08d59f,,wastar,"{""w"": 5.0}",pdb,"{""pdb_dir"": ""../phase1_data_generation/data/pdbs""}",54.00,1,solved,80,,149,473,150,324,0.0272,0.0392,1
28,d208b59c46f37e1a,,wastar,"{""w"": 5.0}",pdb,"{""pdb_dir"": ""../phase1_data_generation/data/pdbs""}",40.00,1,solved,76,,243,772,244,528,0.0442,0.0638,1
29,7e158d906cf43ab2,,wastar,"{""w"": 5.0}",pdb,"{""pdb_dir"": ""../phase1_data_generation/data/pdbs""}",38.00,1,solved,64,,137,439,138,303,0.0250,0.0360,1
30,86d9b7304aef125c,,wastar,"{""w"": 5.0}",pdb,"{""pdb_dir"": ""../phase1_data_generation/data/pdbs""}",46.00,1,solved,58,,80,258,81,179,0.0147,0.0211,1
31,8d7cf61a4b0e2539,,wastar,"{""w"": 5.0}",pdb,"{""pdb_dir"": ""../phase1_data_generation/data/pdbs""}",42.00,1,solved,92,,796,2551,719,1540,0.1304,0.1942,1
32,b38cad416ef79052,,wastar,"{""w"": 5.0}",pdb,"{""pdb_dir"": ""../phase1_data_generation/data/pdbs""}",36.00,1,solved,56,,87,273,88,187,0.0157,0.0228,1
33,39f86eadbc027514,,wastar,"{""w"": 5.0}",pdb,"{""pdb_dir"": ""../phase1_data_generation/data/pdbs""}",36.00,1,solved,64,,123,398,124,276,0.0221,0.0320,1
34,b3ae5d607214cf98,,wastar,"{""w"": 5.0}",pdb,"{""pdb_dir"": ""../phase1_data_generation/data/pdbs""}",44.00,1,solved,98,,269,883,267,598,0.0467,0.0678,1
35,b98cdaf73605e412,,wastar,"{""w"": 5.0}",pdb,"{""pdb_dir"": ""../phase1_data_generation/data/pdbs""}",38.00,1,solved,90,,1023,3243,1017,2171,0.1755,0.2556,1
36,6f5ce03dba179482,,wastar,"{""w"": 5.0}",pdb,"{""pdb_dir"": ""../phase1_data_generation/data/pdbs""}",40.00,1,solved,74,,130,419,131,290,0.0229,0.0330,1
37,7301856e2bfac94d,,wastar,"{""w"": 5.0}",pdb,"{""pdb_dir"": ""../phase1_data_generation/data/pdbs""}",50.00,1,solved,98,,338,1045,339,704,0.0605,0.0875,1
38,0fb75d943ec126a8,,wastar,"{""w"": 5.0}",pdb,"{""pdb_dir"": ""../phase1_data_generation/data/pdbs""}",36.00,1,solved,62,,134,427,135,293,0.0239,0.0343,1
39,e32c7015abd8f694,,wastar,"{""w"": 5.0}",pdb,"{""pdb_dir"": ""../phase1_data_generation/data/pdbs""}",36.00,1,solved,78,,319,992,320,671,0.0556,0.0808,1
40,f5048eb97d1a36c2,,wastar,"{""w"": 5.0}",pdb,"{""pdb_dir"": ""../phase1_data_generation/data/pdbs""}",34.00,1,solved,80,,279,900,280,618,0.0481,0.0698,1
41,63fbd92c840a751e,,wastar,"{""w"": 5.0}",pdb,"{""pdb_dir"": ""../phase1_data_generation/data/pdbs""}",42.00,1,solved,96,,757,2364,731,1534,0.1280,0.1872,1
42,5ecdf3b928071a46,,wastar,"{""w"": 5.0}",pdb,"{""pdb_dir"": ""../phase1_data_generation/data/pdbs""}",36.00,1,solved,48,,87,282,88,196,0.0152,0.0220,1
43,e842cd67b901f3a5,,wastar,"{""w"": 5.0}",pdb,"{""pdb_dir"": ""../phase1_data_generation/data/pdbs""}",40.00,1,solved,80,,394,1269,390,858,0.0681,0.0993,1
44,e5f1d3bc02a67498,,wastar,"{""w"": 5.0}",pdb,"{""pdb_dir"": ""../phase1_data_generation/data/pdbs""}",40.00,1,solved,74,,224,700,225,477,0.0400,0.0577,1
45,5df9b8e4a71c2036,,wastar,"{""w"": 5.0}",pdb,"{""pdb_dir"": ""../phase1_data_generation/data/pdbs""}",40.00,1,solved,84,,208,656,209,449,0.0365,0.0526,1
46,e91cf362ba5d7840,,wastar,"{""w"": 5.0}",pdb,"{""pdb_dir"": ""../phase1_data_generation/data/pdbs""}",36.00,1,solved,62,,227,697,214,438,0.0368,0.0542,1
47,134cfe8abd796052,,wastar,"{""w"": 5.0}",pdb,"{""pdb_dir"": ""../phase1_data_generation/data/pdbs""}",38.00,1,solved,86,,368,1199,328,728,0.0580,0.0869,1
48,7fd425ca96083b1e,,wastar,"{""w"": 5.0}",pdb,"{""pdb_dir"": ""../phase1_data_generation/data/pdbs""}",36.00,1,solved,74,,238,759,239,520,0.0427,0.0620,1
49,e28cf1d50b4637a9,,wastar,"{""w"": 5.0}",pdb,"{""pdb_dir"": ""../phase1_data_generation/data/pdbs""}",34.00,1,solved,50,,114,361,115,248,0.0209,0.0303,1
50,6172a04cbde8f593,,wastar,"{""w"": 5.0}",pdb,"{""pdb_dir"": ""../phase1_data_generation/data/pdbs""}",48.00,1,solved,68,,139,447,140,309,0.0248,0.0358,1
51,81679da0befc3245,,wastar,"{""w"": 5.0}",pdb,"{""pdb_dir"": ""../phase1_data_generation/data/pdbs""}",42.00,1,solved,72,,469,1472,468,995,0.0847,0.1228,1
52,79d850c2f6a4be31,,wastar,"{""w"": 5.0}",pdb,"{""pdb_dir"": ""../phase1_data_generation/data/pdbs""}",34.00,1,solved,62,,146,463,147,317,0.0269,0.0387,1
53,ef4568ac7d1932b0,,wastar,"{""w"": 5.0}",pdb,"{""pdb_dir"": ""../phase1_data_generation/data/pdbs""}",32.00,1,solved,52,,250,777,251,528,0.0459,0.0664,1
54,ec6d7120358b49af,,wastar,"{""w"": 5.0}",pdb,"{""pdb_dir"": ""../phase1_data_generation/data/pdbs""}",42.00,1,solved,66,,115,365,116,251,0.0209,0.0302,1
55,b8f4c015e69d327a,,wastar,"{""w"": 5.0}",pdb,"{""pdb_dir"": ""../phase1_data_generation/data/pdbs""}",38.00,1,solved,62,,313,998,297,643,0.0541,0.0793,1
56,d7083c5469efa21b,,wastar,"{""w"": 5.0}",pdb,"{""pdb_dir"": ""../phase1_data_generation/data/pdbs""}",40.00,1,solved,48,,56,176,57,121,0.0104,0.0149,1
57,ce856da1b9f47230,,wastar,"{""w"": 5.0}",pdb,"{""pdb_dir"": ""../phase1_data_generation/data/pdbs""}",38.00,1,solved,66,,112,354,113,243,0.0203,0.0292,1
58,bc9e83f60a74125d,,wastar,"{""w"": 5.0}",pdb,"{""pdb_dir"": ""../phase1_data_generation/data/pdbs""}",40.00,1,solved,92,,328,1035,259,555,0.0473,0.0733,1
59,fcbd1e49720856a3,,wastar,"{""w"": 5.0}",pdb,"{""pdb_dir"": ""../phase1_data_generation/data/pdbs""}",40.00,1,solved,92,,906,2910,834,1828,0.1506,0.2235,1
60,370fd5c469ab28e1,,wastar,"{""w"": 5.0}",pdb,"{""pdb_dir"": ""../phase1_data_generation/data/pdbs""}",40.00,1,solved,50,,51,173,52,123,0.0094,0.0135,1
61,d3bf746c08e92a15,,wastar,"{""w"": 5.0}",pdb,"{""pdb_dir"": ""../phase1_data_generation/data/pdbs""}",40.00,1,solved,58,,91,284,92,194,0.0168,0.0242,1
62,02f596cb7ade1348,,wastar,"{""w"": 5.0}",pdb,"{""pdb_dir"": ""../phase1_data_generation/data/pdbs""}",38.00,1,solved,70,,262,837,252,546,0.0451,0.0661,1
63,7f0e9a832dcb6145,,wastar,"{""w"": 5.0}",pdb,"{""pdb_dir"": ""../phase1_data_generation/data/pdbs""}",38.00,1,solved,66,,176,556,174,371,0.0315,0.0457,1
64,94dc8ea60b3172f5,,wastar,"{""w"": 5.0}",pdb,"{""pdb_dir"": ""../phase1_data_generation/data/pdbs""}",38.00,1,solved,52,,82,267,83,186,0.0150,0.0216,1
65,2f3d5e748169a0cb,,wastar,"{""w"": 5.0}",pdb,"{""pdb_dir"": ""../phase1_data_generation/data/pdbs""}",46.00,1,solved,94,,378,1193,379,812,0.0688,0.0996,1
66,2c08a4b9f7513de6,,wastar,"{""w"": 5.0}",pdb,"{""pdb_dir"": ""../phase1_data_generation/data/pdbs""}",38.00,1,solved,84,,248,786,249,539,0.0451,0.0652,1
67,e5b973c86f0d412a,,wastar,"{""w"": 5.0}",pdb,"{""pdb_dir"": ""../phase1_data_generation/data/pdbs""}",40.00,1,solved,58,,96,308,97,213,0.0176,0.0254,1
68,2f5c6d840e31ab79,,wastar,"{""w"": 5.0}",pdb,"{""pdb_dir"": ""../phase1_data_generation/data/pdbs""}",34.00,1,solved,68,,167,533,168,367,0.0297,0.0430,1
69,d6fca037b254e198,,wastar,"{""w"": 5.0}",pdb,"{""pdb_dir"": ""../phase1_data_generation/data/pdbs""}",38.00,1,solved,70,,181,591,182,410,0.0326,0.0472,1
70,a7ed91c82f453b60,,wastar,"{""w"": 5.0}",pdb,"{""pdb_dir"": ""../phase1_data_generation/data/pdbs""}",34.00,1,solved,78,,618,1984,574,1249,0.1009,0.1501,1
71,4b7d2f5a06ec1389,,wastar,"{""w"": 5.0}",pdb,"{""pdb_dir"": ""../phase1_data_generation/data/pdbs""}",42.00,1,solved,80,,425,1312,425,878,0.0756,0.1095,1
72,098eab472d6c351f,,wastar,"{""w"": 5.0}",pdb,"{""pdb_dir"": ""../phase1_data_generation/data/pdbs""}",40.00,1,solved,82,,393,1251,334,721,0.0590,0.0894,1
73,af45c2b80e931d67,,wastar,"{""w"": 5.0}",pdb,"{""pdb_dir"": ""../phase1_data_generation/data/pdbs""}",46.00,1,solved,92,,244,762,244,515,0.0431,0.0626,1
74,be08179d6a2fc354,,wastar,"{""w"": 5.0}",pdb,"{""pdb_dir"": ""../phase1_data_generation/data/pdbs""}",36.00,1,solved,68,,227,720,228,493,0.0397,0.0576,1
75,3db4a19e7f05286c,,wastar,"{""w"": 5.0}",pdb,"{""pdb_dir"": ""../phase1_data_generation/data/pdbs""}",42.00,1,solved,66,,186,606,183,409,0.0323,0.0470,1
76,76ecf3d49805ba21,,wastar,"{""w"": 5.0}",pdb,"{""pdb_dir"": ""../phase1_data_generation/data/pdbs""}",26.00,1,solved,46,,339,1144,332,780,0.0580,0.0847,1
77,facb6e19430d8725,,wastar,"{""w"": 5.0}",pdb,"{""pdb_dir"": ""../phase1_data_generation/data/pdbs""}",36.00,1,solved,80,,729,2305,725,1550,0.1272,0.1863,1
78,4906fce2b7d853a1,,wastar,"{""w"": 5.0}",pdb,"{""pdb_dir"": ""../phase1_data_generation/data/pdbs""}",40.00,1,solved,72,,401,1285,382,834,0.0666,0.0979,1
79,46d780f9b5eca213,,wastar,"{""w"": 5.0}",pdb,"{""pdb_dir"": ""../phase1_data_generation/data/pdbs""}",46.00,1,solved,64,,87,284,88,198,0.0154,0.0225,1
80,de07416b398fa25c,,wastar,"{""w"": 5.0}",pdb,"{""pdb_dir"": ""../phase1_data_generation/data/pdbs""}",46.00,1,solved,86,,342,1094,343,747,0.0623,0.0903,1
81,cb1afe9d62387045,,wastar,"{""w"": 5.0}",pdb,"{""pdb_dir"": ""../phase1_data_generation/data/pdbs""}",32.00,1,solved,34,,35,117,36,83,0.0065,0.0094,1
82,d5fc3ea8790146b2,,wastar,"{""w"": 5.0}",pdb,"{""pdb_dir"": ""../phase1_data_generation/data/pdbs""}",36.00,1,solved,66,,216,693,214,468,0.0387,0.0562,1
83,689f42bcd3e57a10,,wastar,"{""w"": 5.0}",pdb,"{""pdb_dir"": ""../phase1_data_generation/data/pdbs""}",40.00,1,solved,66,,116,363,117,248,0.0208,0.0299,1
84,384e67c0af291bd5,,wastar,"{""w"": 5.0}",pdb,"{""pdb_dir"": ""../phase1_data_generation/data/pdbs""}",42.00,1,solved,68,,121,385,122,265,0.0222,0.0319,1
85,f9d485730cb1a6e2,,wastar,"{""w"": 5.0}",pdb,"{""pdb_dir"": ""../phase1_data_generation/data/pdbs""}",40.00,1,solved,56,,81,258,82,178,0.0149,0.0214,1
86,f94c758ab631e2d0,,wastar,"{""w"": 5.0}",pdb,"{""pdb_dir"": ""../phase1_data_generation/data/pdbs""}",34.00,1,solved,78,,858,2738,856,1853,0.1551,0.2250,1
87,5becf9a0714d6328,,wastar,"{""w"": 5.0}",pdb,"{""pdb_dir"": ""../phase1_data_generation/data/pdbs""}",30.00,1,solved,54,,165,546,166,382,0.0298,0.0431,1
88,670f591ce3d2a48b,,wastar,"{""w"": 5.0}",pdb,"{""pdb_dir"": ""../phase1_data_generation/data/pdbs""}",40.00,1,solved,56,,98,318,99,221,0.0179,0.0258,1
89,0d1ef39c7a524b68,,wastar,"{""w"": 5.0}",pdb,"{""pdb_dir"": ""../phase1_data_generation/data/pdbs""}",36.00,1,solved,72,,311,970,312,658,0.0566,0.0818,1
90,d18cf0e27946a5b3,,wastar,"{""w"": 5.0}",pdb,"{""pdb_dir"": ""../phase1_data_generation/data/pdbs""}",38.00,1,solved,54,,74,238,75,165,0.0131,0.0189,1
91,0389af6e2b7dc154,,wastar,"{""w"": 5.0}",pdb,"{""pdb_dir"": ""../phase1_data_generation/data/pdbs""}",38.00,1,solved,52,,130,424,130,292,0.0232,0.0336,1
92,76c9a048febd2351,,wastar,"{""w"": 5.0}",pdb,"{""pdb_dir"": ""../phase1_data_generation/data/pdbs""}",34.00,1,solved,66,,483,1518,480,1018,0.0857,0.1240,1
93,c207ebd8f6a19543,,wastar,"{""w"": 5.0}",pdb,"{""pdb_dir"": ""../phase1_data_generation/data/pdbs""}",42.00,1,solved,58,,185,595,185,403,0.0334,0.0483,1
94,7fe4bac82d651930,,wastar,"{""w"": 5.0}",pdb,"{""pdb_dir"": ""../phase1_data_generation/data/pdbs""}",32.00,1,solved,86,,280,896,281,612,0.0504,0.0729,1
95,7d6be28c3f9a1054,,wastar,"{""w"": 5.0}",pdb,"{""pdb_dir"": ""../phase1_data_generation/data/pdbs""}",28.00,1,solved,44,,106,335,107,230,0.0195,0.0281,1
96,b4d3ce96081a72f5,,wastar,"{""w"": 5.0}",pdb,"{""pdb_dir"": ""../phase1_data_generation/data/pdbs""}",46.00,1,solved,74,,182,568,183,386,0.0332,0.0480,1
97,9cab10dfe8537246,,wastar,"{""w"": 5.0}",pdb,"{""pdb_dir"": ""../phase1_data_generation/data/pdbs""}",44.00,1,solved,68,,118,383,119,266,0.0213,0.0307,1
98,c9ed7f13b405682a,,wastar,"{""w"": 5.0}",pdb,"{""pdb_dir"": ""../phase1_data_generation/data/pdbs""}",42.00,1,solved,98,,620,1925,462,963,0.0825,0.1301,1
99,f58ab3427e6cd190,,wastar,"{""w"": 5.0}",pdb,"{""pdb_dir"": ""../phase1_data_generation/data/pdbs""}",40.00,1,solved,56,,73,233,74,161,0.0130,0.0187,1
100,cd9aef14265b8730,,wastar,"{""w"": 5.0}",pdb,"{""pdb_dir"": ""../phase1_data_generation/data/pdbs""}",42.00,1,solved,66,,577,1822,478,1005,0.0854,0.1300,1
101,29ed7f683ab4105c,,wastar,"{""w"": 5.0}",pdb,"{""pdb_dir"": ""../phase1_data_generation/data/pdbs""}",32.00,1,solved,48,,79,253,80,175,0.0143,0.0206,1
102,fd41bc60895a2e37,,wastar,"{""w"": 5.0}",pdb,"{""pdb_dir"": ""../phase1_data_generation/data/pdbs""}",40.00,1,solved,78,,305,983,306,669,0.0544,0.0788,1
103,ea017f926c5d3b84,,wastar,"{""w"": 5.0}",pdb,"{""pdb_dir"": ""../phase1_data_generation/data/pdbs""}",32.00,1,solved,58,,285,901,252,535,0.0443,0.0664,1
104,b8cfa1603d9e7254,,wastar,"{""w"": 5.0}",pdb,"{""pdb_dir"": ""../phase1_data_generation/data/pdbs""}",36.00,1,solved,58,,99,311,100,213,0.0175,0.0253,1
105,97fea518063db24c,,wastar,"{""w"": 5.0}",pdb,"{""pdb_dir"": ""../phase1_data_generation/data/pdbs""}",36.00,1,solved,62,,137,434,138,298,0.0248,0.0355,1
106,867b2fc9354ed01a,,wastar,"{""w"": 5.0}",pdb,"{""pdb_dir"": ""../phase1_data_generation/data/pdbs""}",44.00,1,solved,80,,165,523,166,358,0.0298,0.0430,1
107,7b8f3ae02c4d6915,,wastar,"{""w"": 5.0}",pdb,"{""pdb_dir"": ""../phase1_data_generation/data/pdbs""}",36.00,1,solved,40,,42,127,43,86,0.0076,0.0108,1
108,69a83015bfcd2e74,,wastar,"{""w"": 5.0}",pdb,"{""pdb_dir"": ""../phase1_data_generation/data/pdbs""}",38.00,1,solved,56,,142,441,143,300,0.0251,0.0364,1
109,5ed46b8fc70923a1,,wastar,"{""w"": 5.0}",pdb,"{""pdb_dir"": ""../phase1_data_generation/data/pdbs""}",44.00,1,solved,70,,200,647,191,424,0.0340,0.0499,1
110,d981e0af46c2b735,,wastar,"{""w"": 5.0}",pdb,"{""pdb_dir"": ""../phase1_data_generation/data/pdbs""}",38.00,1,solved,64,,143,451,144,309,0.0252,0.0364,1
111,9f0c3dab7528614e,,wastar,"{""w"": 5.0}",pdb,"{""pdb_dir"": ""../phase1_data_generation/data/pdbs""}",36.00,1,solved,50,,108,351,109,242,0.0190,0.0274,1
112,798d54b2ec0136af,,wastar,"{""w"": 5.0}",pdb,"{""pdb_dir"": ""../phase1_data_generation/data/pdbs""}",44.00,1,solved,84,,265,829,266,563,0.0468,0.0678,1
113,2ed87f340916c5ba,,wastar,"{""w"": 5.0}",pdb,"{""pdb_dir"": ""../phase1_data_generation/data/pdbs""}",44.00,1,solved,70,,202,652,203,449,0.0352,0.0510,1
114,3df75029ea186cb4,,wastar,"{""w"": 5.0}",pdb,"{""pdb_dir"": ""../phase1_data_generation/data/pdbs""}",46.00,1,solved,54,,65,216,66,152,0.0115,0.0166,1
115,ba9c4827fe0d5361,,wastar,"{""w"": 5.0}",pdb,"{""pdb_dir"": ""../phase1_data_generation/data/pdbs""}",38.00,1,solved,86,,375,1202,371,810,0.0651,0.0948,1
116,bedaf58c76023914,,wastar,"{""w"": 5.0}",pdb,"{""pdb_dir"": ""../phase1_data_generation/data/pdbs""}",28.00,1,solved,40,,71,226,72,156,0.0133,0.0189,1
117,8f36b09e24cda715,,wastar,"{""w"": 5.0}",pdb,"{""pdb_dir"": ""../phase1_data_generation/data/pdbs""}",42.00,1,solved,62,,130,407,131,278,0.0223,0.0324,1
118,fd081ce5b2a97364,,wastar,"{""w"": 5.0}",pdb,"{""pdb_dir"": ""../phase1_data_generation/data/pdbs""}",30.00,1,solved,46,,85,280,86,196,0.0150,0.0216,1
119,7e9bf05c3168d4a2,,wastar,"{""w"": 5.0}",pdb,"{""pdb_dir"": ""../phase1_data_generation/data/pdbs""}",36.00,1,solved,46,,53,176,54,124,0.0094,0.0134,1
120,a1e43fcd790b6285,,wastar,"{""w"": 5.0}",pdb,"{""pdb_dir"": ""../phase1_data_generation/data/pdbs""}",36.00,1,solved,64,,185,583,182,387,0.0322,0.0471,1
121,c6d830a51fb492e7,,wastar,"{""w"": 5.0}",pdb,"{""pdb_dir"": ""../phase1_data_generation/data/pdbs""}",40.00,1,solved,66,,163,520,164,358,0.0286,0.0414,1
122,a8cd60fb297e4351,,wastar,"{""w"": 5.0}",pdb,"{""pdb_dir"": ""../phase1_data_generation/data/pdbs""}",38.00,1,solved,72,,529,1679,530,1143,0.0944,0.1370,1
123,84be6f3ac9d27510,,wastar,"{""w"": 5.0}",pdb,"{""pdb_dir"": ""../phase1_data_generation/data/pdbs""}",44.00,1,solved,104,,466,1479,464,1001,0.0825,0.1199,1
124,47a9201c3f5dbe86,,wastar,"{""w"": 5.0}",pdb,"{""pdb_dir"": ""../phase1_data_generation/data/pdbs""}",46.00,1,solved,72,,164,528,165,365,0.0289,0.0417,1
125,fe94c03a6db82517,,wastar,"{""w"": 5.0}",pdb,"{""pdb_dir"": ""../phase1_data_generation/data/pdbs""}",38.00,1,solved,54,,71,234,72,164,0.0127,0.0183,1
126,d84ce370a1f9256b,,wastar,"{""w"": 5.0}",pdb,"{""pdb_dir"": ""../phase1_data_generation/data/pdbs""}",38.00,1,solved,58,,163,508,163,341,0.0293,0.0424,1
127,cd9e1a8b0742f536,,wastar,"{""w"": 5.0}",pdb,"{""pdb_dir"": ""../phase1_data_generation/data/pdbs""}",46.00,1,solved,82,,600,1900,575,1230,0.1020,0.1496,1
128,6b587f1d29ac30e4,,wastar,"{""w"": 5.0}",pdb,"{""pdb_dir"": ""../phase1_data_generation/data/pdbs""}",34.00,1,solved,60,,241,752,242,511,0.0436,0.0628,1
129,ca89f035ed647b12,,wastar,"{""w"": 5.0}",pdb,"{""pdb_dir"": ""../phase1_data_generation/data/pdbs""}",36.00,1,solved,76,,291,926,291,630,0.0521,0.0754,1
130,0c8dbe9476f3512a,,wastar,"{""w"": 5.0}",pdb,"{""pdb_dir"": ""../phase1_data_generation/data/pdbs""}",42.00,1,solved,56,,69,216,70,148,0.0123,0.0177,1
131,f31d9a54b68e207c,,wastar,"{""w"": 5.0}",pdb,"{""pdb_dir"": ""../phase1_data_generation/data/pdbs""}",38.00,1,solved,62,,123,393,124,271,0.0223,0.0322,1
132,e72d38cb910af645,,wastar,"{""w"": 5.0}",pdb,"{""pdb_dir"": ""../phase1_data_generation/data/pdbs""}",40.00,1,solved,64,,459,1504,446,1002,0.0793,0.1163,1
133,970d6f1b5ae832c4,,wastar,"{""w"": 5.0}",pdb,"{""pdb_dir"": ""../phase1_data_generation/data/pdbs""}",32.00,1,solved,74,,373,1164,348,728,0.0622,0.0918,1
134,28f4dab037c596e1,,wastar,"{""w"": 5.0}",pdb,"{""pdb_dir"": ""../phase1_data_generation/data/pdbs""}",42.00,1,solved,74,,195,610,196,416,0.0354,0.0514,1
135,f593106ecadb8472,,wastar,"{""w"": 5.0}",pdb,"{""pdb_dir"": ""../phase1_data_generation/data/pdbs""}",52.00,1,solved,110,,263,847,264,581,0.0464,0.0672,1
136,ac983be7df145620,,wastar,"{""w"": 5.0}",pdb,"{""pdb_dir"": ""../phase1_data_generation/data/pdbs""}",38.00,1,solved,74,,505,1583,486,1024,0.0866,0.1266,1
137,e601fd8ca924b375,,wastar,"{""w"": 5.0}",pdb,"{""pdb_dir"": ""../phase1_data_generation/data/pdbs""}",28.00,1,solved,54,,373,1171,353,751,0.0637,0.0937,1
138,3ae9602d7fc51b84,,wastar,"{""w"": 5.0}",pdb,"{""pdb_dir"": ""../phase1_data_generation/data/pdbs""}",36.00,1,solved,54,,572,1816,473,1004,0.0863,0.1319,1
139,ced176fba3849025,,wastar,"{""w"": 5.0}",pdb,"{""pdb_dir"": ""../phase1_data_generation/data/pdbs""}",38.00,1,solved,62,,128,419,129,292,0.0230,0.0332,1
140,c9edba587201f634,,wastar,"{""w"": 5.0}",pdb,"{""pdb_dir"": ""../phase1_data_generation/data/pdbs""}",36.00,1,solved,60,,860,2707,766,1617,0.1368,0.2047,1
141,695abefc024178d3,,wastar,"{""w"": 5.0}",pdb,"{""pdb_dir"": ""../phase1_data_generation/data/pdbs""}",38.00,1,solved,72,,338,1056,294,618,0.0533,0.0799,1
142,ca01b35e679d42f8,,wastar,"{""w"": 5.0}",pdb,"{""pdb_dir"": ""../phase1_data_generation/data/pdbs""}",46.00,1,solved,96,,318,1005,318,683,0.0575,0.0832,1
143,9fd8a27c0e1b3645,,wastar,"{""w"": 5.0}",pdb,"{""pdb_dir"": ""../phase1_data_generation/data/pdbs""}",34.00,1,solved,68,,335,1046,304,643,0.0552,0.0818,1
144,687fc5940e1adb32,,wastar,"{""w"": 5.0}",pdb,"{""pdb_dir"": ""../phase1_data_generation/data/pdbs""}",46.00,1,solved,80,,131,424,132,294,0.0238,0.0344,1
145,face3d912b648057,,wastar,"{""w"": 5.0}",pdb,"{""pdb_dir"": ""../phase1_data_generation/data/pdbs""}",38.00,1,solved,58,,317,1005,318,680,0.0577,0.0836,1
146,e6d5c084b23f79a1,,wastar,"{""w"": 5.0}",pdb,"{""pdb_dir"": ""../phase1_data_generation/data/pdbs""}",38.00,1,solved,56,,65,206,66,142,0.0117,0.0169,1
147,bdca9482f51637e0,,wastar,"{""w"": 5.0}",pdb,"{""pdb_dir"": ""../phase1_data_generation/data/pdbs""}",40.00,1,solved,54,,73,233,74,161,0.0127,0.0183,1
148,dcb2f7e0a1349685,,wastar,"{""w"": 5.0}",pdb,"{""pdb_dir"": ""../phase1_data_generation/data/pdbs""}",40.00,1,solved,64,,98,315,99,218,0.0168,0.0242,1
149,028abd63ec457f19,,wastar,"{""w"": 5.0}",pdb,"{""pdb_dir"": ""../phase1_data_generation/data/pdbs""}",42.00,1,solved,82,,301,958,293,632,0.0509,0.0744,1
150,bf0a34189ced6275,,wastar,"{""w"": 5.0}",pdb,"{""pdb_dir"": ""../phase1_data_generation/data/pdbs""}",38.00,1,solved,64,,242,782,243,538,0.0429,0.0624,1
151,6804bdc2a915f7e3,,wastar,"{""w"": 5.0}",pdb,"{""pdb_dir"": ""../phase1_data_generation/data/pdbs""}",44.00,1,solved,76,,231,723,223,472,0.0398,0.0582,1
152,dbc3aef529067841,,wastar,"{""w"": 5.0}",pdb,"{""pdb_dir"": ""../phase1_data_generation/data/pdbs""}",42.00,1,solved,76,,239,759,240,519,0.0417,0.0606,1
153,ef396abcd2517048,,wastar,"{""w"": 5.0}",pdb,"{""pdb_dir"": ""../phase1_data_generation/data/pdbs""}",36.00,1,solved,56,,160,515,153,338,0.0262,0.0383,1
154,f8be6d139c4527a0,,wastar,"{""w"": 5.0}",pdb,"{""pdb_dir"": ""../phase1_data_generation/data/pdbs""}",40.00,1,solved,70,,167,528,168,362,0.0290,0.0421,1
155,b85d9cf072163ae4,,wastar,"{""w"": 5.0}",pdb,"{""pdb_dir"": ""../phase1_data_generation/data/pdbs""}",30.00,1,solved,40,,46,155,47,110,0.0082,0.0118,1
156,397a6d5cbe8421f0,,wastar,"{""w"": 5.0}",pdb,"{""pdb_dir"": ""../phase1_data_generation/data/pdbs""}",38.00,1,solved,80,,329,1057,329,722,0.0586,0.0849,1
157,faec628d0b157943,,wastar,"{""w"": 5.0}",pdb,"{""pdb_dir"": ""../phase1_data_generation/data/pdbs""}",30.00,1,solved,52,,185,600,177,390,0.0313,0.0458,1
158,965d80c2e3ab1f74,,wastar,"{""w"": 5.0}",pdb,"{""pdb_dir"": ""../phase1_data_generation/data/pdbs""}",40.00,1,solved,54,,154,490,145,311,0.0247,0.0364,1
159,f759b6c03214e8ad,,wastar,"{""w"": 5.0}",pdb,"{""pdb_dir"": ""../phase1_data_generation/data/pdbs""}",38.00,1,solved,66,,255,823,252,557,0.0427,0.0624,1
160,be9ca14863fd5072,,wastar,"{""w"": 5.0}",pdb,"{""pdb_dir"": ""../phase1_data_generation/data/pdbs""}",36.00,1,solved,52,,80,255,81,176,0.0141,0.0203,1
161,ad987fbc4206315e,,wastar,"{""w"": 5.0}",pdb,"{""pdb_dir"": ""../phase1_data_generation/data/pdbs""}",38.00,1,solved,60,,117,372,118,256,0.0210,0.0303,1
162,dcea5f1063247b98,,wastar,"{""w"": 5.0}",pdb,"{""pdb_dir"": ""../phase1_data_generation/data/pdbs""}",36.00,1,solved,78,,237,778,238,542,0.0407,0.0592,1
163,fad31ec26794805b,,wastar,"{""w"": 5.0}",pdb,"{""pdb_dir"": ""../phase1_data_generation/data/pdbs""}",44.00,1,solved,66,,109,354,110,246,0.0188,0.0272,1
164,a7d96b5cf238e041,,wastar,"{""w"": 5.0}",pdb,"{""pdb_dir"": ""../phase1_data_generation/data/pdbs""}",36.00,1,solved,72,,294,927,295,634,0.0530,0.0765,1
165,2a8df0763e5914cb,,wastar,"{""w"": 5.0}",pdb,"{""pdb_dir"": ""../phase1_data_generation/data/pdbs""}",38.00,1,solved,90,,592,1883,547,1181,0.0967,0.1430,1
166,08af15e9bdc26473,,wastar,"{""w"": 5.0}",pdb,"{""pdb_dir"": ""../phase1_data_generation/data/pdbs""}",46.00,1,solved,68,,101,318,102,218,0.0181,0.0260,1
167,7a15e9b602dcf438,,wastar,"{""w"": 5.0}",pdb,"{""pdb_dir"": ""../phase1_data_generation/data/pdbs""}",42.00,1,solved,94,,1046,3381,911,1991,0.1645,0.2478,1
168,84b6a0dfe275319c,,wastar,"{""w"": 5.0}",pdb,"{""pdb_dir"": ""../phase1_data_generation/data/pdbs""}",42.00,1,solved,66,,191,626,188,423,0.0332,0.0485,1
169,93e87ac50124fb6d,,wastar,"{""w"": 5.0}",pdb,"{""pdb_dir"": ""../phase1_data_generation/data/pdbs""}",40.00,1,solved,46,,54,174,55,121,0.0099,0.0143,1
170,c6befd23a1487059,,wastar,"{""w"": 5.0}",pdb,"{""pdb_dir"": ""../phase1_data_generation/data/pdbs""}",40.00,1,solved,78,,209,658,210,450,0.0374,0.0540,1
171,a8f54c9de103726b,,wastar,"{""w"": 5.0}",pdb,"{""pdb_dir"": ""../phase1_data_generation/data/pdbs""}",44.00,1,solved,78,,147,464,148,318,0.0268,0.0386,1
172,dcb9fae053248617,,wastar,"{""w"": 5.0}",pdb,"{""pdb_dir"": ""../phase1_data_generation/data/pdbs""}",38.00,1,solved,52,,65,213,66,149,0.0120,0.0173,1
173,a5f8b94c6d0e7231,,wastar,"{""w"": 5.0}",pdb,"{""pdb_dir"": ""../phase1_data_generation/data/pdbs""}",36.00,1,solved,52,,125,396,126,270,0.0228,0.0329,1
174,bf4c309ae68d7521,,wastar,"{""w"": 5.0}",pdb,"{""pdb_dir"": ""../phase1_data_generation/data/pdbs""}",34.00,1,solved,80,,256,805,254,540,0.0457,0.0663,1
175,ba0d8fc67e415293,,wastar,"{""w"": 5.0}",pdb,"{""pdb_dir"": ""../phase1_data_generation/data/pdbs""}",36.00,1,solved,66,,193,614,194,420,0.0343,0.0495,1
176,bca23f780ed45196,,wastar,"{""w"": 5.0}",pdb,"{""pdb_dir"": ""../phase1_data_generation/data/pdbs""}",36.00,1,solved,62,,116,376,117,261,0.0211,0.0305,1
177,bc68a72fe41d3095,,wastar,"{""w"": 5.0}",pdb,"{""pdb_dir"": ""../phase1_data_generation/data/pdbs""}",36.00,1,solved,42,,60,200,61,141,0.0107,0.0155,1
178,5b0d39c8ae2467f1,,wastar,"{""w"": 5.0}",pdb,"{""pdb_dir"": ""../phase1_data_generation/data/pdbs""}",32.00,1,solved,46,,73,238,70,156,0.0123,0.0180,1
179,d798e064fc35ba21,,wastar,"{""w"": 5.0}",pdb,"{""pdb_dir"": ""../phase1_data_generation/data/pdbs""}",32.00,1,solved,46,,303,971,300,654,0.0546,0.0793,1
180,fb9423c87a05d16e,,wastar,"{""w"": 5.0}",pdb,"{""pdb_dir"": ""../phase1_data_generation/data/pdbs""}",38.00,1,solved,62,,161,504,161,339,0.0287,0.0414,1
181,ab7f384c9d0e6125,,wastar,"{""w"": 5.0}",pdb,"{""pdb_dir"": ""../phase1_data_generation/data/pdbs""}",38.00,1,solved,52,,98,310,99,213,0.0178,0.0257,1
182,260ca319ebf45d87,,wastar,"{""w"": 5.0}",pdb,"{""pdb_dir"": ""../phase1_data_generation/data/pdbs""}",42.00,1,solved,88,,365,1144,366,776,0.0654,0.0948,1
183,6f9c80bd73a452e1,,wastar,"{""w"": 5.0}",pdb,"{""pdb_dir"": ""../phase1_data_generation/data/pdbs""}",34.00,1,solved,62,,217,690,212,457,0.0380,0.0553,1
184,0a78b32e16f945dc,,wastar,"{""w"": 5.0}",pdb,"{""pdb_dir"": ""../phase1_data_generation/data/pdbs""}",46.00,1,solved,70,,256,799,257,539,0.0466,0.0673,1
185,56dc9240e3b7fa18,,wastar,"{""w"": 5.0}",pdb,"{""pdb_dir"": ""../phase1_data_generation/data/pdbs""}",38.00,1,solved,78,,511,1619,393,846,0.0716,0.1116,1
186,b708dfc364ea2519,,wastar,"{""w"": 5.0}",pdb,"{""pdb_dir"": ""../phase1_data_generation/data/pdbs""}",36.00,1,solved,64,,264,825,255,538,0.0464,0.0676,1
187,7b3face5269410d8,,wastar,"{""w"": 5.0}",pdb,"{""pdb_dir"": ""../phase1_data_generation/data/pdbs""}",38.00,1,solved,90,,659,2107,648,1410,0.1176,0.1712,1
188,b9fc3e186524a7d0,,wastar,"{""w"": 5.0}",pdb,"{""pdb_dir"": ""../phase1_data_generation/data/pdbs""}",32.00,1,solved,54,,91,285,92,195,0.0168,0.0241,1
189,fcad8041b592e673,,wastar,"{""w"": 5.0}",pdb,"{""pdb_dir"": ""../phase1_data_generation/data/pdbs""}",36.00,1,solved,50,,77,248,78,172,0.0141,0.0203,1
190,39ebfacd62475081,,wastar,"{""w"": 5.0}",pdb,"{""pdb_dir"": ""../phase1_data_generation/data/pdbs""}",38.00,1,solved,94,,340,1070,339,723,0.0615,0.0893,1
191,651e8a407dfcb392,,wastar,"{""w"": 5.0}",pdb,"{""pdb_dir"": ""../phase1_data_generation/data/pdbs""}",40.00,1,solved,50,,56,183,57,128,0.0106,0.0152,1
192,fb981e603a7524dc,,wastar,"{""w"": 5.0}",pdb,"{""pdb_dir"": ""../phase1_data_generation/data/pdbs""}",36.00,1,solved,64,,199,627,200,429,0.0363,0.0524,1
193,fa89ec1d7b653420,,wastar,"{""w"": 5.0}",pdb,"{""pdb_dir"": ""../phase1_data_generation/data/pdbs""}",32.00,1,solved,80,,793,2535,755,1646,0.1342,0.1982,1
194,52c8af10be396d47,,wastar,"{""w"": 5.0}",pdb,"{""pdb_dir"": ""../phase1_data_generation/data/pdbs""}",40.00,1,solved,78,,233,739,231,500,0.0403,0.0585,1
195,69e458ba37cf20d1,,wastar,"{""w"": 5.0}",pdb,"{""pdb_dir"": ""../phase1_data_generation/data/pdbs""}",42.00,1,solved,68,,129,423,130,295,0.0223,0.0324,1
196,f498e1a62503d7bc,,wastar,"{""w"": 5.0}",pdb,"{""pdb_dir"": ""../phase1_data_generation/data/pdbs""}",46.00,1,solved,80,,129,409,130,281,0.0232,0.0334,1
197,9bd87ac0e345f612,,wastar,"{""w"": 5.0}",pdb,"{""pdb_dir"": ""../phase1_data_generation/data/pdbs""}",36.00,1,solved,42,,46,148,47,103,0.0085,0.0121,1
198,9b0ef587d3c6a241,,wastar,"{""w"": 5.0}",pdb,"{""pdb_dir"": ""../phase1_data_generation/data/pdbs""}",40.00,1,solved,66,,502,1602,443,955,0.0788,0.1190,1
199,fe1928adb435607c,,wastar,"{""w"": 5.0}",pdb,"{""pdb_dir"": ""../phase1_data_generation/data/pdbs""}",36.00,1,solved,42,,44,140,45,97,0.0079,0.0114,1
200,0df53c8abe124697,,wastar,"{""w"": 5.0}",pdb,"{""pdb_dir"": ""../phase1_data_generation/data/pdbs""}",44.00,1,solved,90,,388,1217,389,826,0.0677,0.0983,1
201,8d5e2f3a01c976b4,,wastar,"{""w"": 5.0}",pdb,"{""pdb_dir"": ""../phase1_data_generation/data/pdbs""}",42.00,1,solved,76,,306,977,302,656,0.0536,0.0781,1
202,ceda1042bf769583,,wastar,"{""w"": 5.0}",pdb,"{""pdb_dir"": ""../phase1_data_generation/data/pdbs""}",48.00,1,solved,124,,908,2874,850,1823,0.1493,0.2206,1
203,94f5e8c27a0b31d6,,wastar,"{""w"": 5.0}",pdb,"{""pdb_dir"": ""../phase1_data_generation/data/pdbs""}",40.00,1,solved,56,,285,903,286,614,0.0499,0.0722,1
204,cf4b709ade623158,,wastar,"{""w"": 5.0}",pdb,"{""pdb_dir"": ""../phase1_data_generation/data/pdbs""}",40.00,1,solved,54,,76,253,77,178,0.0132,0.0192,1
205,05d8e7a4f3926b1c,,wastar,"{""w"": 5.0}",pdb,"{""pdb_dir"": ""../phase1_data_generation/data/pdbs""}",34.00,1,solved,46,,80,258,81,179,0.0141,0.0204,1
206,af7b3e15d20c4869,,wastar,"{""w"": 5.0}",pdb,"{""pdb_dir"": ""../phase1_data_generation/data/pdbs""}",44.00,1,solved,90,,595,1891,455,985,0.0831,0.1301,1
207,4fc3e0a789d61b25,,wastar,"{""w"": 5.0}",pdb,"{""pdb_dir"": ""../phase1_data_generation/data/pdbs""}",44.00,1,solved,78,,274,873,270,583,0.0479,0.0693,1
208,5e6b3f4ca702d189,,wastar,"{""w"": 5.0}",pdb,"{""pdb_dir"": ""../phase1_data_generation/data/pdbs""}",44.00,1,solved,68,,118,377,119,260,0.0211,0.0304,1
209,8f6e2170a59cb34d,,wastar,"{""w"": 5.0}",pdb,"{""pdb_dir"": ""../phase1_data_generation/data/pdbs""}",34.00,1,solved,54,,138,442,134,291,0.0240,0.0349,1
210,09d1b5a4ef62c738,,wastar,"{""w"": 5.0}",pdb,"{""pdb_dir"": ""../phase1_data_generation/data/pdbs""}",38.00,1,solved,64,,165,547,159,364,0.0278,0.0405,1
211,2eb7f9d86305c4a1,,wastar,"{""w"": 5.0}",pdb,"{""pdb_dir"": ""../phase1_data_generation/data/pdbs""}",46.00,1,solved,80,,193,618,194,426,0.0348,0.0502,1
212,fd98401c27ea365b,,wastar,"{""w"": 5.0}",pdb,"{""pdb_dir"": ""../phase1_data_generation/data/pdbs""}",40.00,1,solved,68,,283,892,252,533,0.0448,0.0668,1
213,69d8c51eb703af42,,wastar,"{""w"": 5.0}",pdb,"{""pdb_dir"": ""../phase1_data_generation/data/pdbs""}",42.00,1,solved,58,,87,284,88,198,0.0147,0.0213,1
214,d983f0ce651b2a74,,wastar,"{""w"": 5.0}",pdb,"{""pdb_dir"": ""../phase1_data_generation/data/pdbs""}",36.00,1,solved,56,,118,379,119,262,0.0201,0.0291,1
215,cbadf04e79251638,,wastar,"{""w"": 5.0}",pdb,"{""pdb_dir"": ""../phase1_data_generation/data/pdbs""}",38.00,1,solved,50,,112,354,113,243,0.0202,0.0290,1
216,8ab57fcd24e13096,,wastar,"{""w"": 5.0}",pdb,"{""pdb_dir"": ""../phase1_data_generation/data/pdbs""}",36.00,1,solved,56,,184,573,185,389,0.0329,0.0476,1
217,abed3049f216758c,,wastar,"{""w"": 5.0}",pdb,"{""pdb_dir"": ""../phase1_data_generation/data/pdbs""}",32.00,1,solved,40,,57,181,58,125,0.0102,0.0151,1
218,d968b3afe2c41075,,wastar,"{""w"": 5.0}",pdb,"{""pdb_dir"": ""../phase1_data_generation/data/pdbs""}",40.00,1,solved,54,,81,255,82,175,0.0144,0.0207,1
219,fdbca04971e53286,,wastar,"{""w"": 5.0}",pdb,"{""pdb_dir"": ""../phase1_data_generation/data/pdbs""}",26.00,1,solved,52,,221,695,220,469,0.0389,0.0570,1
220,2eb475a8360fd91c,,wastar,"{""w"": 5.0}",pdb,"{""pdb_dir"": ""../phase1_data_generation/data/pdbs""}",46.00,1,solved,76,,137,449,138,312,0.0242,0.0351,1
221,6c4baf92370d8e51,,wastar,"{""w"": 5.0}",pdb,"{""pdb_dir"": ""../phase1_data_generation/data/pdbs""}",42.00,1,solved,60,,128,420,129,293,0.0230,0.0333,1
222,2dba7e6f41c58390,,wastar,"{""w"": 5.0}",pdb,"{""pdb_dir"": ""../phase1_data_generation/data/pdbs""}",44.00,1,solved,60,,80,261,81,182,0.0146,0.0208,1
223,dafc3e890125b467,,wastar,"{""w"": 5.0}",pdb,"{""pdb_dir"": ""../phase1_data_generation/data/pdbs""}",40.00,1,solved,70,,225,727,226,502,0.0398,0.0578,1
224,7fcea0d93b821465,,wastar,"{""w"": 5.0}",pdb,"{""pdb_dir"": ""../phase1_data_generation/data/pdbs""}",32.00,1,solved,56,,129,406,130,276,0.0223,0.0322,1
225,b5d1cea07329f648,,wastar,"{""w"": 5.0}",pdb,"{""pdb_dir"": ""../phase1_data_generation/data/pdbs""}",40.00,1,solved,48,,59,188,60,130,0.0102,0.0149,1
226,fc5e8d74a602b193,,wastar,"{""w"": 5.0}",pdb,"{""pdb_dir"": ""../phase1_data_generation/data/pdbs""}",36.00,1,solved,88,,543,1718,521,1110,0.0921,0.1352,1
227,5dbf63ae180942c7,,wastar,"{""w"": 5.0}",pdb,"{""pdb_dir"": ""../phase1_data_generation/data/pdbs""}",48.00,1,solved,60,,104,320,105,217,0.0194,0.0280,1
228,a298be7d06c513f4,,wastar,"{""w"": 5.0}",pdb,"{""pdb_dir"": ""../phase1_data_generation/data/pdbs""}",40.00,1,solved,44,,68,227,69,160,0.0127,0.0183,1
229,ca18f2e50964d7b3,,wastar,"{""w"": 5.0}",pdb,"{""pdb_dir"": ""../phase1_data_generation/data/pdbs""}",38.00,1,solved,72,,248,783,249,534,0.0466,0.0672,1
230,dba6c9fe37082541,,wastar,"{""w"": 5.0}",pdb,"{""pdb_dir"": ""../phase1_data_generation/data/pdbs""}",36.00,1,solved,44,,122,381,123,260,0.0226,0.0326,1
231,6f9aed24b501c837,,wastar,"{""w"": 5.0}",pdb,"{""pdb_dir"": ""../phase1_data_generation/data/pdbs""}",42.00,1,solved,70,,112,354,113,243,0.0208,0.0300,1
232,d3c4b5af620871e9,,wastar,"{""w"": 5.0}",pdb,"{""pdb_dir"": ""../phase1_data_generation/data/pdbs""}",38.00,1,solved,56,,74,242,75,169,0.0139,0.0200,1
233,fc8de624a109b375,,wastar,"{""w"": 5.0}",pdb,"{""pdb_dir"": ""../phase1_data_generation/data/pdbs""}",30.00,1,solved,52,,142,449,143,308,0.0265,0.0383,1
234,0cb9e87f641d2a35,,wastar,"{""w"": 5.0}",pdb,"{""pdb_dir"": ""../phase1_data_generation/data/pdbs""}",40.00,1,solved,58,,136,428,137,293,0.0255,0.0368,1
235,fa9ced65324871b0,,wastar,"{""w"": 5.0}",pdb,"{""pdb_dir"": ""../phase1_data_generation/data/pdbs""}",30.00,1,solved,50,,74,237,75,164,0.0140,0.0201,1
236,1ab8c0d97fe36542,,wastar,"{""w"": 5.0}",pdb,"{""pdb_dir"": ""../phase1_data_generation/data/pdbs""}",42.00,1,solved,70,,268,857,269,588,0.0502,0.0727,1
237,7e8afbc095d42631,,wastar,"{""w"": 5.0}",pdb,"{""pdb_dir"": ""../phase1_data_generation/data/pdbs""}",28.00,1,solved,56,,314,1012,301,657,0.0564,0.0827,1
238,0c85e4d2ba93716f,,wastar,"{""w"": 5.0}",pdb,"{""pdb_dir"": ""../phase1_data_generation/data/pdbs""}",40.00,1,solved,74,,103,334,104,232,0.0194,0.0281,1
239,e7fa2cbd05384169,,wastar,"{""w"": 5.0}",pdb,"{""pdb_dir"": ""../phase1_data_generation/data/pdbs""}",42.00,1,solved,72,,134,429,135,296,0.0253,0.0364,1
240,f6d4a312e90c57b8,,wastar,"{""w"": 5.0}",pdb,"{""pdb_dir"": ""../phase1_data_generation/data/pdbs""}",38.00,1,solved,64,,228,718,229,487,0.0421,0.0610,1
241,2b95ae8f371c40d6,,wastar,"{""w"": 5.0}",pdb,"{""pdb_dir"": ""../phase1_data_generation/data/pdbs""}",40.00,1,solved,72,,135,441,136,307,0.0251,0.0363,1
242,ec9ad0b53761428f,,wastar,"{""w"": 5.0}",pdb,"{""pdb_dir"": ""../phase1_data_generation/data/pdbs""}",40.00,1,solved,84,,189,615,190,427,0.0338,0.0490,1
243,1f4c5ad93e76b280,,wastar,"{""w"": 5.0}",pdb,"{""pdb_dir"": ""../phase1_data_generation/data/pdbs""}",32.00,1,solved,84,,1075,3428,1034,2217,0.1839,0.2700,1
244,5fa239670e14bc8d,,wastar,"{""w"": 5.0}",pdb,"{""pdb_dir"": ""../phase1_data_generation/data/pdbs""}",46.00,1,solved,80,,153,490,154,338,0.0277,0.0400,1
245,ed84b0597631fac2,,wastar,"{""w"": 5.0}",pdb,"{""pdb_dir"": ""../phase1_data_generation/data/pdbs""}",34.00,1,solved,54,,69,226,70,158,0.0125,0.0180,1
246,e784cf59a30261bd,,wastar,"{""w"": 5.0}",pdb,"{""pdb_dir"": ""../phase1_data_generation/data/pdbs""}",40.00,1,solved,72,,111,353,112,243,0.0203,0.0292,1
247,bd2980afc35e6741,,wastar,"{""w"": 5.0}",pdb,"{""pdb_dir"": ""../phase1_data_generation/data/pdbs""}",46.00,1,solved,68,,115,376,116,262,0.0210,0.0304,1
248,78df103eb6a9254c,,wastar,"{""w"": 5.0}",pdb,"{""pdb_dir"": ""../phase1_data_generation/data/pdbs""}",40.00,1,solved,78,,946,2994,926,1965,0.1672,0.2441,1
249,7a9d65bf0318c2e4,,wastar,"{""w"": 5.0}",pdb,"{""pdb_dir"": ""../phase1_data_generation/data/pdbs""}",38.00,1,solved,50,,99,315,100,216,0.0179,0.0257,1
250,bf2a6c31579840de,,wastar,"{""w"": 5.0}",pdb,"{""pdb_dir"": ""../phase1_data_generation/data/pdbs""}",46.00,1,solved,84,,654,2066,625,1319,0.1138,0.1668,1
251,5f07c694a321edb8,,wastar,"{""w"": 5.0}",pdb,"{""pdb_dir"": ""../phase1_data_generation/data/pdbs""}",42.00,1,solved,92,,444,1411,445,959,0.0807,0.1168,1
252,8ef1503ab7d94c26,,wastar,"{""w"": 5.0}",pdb,"{""pdb_dir"": ""../phase1_data_generation/data/pdbs""}",50.00,1,solved,120,,426,1353,418,901,0.0763,0.1109,1
253,3bae70869cdf2415,,wastar,"{""w"": 5.0}",pdb,"{""pdb_dir"": ""../phase1_data_generation/data/pdbs""}",42.00,1,solved,50,,56,182,57,127,0.0103,0.0148,1
254,0354cf2ab1897d6e,,wastar,"{""w"": 5.0}",pdb,"{""pdb_dir"": ""../phase1_data_generation/data/pdbs""}",46.00,1,solved,78,,203,638,204,435,0.0367,0.0529,1
255,f6a4be5d271390c8,,wastar,"{""w"": 5.0}",pdb,"{""pdb_dir"": ""../phase1_data_generation/data/pdbs""}",36.00,1,solved,68,,150,482,140,306,0.0252,0.0372,1
256,4d02bfc93a18756e,,wastar,"{""w"": 5.0}",pdb,"{""pdb_dir"": ""../phase1_data_generation/data/pdbs""}",42.00,1,solved,78,,330,1030,331,697,0.0587,0.0849,1
257,de4162a0f8b7c953,,wastar,"{""w"": 5.0}",pdb,"{""pdb_dir"": ""../phase1_data_generation/data/pdbs""}",50.00,1,solved,82,,148,470,149,323,0.0269,0.0389,1
258,e86fa0bcd5129473,,wastar,"{""w"": 5.0}",pdb,"{""pdb_dir"": ""../phase1_data_generation/data/pdbs""}",46.00,1,solved,72,,184,580,185,395,0.0326,0.0470,1
259,b8acde205f914673,,wastar,"{""w"": 5.0}",pdb,"{""pdb_dir"": ""../phase1_data_generation/data/pdbs""}",40.00,1,solved,84,,237,766,237,524,0.0421,0.0608,1
260,450bf3ad6e8192c7,,wastar,"{""w"": 5.0}",pdb,"{""pdb_dir"": ""../phase1_data_generation/data/pdbs""}",46.00,1,solved,80,,285,917,286,630,0.0515,0.0746,1
261,e845fdb90ac26713,,wastar,"{""w"": 5.0}",pdb,"{""pdb_dir"": ""../phase1_data_generation/data/pdbs""}",36.00,1,solved,40,,44,133,45,90,0.0080,0.0115,1
262,f4c1b26de35a9087,,wastar,"{""w"": 5.0}",pdb,"{""pdb_dir"": ""../phase1_data_generation/data/pdbs""}",40.00,1,solved,74,,196,623,192,413,0.0341,0.0495,1
263,e40df2c69853ba17,,wastar,"{""w"": 5.0}",pdb,"{""pdb_dir"": ""../phase1_data_generation/data/pdbs""}",38.00,1,solved,60,,232,731,214,453,0.0384,0.0567,1
264,b1c82d6f3754a0e9,,wastar,"{""w"": 5.0}",pdb,"{""pdb_dir"": ""../phase1_data_generation/data/pdbs""}",36.00,1,solved,92,,486,1507,482,1002,0.0847,0.1225,1
265,e748f061a2d9c35b,,wastar,"{""w"": 5.0}",pdb,"{""pdb_dir"": ""../phase1_data_generation/data/pdbs""}",40.00,1,solved,66,,189,616,187,414,0.0324,0.0472,1
266,07cdbe94f1386a52,,wastar,"{""w"": 5.0}",pdb,"{""pdb_dir"": ""../phase1_data_generation/data/pdbs""}",36.00,1,solved,80,,263,827,256,545,0.0450,0.0657,1
267,da36f8c1e249b057,,wastar,"{""w"": 5.0}",pdb,"{""pdb_dir"": ""../phase1_data_generation/data/pdbs""}",40.00,1,solved,84,,216,678,217,463,0.0372,0.0541,1
268,b7fc13d89e65a024,,wastar,"{""w"": 5.0}",pdb,"{""pdb_dir"": ""../phase1_data_generation/data/pdbs""}",28.00,1,solved,48,,136,441,137,306,0.0239,0.0345,1
269,ba4c2fd86e713590,,wastar,"{""w"": 5.0}",pdb,"{""pdb_dir"": ""../phase1_data_generation/data/pdbs""}",28.00,1,solved,32,,46,148,47,103,0.0080,0.0116,1
270,aed9365701f2bc84,,wastar,"{""w"": 5.0}",pdb,"{""pdb_dir"": ""../phase1_data_generation/data/pdbs""}",40.00,1,solved,86,,506,1621,464,1007,0.0789,0.1172,1
271,adf978e13b04256c,,wastar,"{""w"": 5.0}",pdb,"{""pdb_dir"": ""../phase1_data_generation/data/pdbs""}",34.00,1,solved,78,,322,1018,323,694,0.0559,0.0808,1
272,bec279680a34f1d5,,wastar,"{""w"": 5.0}",pdb,"{""pdb_dir"": ""../phase1_data_generation/data/pdbs""}",38.00,1,solved,70,,386,1221,384,819,0.0676,0.0981,1
273,efcb16480275a39d,,wastar,"{""w"": 5.0}",pdb,"{""pdb_dir"": ""../phase1_data_generation/data/pdbs""}",40.00,1,solved,68,,163,503,164,340,0.0286,0.0410,1
274,7f1c4e892b03d56a,,wastar,"{""w"": 5.0}",pdb,"{""pdb_dir"": ""../phase1_data_generation/data/pdbs""}",40.00,1,solved,82,,168,546,169,379,0.0291,0.0422,1
275,6b01e854f9d2ca37,,wastar,"{""w"": 5.0}",pdb,"{""pdb_dir"": ""../phase1_data_generation/data/pdbs""}",46.00,1,solved,92,,812,2557,789,1677,0.1374,0.2017,1
276,adf2b6c53108e749,,wastar,"{""w"": 5.0}",pdb,"{""pdb_dir"": ""../phase1_data_generation/data/pdbs""}",36.00,1,solved,62,,126,405,127,280,0.0217,0.0313,1
277,16aef584320d97bc,,wastar,"{""w"": 5.0}",pdb,"{""pdb_dir"": ""../phase1_data_generation/data/pdbs""}",40.00,1,solved,60,,82,264,83,183,0.0141,0.0203,1
278,0a846d39e5c2b7f1,,wastar,"{""w"": 5.0}",pdb,"{""pdb_dir"": ""../phase1_data_generation/data/pdbs""}",40.00,1,solved,70,,257,816,258,556,0.0439,0.0635,1
279,72ad6b591308fe4c,,wastar,"{""w"": 5.0}",pdb,"{""pdb_dir"": ""../phase1_data_generation/data/pdbs""}",36.00,1,solved,64,,394,1243,376,799,0.0660,0.0968,1
280,0ce48f5b73a9d612,,wastar,"{""w"": 5.0}",pdb,"{""pdb_dir"": ""../phase1_data_generation/data/pdbs""}",40.00,1,solved,66,,112,353,113,242,0.0197,0.0287,1
281,7d0ca8f569e413b2,,wastar,"{""w"": 5.0}",pdb,"{""pdb_dir"": ""../phase1_data_generation/data/pdbs""}",36.00,1,solved,42,,71,229,72,159,0.0131,0.0188,1
282,3afe59c78b14d062,,wastar,"{""w"": 5.0}",pdb,"{""pdb_dir"": ""../phase1_data_generation/data/pdbs""}",42.00,1,solved,86,,519,1640,516,1111,0.0899,0.1303,1
283,2f3b90cda647158e,,wastar,"{""w"": 5.0}",pdb,"{""pdb_dir"": ""../phase1_data_generation/data/pdbs""}",44.00,1,solved,82,,251,781,248,521,0.0428,0.0619,1
284,a50891dc7f426eb3,,wastar,"{""w"": 5.0}",pdb,"{""pdb_dir"": ""../phase1_data_generation/data/pdbs""}",40.00,1,solved,74,,242,774,241,522,0.0429,0.0624,1
285,1d8f36c57a049e2b,,wastar,"{""w"": 5.0}",pdb,"{""pdb_dir"": ""../phase1_data_generation/data/pdbs""}",42.00,1,solved,98,,535,1685,518,1094,0.0920,0.1343,1
286,470de6ac2359f1b8,,wastar,"{""w"": 5.0}",pdb,"{""pdb_dir"": ""../phase1_data_generation/data/pdbs""}",34.00,1,solved,40,,47,153,48,107,0.0086,0.0123,1
287,b9ae5247c1f830d6,,wastar,"{""w"": 5.0}",pdb,"{""pdb_dir"": ""../phase1_data_generation/data/pdbs""}",42.00,1,solved,64,,95,311,96,217,0.0168,0.0243,1
288,f7d46ae95c183b20,,wastar,"{""w"": 5.0}",pdb,"{""pdb_dir"": ""../phase1_data_generation/data/pdbs""}",32.00,1,solved,64,,162,511,163,350,0.0284,0.0410,1
289,f64ae95cb208731d,,wastar,"{""w"": 5.0}",pdb,"{""pdb_dir"": ""../phase1_data_generation/data/pdbs""}",32.00,1,solved,34,,40,134,41,95,0.0071,0.0102,1
290,aebd72c93f518640,,wastar,"{""w"": 5.0}",pdb,"{""pdb_dir"": ""../phase1_data_generation/data/pdbs""}",36.00,1,solved,48,,70,225,71,156,0.0122,0.0176,1
291,ebd8f2ac75013694,,wastar,"{""w"": 5.0}",pdb,"{""pdb_dir"": ""../phase1_data_generation/data/pdbs""}",28.00,1,solved,60,,134,431,135,296,0.0235,0.0340,1
292,f5ac89d64321e0b7,,wastar,"{""w"": 5.0}",pdb,"{""pdb_dir"": ""../phase1_data_generation/data/pdbs""}",42.00,1,solved,98,,373,1189,370,801,0.0649,0.0941,1
293,3d6f25ac07e1498b,,wastar,"{""w"": 5.0}",pdb,"{""pdb_dir"": ""../phase1_data_generation/data/pdbs""}",42.00,1,solved,78,,163,519,164,356,0.0290,0.0420,1
294,3fc5a01de7289b64,,wastar,"{""w"": 5.0}",pdb,"{""pdb_dir"": ""../phase1_data_generation/data/pdbs""}",34.00,1,solved,62,,322,1028,322,701,0.0579,0.0837,1
295,7bfde6982a0541c3,,wastar,"{""w"": 5.0}",pdb,"{""pdb_dir"": ""../phase1_data_generation/data/pdbs""}",36.00,1,solved,52,,86,274,87,189,0.0154,0.0221,1
296,0fa87e9d6b153c24,,wastar,"{""w"": 5.0}",pdb,"{""pdb_dir"": ""../phase1_data_generation/data/pdbs""}",24.00,1,solved,38,,94,298,95,205,0.0167,0.0240,1
297,cba1f0e53847d692,,wastar,"{""w"": 5.0}",pdb,"{""pdb_dir"": ""../phase1_data_generation/data/pdbs""}",42.00,1,solved,52,,65,206,66,142,0.0117,0.0168,1
298,6cbf3e8da5217490,,wastar,"{""w"": 5.0}",pdb,"{""pdb_dir"": ""../phase1_data_generation/data/pdbs""}",42.00,1,solved,64,,92,291,93,200,0.0169,0.0244,1
299,e3a5cd872691f0b4,,wastar,"{""w"": 5.0}",pdb,"{""pdb_dir"": ""../phase1_data_generation/data/pdbs""}",40.00,1,solved,84,,472,1491,452,959,0.0819,0.1197,1
300,5e086c19d7af32b4,,wastar,"{""w"": 5.0}",pdb,"{""pdb_dir"": ""../phase1_data_generation/data/pdbs""}",36.00,1,solved,62,,197,632,194,422,0.0352,0.0511,1
301,6804bcdaf92153e7,,wastar,"{""w"": 5.0}",pdb,"{""pdb_dir"": ""../phase1_data_generation/data/pdbs""}",42.00,1,solved,80,,137,433,138,297,0.0248,0.0358,1
302,8ad36bc0e129f457,,wastar,"{""w"": 5.0}",pdb,"{""pdb_dir"": ""../phase1_data_generation/data/pdbs""}",44.00,1,solved,76,,195,622,196,428,0.0348,0.0503,1
303,bfc87a916503de42,,wastar,"{""w"": 5.0}",pdb,"{""pdb_dir"": ""../phase1_data_generation/data/pdbs""}",36.00,1,solved,72,,219,697,219,473,0.0386,0.0557,1
304,0d18ae9f2b643c75,,wastar,"{""w"": 5.0}",pdb,"{""pdb_dir"": ""../phase1_data_generation/data/pdbs""}",42.00,1,solved,58,,100,327,101,228,0.0182,0.0260,1
305,7916e4cb8d2f35a0,,wastar,"{""w"": 5.0}",pdb,"{""pdb_dir"": ""../phase1_data_generation/data/pdbs""}",44.00,1,solved,74,,195,620,196,426,0.0355,0.0513,1
306,f2956d8eabc14730,,wastar,"{""w"": 5.0}",pdb,"{""pdb_dir"": ""../phase1_data_generation/data/pdbs""}",38.00,1,solved,70,,422,1323,372,776,0.0662,0.0993,1
307,cfb583da640927e1,,wastar,"{""w"": 5.0}",pdb,"{""pdb_dir"": ""../phase1_data_generation/data/pdbs""}",44.00,1,solved,88,,386,1225,381,826,0.0679,0.0986,1
308,dc25b9480fa6317e,,wastar,"{""w"": 5.0}",pdb,"{""pdb_dir"": ""../phase1_data_generation/data/pdbs""}",38.00,1,solved,72,,499,1568,462,982,0.0833,0.1232,1
309,3b8a9160e5c42f7d,,wastar,"{""w"": 5.0}",pdb,"{""pdb_dir"": ""../phase1_data_generation/data/pdbs""}",42.00,1,solved,82,,334,1064,334,725,0.0597,0.0866,1
310,fb6de0a17985234c,,wastar,"{""w"": 5.0}",pdb,"{""pdb_dir"": ""../phase1_data_generation/data/pdbs""}",36.00,1,solved,64,,351,1115,349,747,0.0625,0.0907,1
311,e4fb9d1c86a23075,,wastar,"{""w"": 5.0}",pdb,"{""pdb_dir"": ""../phase1_data_generation/data/pdbs""}",40.00,1,solved,60,,146,475,147,329,0.0269,0.0390,1
312,0ad98e467c352fb1,,wastar,"{""w"": 5.0}",pdb,"{""pdb_dir"": ""../phase1_data_generation/data/pdbs""}",40.00,1,solved,58,,183,579,184,394,0.0334,0.0483,1
313,4e0cd918f756b32a,,wastar,"{""w"": 5.0}",pdb,"{""pdb_dir"": ""../phase1_data_generation/data/pdbs""}",34.00,1,solved,50,,105,331,106,227,0.0193,0.0277,1
314,06b1c5a8f34972ed,,wastar,"{""w"": 5.0}",pdb,"{""pdb_dir"": ""../phase1_data_generation/data/pdbs""}",40.00,1,solved,68,,220,685,221,466,0.0402,0.0580,1
315,0f2c98d1ba46735e,,wastar,"{""w"": 5.0}",pdb,"{""pdb_dir"": ""../phase1_data_generation/data/pdbs""}",34.00,1,solved,52,,145,473,146,328,0.0263,0.0380,1
316,fdc9e45b076182a3,,wastar,"{""w"": 5.0}",pdb,"{""pdb_dir"": ""../phase1_data_generation/data/pdbs""}",36.00,1,solved,56,,205,651,206,444,0.0376,0.0542,1
317,8fd9b71035e264ac,,wastar,"{""w"": 5.0}",pdb,"{""pdb_dir"": ""../phase1_data_generation/data/pdbs""}",36.00,1,solved,54,,73,234,74,162,0.0134,0.0192,1
318,26915ab47f0c38de,,wastar,"{""w"": 5.0}",pdb,"{""pdb_dir"": ""../phase1_data_generation/data/pdbs""}",48.00,1,solved,88,,315,999,316,684,0.0573,0.0828,1
319,6d4cb5a08e12f379,,wastar,"{""w"": 5.0}",pdb,"{""pdb_dir"": ""../phase1_data_generation/data/pdbs""}",38.00,1,solved,62,,119,375,120,257,0.0218,0.0314,1
320,cdf5b086e371249a,,wastar,"{""w"": 5.0}",pdb,"{""pdb_dir"": ""../phase1_data_generation/data/pdbs""}",40.00,1,solved,42,,47,150,48,104,0.0088,0.0125,1
321,3f857ad4e9061b2c,,wastar,"{""w"": 5.0}",pdb,"{""pdb_dir"": ""../phase1_data_generation/data/pdbs""}",42.00,1,solved,80,,396,1236,397,834,0.0734,0.1060,1
322,f603a4cd7895eb12,,wastar,"{""w"": 5.0}",pdb,"{""pdb_dir"": ""../phase1_data_generation/data/pdbs""}",40.00,1,solved,80,,394,1248,394,849,0.0712,0.1033,1
323,87ac2d6e350fb914,,wastar,"{""w"": 5.0}",pdb,"{""pdb_dir"": ""../phase1_data_generation/data/pdbs""}",36.00,1,solved,84,,506,1577,504,1055,0.0915,0.1326,1
324,7cbde3a81f694250,,wastar,"{""w"": 5.0}",pdb,"{""pdb_dir"": ""../phase1_data_generation/data/pdbs""}",38.00,1,solved,72,,262,825,263,562,0.0470,0.0680,1
325,fbdc30145729e6a8,,wastar,"{""w"": 5.0}",pdb,"{""pdb_dir"": ""../phase1_data_generation/data/pdbs""}",34.00,1,solved,78,,1063,3387,928,1989,0.1622,0.2450,1
326,f7cea4685b0d2139,,wastar,"{""w"": 5.0}",pdb,"{""pdb_dir"": ""../phase1_data_generation/data/pdbs""}",36.00,1,solved,60,,97,308,98,212,0.0169,0.0243,1
327,0915ed84f2a3c67b,,wastar,"{""w"": 5.0}",pdb,"{""pdb_dir"": ""../phase1_data_generation/data/pdbs""}",46.00,1,solved,64,,79,254,80,176,0.0139,0.0203,1
328,b842e7d06c91a53f,,wastar,"{""w"": 5.0}",pdb,"{""pdb_dir"": ""../phase1_data_generation/data/pdbs""}",42.00,1,solved,58,,93,304,94,212,0.0166,0.0238,1
329,a69ed7c50b314f28,,wastar,"{""w"": 5.0}",pdb,"{""pdb_dir"": ""../phase1_data_generation/data/pdbs""}",40.00,1,solved,62,,80,250,81,171,0.0144,0.0207,1
330,f8da4c160b79532e,,wastar,"{""w"": 5.0}",pdb,"{""pdb_dir"": ""../phase1_data_generation/data/pdbs""}",44.00,1,solved,82,,359,1144,360,779,0.0632,0.0915,1
331,df753cae46189b20,,wastar,"{""w"": 5.0}",pdb,"{""pdb_dir"": ""../phase1_data_generation/data/pdbs""}",42.00,1,solved,70,,393,1237,390,828,0.0685,0.0994,1
332,edb5f07832946ac1,,wastar,"{""w"": 5.0}",pdb,"{""pdb_dir"": ""../phase1_data_generation/data/pdbs""}",32.00,1,solved,50,,105,330,106,226,0.0181,0.0261,1
333,d64b3790e285f1ca,,wastar,"{""w"": 5.0}",pdb,"{""pdb_dir"": ""../phase1_data_generation/data/pdbs""}",44.00,1,solved,106,,688,2220,674,1478,0.1171,0.1718,1
334,baecd7f058143962,,wastar,"{""w"": 5.0}",pdb,"{""pdb_dir"": ""../phase1_data_generation/data/pdbs""}",32.00,1,solved,40,,44,142,45,99,0.0075,0.0108,1
335,67fc18be329da054,,wastar,"{""w"": 5.0}",pdb,"{""pdb_dir"": ""../phase1_data_generation/data/pdbs""}",38.00,1,solved,44,,56,182,57,127,0.0102,0.0144,1
336,0bae674cf18925d3,,wastar,"{""w"": 5.0}",pdb,"{""pdb_dir"": ""../phase1_data_generation/data/pdbs""}",36.00,1,solved,66,,162,536,163,373,0.0288,0.0418,1
337,6d8eacb0f2593741,,wastar,"{""w"": 5.0}",pdb,"{""pdb_dir"": ""../phase1_data_generation/data/pdbs""}",36.00,1,solved,70,,145,468,146,324,0.0260,0.0375,1
338,f3b1e279c684ad50,,wastar,"{""w"": 5.0}",pdb,"{""pdb_dir"": ""../phase1_data_generation/data/pdbs""}",48.00,1,solved,84,,369,1149,328,687,0.0575,0.0863,1
339,e50cab8d7f693214,,wastar,"{""w"": 5.0}",pdb,"{""pdb_dir"": ""../phase1_data_generation/data/pdbs""}",22.00,1,solved,44,,574,1812,572,1219,0.0992,0.1438,1
340,be28cf6037da5914,,wastar,"{""w"": 5.0}",pdb,"{""pdb_dir"": ""../phase1_data_generation/data/pdbs""}",34.00,1,solved,48,,68,225,69,158,0.0124,0.0179,1
341,f7082dea5b4c6931,,wastar,"{""w"": 5.0}",pdb,"{""pdb_dir"": ""../phase1_data_generation/data/pdbs""}",34.00,1,solved,48,,108,344,107,232,0.0194,0.0280,1
342,b721f0da435e698c,,wastar,"{""w"": 5.0}",pdb,"{""pdb_dir"": ""../phase1_data_generation/data/pdbs""}",44.00,1,solved,54,,72,234,73,163,0.0133,0.0191,1
343,e59df0bc7368a421,,wastar,"{""w"": 5.0}",pdb,"{""pdb_dir"": ""../phase1_data_generation/data/pdbs""}",28.00,1,solved,40,,170,536,142,300,0.0259,0.0392,1
344,a7c85f92036d1eb4,,wastar,"{""w"": 5.0}",pdb,"{""pdb_dir"": ""../phase1_data_generation/data/pdbs""}",36.00,1,solved,70,,196,629,197,434,0.0347,0.0501,1
345,732860ca54deb9f1,,wastar,"{""w"": 5.0}",pdb,"{""pdb_dir"": ""../phase1_data_generation/data/pdbs""}",44.00,1,solved,82,,480,1542,459,993,0.0797,0.1173,1
346,bfd92580e6c4a371,,wastar,"{""w"": 5.0}",pdb,"{""pdb_dir"": ""../phase1_data_generation/data/pdbs""}",32.00,1,solved,68,,709,2242,678,1445,0.1160,0.1711,1
347,0b936f7c24de581a,,wastar,"{""w"": 5.0}",pdb,"{""pdb_dir"": ""../phase1_data_generation/data/pdbs""}",42.00,1,solved,78,,513,1635,398,857,0.0707,0.1115,1
348,bfe4a0263c751d89,,wastar,"{""w"": 5.0}",pdb,"{""pdb_dir"": ""../phase1_data_generation/data/pdbs""}",38.00,1,solved,72,,186,584,187,399,0.0354,0.0511,1
349,0bc971d5f86ea324,,wastar,"{""w"": 5.0}",pdb,"{""pdb_dir"": ""../phase1_data_generation/data/pdbs""}",32.00,1,solved,58,,183,576,184,392,0.0335,0.0482,1
350,f84ce01d9673b2a5,,wastar,"{""w"": 5.0}",pdb,"{""pdb_dir"": ""../phase1_data_generation/data/pdbs""}",38.00,1,solved,80,,246,774,243,515,0.0439,0.0637,1
351,78a1c64be309f2d5,,wastar,"{""w"": 5.0}",pdb,"{""pdb_dir"": ""../phase1_data_generation/data/pdbs""}",42.00,1,solved,52,,76,251,77,176,0.0137,0.0197,1
352,e9dc23680f14ba57,,wastar,"{""w"": 5.0}",pdb,"{""pdb_dir"": ""../phase1_data_generation/data/pdbs""}",28.00,1,solved,76,,413,1322,383,831,0.0684,0.1011,1
353,6e9c30b87df5214a,,wastar,"{""w"": 5.0}",pdb,"{""pdb_dir"": ""../phase1_data_generation/data/pdbs""}",28.00,1,solved,42,,98,309,99,212,0.0178,0.0255,1
354,a902efc34b681d57,,wastar,"{""w"": 5.0}",pdb,"{""pdb_dir"": ""../phase1_data_generation/data/pdbs""}",48.00,1,solved,96,,194,622,195,429,0.0348,0.0502,1
355,cf48ab61de972530,,wastar,"{""w"": 5.0}",pdb,"{""pdb_dir"": ""../phase1_data_generation/data/pdbs""}",42.00,1,solved,82,,723,2313,699,1512,0.1254,0.1837,1
356,e39da6c10487fb52,,wastar,"{""w"": 5.0}",pdb,"{""pdb_dir"": ""../phase1_data_generation/data/pdbs""}",38.00,1,solved,62,,178,575,170,375,0.0299,0.0438,1
357,0fa429bce658713d,,wastar,"{""w"": 5.0}",pdb,"{""pdb_dir"": ""../phase1_data_generation/data/pdbs""}",36.00,1,solved,68,,264,837,265,572,0.0483,0.0696,1
358,ae7c406b281d3f95,,wastar,"{""w"": 5.0}",pdb,"{""pdb_dir"": ""../phase1_data_generation/data/pdbs""}",36.00,1,solved,82,,424,1357,425,930,0.0770,0.1112,1
359,dc32b850e6a19f47,,wastar,"{""w"": 5.0}",pdb,"{""pdb_dir"": ""../phase1_data_generation/data/pdbs""}",42.00,1,solved,70,,138,438,136,292,0.0246,0.0356,1
360,e297f0658cd4a31b,,wastar,"{""w"": 5.0}",pdb,"{""pdb_dir"": ""../phase1_data_generation/data/pdbs""}",38.00,1,solved,82,,370,1162,328,697,0.0596,0.0888,1
361,6d8791fce4a320b5,,wastar,"{""w"": 5.0}",pdb,"{""pdb_dir"": ""../phase1_data_generation/data/pdbs""}",42.00,1,solved,46,,54,184,55,131,0.0099,0.0143,1
362,b4fce2687d05a319,,wastar,"{""w"": 5.0}",pdb,"{""pdb_dir"": ""../phase1_data_generation/data/pdbs""}",30.00,1,solved,60,,208,657,209,447,0.0381,0.0548,1
363,7e25cbd09a8436f1,,wastar,"{""w"": 5.0}",pdb,"{""pdb_dir"": ""../phase1_data_generation/data/pdbs""}",38.00,1,solved,54,,104,339,105,236,0.0194,0.0279,1
364,eadf473c510b2698,,wastar,"{""w"": 5.0}",pdb,"{""pdb_dir"": ""../phase1_data_generation/data/pdbs""}",40.00,1,solved,76,,350,1113,351,759,0.0634,0.0918,1
365,785debf93c06a214,,wastar,"{""w"": 5.0}",pdb,"{""pdb_dir"": ""../phase1_data_generation/data/pdbs""}",30.00,1,solved,52,,197,646,198,446,0.0351,0.0508,1
366,721a30896eb45fdc,,wastar,"{""w"": 5.0}",pdb,"{""pdb_dir"": ""../phase1_data_generation/data/pdbs""}",48.00,1,solved,86,,168,540,169,373,0.0301,0.0435,1
367,7eb536cd0149af82,,wastar,"{""w"": 5.0}",pdb,"{""pdb_dir"": ""../phase1_data_generation/data/pdbs""}",36.00,1,solved,60,,229,731,230,502,0.0418,0.0603,1
368,0d29fa81c5473eb6,,wastar,"{""w"": 5.0}",pdb,"{""pdb_dir"": ""../phase1_data_generation/data/pdbs""}",42.00,1,solved,60,,85,268,86,184,0.0158,0.0227,1
369,9438ebdca5f16072,,wastar,"{""w"": 5.0}",pdb,"{""pdb_dir"": ""../phase1_data_generation/data/pdbs""}",40.00,1,solved,52,,68,218,69,151,0.0127,0.0181,1
370,3fbe6819572ad4c0,,wastar,"{""w"": 5.0}",pdb,"{""pdb_dir"": ""../phase1_data_generation/data/pdbs""}",42.00,1,solved,94,,388,1218,389,826,0.0703,0.1017,1
371,dfc8a095712e36b4,,wastar,"{""w"": 5.0}",pdb,"{""pdb_dir"": ""../phase1_data_generation/data/pdbs""}",26.00,1,solved,44,,215,679,211,450,0.0380,0.0554,1
372,d859aec23b67f041,,wastar,"{""w"": 5.0}",pdb,"{""pdb_dir"": ""../phase1_data_generation/data/pdbs""}",38.00,1,solved,72,,192,603,193,412,0.0343,0.0494,1
373,ce687f3402b1a5d9,,wastar,"{""w"": 5.0}",pdb,"{""pdb_dir"": ""../phase1_data_generation/data/pdbs""}",36.00,1,solved,64,,189,587,190,398,0.0340,0.0491,1
374,2eb8795ac10d36f4,,wastar,"{""w"": 5.0}",pdb,"{""pdb_dir"": ""../phase1_data_generation/data/pdbs""}",36.00,1,solved,44,,66,215,67,150,0.0119,0.0171,1
375,82fcb09e135764ad,,wastar,"{""w"": 5.0}",pdb,"{""pdb_dir"": ""../phase1_data_generation/data/pdbs""}",38.00,1,solved,70,,397,1243,395,827,0.0712,0.1031,1
376,8f51da6379bc24e0,,wastar,"{""w"": 5.0}",pdb,"{""pdb_dir"": ""../phase1_data_generation/data/pdbs""}",44.00,1,solved,84,,166,529,166,363,0.0292,0.0422,1
377,fec5a21609d3b748,,wastar,"{""w"": 5.0}",pdb,"{""pdb_dir"": ""../phase1_data_generation/data/pdbs""}",28.00,1,solved,52,,160,508,161,346,0.0284,0.0410,1
378,bd837f956ca1402e,,wastar,"{""w"": 5.0}",pdb,"{""pdb_dir"": ""../phase1_data_generation/data/pdbs""}",42.00,1,solved,60,,74,229,75,156,0.0134,0.0192,1
379,6de7c085f1b293a4,,wastar,"{""w"": 5.0}",pdb,"{""pdb_dir"": ""../phase1_data_generation/data/pdbs""}",42.00,1,solved,76,,357,1122,350,742,0.0620,0.0904,1
380,86c1fde4b9357a20,,wastar,"{""w"": 5.0}",pdb,"{""pdb_dir"": ""../phase1_data_generation/data/pdbs""}",34.00,1,solved,48,,80,262,79,175,0.0142,0.0205,1
381,af2ce9b806d45173,,wastar,"{""w"": 5.0}",pdb,"{""pdb_dir"": ""../phase1_data_generation/data/pdbs""}",36.00,1,solved,70,,177,558,178,380,0.0316,0.0458,1
382,6bdca09e4f351728,,wastar,"{""w"": 5.0}",pdb,"{""pdb_dir"": ""../phase1_data_generation/data/pdbs""}",36.00,1,solved,56,,145,461,140,300,0.0250,0.0364,1
383,ef786ab19405c32d,,wastar,"{""w"": 5.0}",pdb,"{""pdb_dir"": ""../phase1_data_generation/data/pdbs""}",42.00,1,solved,84,,323,1006,307,644,0.0536,0.0789,1
384,6ca9bdf4021e7358,,wastar,"{""w"": 5.0}",pdb,"{""pdb_dir"": ""../phase1_data_generation/data/pdbs""}",34.00,1,solved,70,,269,860,270,589,0.0477,0.0690,1
385,4f0a31ed78c96b52,,wastar,"{""w"": 5.0}",pdb,"{""pdb_dir"": ""../phase1_data_generation/data/pdbs""}",40.00,1,solved,64,,160,516,161,356,0.0278,0.0404,1
386,591afe680bd43c72,,wastar,"{""w"": 5.0}",pdb,"{""pdb_dir"": ""../phase1_data_generation/data/pdbs""}",38.00,1,solved,70,,1327,4185,797,1689,0.1421,0.2421,1
387,fe8d2b40a6c93571,,wastar,"{""w"": 5.0}",pdb,"{""pdb_dir"": ""../phase1_data_generation/data/pdbs""}",24.00,1,solved,42,,174,544,175,369,0.0296,0.0426,1
388,ea086b5f394712dc,,wastar,"{""w"": 5.0}",pdb,"{""pdb_dir"": ""../phase1_data_generation/data/pdbs""}",38.00,1,solved,54,,85,276,86,192,0.0151,0.0219,1
389,f39c6a75ed0b2841,,wastar,"{""w"": 5.0}",pdb,"{""pdb_dir"": ""../phase1_data_generation/data/pdbs""}",36.00,1,solved,78,,269,836,270,566,0.0476,0.0693,1
390,a65f2d7c13e9b048,,wastar,"{""w"": 5.0}",pdb,"{""pdb_dir"": ""../phase1_data_generation/data/pdbs""}",34.00,1,solved,56,,95,310,96,216,0.0163,0.0235,1
391,5c3a20bef918d467,,wastar,"{""w"": 5.0}",pdb,"{""pdb_dir"": ""../phase1_data_generation/data/pdbs""}",48.00,1,solved,90,,298,943,296,635,0.0516,0.0746,1
392,69d12f50bec3a748,,wastar,"{""w"": 5.0}",pdb,"{""pdb_dir"": ""../phase1_data_generation/data/pdbs""}",38.00,1,solved,44,,61,191,62,131,0.0106,0.0153,1
393,f69cb1372a8ed045,,wastar,"{""w"": 5.0}",pdb,"{""pdb_dir"": ""../phase1_data_generation/data/pdbs""}",36.00,1,solved,60,,222,699,219,464,0.0385,0.0561,1
394,fade7865140c93b2,,wastar,"{""w"": 5.0}",pdb,"{""pdb_dir"": ""../phase1_data_generation/data/pdbs""}",34.00,1,solved,48,,424,1358,420,914,0.0732,0.1065,1
395,dbfc354806a9e217,,wastar,"{""w"": 5.0}",pdb,"{""pdb_dir"": ""../phase1_data_generation/data/pdbs""}",36.00,1,solved,68,,230,744,229,508,0.0401,0.0586,1
396,f2a467db59ec3081,,wastar,"{""w"": 5.0}",pdb,"{""pdb_dir"": ""../phase1_data_generation/data/pdbs""}",34.00,1,solved,46,,79,267,80,189,0.0144,0.0209,1
397,b4fd503a2c89e671,,wastar,"{""w"": 5.0}",pdb,"{""pdb_dir"": ""../phase1_data_generation/data/pdbs""}",44.00,1,solved,52,,94,304,95,211,0.0169,0.0245,1
398,adcf3e482609751b,,wastar,"{""w"": 5.0}",pdb,"{""pdb_dir"": ""../phase1_data_generation/data/pdbs""}",36.00,1,solved,62,,168,532,169,364,0.0298,0.0429,1
399,719fb5e0ca34d268,,wastar,"{""w"": 5.0}",pdb,"{""pdb_dir"": ""../phase1_data_generation/data/pdbs""}",44.00,1,solved,86,,361,1171,362,809,0.0638,0.0929,1
400,6d03249f5e18ca7b,,wastar,"{""w"": 5.0}",pdb,"{""pdb_dir"": ""../phase1_data_generation/data/pdbs""}",54.00,1,solved,102,,463,1456,453,961,0.0787,0.1147,1
401,bd146f235c0e8a79,,wastar,"{""w"": 5.0}",pdb,"{""pdb_dir"": ""../phase1_data_generation/data/pdbs""}",48.00,1,solved,76,,110,360,111,251,0.0196,0.0283,1
402,984731e0fa2cb6d5,,wastar,"{""w"": 5.0}",pdb,"{""pdb_dir"": ""../phase1_data_generation/data/pdbs""}",44.00,1,solved,86,,663,2095,653,1389,0.1173,0.1706,1
403,4b0d6ae2fc913785,,wastar,"{""w"": 5.0}",pdb,"{""pdb_dir"": ""../phase1_data_generation/data/pdbs""}",38.00,1,solved,72,,202,636,202,431,0.0362,0.0524,1
404,c4865d9ef102b3a7,,wastar,"{""w"": 5.0}",pdb,"{""pdb_dir"": ""../phase1_data_generation/data/pdbs""}",44.00,1,solved,66,,108,346,109,239,0.0198,0.0286,1
405,1fbed6c90345a728,,wastar,"{""w"": 5.0}",pdb,"{""pdb_dir"": ""../phase1_data_generation/data/pdbs""}",36.00,1,solved,60,,167,524,168,358,0.0301,0.0434,1
406,03fb29ea81765c4d,,wastar,"{""w"": 5.0}",pdb,"{""pdb_dir"": ""../phase1_data_generation/data/pdbs""}",48.00,1,solved,84,,164,524,165,361,0.0299,0.0432,1
407,d60cf79e24b83a51,,wastar,"{""w"": 5.0}",pdb,"{""pdb_dir"": ""../phase1_data_generation/data/pdbs""}",26.00,1,solved,40,,359,1136,355,759,0.0644,0.0934,1
408,5d93aeb0728f61c4,,wastar,"{""w"": 5.0}",pdb,"{""pdb_dir"": ""../phase1_data_generation/data/pdbs""}",44.00,1,solved,68,,207,659,208,453,0.0376,0.0543,1
409,3e5f60ad28c9b741,,wastar,"{""w"": 5.0}",pdb,"{""pdb_dir"": ""../phase1_data_generation/data/pdbs""}",36.00,1,solved,84,,466,1461,442,929,0.0803,0.1176,1
410,5a0e87cf4923b6d1,,wastar,"{""w"": 5.0}",pdb,"{""pdb_dir"": ""../phase1_data_generation/data/pdbs""}",44.00,1,solved,72,,199,631,199,430,0.0362,0.0521,1
411,cbf940e827563ad1,,wastar,"{""w"": 5.0}",pdb,"{""pdb_dir"": ""../phase1_data_generation/data/pdbs""}",36.00,1,solved,44,,48,160,49,113,0.0089,0.0128,1
412,fa2d3198b70c65e4,,wastar,"{""w"": 5.0}",pdb,"{""pdb_dir"": ""../phase1_data_generation/data/pdbs""}",36.00,1,solved,62,,103,336,104,234,0.0188,0.0271,1
413,5a4cde82b713609f,,wastar,"{""w"": 5.0}",pdb,"{""pdb_dir"": ""../phase1_data_generation/data/pdbs""}",44.00,1,solved,62,,206,663,207,456,0.0376,0.0543,1
414,e91d5f80b2a4736c,,wastar,"{""w"": 5.0}",pdb,"{""pdb_dir"": ""../phase1_data_generation/data/pdbs""}",30.00,1,solved,46,,101,323,102,223,0.0185,0.0266,1
415,753819cb2a0d6e4f,,wastar,"{""w"": 5.0}",pdb,"{""pdb_dir"": ""../phase1_data_generation/data/pdbs""}",46.00,1,solved,72,,92,296,93,205,0.0169,0.0243,1
416,a6097bf14c3d285e,,wastar,"{""w"": 5.0}",pdb,"{""pdb_dir"": ""../phase1_data_generation/data/pdbs""}",44.00,1,solved,84,,388,1238,384,835,0.0699,0.1013,1
417,740e3dcb89f12a65,,wastar,"{""w"": 5.0}",pdb,"{""pdb_dir"": ""../phase1_data_generation/data/pdbs""}",40.00,1,solved,54,,116,373,117,257,0.0212,0.0305,1
418,2ec8d5af079634b1,,wastar,"{""w"": 5.0}",pdb,"{""pdb_dir"": ""../phase1_data_generation/data/pdbs""}",34.00,1,solved,56,,273,859,267,562,0.0486,0.0705,1
419,0f48e6ac719d3b52,,wastar,"{""w"": 5.0}",pdb,"{""pdb_dir"": ""../phase1_data_generation/data/pdbs""}",32.00,1,solved,68,,217,686,211,449,0.0383,0.0558,1
420,e95d1ac2f80467b3,,wastar,"{""w"": 5.0}",pdb,"{""pdb_dir"": ""../phase1_data_generation/data/pdbs""}",34.00,1,solved,44,,53,167,54,115,0.0099,0.0142,1
421,0e91f6d8b4c5732a,,wastar,"{""w"": 5.0}",pdb,"{""pdb_dir"": ""../phase1_data_generation/data/pdbs""}",32.00,1,solved,46,,93,288,94,195,0.0172,0.0246,1
422,2fb576ea084d3c19,,wastar,"{""w"": 5.0}",pdb,"{""pdb_dir"": ""../phase1_data_generation/data/pdbs""}",38.00,1,solved,70,,250,783,248,521,0.0452,0.0654,1
423,efc1bad482037596,,wastar,"{""w"": 5.0}",pdb,"{""pdb_dir"": ""../phase1_data_generation/data/pdbs""}",38.00,1,solved,58,,82,266,83,185,0.0150,0.0216,1
424,bf873e10a5942dc6,,wastar,"{""w"": 5.0}",pdb,"{""pdb_dir"": ""../phase1_data_generation/data/pdbs""}",36.00,1,solved,60,,159,512,154,337,0.0276,0.0404,1
425,7f0d6e89ba3c1245,,wastar,"{""w"": 5.0}",pdb,"{""pdb_dir"": ""../phase1_data_generation/data/pdbs""}",30.00,1,solved,66,,483,1528,478,1019,0.0829,0.1204,1
426,b9f75ed342ac6180,,wastar,"{""w"": 5.0}",pdb,"{""pdb_dir"": ""../phase1_data_generation/data/pdbs""}",42.00,1,solved,70,,554,1764,526,1129,0.0908,0.1335,1
427,b91c7820eaf4365d,,wastar,"{""w"": 5.0}",pdb,"{""pdb_dir"": ""../phase1_data_generation/data/pdbs""}",36.00,1,solved,62,,110,354,111,245,0.0192,0.0276,1
428,d812ec37f4ba9650,,wastar,"{""w"": 5.0}",pdb,"{""pdb_dir"": ""../phase1_data_generation/data/pdbs""}",48.00,1,solved,68,,359,1136,329,704,0.0569,0.0845,1
429,2f69c0e47b81a3d5,,wastar,"{""w"": 5.0}",pdb,"{""pdb_dir"": ""../phase1_data_generation/data/pdbs""}",34.00,1,solved,70,,471,1522,463,1017,0.0790,0.1153,1
430,6a52b0789ce4f3d1,,wastar,"{""w"": 5.0}",pdb,"{""pdb_dir"": ""../phase1_data_generation/data/pdbs""}",44.00,1,solved,92,,219,682,219,462,0.0386,0.0559,1
431,e8dc26147f0593ab,,wastar,"{""w"": 5.0}",pdb,"{""pdb_dir"": ""../phase1_data_generation/data/pdbs""}",36.00,1,solved,78,,298,944,299,645,0.0522,0.0754,1
432,0b3c845da97162ef,,wastar,"{""w"": 5.0}",pdb,"{""pdb_dir"": ""../phase1_data_generation/data/pdbs""}",44.00,1,solved,82,,305,982,305,665,0.0540,0.0781,1
433,dfe240ac9813b756,,wastar,"{""w"": 5.0}",pdb,"{""pdb_dir"": ""../phase1_data_generation/data/pdbs""}",42.00,1,solved,76,,157,510,158,352,0.0275,0.0398,1
434,1b4965df87a2ec30,,wastar,"{""w"": 5.0}",pdb,"{""pdb_dir"": ""../phase1_data_generation/data/pdbs""}",50.00,1,solved,78,,121,387,122,267,0.0217,0.0312,1
435,b3a59812e6c4fd70,,wastar,"{""w"": 5.0}",pdb,"{""pdb_dir"": ""../phase1_data_generation/data/pdbs""}",44.00,1,solved,84,,455,1422,456,960,0.0811,0.1175,1
436,7acb35e92df61048,,wastar,"{""w"": 5.0}",pdb,"{""pdb_dir"": ""../phase1_data_generation/data/pdbs""}",36.00,1,solved,50,,69,220,70,151,0.0124,0.0178,1
437,85fc4031b92d6a7e,,wastar,"{""w"": 5.0}",pdb,"{""pdb_dir"": ""../phase1_data_generation/data/pdbs""}",46.00,1,solved,106,,454,1416,445,937,0.0791,0.1150,1
438,780acdb5e94126f3,,wastar,"{""w"": 5.0}",pdb,"{""pdb_dir"": ""../phase1_data_generation/data/pdbs""}",42.00,1,solved,52,,68,222,69,155,0.0121,0.0175,1
439,08d12bac7e39654f,,wastar,"{""w"": 5.0}",pdb,"{""pdb_dir"": ""../phase1_data_generation/data/pdbs""}",42.00,1,solved,58,,74,249,75,176,0.0131,0.0189,1
440,1f08d3e7245cab96,,wastar,"{""w"": 5.0}",pdb,"{""pdb_dir"": ""../phase1_data_generation/data/pdbs""}",42.00,1,solved,66,,131,419,132,289,0.0233,0.0335,1
441,6e8cad970b52f314,,wastar,"{""w"": 5.0}",pdb,"{""pdb_dir"": ""../phase1_data_generation/data/pdbs""}",30.00,1,solved,52,,163,521,164,358,0.0289,0.0417,1
442,0cb861d54723af9e,,wastar,"{""w"": 5.0}",pdb,"{""pdb_dir"": ""../phase1_data_generation/data/pdbs""}",46.00,1,solved,80,,206,646,207,441,0.0364,0.0526,1
443,bf6ea5207d4c3819,,wastar,"{""w"": 5.0}",pdb,"{""pdb_dir"": ""../phase1_data_generation/data/pdbs""}",30.00,1,solved,52,,105,340,106,234,0.0194,0.0278,1
444,37bae04c85f1d692,,wastar,"{""w"": 5.0}",pdb,"{""pdb_dir"": ""../phase1_data_generation/data/pdbs""}",42.00,1,solved,78,,327,1042,323,699,0.0577,0.0840,1
445,f9c8abe67d453210,,wastar,"{""w"": 5.0}",pdb,"{""pdb_dir"": ""../phase1_data_generation/data/pdbs""}",24.00,1,solved,44,,118,375,119,258,0.0211,0.0304,1
446,f65eb274839dc01a,,wastar,"{""w"": 5.0}",pdb,"{""pdb_dir"": ""../phase1_data_generation/data/pdbs""}",40.00,1,solved,74,,386,1227,387,837,0.0691,0.1000,1
447,a8ed6bf9345c7021,,wastar,"{""w"": 5.0}",pdb,"{""pdb_dir"": ""../phase1_data_generation/data/pdbs""}",32.00,1,solved,44,,104,337,105,234,0.0188,0.0272,1
448,d672e3195f0cab48,,wastar,"{""w"": 5.0}",pdb,"{""pdb_dir"": ""../phase1_data_generation/data/pdbs""}",44.00,1,solved,62,,179,564,161,337,0.0295,0.0437,1
449,e6fd294c0b58713a,,wastar,"{""w"": 5.0}",pdb,"{""pdb_dir"": ""../phase1_data_generation/data/pdbs""}",32.00,1,solved,58,,899,2863,770,1641,0.1410,0.2138,1
450,7eb4235c0a8f1d69,,wastar,"{""w"": 5.0}",pdb,"{""pdb_dir"": ""../phase1_data_generation/data/pdbs""}",38.00,1,solved,94,,473,1491,469,1001,0.0849,0.1233,1
451,dfe8601954c2ba37,,wastar,"{""w"": 5.0}",pdb,"{""pdb_dir"": ""../phase1_data_generation/data/pdbs""}",40.00,1,solved,58,,116,374,117,257,0.0213,0.0306,1
452,ae1c90d8b5f26734,,wastar,"{""w"": 5.0}",pdb,"{""pdb_dir"": ""../phase1_data_generation/data/pdbs""}",30.00,1,solved,80,,259,829,248,543,0.0449,0.0657,1
453,af6850bd34c271e9,,wastar,"{""w"": 5.0}",pdb,"{""pdb_dir"": ""../phase1_data_generation/data/pdbs""}",42.00,1,solved,68,,154,491,155,338,0.0281,0.0405,1
454,ea56fbdc73814920,,wastar,"{""w"": 5.0}",pdb,"{""pdb_dir"": ""../phase1_data_generation/data/pdbs""}",34.00,1,solved,46,,59,191,60,133,0.0109,0.0156,1
455,b87c3a940d6521ef,,wastar,"{""w"": 5.0}",pdb,"{""pdb_dir"": ""../phase1_data_generation/data/pdbs""}",40.00,1,solved,68,,186,593,183,398,0.0332,0.0480,1
456,d3ba92807e1cf456,,wastar,"{""w"": 5.0}",pdb,"{""pdb_dir"": ""../phase1_data_generation/data/pdbs""}",44.00,1,solved,70,,184,591,185,406,0.0335,0.0483,1
457,138d4f7905ec6b2a,,wastar,"{""w"": 5.0}",pdb,"{""pdb_dir"": ""../phase1_data_generation/data/pdbs""}",44.00,1,solved,66,,88,284,89,197,0.0161,0.0231,1
458,a526103d7b9ec4f8,,wastar,"{""w"": 5.0}",pdb,"{""pdb_dir"": ""../phase1_data_generation/data/pdbs""}",50.00,1,solved,82,,183,574,184,392,0.0334,0.0481,1
459,8651c790e2bdfa43,,wastar,"{""w"": 5.0}",pdb,"{""pdb_dir"": ""../phase1_data_generation/data/pdbs""}",46.00,1,solved,86,,132,411,133,280,0.0242,0.0347,1
460,9a07ce146bd8f352,,wastar,"{""w"": 5.0}",pdb,"{""pdb_dir"": ""../phase1_data_generation/data/pdbs""}",40.00,1,solved,60,,132,423,133,292,0.0243,0.0350,1
461,7bfce34da6912850,,wastar,"{""w"": 5.0}",pdb,"{""pdb_dir"": ""../phase1_data_generation/data/pdbs""}",30.00,1,solved,52,,156,493,157,336,0.0284,0.0410,1
462,ef25ca789b1d3046,,wastar,"{""w"": 5.0}",pdb,"{""pdb_dir"": ""../phase1_data_generation/data/pdbs""}",40.00,1,solved,90,,438,1395,425,914,0.0754,0.1099,1
463,a2d4b9ef370c1658,,wastar,"{""w"": 5.0}",pdb,"{""pdb_dir"": ""../phase1_data_generation/data/pdbs""}",36.00,1,solved,80,,671,2142,672,1456,0.1198,0.1740,1
464,a76280c4f9d5be13,,wastar,"{""w"": 5.0}",pdb,"{""pdb_dir"": ""../phase1_data_generation/data/pdbs""}",46.00,1,solved,86,,188,614,189,425,0.0337,0.0488,1
465,8a6e4fd1037529bc,,wastar,"{""w"": 5.0}",pdb,"{""pdb_dir"": ""../phase1_data_generation/data/pdbs""}",42.00,1,solved,74,,185,586,186,400,0.0335,0.0483,1
466,a8fd3c541e27b069,,wastar,"{""w"": 5.0}",pdb,"{""pdb_dir"": ""../phase1_data_generation/data/pdbs""}",40.00,1,solved,72,,260,811,259,546,0.0468,0.0677,1
467,fd9cb568ea713420,,wastar,"{""w"": 5.0}",pdb,"{""pdb_dir"": ""../phase1_data_generation/data/pdbs""}",24.00,1,solved,68,,1175,3742,1086,2318,0.1992,0.2959,1
468,b2e930f875cd61a4,,wastar,"{""w"": 5.0}",pdb,"{""pdb_dir"": ""../phase1_data_generation/data/pdbs""}",38.00,1,solved,56,,106,339,107,234,0.0192,0.0277,1
469,ac7910fdeb583462,,wastar,"{""w"": 5.0}",pdb,"{""pdb_dir"": ""../phase1_data_generation/data/pdbs""}",36.00,1,solved,60,,213,674,214,460,0.0374,0.0541,1
470,746dbfc0519e3a82,,wastar,"{""w"": 5.0}",pdb,"{""pdb_dir"": ""../phase1_data_generation/data/pdbs""}",36.00,1,solved,82,,710,2245,706,1510,0.1237,0.1801,1
471,07bd65842caf39e1,,wastar,"{""w"": 5.0}",pdb,"{""pdb_dir"": ""../phase1_data_generation/data/pdbs""}",38.00,1,solved,48,,56,184,57,129,0.0098,0.0141,1
472,830c5db172fe694a,,wastar,"{""w"": 5.0}",pdb,"{""pdb_dir"": ""../phase1_data_generation/data/pdbs""}",44.00,1,solved,60,,90,288,91,199,0.0161,0.0233,1
473,2ac8f13e94db7065,,wastar,"{""w"": 5.0}",pdb,"{""pdb_dir"": ""../phase1_data_generation/data/pdbs""}",38.00,1,solved,52,,160,501,161,340,0.0281,0.0409,1
474,6b1ce0df59a23487,,wastar,"{""w"": 5.0}",pdb,"{""pdb_dir"": ""../phase1_data_generation/data/pdbs""}",38.00,1,solved,70,,186,602,187,416,0.0316,0.0459,1
475,bd8cfe713605924a,,wastar,"{""w"": 5.0}",pdb,"{""pdb_dir"": ""../phase1_data_generation/data/pdbs""}",32.00,1,solved,50,,224,712,214,458,0.0367,0.0539,1
476,6a3d5bfe940c8271,,wastar,"{""w"": 5.0}",pdb,"{""pdb_dir"": ""../phase1_data_generation/data/pdbs""}",44.00,1,solved,68,,296,945,296,644,0.0511,0.0738,1
477,53bced89fa162740,,wastar,"{""w"": 5.0}",pdb,"{""pdb_dir"": ""../phase1_data_generation/data/pdbs""}",30.00,1,solved,60,,369,1170,355,758,0.0625,0.0915,1
478,6e5b2f907841ca3d,,wastar,"{""w"": 5.0}",pdb,"{""pdb_dir"": ""../phase1_data_generation/data/pdbs""}",44.00,1,solved,84,,241,783,238,534,0.0417,0.0606,1
479,3f649d8a0b1c2e75,,wastar,"{""w"": 5.0}",pdb,"{""pdb_dir"": ""../phase1_data_generation/data/pdbs""}",38.00,1,solved,58,,90,288,91,199,0.0162,0.0234,1
480,e8519ca6f40d3b72,,wastar,"{""w"": 5.0}",pdb,"{""pdb_dir"": ""../phase1_data_generation/data/pdbs""}",38.00,1,solved,76,,448,1432,447,968,0.0783,0.1139,1
481,ec81a025f7bd4693,,wastar,"{""w"": 5.0}",pdb,"{""pdb_dir"": ""../phase1_data_generation/data/pdbs""}",40.00,1,solved,80,,254,786,253,528,0.0446,0.0646,1
482,8fe9d56174acb023,,wastar,"{""w"": 5.0}",pdb,"{""pdb_dir"": ""../phase1_data_generation/data/pdbs""}",40.00,1,solved,92,,423,1322,395,832,0.0696,0.1028,1
483,bf9de47c3601a582,,wastar,"{""w"": 5.0}",pdb,"{""pdb_dir"": ""../phase1_data_generation/data/pdbs""}",30.00,1,solved,68,,498,1560,476,998,0.0868,0.1269,1
484,d5c4e182b907f63a,,wastar,"{""w"": 5.0}",pdb,"{""pdb_dir"": ""../phase1_data_generation/data/pdbs""}",40.00,1,solved,72,,660,2095,560,1189,0.1014,0.1531,1
485,a602581dbc937ef4,,wastar,"{""w"": 5.0}",pdb,"{""pdb_dir"": ""../phase1_data_generation/data/pdbs""}",44.00,1,solved,92,,329,1040,328,705,0.0562,0.0819,1
486,c47930d2b816fae5,,wastar,"{""w"": 5.0}",pdb,"{""pdb_dir"": ""../phase1_data_generation/data/pdbs""}",48.00,1,solved,88,,617,1940,556,1171,0.0950,0.1429,1
487,3b0de89f15c472a6,,wastar,"{""w"": 5.0}",pdb,"{""pdb_dir"": ""../phase1_data_generation/data/pdbs""}",42.00,1,solved,46,,61,205,62,145,0.0109,0.0157,1
488,140cbaf9e6853d27,,wastar,"{""w"": 5.0}",pdb,"{""pdb_dir"": ""../phase1_data_generation/data/pdbs""}",40.00,1,solved,66,,202,632,201,426,0.0354,0.0510,1
489,3e2586cdba714f90,,wastar,"{""w"": 5.0}",pdb,"{""pdb_dir"": ""../phase1_data_generation/data/pdbs""}",42.00,1,solved,88,,290,898,291,605,0.0498,0.0721,1
490,06d9bc2af71e3854,,wastar,"{""w"": 5.0}",pdb,"{""pdb_dir"": ""../phase1_data_generation/data/pdbs""}",36.00,1,solved,78,,1514,4821,1414,3014,0.2508,0.3723,1
491,6ef9b4ca0d138572,,wastar,"{""w"": 5.0}",pdb,"{""pdb_dir"": ""../phase1_data_generation/data/pdbs""}",42.00,1,solved,66,,113,357,114,245,0.0208,0.0299,1
492,a86be5fc413927d0,,wastar,"{""w"": 5.0}",pdb,"{""pdb_dir"": ""../phase1_data_generation/data/pdbs""}",44.00,1,solved,66,,122,395,123,274,0.0222,0.0322,1
493,fde9304276ac581b,,wastar,"{""w"": 5.0}",pdb,"{""pdb_dir"": ""../phase1_data_generation/data/pdbs""}",36.00,1,solved,76,,587,1864,546,1162,0.0983,0.1453,1
494,3fd9a16042c85eb7,,wastar,"{""w"": 5.0}",pdb,"{""pdb_dir"": ""../phase1_data_generation/data/pdbs""}",40.00,1,solved,68,,145,469,146,324,0.0262,0.0378,1
495,e2c8f150b937a64d,,wastar,"{""w"": 5.0}",pdb,"{""pdb_dir"": ""../phase1_data_generation/data/pdbs""}",32.00,1,solved,60,,342,1071,338,711,0.0609,0.0883,1
496,f90e2b761a8d3c54,,wastar,"{""w"": 5.0}",pdb,"{""pdb_dir"": ""../phase1_data_generation/data/pdbs""}",34.00,1,solved,60,,321,1024,315,684,0.0578,0.0841,1
497,f79d2bce3605184a,,wastar,"{""w"": 5.0}",pdb,"{""pdb_dir"": ""../phase1_data_generation/data/pdbs""}",34.00,1,solved,66,,366,1140,367,768,0.0671,0.0971,1
498,28d17eb90fac6345,,wastar,"{""w"": 5.0}",pdb,"{""pdb_dir"": ""../phase1_data_generation/data/pdbs""}",38.00,1,solved,56,,183,576,178,379,0.0326,0.0476,1
499,a7edfb60189c2534,,wastar,"{""w"": 5.0}",pdb,"{""pdb_dir"": ""../phase1_data_generation/data/pdbs""}",30.00,1,solved,38,,88,273,89,186,0.0160,0.0229,1
500,de5a6fc03241789b,,wastar,"{""w"": 5.0}",pdb,"{""pdb_dir"": ""../phase1_data_generation/data/pdbs""}",36.00,1,solved,50,,58,191,59,134,0.0106,0.0153,1
501,6281cfe94d05ba73,,wastar,"{""w"": 5.0}",pdb,"{""pdb_dir"": ""../phase1_data_generation/data/pdbs""}",44.00,1,solved,60,,77,246,78,170,0.0143,0.0206,1
502,2b8ef0d597a6431c,,wastar,"{""w"": 5.0}",pdb,"{""pdb_dir"": ""../phase1_data_generation/data/pdbs""}",40.00,1,solved,60,,78,251,79,174,0.0145,0.0208,1
503,1f694d8e5b2c70a3,,wastar,"{""w"": 5.0}",pdb,"{""pdb_dir"": ""../phase1_data_generation/data/pdbs""}",42.00,1,solved,74,,201,636,202,435,0.0369,0.0532,1
504,7ca5f06e3d19b428,,wastar,"{""w"": 5.0}",pdb,"{""pdb_dir"": ""../phase1_data_generation/data/pdbs""}",36.00,1,solved,66,,213,693,214,478,0.0401,0.0579,1
505,736cb58d1e49a2f0,,wastar,"{""w"": 5.0}",pdb,"{""pdb_dir"": ""../phase1_data_generation/data/pdbs""}",40.00,1,solved,82,,210,666,204,441,0.0395,0.0576,1
506,01d2afc8eb357649,,wastar,"{""w"": 5.0}",pdb,"{""pdb_dir"": ""../phase1_data_generation/data/pdbs""}",36.00,1,solved,68,,115,365,116,250,0.0222,0.0320,1
507,586ecf91ab2743d0,,wastar,"{""w"": 5.0}",pdb,"{""pdb_dir"": ""../phase1_data_generation/data/pdbs""}",46.00,1,solved,86,,151,477,152,327,0.0289,0.0417,1
508,5f8ce740b2d6a139,,wastar,"{""w"": 5.0}",pdb,"{""pdb_dir"": ""../phase1_data_generation/data/pdbs""}",40.00,1,solved,48,,72,225,73,154,0.0135,0.0195,1
509,68dc7e51f39ab042,,wastar,"{""w"": 5.0}",pdb,"{""pdb_dir"": ""../phase1_data_generation/data/pdbs""}",32.00,1,solved,68,,218,698,219,479,0.0405,0.0587,1
510,eafc7928b50d3146,,wastar,"{""w"": 5.0}",pdb,"{""pdb_dir"": ""../phase1_data_generation/data/pdbs""}",28.00,1,solved,32,,38,128,39,91,0.0071,0.0103,1
511,aeb8dc4079516f32,,wastar,"{""w"": 5.0}",pdb,"{""pdb_dir"": ""../phase1_data_generation/data/pdbs""}",34.00,1,solved,56,,125,404,126,277,0.0233,0.0337,1
512,4c7eb5893fda1260,,wastar,"{""w"": 5.0}",pdb,"{""pdb_dir"": ""../phase1_data_generation/data/pdbs""}",44.00,1,solved,72,,93,288,94,196,0.0175,0.0254,1
513,4af91c20b8ed7653,,wastar,"{""w"": 5.0}",pdb,"{""pdb_dir"": ""../phase1_data_generation/data/pdbs""}",42.00,1,solved,50,,70,228,71,159,0.0132,0.0192,1
514,fa8b29ec16045d37,,wastar,"{""w"": 5.0}",pdb,"{""pdb_dir"": ""../phase1_data_generation/data/pdbs""}",42.00,1,solved,70,,277,875,276,592,0.0520,0.0754,1
515,fad1e95c376840b2,,wastar,"{""w"": 5.0}",pdb,"{""pdb_dir"": ""../phase1_data_generation/data/pdbs""}",32.00,1,solved,66,,204,654,205,451,0.0381,0.0552,1
516,ce0f7a9d8614b352,,wastar,"{""w"": 5.0}",pdb,"{""pdb_dir"": ""../phase1_data_generation/data/pdbs""}",36.00,1,solved,58,,84,270,85,187,0.0155,0.0223,1
517,f7d8519c03a6b2e4,,wastar,"{""w"": 5.0}",pdb,"{""pdb_dir"": ""../phase1_data_generation/data/pdbs""}",34.00,1,solved,48,,75,243,76,169,0.0137,0.0198,1
518,7e0386c9a2f5d41b,,wastar,"{""w"": 5.0}",pdb,"{""pdb_dir"": ""../phase1_data_generation/data/pdbs""}",50.00,1,solved,74,,283,910,284,626,0.0517,0.0749,1
519,5df8391ac204e7b6,,wastar,"{""w"": 5.0}",pdb,"{""pdb_dir"": ""../phase1_data_generation/data/pdbs""}",42.00,1,solved,88,,209,672,210,464,0.0380,0.0551,1
520,e79fbda5c3186042,,wastar,"{""w"": 5.0}",pdb,"{""pdb_dir"": ""../phase1_data_generation/data/pdbs""}",40.00,1,solved,78,,317,1007,312,669,0.0563,0.0820,1
521,dac6f5890241be73,,wastar,"{""w"": 5.0}",pdb,"{""pdb_dir"": ""../phase1_data_generation/data/pdbs""}",34.00,1,solved,62,,238,754,239,516,0.0423,0.0610,1
522,c63ab2f01e94d758,,wastar,"{""w"": 5.0}",pdb,"{""pdb_dir"": ""../phase1_data_generation/data/pdbs""}",42.00,1,solved,86,,172,547,173,376,0.0308,0.0445,1
523,bd97e8f0a61c5432,,wastar,"{""w"": 5.0}",pdb,"{""pdb_dir"": ""../phase1_data_generation/data/pdbs""}",40.00,1,solved,80,,594,1872,482,1016,0.0873,0.1339,1
524,562b10e8fdc4a379,,wastar,"{""w"": 5.0}",pdb,"{""pdb_dir"": ""../phase1_data_generation/data/pdbs""}",42.00,1,solved,68,,138,441,139,304,0.0247,0.0357,1
525,f1de89bc056473a2,,wastar,"{""w"": 5.0}",pdb,"{""pdb_dir"": ""../phase1_data_generation/data/pdbs""}",32.00,1,solved,74,,232,724,233,491,0.0422,0.0610,1
526,610f7ecb59d34a28,,wastar,"{""w"": 5.0}",pdb,"{""pdb_dir"": ""../phase1_data_generation/data/pdbs""}",42.00,1,solved,64,,95,297,96,203,0.0175,0.0252,1
527,12bdc7ef0598a643,,wastar,"{""w"": 5.0}",pdb,"{""pdb_dir"": ""../phase1_data_generation/data/pdbs""}",48.00,1,solved,80,,156,499,157,344,0.0284,0.0410,1
528,9a78f154bc02de63,,wastar,"{""w"": 5.0}",pdb,"{""pdb_dir"": ""../phase1_data_generation/data/pdbs""}",46.00,1,solved,56,,71,228,72,158,0.0131,0.0188,1
529,efac175b620d3894,,wastar,"{""w"": 5.0}",pdb,"{""pdb_dir"": ""../phase1_data_generation/data/pdbs""}",34.00,1,solved,70,,383,1214,381,815,0.0693,0.1004,1
530,29dcb075fa463e81,,wastar,"{""w"": 5.0}",pdb,"{""pdb_dir"": ""../phase1_data_generation/data/pdbs""}",36.00,1,solved,68,,162,506,163,345,0.0296,0.0427,1
531,f3e6d2ac1789b054,,wastar,"{""w"": 5.0}",pdb,"{""pdb_dir"": ""../phase1_data_generation/data/pdbs""}",34.00,1,solved,44,,130,427,131,298,0.0237,0.0341,1
532,b7e5f8a103cd6429,,wastar,"{""w"": 5.0}",pdb,"{""pdb_dir"": ""../phase1_data_generation/data/pdbs""}",38.00,1,solved,52,,65,212,66,148,0.0119,0.0170,1
533,be6cfda184073925,,wastar,"{""w"": 5.0}",pdb,"{""pdb_dir"": ""../phase1_data_generation/data/pdbs""}",36.00,1,solved,74,,252,819,249,554,0.0432,0.0630,1
534,c905b1edaf647283,,wastar,"{""w"": 5.0}",pdb,"{""pdb_dir"": ""../phase1_data_generation/data/pdbs""}",38.00,1,solved,80,,185,601,186,417,0.0325,0.0475,1
535,e7b8c610afd53492,,wastar,"{""w"": 5.0}",pdb,"{""pdb_dir"": ""../phase1_data_generation/data/pdbs""}",36.00,1,solved,68,,176,566,177,389,0.0312,0.0455,1
536,b7c89d6023541fea,,wastar,"{""w"": 5.0}",pdb,"{""pdb_dir"": ""../phase1_data_generation/data/pdbs""}",34.00,1,solved,64,,409,1279,407,850,0.0716,0.1039,1
537,f689db4ca721e053,,wastar,"{""w"": 5.0}",pdb,"{""pdb_dir"": ""../phase1_data_generation/data/pdbs""}",38.00,1,solved,48,,75,244,76,170,0.0131,0.0188,1
538,7468b9edf102a35c,,wastar,"{""w"": 5.0}",pdb,"{""pdb_dir"": ""../phase1_data_generation/data/pdbs""}",42.00,1,solved,60,,292,931,271,582,0.0475,0.0703,1
539,75dce9a6b103f428,,wastar,"{""w"": 5.0}",pdb,"{""pdb_dir"": ""../phase1_data_generation/data/pdbs""}",38.00,1,solved,46,,58,193,59,136,0.0101,0.0146,1
540,06e4f5812b37d9ca,,wastar,"{""w"": 5.0}",pdb,"{""pdb_dir"": ""../phase1_data_generation/data/pdbs""}",42.00,1,solved,72,,112,356,113,245,0.0203,0.0293,1
541,c39ef01a78b524d6,,wastar,"{""w"": 5.0}",pdb,"{""pdb_dir"": ""../phase1_data_generation/data/pdbs""}",42.00,1,solved,70,,282,896,283,611,0.0500,0.0726,1
542,bc9de5f0214a6783,,wastar,"{""w"": 5.0}",pdb,"{""pdb_dir"": ""../phase1_data_generation/data/pdbs""}",38.00,1,solved,42,,47,154,48,108,0.0087,0.0126,1
543,5dfe61b93a0827c4,,wastar,"{""w"": 5.0}",pdb,"{""pdb_dir"": ""../phase1_data_generation/data/pdbs""}",38.00,1,solved,48,,128,417,129,289,0.0253,0.0369,1
544,d68cfb970354a2e1,,wastar,"{""w"": 5.0}",pdb,"{""pdb_dir"": ""../phase1_data_generation/data/pdbs""}",28.00,1,solved,62,,1119,3539,1008,2138,0.1785,0.2669,1
545,d54b7efa01362c98,,wastar,"{""w"": 5.0}",pdb,"{""pdb_dir"": ""../phase1_data_generation/data/pdbs""}",44.00,1,solved,78,,141,438,142,298,0.0252,0.0364,1
546,adcf73e06b891452,,wastar,"{""w"": 5.0}",pdb,"{""pdb_dir"": ""../phase1_data_generation/data/pdbs""}",40.00,1,solved,68,,161,504,162,344,0.0287,0.0412,1
547,5e4b70a96fdc3821,,wastar,"{""w"": 5.0}",pdb,"{""pdb_dir"": ""../phase1_data_generation/data/pdbs""}",36.00,1,solved,66,,390,1236,381,812,0.0676,0.0985,1
548,bac87d9632e4501f,,wastar,"{""w"": 5.0}",pdb,"{""pdb_dir"": ""../phase1_data_generation/data/pdbs""}",32.00,1,solved,46,,56,179,57,124,0.0100,0.0144,1
549,e78da95b431f60c2,,wastar,"{""w"": 5.0}",pdb,"{""pdb_dir"": ""../phase1_data_generation/data/pdbs""}",40.00,1,solved,72,,355,1117,342,721,0.0599,0.0877,1
550,d80f913cb6e57a24,,wastar,"{""w"": 5.0}",pdb,"{""pdb_dir"": ""../phase1_data_generation/data/pdbs""}",36.00,1,solved,56,,135,427,136,293,0.0240,0.0346,1
551,7f098c6423d5ba1e,,wastar,"{""w"": 5.0}",pdb,"{""pdb_dir"": ""../phase1_data_generation/data/pdbs""}",38.00,1,solved,64,,184,584,183,394,0.0320,0.0463,1
552,aed578c20f1396b4,,wastar,"{""w"": 5.0}",pdb,"{""pdb_dir"": ""../phase1_data_generation/data/pdbs""}",40.00,1,solved,74,,184,593,185,408,0.0334,0.0482,1
553,fea147cb350962d8,,wastar,"{""w"": 5.0}",pdb,"{""pdb_dir"": ""../phase1_data_generation/data/pdbs""}",36.00,1,solved,58,,286,889,268,556,0.0487,0.0715,1
554,f7e9b0cd2a183546,,wastar,"{""w"": 5.0}",pdb,"{""pdb_dir"": ""../phase1_data_generation/data/pdbs""}",24.00,1,solved,44,,238,746,236,497,0.0432,0.0624,1
555,5639fbc4e201ad78,,wastar,"{""w"": 5.0}",pdb,"{""pdb_dir"": ""../phase1_data_generation/data/pdbs""}",38.00,1,solved,72,,210,658,211,449,0.0375,0.0542,1
556,ec89ad576f031b42,,wastar,"{""w"": 5.0}",pdb,"{""pdb_dir"": ""../phase1_data_generation/data/pdbs""}",36.00,1,solved,60,,116,373,117,258,0.0205,0.0296,1
557,de94f85106273bac,,wastar,"{""w"": 5.0}",pdb,"{""pdb_dir"": ""../phase1_data_generation/data/pdbs""}",34.00,1,solved,64,,257,827,252,551,0.0451,0.0656,1
558,eac9b7612f08d345,,wastar,"{""w"": 5.0}",pdb,"{""pdb_dir"": ""../phase1_data_generation/data/pdbs""}",32.00,1,solved,36,,41,136,42,96,0.0076,0.0109,1
559,f528b47a3e0c16d9,,wastar,"{""w"": 5.0}",pdb,"{""pdb_dir"": ""../phase1_data_generation/data/pdbs""}",40.00,1,solved,64,,141,450,142,310,0.0250,0.0361,1
560,37ed6a94fcb82051,,wastar,"{""w"": 5.0}",pdb,"{""pdb_dir"": ""../phase1_data_generation/data/pdbs""}",32.00,1,solved,84,,332,1080,333,743,0.0600,0.0869,1
561,7c9a65b2e308f4d1,,wastar,"{""w"": 5.0}",pdb,"{""pdb_dir"": ""../phase1_data_generation/data/pdbs""}",40.00,1,solved,76,,512,1625,380,822,0.0677,0.1068,1
562,43c6ef29b805d7a1,,wastar,"{""w"": 5.0}",pdb,"{""pdb_dir"": ""../phase1_data_generation/data/pdbs""}",42.00,1,solved,68,,93,300,94,208,0.0165,0.0238,1
563,f394b1d07e26a8c5,,wastar,"{""w"": 5.0}",pdb,"{""pdb_dir"": ""../phase1_data_generation/data/pdbs""}",40.00,1,solved,60,,127,401,128,275,0.0230,0.0331,1
564,8f47ebc1da653029,,wastar,"{""w"": 5.0}",pdb,"{""pdb_dir"": ""../phase1_data_generation/data/pdbs""}",40.00,1,solved,50,,62,202,63,141,0.0114,0.0165,1
565,c3b967d4210a85fe,,wastar,"{""w"": 5.0}",pdb,"{""pdb_dir"": ""../phase1_data_generation/data/pdbs""}",48.00,1,solved,80,,162,522,163,361,0.0295,0.0428,1
566,62bacfd0e3189475,,wastar,"{""w"": 5.0}",pdb,"{""pdb_dir"": ""../phase1_data_generation/data/pdbs""}",42.00,1,solved,70,,219,687,220,467,0.0393,0.0568,1
567,01edfa9b623c7584,,wastar,"{""w"": 5.0}",pdb,"{""pdb_dir"": ""../phase1_data_generation/data/pdbs""}",32.00,1,solved,54,,358,1134,359,767,0.0646,0.0935,1
568,a4ced986bf257310,,wastar,"{""w"": 5.0}",pdb,"{""pdb_dir"": ""../phase1_data_generation/data/pdbs""}",34.00,1,solved,44,,65,215,66,151,0.0119,0.0172,1
569,dea579b62f4c3810,,wastar,"{""w"": 5.0}",pdb,"{""pdb_dir"": ""../phase1_data_generation/data/pdbs""}",38.00,1,solved,70,,346,1085,338,710,0.0615,0.0898,1
570,a2fcd379be548016,,wastar,"{""w"": 5.0}",pdb,"{""pdb_dir"": ""../phase1_data_generation/data/pdbs""}",34.00,1,solved,74,,396,1253,397,855,0.0707,0.1022,1
571,ef4973805cdab261,,wastar,"{""w"": 5.0}",pdb,"{""pdb_dir"": ""../phase1_data_generation/data/pdbs""}",40.00,1,solved,80,,306,971,302,651,0.0550,0.0798,1
572,ea19bdc87305f246,,wastar,"{""w"": 5.0}",pdb,"{""pdb_dir"": ""../phase1_data_generation/data/pdbs""}",34.00,1,solved,72,,227,708,228,480,0.0412,0.0595,1
573,5d68ec2f79043ab1,,wastar,"{""w"": 5.0}",pdb,"{""pdb_dir"": ""../phase1_data_generation/data/pdbs""}",34.00,1,solved,54,,168,536,169,369,0.0308,0.0446,1
574,91c5f6a807d2b3e4,,wastar,"{""w"": 5.0}",pdb,"{""pdb_dir"": ""../phase1_data_generation/data/pdbs""}",32.00,1,solved,50,,117,374,118,258,0.0212,0.0304,1
575,e8094b7f6c51d2a3,,wastar,"{""w"": 5.0}",pdb,"{""pdb_dir"": ""../phase1_data_generation/data/pdbs""}",44.00,1,solved,98,,1128,3597,1047,2240,0.1892,0.2796,1
576,abec603df8497251,,wastar,"{""w"": 5.0}",pdb,"{""pdb_dir"": ""../phase1_data_generation/data/pdbs""}",26.00,1,solved,64,,287,929,283,628,0.0510,0.0742,1
577,b98eaf10d6732c45,,wastar,"{""w"": 5.0}",pdb,"{""pdb_dir"": ""../phase1_data_generation/data/pdbs""}",40.00,1,solved,76,,338,1067,339,726,0.0616,0.0892,1
578,0126ac5ed937fb84,,wastar,"{""w"": 5.0}",pdb,"{""pdb_dir"": ""../phase1_data_generation/data/pdbs""}",46.00,1,solved,78,,210,670,211,460,0.0377,0.0545,1
579,8aec7bd943f51620,,wastar,"{""w"": 5.0}",pdb,"{""pdb_dir"": ""../phase1_data_generation/data/pdbs""}",40.00,1,solved,80,,342,1102,336,737,0.0609,0.0888,1
580,8d6459e0af13b27c,,wastar,"{""w"": 5.0}",pdb,"{""pdb_dir"": ""../phase1_data_generation/data/pdbs""}",46.00,1,solved,76,,224,706,225,482,0.0407,0.0587,1
581,b5f410ade6837c92,,wastar,"{""w"": 5.0}",pdb,"{""pdb_dir"": ""../phase1_data_generation/data/pdbs""}",42.00,1,solved,74,,137,437,138,301,0.0251,0.0362,1
582,86cfb01e379d245a,,wastar,"{""w"": 5.0}",pdb,"{""pdb_dir"": ""../phase1_data_generation/data/pdbs""}",38.00,1,solved,68,,137,427,138,291,0.0250,0.0360,1
583,78e9cfb15d6a2340,,wastar,"{""w"": 5.0}",pdb,"{""pdb_dir"": ""../phase1_data_generation/data/pdbs""}",40.00,1,solved,68,,138,435,139,298,0.0250,0.0361,1
584,b846d05721cfa3e9,,wastar,"{""w"": 5.0}",pdb,"{""pdb_dir"": ""../phase1_data_generation/data/pdbs""}",46.00,1,solved,74,,137,437,138,301,0.0245,0.0353,1
585,fdc9b63a28e47150,,wastar,"{""w"": 5.0}",pdb,"{""pdb_dir"": ""../phase1_data_generation/data/pdbs""}",26.00,1,solved,30,,35,115,36,81,0.0063,0.0091,1
586,9c2f7a51b408d3e6,,wastar,"{""w"": 5.0}",pdb,"{""pdb_dir"": ""../phase1_data_generation/data/pdbs""}",42.00,1,solved,82,,441,1386,438,934,0.0769,0.1117,1
587,ab0c6f739e2514d8,,wastar,"{""w"": 5.0}",pdb,"{""pdb_dir"": ""../phase1_data_generation/data/pdbs""}",42.00,1,solved,64,,167,539,168,372,0.0296,0.0427,1
588,ec4da6f1b3789052,,wastar,"{""w"": 5.0}",pdb,"{""pdb_dir"": ""../phase1_data_generation/data/pdbs""}",36.00,1,solved,52,,63,205,64,143,0.0113,0.0162,1
589,d7ec6ab8510234f9,,wastar,"{""w"": 5.0}",pdb,"{""pdb_dir"": ""../phase1_data_generation/data/pdbs""}",34.00,1,solved,50,,81,254,82,174,0.0148,0.0213,1
590,e30facd6149527b8,,wastar,"{""w"": 5.0}",pdb,"{""pdb_dir"": ""../phase1_data_generation/data/pdbs""}",42.00,1,solved,76,,464,1459,450,950,0.0791,0.1155,1
591,85af2db4e13697c0,,wastar,"{""w"": 5.0}",pdb,"{""pdb_dir"": ""../phase1_data_generation/data/pdbs""}",48.00,1,solved,74,,117,368,118,252,0.0208,0.0299,1
592,a30e9c5627f4b18d,,wastar,"{""w"": 5.0}",pdb,"{""pdb_dir"": ""../phase1_data_generation/data/pdbs""}",38.00,1,solved,72,,138,438,139,301,0.0251,0.0362,1
593,2caef0b14356987d,,wastar,"{""w"": 5.0}",pdb,"{""pdb_dir"": ""../phase1_data_generation/data/pdbs""}",44.00,1,solved,80,,291,906,291,610,0.0519,0.0754,1
594,a45d6bf9872ce031,,wastar,"{""w"": 5.0}",pdb,"{""pdb_dir"": ""../phase1_data_generation/data/pdbs""}",36.00,1,solved,54,,87,284,88,198,0.0149,0.0215,1
595,6de9fa4c05b82713,,wastar,"{""w"": 5.0}",pdb,"{""pdb_dir"": ""../phase1_data_generation/data/pdbs""}",32.00,1,solved,58,,264,870,247,558,0.0430,0.0635,1
596,7ea9825dbcf41360,,wastar,"{""w"": 5.0}",pdb,"{""pdb_dir"": ""../phase1_data_generation/data/pdbs""}",38.00,1,solved,64,,374,1194,341,737,0.0596,0.0886,1
597,2c89de610f547ba3,,wastar,"{""w"": 5.0}",pdb,"{""pdb_dir"": ""../phase1_data_generation/data/pdbs""}",40.00,1,solved,48,,171,546,166,356,0.0288,0.0420,1
598,12c6b0a5efd83479,,wastar,"{""w"": 5.0}",pdb,"{""pdb_dir"": ""../phase1_data_generation/data/pdbs""}",40.00,1,solved,64,,104,336,105,233,0.0178,0.0256,1
599,f68edbc4231a5097,,wastar,"{""w"": 5.0}",pdb,"{""pdb_dir"": ""../phase1_data_generation/data/pdbs""}",34.00,1,solved,56,,336,1063,337,719,0.0586,0.0850,1
600,dcef27658941a03b,,wastar,"{""w"": 5.0}",pdb,"{""pdb_dir"": ""../phase1_data_generation/data/pdbs""}",44.00,1,solved,98,,1148,3627,1025,2181,0.1780,0.2670,1
601,8dc629540a17fb3e,,wastar,"{""w"": 5.0}",pdb,"{""pdb_dir"": ""../phase1_data_generation/data/pdbs""}",44.00,1,solved,62,,162,526,163,365,0.0282,0.0409,1
602,3eac6f9db2815470,,wastar,"{""w"": 5.0}",pdb,"{""pdb_dir"": ""../phase1_data_generation/data/pdbs""}",34.00,1,solved,70,,213,694,214,478,0.0374,0.0540,1
603,b3c6e074912df5a8,,wastar,"{""w"": 5.0}",pdb,"{""pdb_dir"": ""../phase1_data_generation/data/pdbs""}",42.00,1,solved,82,,422,1324,420,889,0.0740,0.1074,1
604,ade9b7f1c5843026,,wastar,"{""w"": 5.0}",pdb,"{""pdb_dir"": ""../phase1_data_generation/data/pdbs""}",38.00,1,solved,72,,224,698,225,473,0.0399,0.0576,1
605,d904f65c8a3127be,,wastar,"{""w"": 5.0}",pdb,"{""pdb_dir"": ""../phase1_data_generation/data/pdbs""}",36.00,1,solved,88,,242,775,243,534,0.0427,0.0616,1
606,2a69b3edcf081754,,wastar,"{""w"": 5.0}",pdb,"{""pdb_dir"": ""../phase1_data_generation/data/pdbs""}",36.00,1,solved,40,,42,136,43,95,0.0076,0.0110,1
607,17b9ad5e2c03f468,,wastar,"{""w"": 5.0}",pdb,"{""pdb_dir"": ""../phase1_data_generation/data/pdbs""}",44.00,1,solved,92,,271,879,272,608,0.0483,0.0700,1
608,0fc987ed5b32a641,,wastar,"{""w"": 5.0}",pdb,"{""pdb_dir"": ""../phase1_data_generation/data/pdbs""}",36.00,1,solved,68,,157,500,156,337,0.0274,0.0397,1
609,9c527640bf13ed8a,,wastar,"{""w"": 5.0}",pdb,"{""pdb_dir"": ""../phase1_data_generation/data/pdbs""}",48.00,1,solved,80,,212,665,213,453,0.0372,0.0538,1
610,37fbe8ad9204c651,,wastar,"{""w"": 5.0}",pdb,"{""pdb_dir"": ""../phase1_data_generation/data/pdbs""}",42.00,1,solved,56,,72,236,73,165,0.0129,0.0185,1
611,2a76394c1f05be8d,,wastar,"{""w"": 5.0}",pdb,"{""pdb_dir"": ""../phase1_data_generation/data/pdbs""}",46.00,1,solved,96,,252,800,253,549,0.0445,0.0644,1
612,d2ec9ba8f3046571,,wastar,"{""w"": 5.0}",pdb,"{""pdb_dir"": ""../phase1_data_generation/data/pdbs""}",32.00,1,solved,36,,48,162,49,115,0.0086,0.0123,1
613,af0cd14973e6b285,,wastar,"{""w"": 5.0}",pdb,"{""pdb_dir"": ""../phase1_data_generation/data/pdbs""}",32.00,1,solved,44,,59,196,60,138,0.0105,0.0151,1
614,81c5f9de6b0734a2,,wastar,"{""w"": 5.0}",pdb,"{""pdb_dir"": ""../phase1_data_generation/data/pdbs""}",40.00,1,solved,70,,320,1021,319,693,0.0565,0.0819,1
615,aef5679c823410bd,,wastar,"{""w"": 5.0}",pdb,"{""pdb_dir"": ""../phase1_data_generation/data/pdbs""}",38.00,1,solved,86,,625,1994,584,1258,0.1033,0.1525,1
616,f14a70c6be23859d,,wastar,"{""w"": 5.0}",pdb,"{""pdb_dir"": ""../phase1_data_generation/data/pdbs""}",46.00,1,solved,80,,273,870,274,596,0.0477,0.0690,1
617,a72c39b0e4f6d518,,wastar,"{""w"": 5.0}",pdb,"{""pdb_dir"": ""../phase1_data_generation/data/pdbs""}",44.00,1,solved,72,,134,430,135,297,0.0242,0.0350,1
618,e269b5c10f487ad3,,wastar,"{""w"": 5.0}",pdb,"{""pdb_dir"": ""../phase1_data_generation/data/pdbs""}",36.00,1,solved,66,,192,610,193,419,0.0335,0.0485,1
619,ecd19f58a6243b70,,wastar,"{""w"": 5.0}",pdb,"{""pdb_dir"": ""../phase1_data_generation/data/pdbs""}",32.00,1,solved,46,,50,156,51,107,0.0091,0.0132,1
620,c295d47fb8013e6a,,wastar,"{""w"": 5.0}",pdb,"{""pdb_dir"": ""../phase1_data_generation/data/pdbs""}",42.00,1,solved,80,,238,760,238,515,0.0412,0.0595,1
621,afd9bc562e413780,,wastar,"{""w"": 5.0}",pdb,"{""pdb_dir"": ""../phase1_data_generation/data/pdbs""}",34.00,1,solved,54,,154,494,155,339,0.0276,0.0398,1
622,dce8a459b672f310,,wastar,"{""w"": 5.0}",pdb,"{""pdb_dir"": ""../phase1_data_generation/data/pdbs""}",32.00,1,solved,44,,66,210,67,145,0.0119,0.0172,1
623,aef8943d6c01527b,,wastar,"{""w"": 5.0}",pdb,"{""pdb_dir"": ""../phase1_data_generation/data/pdbs""}",42.00,1,solved,86,,707,2264,708,1538,0.1250,0.1816,1
624,ca58bf9107e2364d,,wastar,"{""w"": 5.0}",pdb,"{""pdb_dir"": ""../phase1_data_generation/data/pdbs""}",32.00,1,solved,68,,383,1210,384,824,0.0692,0.1003,1
625,2f16e8a0d94c73b5,,wastar,"{""w"": 5.0}",pdb,"{""pdb_dir"": ""../phase1_data_generation/data/pdbs""}",40.00,1,solved,66,,268,844,259,546,0.0472,0.0687,1
626,be0adc693f415728,,wastar,"{""w"": 5.0}",pdb,"{""pdb_dir"": ""../phase1_data_generation/data/pdbs""}",36.00,1,solved,44,,69,232,70,164,0.0127,0.0182,1
627,84b5dc9fe1027a36,,wastar,"{""w"": 5.0}",pdb,"{""pdb_dir"": ""../phase1_data_generation/data/pdbs""}",44.00,1,solved,50,,60,189,61,130,0.0111,0.0160,1
628,a7c43f520896edb1,,wastar,"{""w"": 5.0}",pdb,"{""pdb_dir"": ""../phase1_data_generation/data/pdbs""}",38.00,1,solved,50,,53,169,54,117,0.0098,0.0141,1
629,f89c2d50ab14e736,,wastar,"{""w"": 5.0}",pdb,"{""pdb_dir"": ""../phase1_data_generation/data/pdbs""}",34.00,1,solved,50,,81,260,82,180,0.0150,0.0217,1
630,a3d8f6c97b21e540,,wastar,"{""w"": 5.0}",pdb,"{""pdb_dir"": ""../phase1_data_generation/data/pdbs""}",36.00,1,solved,68,,228,709,229,482,0.0411,0.0592,1
631,a90e2d6b4fc13875,,wastar,"{""w"": 5.0}",pdb,"{""pdb_dir"": ""../phase1_data_generation/data/pdbs""}",42.00,1,solved,60,,127,405,128,279,0.0225,0.0324,1
632,f7ed402c9b83a516,,wastar,"{""w"": 5.0}",pdb,"{""pdb_dir"": ""../phase1_data_generation/data/pdbs""}",34.00,1,solved,52,,125,408,126,284,0.0222,0.0320,1
633,76a4ed120b95cf38,,wastar,"{""w"": 5.0}",pdb,"{""pdb_dir"": ""../phase1_data_generation/data/pdbs""}",44.00,1,solved,70,,164,537,163,366,0.0286,0.0415,1
634,ead673c29b85f410,,wastar,"{""w"": 5.0}",pdb,"{""pdb_dir"": ""../phase1_data_generation/data/pdbs""}",40.00,1,solved,62,,206,653,207,446,0.0364,0.0525,1
635,b83d6c2a0f7e9415,,wastar,"{""w"": 5.0}",pdb,"{""pdb_dir"": ""../phase1_data_generation/data/pdbs""}",46.00,1,solved,74,,119,385,120,267,0.0214,0.0307,1
636,74bce26f0a39d518,,wastar,"{""w"": 5.0}",pdb,"{""pdb_dir"": ""../phase1_data_generation/data/pdbs""}",36.00,1,solved,44,,53,172,54,120,0.0097,0.0140,1
637,26ecd9a807f53b14,,wastar,"{""w"": 5.0}",pdb,"{""pdb_dir"": ""../phase1_data_generation/data/pdbs""}",32.00,1,solved,42,,102,331,103,230,0.0186,0.0268,1
638,a7364890bdcef251,,wastar,"{""w"": 5.0}",pdb,"{""pdb_dir"": ""../phase1_data_generation/data/pdbs""}",44.00,1,solved,62,,112,362,113,250,0.0200,0.0288,1
639,0fac8e59b3d17462,,wastar,"{""w"": 5.0}",pdb,"{""pdb_dir"": ""../phase1_data_generation/data/pdbs""}",28.00,1,solved,52,,161,518,161,350,0.0280,0.0406,1
640,87e9ac12d5f4b360,,wastar,"{""w"": 5.0}",pdb,"{""pdb_dir"": ""../phase1_data_generation/data/pdbs""}",42.00,1,solved,52,,68,217,69,150,0.0125,0.0180,1
641,082cad15ef64b379,,wastar,"{""w"": 5.0}",pdb,"{""pdb_dir"": ""../phase1_data_generation/data/pdbs""}",38.00,1,solved,44,,46,152,47,107,0.0085,0.0122,1
642,682ce0b374f951ad,,wastar,"{""w"": 5.0}",pdb,"{""pdb_dir"": ""../phase1_data_generation/data/pdbs""}",46.00,1,solved,68,,122,384,123,263,0.0218,0.0314,1
643,e78cd0231b54f96a,,wastar,"{""w"": 5.0}",pdb,"{""pdb_dir"": ""../phase1_data_generation/data/pdbs""}",42.00,1,solved,76,,400,1265,381,813,0.0670,0.0983,1
644,9bfc3ea042671d58,,wastar,"{""w"": 5.0}",pdb,"{""pdb_dir"": ""../phase1_data_generation/data/pdbs""}",40.00,1,solved,62,,344,1090,345,742,0.0608,0.0880,1
645,be298f43015cd7a6,,wastar,"{""w"": 5.0}",pdb,"{""pdb_dir"": ""../phase1_data_generation/data/pdbs""}",44.00,1,solved,72,,143,456,144,314,0.0260,0.0377,1
646,cd0e8591f7a4632b,,wastar,"{""w"": 5.0}",pdb,"{""pdb_dir"": ""../phase1_data_generation/data/pdbs""}",42.00,1,solved,70,,274,857,270,566,0.0486,0.0705,1
647,086df9bc5ea47231,,wastar,"{""w"": 5.0}",pdb,"{""pdb_dir"": ""../phase1_data_generation/data/pdbs""}",32.00,1,solved,52,,311,980,312,666,0.0560,0.0812,1
648,b4086eda95c2f371,,wastar,"{""w"": 5.0}",pdb,"{""pdb_dir"": ""../phase1_data_generation/data/pdbs""}",38.00,1,solved,66,,150,472,151,323,0.0270,0.0388,1
649,a4e138c5bd0726f9,,wastar,"{""w"": 5.0}",pdb,"{""pdb_dir"": ""../phase1_data_generation/data/pdbs""}",42.00,1,solved,76,,388,1234,389,845,0.0700,0.1013,1
650,8c9da146372eb05f,,wastar,"{""w"": 5.0}",pdb,"{""pdb_dir"": ""../phase1_data_generation/data/pdbs""}",44.00,1,solved,92,,404,1272,402,857,0.0726,0.1054,1
651,e65d9fa07421b38c,,wastar,"{""w"": 5.0}",pdb,"{""pdb_dir"": ""../phase1_data_generation/data/pdbs""}",32.00,1,solved,62,,305,963,299,636,0.0540,0.0786,1
652,ab6d2ce31f849750,,wastar,"{""w"": 5.0}",pdb,"{""pdb_dir"": ""../phase1_data_generation/data/pdbs""}",38.00,1,solved,76,,249,786,250,537,0.0457,0.0659,1
653,bf9e67c82453a01d,,wastar,"{""w"": 5.0}",pdb,"{""pdb_dir"": ""../phase1_data_generation/data/pdbs""}",38.00,1,solved,58,,97,318,97,217,0.0172,0.0251,1
654,753ce4a012f8b96d,,wastar,"{""w"": 5.0}",pdb,"{""pdb_dir"": ""../phase1_data_generation/data/pdbs""}",42.00,1,solved,76,,903,2868,857,1845,0.1563,0.2297,1
655,defc79a03b814256,,wastar,"{""w"": 5.0}",pdb,"{""pdb_dir"": ""../phase1_data_generation/data/pdbs""}",36.00,1,solved,70,,324,1030,324,699,0.0589,0.0850,1
656,c48feda263057b19,,wastar,"{""w"": 5.0}",pdb,"{""pdb_dir"": ""../phase1_data_generation/data/pdbs""}",40.00,1,solved,70,,247,775,247,528,0.0448,0.0646,1
657,3bdae71896c420f5,,wastar,"{""w"": 5.0}",pdb,"{""pdb_dir"": ""../phase1_data_generation/data/pdbs""}",38.00,1,solved,72,,116,378,117,263,0.0211,0.0304,1
658,c70e1d245ab83f96,,wastar,"{""w"": 5.0}",pdb,"{""pdb_dir"": ""../phase1_data_generation/data/pdbs""}",44.00,1,solved,108,,427,1341,411,875,0.0740,0.1081,1
659,8e0d7bc23f5a4619,,wastar,"{""w"": 5.0}",pdb,"{""pdb_dir"": ""../phase1_data_generation/data/pdbs""}",38.00,1,solved,52,,82,272,83,190,0.0145,0.0210,1
660,b7e8fc9d04a26135,,wastar,"{""w"": 5.0}",pdb,"{""pdb_dir"": ""../phase1_data_generation/data/pdbs""}",34.00,1,solved,70,,207,655,208,449,0.0363,0.0524,1
661,04dce5ab9f286371,,wastar,"{""w"": 5.0}",pdb,"{""pdb_dir"": ""../phase1_data_generation/data/pdbs""}",32.00,1,solved,66,,319,1014,316,680,0.0540,0.0786,1
662,7203dfa4b1e96c58,,wastar,"{""w"": 5.0}",pdb,"{""pdb_dir"": ""../phase1_data_generation/data/pdbs""}",42.00,1,solved,96,,421,1329,422,906,0.0752,0.1087,1
663,b2f8c3de71065a94,,wastar,"{""w"": 5.0}",pdb,"{""pdb_dir"": ""../phase1_data_generation/data/pdbs""}",36.00,1,solved,46,,50,163,51,114,0.0090,0.0129,1
664,e217468bda0f539c,,wastar,"{""w"": 5.0}",pdb,"{""pdb_dir"": ""../phase1_data_generation/data/pdbs""}",50.00,1,solved,72,,100,324,101,225,0.0182,0.0261,1
665,bd6a27f953ce1840,,wastar,"{""w"": 5.0}",pdb,"{""pdb_dir"": ""../phase1_data_generation/data/pdbs""}",40.00,1,solved,68,,163,519,164,356,0.0291,0.0421,1
666,bec2763df8a14095,,wastar,"{""w"": 5.0}",pdb,"{""pdb_dir"": ""../phase1_data_generation/data/pdbs""}",40.00,1,solved,74,,142,445,143,304,0.0250,0.0361,1
667,2e5cd96f813ab740,,wastar,"{""w"": 5.0}",pdb,"{""pdb_dir"": ""../phase1_data_generation/data/pdbs""}",40.00,1,solved,78,,311,995,308,671,0.0546,0.0793,1
668,653f709d148eba2c,,wastar,"{""w"": 5.0}",pdb,"{""pdb_dir"": ""../phase1_data_generation/data/pdbs""}",44.00,1,solved,78,,366,1143,326,676,0.0578,0.0863,1
669,c2a9ed517b3460f8,,wastar,"{""w"": 5.0}",pdb,"{""pdb_dir"": ""../phase1_data_generation/data/pdbs""}",40.00,1,solved,74,,232,733,233,500,0.0408,0.0590,1
670,4a81fdc2370be569,,wastar,"{""w"": 5.0}",pdb,"{""pdb_dir"": ""../phase1_data_generation/data/pdbs""}",40.00,1,solved,74,,209,676,200,444,0.0343,0.0504,1
671,0e68f9a513d47b2c,,wastar,"{""w"": 5.0}",pdb,"{""pdb_dir"": ""../phase1_data_generation/data/pdbs""}",36.00,1,solved,60,,334,1062,291,628,0.0503,0.0757,1
672,f9a628ec4bd73150,,wastar,"{""w"": 5.0}",pdb,"{""pdb_dir"": ""../phase1_data_generation/data/pdbs""}",38.00,1,solved,64,,150,466,151,317,0.0265,0.0381,1
673,ac8db094ef615237,,wastar,"{""w"": 5.0}",pdb,"{""pdb_dir"": ""../phase1_data_generation/data/pdbs""}",38.00,1,solved,50,,91,294,92,204,0.0166,0.0241,1
674,7a9cf0b6e85234d1,,wastar,"{""w"": 5.0}",pdb,"{""pdb_dir"": ""../phase1_data_generation/data/pdbs""}",36.00,1,solved,64,,171,560,172,388,0.0297,0.0429,1
675,f70bec8d41a53269,,wastar,"{""w"": 5.0}",pdb,"{""pdb_dir"": ""../phase1_data_generation/data/pdbs""}",36.00,1,solved,70,,401,1265,386,817,0.0679,0.0996,1
676,27ca91d0e856fb34,,wastar,"{""w"": 5.0}",pdb,"{""pdb_dir"": ""../phase1_data_generation/data/pdbs""}",38.00,1,solved,72,,360,1138,361,773,0.0627,0.0911,1
677,aec7f98631bd5024,,wastar,"{""w"": 5.0}",pdb,"{""pdb_dir"": ""../phase1_data_generation/data/pdbs""}",34.00,1,solved,64,,428,1353,424,906,0.0747,0.1085,1
678,7b0d3f1ea9c52648,,wastar,"{""w"": 5.0}",pdb,"{""pdb_dir"": ""../phase1_data_generation/data/pdbs""}",32.00,1,solved,34,,35,108,36,74,0.0062,0.0088,1
679,2fde705b36a8194c,,wastar,"{""w"": 5.0}",pdb,"{""pdb_dir"": ""../phase1_data_generation/data/pdbs""}",32.00,1,solved,72,,228,723,229,495,0.0407,0.0588,1
680,d38c90aef6517b42,,wastar,"{""w"": 5.0}",pdb,"{""pdb_dir"": ""../phase1_data_generation/data/pdbs""}",36.00,1,solved,74,,416,1309,402,847,0.0718,0.1052,1
681,f9c6345d7a81b02e,,wastar,"{""w"": 5.0}",pdb,"{""pdb_dir"": ""../phase1_data_generation/data/pdbs""}",38.00,1,solved,64,,292,936,289,630,0.0511,0.0744,1
682,0fc18be57296ad34,,wastar,"{""w"": 5.0}",pdb,"{""pdb_dir"": ""../phase1_data_generation/data/pdbs""}",34.00,1,solved,62,,133,418,134,286,0.0246,0.0356,1
683,9f6cd0a175483be2,,wastar,"{""w"": 5.0}",pdb,"{""pdb_dir"": ""../phase1_data_generation/data/pdbs""}",32.00,1,solved,60,,267,853,266,580,0.0480,0.0698,1
684,3f0924a7bc85d6e1,,wastar,"{""w"": 5.0}",pdb,"{""pdb_dir"": ""../phase1_data_generation/data/pdbs""}",44.00,1,solved,100,,470,1482,467,999,0.0850,0.1237,1
685,abdef08471c96523,,wastar,"{""w"": 5.0}",pdb,"{""pdb_dir"": ""../phase1_data_generation/data/pdbs""}",36.00,1,solved,44,,56,178,57,123,0.0104,0.0149,1
686,72f963be584c10ad,,wastar,"{""w"": 5.0}",pdb,"{""pdb_dir"": ""../phase1_data_generation/data/pdbs""}",42.00,1,solved,60,,145,452,144,301,0.0262,0.0378,1
687,b32d78e094ca6f15,,wastar,"{""w"": 5.0}",pdb,"{""pdb_dir"": ""../phase1_data_generation/data/pdbs""}",42.00,1,solved,48,,53,175,54,123,0.0098,0.0140,1
688,e6d289bc1a54f037,,wastar,"{""w"": 5.0}",pdb,"{""pdb_dir"": ""../phase1_data_generation/data/pdbs""}",38.00,1,solved,46,,67,220,68,154,0.0122,0.0176,1
689,5fc46d30e789b2a1,,wastar,"{""w"": 5.0}",pdb,"{""pdb_dir"": ""../phase1_data_generation/data/pdbs""}",34.00,1,solved,62,,327,1029,328,699,0.0594,0.0860,1
690,df9c80e147a62b53,,wastar,"{""w"": 5.0}",pdb,"{""pdb_dir"": ""../phase1_data_generation/data/pdbs""}",40.00,1,solved,82,,230,731,231,502,0.0417,0.0603,1
691,9401f87c3e6d2ab5,,wastar,"{""w"": 5.0}",pdb,"{""pdb_dir"": ""../phase1_data_generation/data/pdbs""}",36.00,1,solved,62,,104,336,105,233,0.0190,0.0274,1
692,a3e8bc192f5760d4,,wastar,"{""w"": 5.0}",pdb,"{""pdb_dir"": ""../phase1_data_generation/data/pdbs""}",36.00,1,solved,64,,372,1160,372,776,0.0677,0.0978,1
693,e7df281a6953b4c0,,wastar,"{""w"": 5.0}",pdb,"{""pdb_dir"": ""../phase1_data_generation/data/pdbs""}",44.00,1,solved,76,,434,1350,432,901,0.0789,0.1146,1
694,3849572d06ebaf1c,,wastar,"{""w"": 5.0}",pdb,"{""pdb_dir"": ""../phase1_data_generation/data/pdbs""}",46.00,1,solved,82,,215,699,216,483,0.0384,0.0556,1
695,eba5703d14f869c2,,wastar,"{""w"": 5.0}",pdb,"{""pdb_dir"": ""../phase1_data_generation/data/pdbs""}",40.00,1,solved,62,,170,543,171,374,0.0309,0.0448,1
696,4f1eadbc52396870,,wastar,"{""w"": 5.0}",pdb,"{""pdb_dir"": ""../phase1_data_generation/data/pdbs""}",42.00,1,solved,80,,462,1472,353,763,0.0623,0.0976,1
697,13adf06cb7952e84,,wastar,"{""w"": 5.0}",pdb,"{""pdb_dir"": ""../phase1_data_generation/data/pdbs""}",34.00,1,solved,64,,240,770,241,529,0.0427,0.0618,1
698,ebc6d1a98524f037,,wastar,"{""w"": 5.0}",pdb,"{""pdb_dir"": ""../phase1_data_generation/data/pdbs""}",40.00,1,solved,70,,266,857,263,579,0.0476,0.0691,1
699,b4fc3d60e7189a25,,wastar,"{""w"": 5.0}",pdb,"{""pdb_dir"": ""../phase1_data_generation/data/pdbs""}",34.00,1,solved,42,,63,205,64,143,0.0117,0.0168,1
700,d403e1c5ab276f98,,wastar,"{""w"": 5.0}",pdb,"{""pdb_dir"": ""../phase1_data_generation/data/pdbs""}",48.00,1,solved,88,,343,1092,343,744,0.0618,0.0896,1
701,0658ca2d791efb43,,wastar,"{""w"": 5.0}",pdb,"{""pdb_dir"": ""../phase1_data_generation/data/pdbs""}",40.00,1,solved,64,,122,396,123,275,0.0219,0.0317,1
702,49edcb2af7586031,,wastar,"{""w"": 5.0}",pdb,"{""pdb_dir"": ""../phase1_data_generation/data/pdbs""}",38.00,1,solved,64,,199,640,196,433,0.0352,0.0511,1
703,3b9810fec65d7a42,,wastar,"{""w"": 5.0}",pdb,"{""pdb_dir"": ""../phase1_data_generation/data/pdbs""}",42.00,1,solved,72,,187,594,187,407,0.0335,0.0483,1
704,e93f6a80b5d4172c,,wastar,"{""w"": 5.0}",pdb,"{""pdb_dir"": ""../phase1_data_generation/data/pdbs""}",42.00,1,solved,94,,516,1616,461,969,0.0821,0.1225,1
705,ebd436c59f78a210,,wastar,"{""w"": 5.0}",pdb,"{""pdb_dir"": ""../phase1_data_generation/data/pdbs""}",32.00,1,solved,68,,224,710,225,485,0.0399,0.0576,1
706,0c269ef13db87a45,,wastar,"{""w"": 5.0}",pdb,"{""pdb_dir"": ""../phase1_data_generation/data/pdbs""}",38.00,1,solved,46,,53,170,54,118,0.0095,0.0136,1
707,ce0af64875d321b9,,wastar,"{""w"": 5.0}",pdb,"{""pdb_dir"": ""../phase1_data_generation/data/pdbs""}",36.00,1,solved,48,,55,177,56,123,0.0097,0.0141,1
708,cd5a19837b4ef026,,wastar,"{""w"": 5.0}",pdb,"{""pdb_dir"": ""../phase1_data_generation/data/pdbs""}",46.00,1,solved,76,,498,1559,486,1023,0.0883,0.1287,1
709,e59ad4b2710cf638,,wastar,"{""w"": 5.0}",pdb,"{""pdb_dir"": ""../phase1_data_generation/data/pdbs""}",42.00,1,solved,78,,806,2580,798,1730,0.1412,0.2057,1
710,067e3bad2c4f8591,,wastar,"{""w"": 5.0}",pdb,"{""pdb_dir"": ""../phase1_data_generation/data/pdbs""}",40.00,1,solved,70,,224,713,223,483,0.0395,0.0571,1
711,df2c1a7836b5e049,,wastar,"{""w"": 5.0}",pdb,"{""pdb_dir"": ""../phase1_data_generation/data/pdbs""}",38.00,1,solved,68,,240,759,227,486,0.0406,0.0598,1
712,f649b57c0ed8312a,,wastar,"{""w"": 5.0}",pdb,"{""pdb_dir"": ""../phase1_data_generation/data/pdbs""}",32.00,1,solved,84,,1648,5252,1518,3237,0.2700,0.4018,1
713,a9dc78e03521fb64,,wastar,"{""w"": 5.0}",pdb,"{""pdb_dir"": ""../phase1_data_generation/data/pdbs""}",30.00,1,solved,64,,178,569,177,385,0.0318,0.0461,1
714,fe8960c1ba7523d4,,wastar,"{""w"": 5.0}",pdb,"{""pdb_dir"": ""../phase1_data_generation/data/pdbs""}",30.00,1,solved,54,,144,460,145,315,0.0255,0.0369,1
715,1fdc60e834b5972a,,wastar,"{""w"": 5.0}",pdb,"{""pdb_dir"": ""../phase1_data_generation/data/pdbs""}",32.00,1,solved,58,,227,707,228,479,0.0393,0.0568,1
716,061389dcba54f27e,,wastar,"{""w"": 5.0}",pdb,"{""pdb_dir"": ""../phase1_data_generation/data/pdbs""}",46.00,1,solved,68,,103,331,104,229,0.0179,0.0258,1
717,bc69e315daf48270,,wastar,"{""w"": 5.0}",pdb,"{""pdb_dir"": ""../phase1_data_generation/data/pdbs""}",40.00,1,solved,66,,180,582,181,401,0.0311,0.0452,1
718,9308754b12d6efca,,wastar,"{""w"": 5.0}",pdb,"{""pdb_dir"": ""../phase1_data_generation/data/pdbs""}",48.00,1,solved,94,,456,1492,442,981,0.0757,0.1112,1
719,f28a705e1bc4936d,,wastar,"{""w"": 5.0}",pdb,"{""pdb_dir"": ""../phase1_data_generation/data/pdbs""}",34.00,1,solved,54,,131,417,132,287,0.0228,0.0329,1
720,a4ef1c7b38d96025,,wastar,"{""w"": 5.0}",pdb,"{""pdb_dir"": ""../phase1_data_generation/data/pdbs""}",44.00,1,solved,94,,591,1856,513,1077,0.0879,0.1327,1
721,647f5c9eb30a281d,,wastar,"{""w"": 5.0}",pdb,"{""pdb_dir"": ""../phase1_data_generation/data/pdbs""}",46.00,1,solved,100,,1091,3431,1076,2273,0.1881,0.2751,1
722,219dc06fe385a4b7,,wastar,"{""w"": 5.0}",pdb,"{""pdb_dir"": ""../phase1_data_generation/data/pdbs""}",48.00,1,solved,92,,207,650,208,444,0.0369,0.0533,1
723,689ab4defc137520,,wastar,"{""w"": 5.0}",pdb,"{""pdb_dir"": ""../phase1_data_generation/data/pdbs""}",44.00,1,solved,72,,124,391,125,268,0.0215,0.0310,1
724,9d4c70f2b681a3e5,,wastar,"{""w"": 5.0}",pdb,"{""pdb_dir"": ""../phase1_data_generation/data/pdbs""}",36.00,1,solved,48,,146,482,147,337,0.0258,0.0373,1
725,ae973fdc65082b14,,wastar,"{""w"": 5.0}",pdb,"{""pdb_dir"": ""../phase1_data_generation/data/pdbs""}",32.00,1,solved,50,,150,468,146,309,0.0252,0.0365,1
726,aebdf176230c4985,,wastar,"{""w"": 5.0}",pdb,"{""pdb_dir"": ""../phase1_data_generation/data/pdbs""}",36.00,1,solved,42,,60,196,61,137,0.0107,0.0153,1
727,76d834b0cafe9215,,wastar,"{""w"": 5.0}",pdb,"{""pdb_dir"": ""../phase1_data_generation/data/pdbs""}",44.00,1,solved,70,,158,497,159,340,0.0285,0.0410,1
728,95fca8ed0672134b,,wastar,"{""w"": 5.0}",pdb,"{""pdb_dir"": ""../phase1_data_generation/data/pdbs""}",38.00,1,solved,74,,232,731,233,498,0.0419,0.0605,1
729,f9deb23a750c8614,,wastar,"{""w"": 5.0}",pdb,"{""pdb_dir"": ""../phase1_data_generation/data/pdbs""}",34.00,1,solved,46,,63,209,64,147,0.0113,0.0162,1
730,6fec9830bd427a51,,wastar,"{""w"": 5.0}",pdb,"{""pdb_dir"": ""../phase1_data_generation/data/pdbs""}",32.00,1,solved,58,,159,510,160,348,0.0281,0.0405,1
731,e6c4d5807a319bf2,,wastar,"{""w"": 5.0}",pdb,"{""pdb_dir"": ""../phase1_data_generation/data/pdbs""}",36.00,1,solved,68,,1296,4128,1208,2571,0.2150,0.3180,1
732,b5172adf360ce498,,wastar,"{""w"": 5.0}",pdb,"{""pdb_dir"": ""../phase1_data_generation/data/pdbs""}",40.00,1,solved,66,,98,316,99,219,0.0179,0.0257,1
733,75c63da4e219b08f,,wastar,"{""w"": 5.0}",pdb,"{""pdb_dir"": ""../phase1_data_generation/data/pdbs""}",40.00,1,solved,96,,861,2759,855,1862,0.1521,0.2208,1
734,fb0a3794e865c12d,,wastar,"{""w"": 5.0}",pdb,"{""pdb_dir"": ""../phase1_data_generation/data/pdbs""}",42.00,1,solved,86,,672,2130,661,1418,0.1178,0.1718,1
735,fe0a2cd395b76481,,wastar,"{""w"": 5.0}",pdb,"{""pdb_dir"": ""../phase1_data_generation/data/pdbs""}",40.00,1,solved,90,,562,1770,528,1114,0.0947,0.1393,1
736,0ec1f596237a4bd8,,wastar,"{""w"": 5.0}",pdb,"{""pdb_dir"": ""../phase1_data_generation/data/pdbs""}",34.00,1,solved,62,,486,1543,485,1042,0.0862,0.1249,1
737,e9683fd17ac5b024,,wastar,"{""w"": 5.0}",pdb,"{""pdb_dir"": ""../phase1_data_generation/data/pdbs""}",32.00,1,solved,48,,171,535,172,363,0.0309,0.0445,1
738,8f721cad6e05439b,,wastar,"{""w"": 5.0}",pdb,"{""pdb_dir"": ""../phase1_data_generation/data/pdbs""}",48.00,1,solved,76,,136,431,137,296,0.0244,0.0351,1
739,eb21c08d6f75943a,,wastar,"{""w"": 5.0}",pdb,"{""pdb_dir"": ""../phase1_data_generation/data/pdbs""}",46.00,1,solved,82,,397,1250,395,840,0.0704,0.1020,1
740,697cfd824b5a30e1,,wastar,"{""w"": 5.0}",pdb,"{""pdb_dir"": ""../phase1_data_generation/data/pdbs""}",34.00,1,solved,74,,483,1531,468,1006,0.0847,0.1238,1
741,d94c7f2106a8be35,,wastar,"{""w"": 5.0}",pdb,"{""pdb_dir"": ""../phase1_data_generation/data/pdbs""}",32.00,1,solved,54,,74,242,75,169,0.0136,0.0195,1
742,6d54ec217a09bf83,,wastar,"{""w"": 5.0}",pdb,"{""pdb_dir"": ""../phase1_data_generation/data/pdbs""}",42.00,1,solved,70,,139,446,140,308,0.0253,0.0365,1
743,b8d4c091e6537af2,,wastar,"{""w"": 5.0}",pdb,"{""pdb_dir"": ""../phase1_data_generation/data/pdbs""}",40.00,1,solved,64,,105,337,106,233,0.0192,0.0277,1
744,210dcf946b38ea75,,wastar,"{""w"": 5.0}",pdb,"{""pdb_dir"": ""../phase1_data_generation/data/pdbs""}",44.00,1,solved,76,,219,693,220,473,0.0398,0.0575,1
745,9fec624805a71d3b,,wastar,"{""w"": 5.0}",pdb,"{""pdb_dir"": ""../phase1_data_generation/data/pdbs""}",38.00,1,solved,60,,117,372,118,256,0.0214,0.0308,1
746,93085fdc74612bea,,wastar,"{""w"": 5.0}",pdb,"{""pdb_dir"": ""../phase1_data_generation/data/pdbs""}",42.00,1,solved,80,,408,1277,368,768,0.0670,0.0998,1
747,f98461d2ab7ce035,,wastar,"{""w"": 5.0}",pdb,"{""pdb_dir"": ""../phase1_data_generation/data/pdbs""}",38.00,1,solved,50,,78,252,79,175,0.0142,0.0205,1
748,d632cf495b8e701a,,wastar,"{""w"": 5.0}",pdb,"{""pdb_dir"": ""../phase1_data_generation/data/pdbs""}",46.00,1,solved,60,,80,263,81,184,0.0146,0.0211,1
749,937cfd1e0286ba45,,wastar,"{""w"": 5.0}",pdb,"{""pdb_dir"": ""../phase1_data_generation/data/pdbs""}",38.00,1,solved,78,,587,1870,558,1207,0.0994,0.1463,1
750,6f7c831b42095ade,,wastar,"{""w"": 5.0}",pdb,"{""pdb_dir"": ""../phase1_data_generation/data/pdbs""}",46.00,1,solved,84,,371,1191,372,810,0.0668,0.0968,1
751,06c35a79deb4218f,,wastar,"{""w"": 5.0}",pdb,"{""pdb_dir"": ""../phase1_data_generation/data/pdbs""}",44.00,1,solved,76,,158,514,159,357,0.0272,0.0395,1
752,ba0fc6492d5317e8,,wastar,"{""w"": 5.0}",pdb,"{""pdb_dir"": ""../phase1_data_generation/data/pdbs""}",42.00,1,solved,72,,172,559,173,386,0.0290,0.0420,1
753,ae0d32756b941fc8,,wastar,"{""w"": 5.0}",pdb,"{""pdb_dir"": ""../phase1_data_generation/data/pdbs""}",40.00,1,solved,56,,106,343,106,236,0.0189,0.0273,1
754,d7591860c2b3afe4,,wastar,"{""w"": 5.0}",pdb,"{""pdb_dir"": ""../phase1_data_generation/data/pdbs""}",46.00,1,solved,78,,291,909,291,612,0.0494,0.0715,1
755,b5e9cf4a0168273d,,wastar,"{""w"": 5.0}",pdb,"{""pdb_dir"": ""../phase1_data_generation/data/pdbs""}",40.00,1,solved,62,,93,301,94,209,0.0166,0.0241,1
756,7a683c91fe0d254b,,wastar,"{""w"": 5.0}",pdb,"{""pdb_dir"": ""../phase1_data_generation/data/pdbs""}",40.00,1,solved,56,,166,524,166,354,0.0290,0.0421,1
757,630e79c8fbda2145,,wastar,"{""w"": 5.0}",pdb,"{""pdb_dir"": ""../phase1_data_generation/data/pdbs""}",36.00,1,solved,54,,251,786,208,437,0.0368,0.0562,1
758,0e68cda572943f1b,,wastar,"{""w"": 5.0}",pdb,"{""pdb_dir"": ""../phase1_data_generation/data/pdbs""}",34.00,1,solved,66,,152,478,153,327,0.0267,0.0388,1
759,683bf9d7ace51024,,wastar,"{""w"": 5.0}",pdb,"{""pdb_dir"": ""../phase1_data_generation/data/pdbs""}",42.00,1,solved,70,,161,511,162,351,0.0279,0.0404,1
760,7fedb5c80231a496,,wastar,"{""w"": 5.0}",pdb,"{""pdb_dir"": ""../phase1_data_generation/data/pdbs""}",32.00,1,solved,56,,495,1568,464,996,0.0813,0.1200,1
761,834f96dc57be20a1,,wastar,"{""w"": 5.0}",pdb,"{""pdb_dir"": ""../phase1_data_generation/data/pdbs""}",44.00,1,solved,78,,221,706,222,486,0.0388,0.0562,1
762,7df345cabe086291,,wastar,"{""w"": 5.0}",pdb,"{""pdb_dir"": ""../phase1_data_generation/data/pdbs""}",38.00,1,solved,92,,892,2826,882,1889,0.1543,0.2251,1
763,fbd96ce23518a740,,wastar,"{""w"": 5.0}",pdb,"{""pdb_dir"": ""../phase1_data_generation/data/pdbs""}",32.00,1,solved,52,,201,632,202,430,0.0349,0.0507,1
764,6cb9a3df418e5072,,wastar,"{""w"": 5.0}",pdb,"{""pdb_dir"": ""../phase1_data_generation/data/pdbs""}",46.00,1,solved,62,,74,235,75,162,0.0132,0.0191,1
765,ef9d4ab805c61327,,wastar,"{""w"": 5.0}",pdb,"{""pdb_dir"": ""../phase1_data_generation/data/pdbs""}",42.00,1,solved,82,,665,2107,543,1169,0.0952,0.1463,1
766,a258eb1c9704f63d,,wastar,"{""w"": 5.0}",pdb,"{""pdb_dir"": ""../phase1_data_generation/data/pdbs""}",38.00,1,solved,64,,126,415,127,290,0.0225,0.0325,1
767,37ba8092c14df65e,,wastar,"{""w"": 5.0}",pdb,"{""pdb_dir"": ""../phase1_data_generation/data/pdbs""}",50.00,1,solved,92,,315,1013,305,669,0.0543,0.0795,1
768,1e09a458df27cb63,,wastar,"{""w"": 5.0}",pdb,"{""pdb_dir"": ""../phase1_data_generation/data/pdbs""}",52.00,1,solved,94,,706,2218,650,1374,0.1114,0.1655,1
769,9d6872b4cf1530ae,,wastar,"{""w"": 5.0}",pdb,"{""pdb_dir"": ""../phase1_data_generation/data/pdbs""}",38.00,1,solved,70,,389,1208,387,812,0.0674,0.0977,1
770,c14abf8e2d093657,,wastar,"{""w"": 5.0}",pdb,"{""pdb_dir"": ""../phase1_data_generation/data/pdbs""}",42.00,1,solved,80,,244,762,243,513,0.0412,0.0600,1
771,29ae3bf805714d6c,,wastar,"{""w"": 5.0}",pdb,"{""pdb_dir"": ""../phase1_data_generation/data/pdbs""}",44.00,1,solved,58,,89,287,90,199,0.0154,0.0222,1
772,c9761efb034a285d,,wastar,"{""w"": 5.0}",pdb,"{""pdb_dir"": ""../phase1_data_generation/data/pdbs""}",48.00,1,solved,88,,359,1144,360,780,0.0638,0.0927,1
773,ecb9608721a543df,,wastar,"{""w"": 5.0}",pdb,"{""pdb_dir"": ""../phase1_data_generation/data/pdbs""}",44.00,1,solved,66,,154,486,155,333,0.0270,0.0388,1
774,789d6a10bfe23c54,,wastar,"{""w"": 5.0}",pdb,"{""pdb_dir"": ""../phase1_data_generation/data/pdbs""}",38.00,1,solved,56,,89,290,90,202,0.0163,0.0236,1
775,aef8907d4bc56321,,wastar,"{""w"": 5.0}",pdb,"{""pdb_dir"": ""../phase1_data_generation/data/pdbs""}",34.00,1,solved,62,,141,449,142,309,0.0253,0.0364,1
776,a56230ed7489bfc1,,wastar,"{""w"": 5.0}",pdb,"{""pdb_dir"": ""../phase1_data_generation/data/pdbs""}",42.00,1,solved,76,,983,3128,878,1887,0.1556,0.2329,1
777,d68ce420f57a3b91,,wastar,"{""w"": 5.0}",pdb,"{""pdb_dir"": ""../phase1_data_generation/data/pdbs""}",30.00,1,solved,74,,500,1581,501,1076,0.0898,0.1300,1
778,bc14d5f086a9723e,,wastar,"{""w"": 5.0}",pdb,"{""pdb_dir"": ""../phase1_data_generation/data/pdbs""}",42.00,1,solved,64,,100,318,101,219,0.0182,0.0261,1
779,360cb7df98ae5124,,wastar,"{""w"": 5.0}",pdb,"{""pdb_dir"": ""../phase1_data_generation/data/pdbs""}",40.00,1,solved,72,,560,1828,525,1167,0.0939,0.1386,1
780,8b3f524c0d19ea76,,wastar,"{""w"": 5.0}",pdb,"{""pdb_dir"": ""../phase1_data_generation/data/pdbs""}",46.00,1,solved,74,,162,521,163,360,0.0288,0.0416,1
781,a6bce5d0729f3184,,wastar,"{""w"": 5.0}",pdb,"{""pdb_dir"": ""../phase1_data_generation/data/pdbs""}",26.00,1,solved,34,,58,189,59,132,0.0103,0.0148,1
782,cb94afe27168d350,,wastar,"{""w"": 5.0}",pdb,"{""pdb_dir"": ""../phase1_data_generation/data/pdbs""}",40.00,1,solved,68,,176,543,177,368,0.0319,0.0460,1
783,052ca369db78ef41,,wastar,"{""w"": 5.0}",pdb,"{""pdb_dir"": ""../phase1_data_generation/data/pdbs""}",36.00,1,solved,50,,74,237,75,164,0.0132,0.0190,1
784,06e834d75b2c91fa,,wastar,"{""w"": 5.0}",pdb,"{""pdb_dir"": ""../phase1_data_generation/data/pdbs""}",44.00,1,solved,86,,355,1123,356,762,0.0649,0.0940,1
785,3f197dbe620c58a4,,wastar,"{""w"": 5.0}",pdb,"{""pdb_dir"": ""../phase1_data_generation/data/pdbs""}",38.00,1,solved,62,,364,1139,364,763,0.0661,0.0955,1
786,eac8df51730b2694,,wastar,"{""w"": 5.0}",pdb,"{""pdb_dir"": ""../phase1_data_generation/data/pdbs""}",30.00,1,solved,60,,176,549,177,372,0.0321,0.0462,1
787,fa94b760e31c25d8,,wastar,"{""w"": 5.0}",pdb,"{""pdb_dir"": ""../phase1_data_generation/data/pdbs""}",32.00,1,solved,50,,92,297,93,206,0.0169,0.0243,1
788,3d975f180e6ca4b2,,wastar,"{""w"": 5.0}",pdb,"{""pdb_dir"": ""../phase1_data_generation/data/pdbs""}",44.00,1,solved,52,,58,191,59,134,0.0107,0.0153,1
789,7c025648eb9daf13,,wastar,"{""w"": 5.0}",pdb,"{""pdb_dir"": ""../phase1_data_generation/data/pdbs""}",46.00,1,solved,82,,466,1465,440,933,0.0799,0.1173,1
790,d75af8492e0c36b1,,wastar,"{""w"": 5.0}",pdb,"{""pdb_dir"": ""../phase1_data_generation/data/pdbs""}",34.00,1,solved,46,,99,312,100,214,0.0182,0.0261,1
791,c49aebf18236d075,,wastar,"{""w"": 5.0}",pdb,"{""pdb_dir"": ""../phase1_data_generation/data/pdbs""}",44.00,1,solved,80,,764,2435,722,1547,0.1309,0.1925,1
792,c5f937e68402ba1d,,wastar,"{""w"": 5.0}",pdb,"{""pdb_dir"": ""../phase1_data_generation/data/pdbs""}",42.00,1,solved,90,,436,1394,431,945,0.0778,0.1129,1
793,36b2aecf578d1490,,wastar,"{""w"": 5.0}",pdb,"{""pdb_dir"": ""../phase1_data_generation/data/pdbs""}",42.00,1,solved,72,,228,724,229,496,0.0414,0.0598,1
794,9ce82b31fd06457a,,wastar,"{""w"": 5.0}",pdb,"{""pdb_dir"": ""../phase1_data_generation/data/pdbs""}",42.00,1,solved,74,,191,602,192,411,0.0341,0.0497,1
795,df56907cb81a32e4,,wastar,"{""w"": 5.0}",pdb,"{""pdb_dir"": ""../phase1_data_generation/data/pdbs""}",32.00,1,solved,82,,584,1832,585,1241,0.1029,0.1494,1
796,560ca94ed1283f7b,,wastar,"{""w"": 5.0}",pdb,"{""pdb_dir"": ""../phase1_data_generation/data/pdbs""}",42.00,1,solved,74,,168,539,169,372,0.0301,0.0434,1
797,08ebc915df73624a,,wastar,"{""w"": 5.0}",pdb,"{""pdb_dir"": ""../phase1_data_generation/data/pdbs""}",46.00,1,solved,72,,186,586,184,393,0.0319,0.0461,1
798,e825f7910bdc4a36,,wastar,"{""w"": 5.0}",pdb,"{""pdb_dir"": ""../phase1_data_generation/data/pdbs""}",40.00,1,solved,52,,74,230,75,157,0.0130,0.0189,1
799,b2089dc735a1ef64,,wastar,"{""w"": 5.0}",pdb,"{""pdb_dir"": ""../phase1_data_generation/data/pdbs""}",38.00,1,solved,70,,326,1026,325,687,0.0563,0.0815,1
800,5d0ba6c7e3142f89,,wastar,"{""w"": 5.0}",pdb,"{""pdb_dir"": ""../phase1_data_generation/data/pdbs""}",38.00,1,solved,86,,313,1015,314,698,0.0536,0.0778,1
801,dc89a720f1e4b356,,wastar,"{""w"": 5.0}",pdb,"{""pdb_dir"": ""../phase1_data_generation/data/pdbs""}",34.00,1,solved,60,,112,360,113,249,0.0200,0.0286,1
802,b3ace6f9d1457082,,wastar,"{""w"": 5.0}",pdb,"{""pdb_dir"": ""../phase1_data_generation/data/pdbs""}",38.00,1,solved,96,,1309,4157,1237,2628,0.2191,0.3247,1
803,03ab6dfe2741589c,,wastar,"{""w"": 5.0}",pdb,"{""pdb_dir"": ""../phase1_data_generation/data/pdbs""}",44.00,1,solved,88,,724,2293,700,1504,0.1225,0.1798,1
804,fc79b0835e4a621d,,wastar,"{""w"": 5.0}",pdb,"{""pdb_dir"": ""../phase1_data_generation/data/pdbs""}",34.00,1,solved,62,,105,343,106,239,0.0179,0.0260,1
805,6fa174c90e2d38b5,,wastar,"{""w"": 5.0}",pdb,"{""pdb_dir"": ""../phase1_data_generation/data/pdbs""}",38.00,1,solved,72,,205,652,206,447,0.0355,0.0517,1
806,ce67b9da83f14520,,wastar,"{""w"": 5.0}",pdb,"{""pdb_dir"": ""../phase1_data_generation/data/pdbs""}",46.00,1,solved,96,,362,1148,348,741,0.0612,0.0900,1
807,0f8512c3de7ab694,,wastar,"{""w"": 5.0}",pdb,"{""pdb_dir"": ""../phase1_data_generation/data/pdbs""}",40.00,1,solved,70,,150,478,151,329,0.0266,0.0385,1
808,8e0d9a6c7f12b534,,wastar,"{""w"": 5.0}",pdb,"{""pdb_dir"": ""../phase1_data_generation/data/pdbs""}",34.00,1,solved,66,,590,1881,563,1212,0.1018,0.1495,1
809,dc2ebf80a5697431,,wastar,"{""w"": 5.0}",pdb,"{""pdb_dir"": ""../phase1_data_generation/data/pdbs""}",36.00,1,solved,46,,58,191,59,134,0.0107,0.0154,1
810,cadf31908e7b2546,,wastar,"{""w"": 5.0}",pdb,"{""pdb_dir"": ""../phase1_data_generation/data/pdbs""}",46.00,1,solved,94,,761,2429,702,1506,0.1275,0.1887,1
811,320a67ec4b589f1d,,wastar,"{""w"": 5.0}",pdb,"{""pdb_dir"": ""../phase1_data_generation/data/pdbs""}",46.00,1,solved,74,,201,633,201,428,0.0362,0.0524,1
812,cfd7501eba642938,,wastar,"{""w"": 5.0}",pdb,"{""pdb_dir"": ""../phase1_data_generation/data/pdbs""}",40.00,1,solved,90,,497,1576,466,995,0.0832,0.1226,1
813,d691b7c03ae5284f,,wastar,"{""w"": 5.0}",pdb,"{""pdb_dir"": ""../phase1_data_generation/data/pdbs""}",38.00,1,solved,70,,179,572,180,393,0.0326,0.0471,1
814,ac6d741b0e385f92,,wastar,"{""w"": 5.0}",pdb,"{""pdb_dir"": ""../phase1_data_generation/data/pdbs""}",40.00,1,solved,90,,461,1461,450,962,0.0794,0.1159,1
815,0b1763afe2954cd8,,wastar,"{""w"": 5.0}",pdb,"{""pdb_dir"": ""../phase1_data_generation/data/pdbs""}",50.00,1,solved,82,,251,789,252,536,0.0451,0.0652,1
816,1ca9de38570b62f4,,wastar,"{""w"": 5.0}",pdb,"{""pdb_dir"": ""../phase1_data_generation/data/pdbs""}",42.00,1,solved,66,,309,973,310,663,0.0553,0.0799,1
817,08d4ecf593b267a1,,wastar,"{""w"": 5.0}",pdb,"{""pdb_dir"": ""../phase1_data_generation/data/pdbs""}",38.00,1,solved,44,,105,332,101,213,0.0176,0.0258,1
818,2c9763df1e4ab085,,wastar,"{""w"": 5.0}",pdb,"{""pdb_dir"": ""../phase1_data_generation/data/pdbs""}",44.00,1,solved,94,,296,925,297,627,0.0540,0.0781,1
819,7efd80ca915b6342,,wastar,"{""w"": 5.0}",pdb,"{""pdb_dir"": ""../phase1_data_generation/data/pdbs""}",38.00,1,solved,84,,1218,3861,1035,2203,0.1857,0.2815,1
820,bec730d92685f1a4,,wastar,"{""w"": 5.0}",pdb,"{""pdb_dir"": ""../phase1_data_generation/data/pdbs""}",28.00,1,solved,60,,150,492,151,341,0.0273,0.0394,1
821,a3f7c5d01b8692e4,,wastar,"{""w"": 5.0}",pdb,"{""pdb_dir"": ""../phase1_data_generation/data/pdbs""}",42.00,1,solved,72,,146,461,147,316,0.0266,0.0383,1
822,bc0a62fe85347d91,,wastar,"{""w"": 5.0}",pdb,"{""pdb_dir"": ""../phase1_data_generation/data/pdbs""}",34.00,1,solved,48,,65,206,66,142,0.0120,0.0172,1
823,8401fcb3a2ed9675,,wastar,"{""w"": 5.0}",pdb,"{""pdb_dir"": ""../phase1_data_generation/data/pdbs""}",46.00,1,solved,66,,186,585,168,356,0.0304,0.0452,1
824,abd9f08e263c4751,,wastar,"{""w"": 5.0}",pdb,"{""pdb_dir"": ""../phase1_data_generation/data/pdbs""}",34.00,1,solved,38,,49,157,50,109,0.0091,0.0130,1
825,76dae08cf394152b,,wastar,"{""w"": 5.0}",pdb,"{""pdb_dir"": ""../phase1_data_generation/data/pdbs""}",36.00,1,solved,52,,145,452,146,308,0.0265,0.0381,1
826,eacd7fb041965283,,wastar,"{""w"": 5.0}",pdb,"{""pdb_dir"": ""../phase1_data_generation/data/pdbs""}",40.00,1,solved,60,,83,264,84,181,0.0153,0.0220,1
827,e9bc3f7d62085a14,,wastar,"{""w"": 5.0}",pdb,"{""pdb_dir"": ""../phase1_data_generation/data/pdbs""}",28.00,1,solved,32,,34,110,35,77,0.0063,0.0091,1
828,26de97b5a3f8c140,,wastar,"{""w"": 5.0}",pdb,"{""pdb_dir"": ""../phase1_data_generation/data/pdbs""}",44.00,1,solved,74,,112,375,113,264,0.0203,0.0294,1
829,fa7d268c0b19453e,,wastar,"{""w"": 5.0}",pdb,"{""pdb_dir"": ""../phase1_data_generation/data/pdbs""}",40.00,1,solved,72,,268,843,264,559,0.0466,0.0677,1
830,7cd4f6e8ba053192,,wastar,"{""w"": 5.0}",pdb,"{""pdb_dir"": ""../phase1_data_generation/data/pdbs""}",30.00,1,solved,72,,283,897,284,613,0.0499,0.0725,1
831,b2da91ec8f047653,,wastar,"{""w"": 5.0}",pdb,"{""pdb_dir"": ""../phase1_data_generation/data/pdbs""}",40.00,1,solved,58,,142,461,134,299,0.0226,0.0333,1
832,5f9cbea2017d6843,,wastar,"{""w"": 5.0}",pdb,"{""pdb_dir"": ""../phase1_data_generation/data/pdbs""}",40.00,1,solved,80,,393,1251,338,736,0.0592,0.0900,1
833,c548bf620d1e7a93,,wastar,"{""w"": 5.0}",pdb,"{""pdb_dir"": ""../phase1_data_generation/data/pdbs""}",38.00,1,solved,64,,98,323,99,226,0.0172,0.0250,1
834,6fe3b7901da8254c,,wastar,"{""w"": 5.0}",pdb,"{""pdb_dir"": ""../phase1_data_generation/data/pdbs""}",42.00,1,solved,62,,116,370,116,254,0.0200,0.0287,1
835,a984ef271cbd5360,,wastar,"{""w"": 5.0}",pdb,"{""pdb_dir"": ""../phase1_data_generation/data/pdbs""}",44.00,1,solved,60,,81,262,82,182,0.0139,0.0201,1
836,e6f4751328cdb9a0,,wastar,"{""w"": 5.0}",pdb,"{""pdb_dir"": ""../phase1_data_generation/data/pdbs""}",42.00,1,solved,84,,180,562,181,383,0.0306,0.0442,1
837,6d1ce85f0794a32b,,wastar,"{""w"": 5.0}",pdb,"{""pdb_dir"": ""../phase1_data_generation/data/pdbs""}",36.00,1,solved,72,,197,624,193,414,0.0327,0.0476,1
838,7e1c2d50abf96384,,wastar,"{""w"": 5.0}",pdb,"{""pdb_dir"": ""../phase1_data_generation/data/pdbs""}",34.00,1,solved,70,,177,564,178,388,0.0310,0.0450,1
839,95418dafbe32607c,,wastar,"{""w"": 5.0}",pdb,"{""pdb_dir"": ""../phase1_data_generation/data/pdbs""}",46.00,1,solved,76,,131,435,132,305,0.0224,0.0326,1
840,26b813cf9704dea5,,wastar,"{""w"": 5.0}",pdb,"{""pdb_dir"": ""../phase1_data_generation/data/pdbs""}",44.00,1,solved,64,,120,379,121,260,0.0214,0.0310,1
841,079ecbf436a8d125,,wastar,"{""w"": 5.0}",pdb,"{""pdb_dir"": ""../phase1_data_generation/data/pdbs""}",40.00,1,solved,82,,384,1226,383,834,0.0659,0.0959,1
842,e1c4a968f70b532d,,wastar,"{""w"": 5.0}",pdb,"{""pdb_dir"": ""../phase1_data_generation/data/pdbs""}",40.00,1,solved,80,,334,1061,283,603,0.0491,0.0749,1
843,cd483769f501ae2b,,wastar,"{""w"": 5.0}",pdb,"{""pdb_dir"": ""../phase1_data_generation/data/pdbs""}",36.00,1,solved,66,,179,569,180,391,0.0316,0.0458,1
844,57ba2f963c01d48e,,wastar,"{""w"": 5.0}",pdb,"{""pdb_dir"": ""../phase1_data_generation/data/pdbs""}",48.00,1,solved,78,,321,1021,322,699,0.0551,0.0798,1
845,cbeaf2586d193470,,wastar,"{""w"": 5.0}",pdb,"{""pdb_dir"": ""../phase1_data_generation/data/pdbs""}",34.00,1,solved,74,,610,1942,606,1307,0.1062,0.1545,1
846,bad260ec37149f58,,wastar,"{""w"": 5.0}",pdb,"{""pdb_dir"": ""../phase1_data_generation/data/pdbs""}",36.00,1,solved,80,,1322,4221,1146,2441,0.2067,0.3128,1
847,d1489cf0b2ea6537,,wastar,"{""w"": 5.0}",pdb,"{""pdb_dir"": ""../phase1_data_generation/data/pdbs""}",46.00,1,solved,76,,245,783,246,538,0.0430,0.0623,1
848,1d096aec25b47f83,,wastar,"{""w"": 5.0}",pdb,"{""pdb_dir"": ""../phase1_data_generation/data/pdbs""}",42.00,1,solved,68,,127,398,128,272,0.0230,0.0332,1
849,632de4f17c5a9b80,,wastar,"{""w"": 5.0}",pdb,"{""pdb_dir"": ""../phase1_data_generation/data/pdbs""}",46.00,1,solved,70,,170,539,169,363,0.0301,0.0436,1
850,0e2f9dbc7154a368,,wastar,"{""w"": 5.0}",pdb,"{""pdb_dir"": ""../phase1_data_generation/data/pdbs""}",36.00,1,solved,64,,122,395,123,274,0.0213,0.0309,1
851,85e1fc2674bd309a,,wastar,"{""w"": 5.0}",pdb,"{""pdb_dir"": ""../phase1_data_generation/data/pdbs""}",38.00,1,solved,64,,284,890,278,588,0.0489,0.0711,1
852,c8194eaf7b62d035,,wastar,"{""w"": 5.0}",pdb,"{""pdb_dir"": ""../phase1_data_generation/data/pdbs""}",46.00,1,solved,54,,76,248,77,173,0.0135,0.0195,1
853,0f124e7d65cb3a89,,wastar,"{""w"": 5.0}",pdb,"{""pdb_dir"": ""../phase1_data_generation/data/pdbs""}",40.00,1,solved,72,,784,2472,770,1619,0.1377,0.2003,1
854,e78df2c10439a5b6,,wastar,"{""w"": 5.0}",pdb,"{""pdb_dir"": ""../phase1_data_generation/data/pdbs""}",36.00,1,solved,50,,55,174,56,120,0.0099,0.0142,1
855,2bfce7ad06935148,,wastar,"{""w"": 5.0}",pdb,"{""pdb_dir"": ""../phase1_data_generation/data/pdbs""}",34.00,1,solved,50,,65,212,66,148,0.0119,0.0171,1
856,c584fe90bda62371,,wastar,"{""w"": 5.0}",pdb,"{""pdb_dir"": ""../phase1_data_generation/data/pdbs""}",32.00,1,solved,50,,90,282,91,193,0.0163,0.0235,1
857,29f8a4e17d635cb0,,wastar,"{""w"": 5.0}",pdb,"{""pdb_dir"": ""../phase1_data_generation/data/pdbs""}",46.00,1,solved,62,,163,508,159,336,0.0289,0.0421,1
858,7c0931bef6a8d452,,wastar,"{""w"": 5.0}",pdb,"{""pdb_dir"": ""../phase1_data_generation/data/pdbs""}",38.00,1,solved,92,,362,1137,363,775,0.0657,0.0949,1
859,3fdc9eb80671a542,,wastar,"{""w"": 5.0}",pdb,"{""pdb_dir"": ""../phase1_data_generation/data/pdbs""}",30.00,1,solved,48,,183,574,182,384,0.0325,0.0471,1
860,87d9c4f2eb05a163,,wastar,"{""w"": 5.0}",pdb,"{""pdb_dir"": ""../phase1_data_generation/data/pdbs""}",50.00,1,solved,100,,658,2074,606,1284,0.1084,0.1606,1
861,a48d9e15bf3726c0,,wastar,"{""w"": 5.0}",pdb,"{""pdb_dir"": ""../phase1_data_generation/data/pdbs""}",40.00,1,solved,68,,106,343,107,238,0.0195,0.0280,1
862,2f4b30ec7d15a968,,wastar,"{""w"": 5.0}",pdb,"{""pdb_dir"": ""../phase1_data_generation/data/pdbs""}",40.00,1,solved,74,,265,837,266,570,0.0471,0.0682,1
863,ab0638ed9451f72c,,wastar,"{""w"": 5.0}",pdb,"{""pdb_dir"": ""../phase1_data_generation/data/pdbs""}",40.00,1,solved,58,,93,307,94,215,0.0169,0.0244,1
864,3ad4e6bf2c987051,,wastar,"{""w"": 5.0}",pdb,"{""pdb_dir"": ""../phase1_data_generation/data/pdbs""}",36.00,1,solved,74,,1397,4463,1149,2445,0.2054,0.3149,1
865,a2f83b6d790c14e5,,wastar,"{""w"": 5.0}",pdb,"{""pdb_dir"": ""../phase1_data_generation/data/pdbs""}",36.00,1,solved,74,,483,1514,479,1013,0.0868,0.1259,1
866,6eba439d78512fc0,,wastar,"{""w"": 5.0}",pdb,"{""pdb_dir"": ""../phase1_data_generation/data/pdbs""}",40.00,1,solved,76,,223,733,217,487,0.0390,0.0569,1
867,93fca0675be2814d,,wastar,"{""w"": 5.0}",pdb,"{""pdb_dir"": ""../phase1_data_generation/data/pdbs""}",42.00,1,solved,64,,276,872,272,579,0.0492,0.0713,1
868,0c6fd582eb9a4731,,wastar,"{""w"": 5.0}",pdb,"{""pdb_dir"": ""../phase1_data_generation/data/pdbs""}",40.00,1,solved,74,,294,943,288,623,0.0522,0.0758,1
869,deac50b649f87231,,wastar,"{""w"": 5.0}",pdb,"{""pdb_dir"": ""../phase1_data_generation/data/pdbs""}",36.00,1,solved,64,,125,412,126,288,0.0229,0.0331,1
870,eca8f64079d5b312,,wastar,"{""w"": 5.0}",pdb,"{""pdb_dir"": ""../phase1_data_generation/data/pdbs""}",28.00,1,solved,32,,36,117,37,82,0.0068,0.0098,1
871,bcd7a980456ef132,,wastar,"{""w"": 5.0}",pdb,"{""pdb_dir"": ""../phase1_data_generation/data/pdbs""}",46.00,1,solved,82,,269,846,269,572,0.0478,0.0690,1
872,bd082654ecaf7931,,wastar,"{""w"": 5.0}",pdb,"{""pdb_dir"": ""../phase1_data_generation/data/pdbs""}",38.00,1,solved,62,,136,441,137,305,0.0240,0.0347,1
873,b5dfea9c71043286,,wastar,"{""w"": 5.0}",pdb,"{""pdb_dir"": ""../phase1_data_generation/data/pdbs""}",32.00,1,solved,36,,38,125,39,88,0.0070,0.0099,1
874,0951ebd437f8a2c6,,wastar,"{""w"": 5.0}",pdb,"{""pdb_dir"": ""../phase1_data_generation/data/pdbs""}",40.00,1,solved,50,,62,200,63,139,0.0111,0.0160,1
875,0bac345df76892e1,,wastar,"{""w"": 5.0}",pdb,"{""pdb_dir"": ""../phase1_data_generation/data/pdbs""}",32.00,1,solved,66,,174,562,175,388,0.0306,0.0442,1
876,380c2e6a5f1d7b49,,wastar,"{""w"": 5.0}",pdb,"{""pdb_dir"": ""../phase1_data_generation/data/pdbs""}",38.00,1,solved,56,,279,877,265,550,0.0461,0.0677,1
877,327d895c0bfa6e41,,wastar,"{""w"": 5.0}",pdb,"{""pdb_dir"": ""../phase1_data_generation/data/pdbs""}",40.00,1,solved,70,,343,1098,237,523,0.0407,0.0660,1
878,985df1c074ea362b,,wastar,"{""w"": 5.0}",pdb,"{""pdb_dir"": ""../phase1_data_generation/data/pdbs""}",36.00,1,solved,72,,256,824,248,542,0.0411,0.0602,1
879,f659d0c2b8e3714a,,wastar,"{""w"": 5.0}",pdb,"{""pdb_dir"": ""../phase1_data_generation/data/pdbs""}",34.00,1,solved,60,,147,470,145,316,0.0241,0.0351,1
880,271fae8c45b936d0,,wastar,"{""w"": 5.0}",pdb,"{""pdb_dir"": ""../phase1_data_generation/data/pdbs""}",40.00,1,solved,64,,110,345,111,236,0.0185,0.0268,1
881,97eaf3408612c5bd,,wastar,"{""w"": 5.0}",pdb,"{""pdb_dir"": ""../phase1_data_generation/data/pdbs""}",48.00,1,solved,92,,271,860,272,588,0.0469,0.0685,1
882,78f914ea3b05c62d,,wastar,"{""w"": 5.0}",pdb,"{""pdb_dir"": ""../phase1_data_generation/data/pdbs""}",42.00,1,solved,108,,2272,7201,2063,4362,0.3562,0.5344,1
883,fcb14a293e0d7856,,wastar,"{""w"": 5.0}",pdb,"{""pdb_dir"": ""../phase1_data_generation/data/pdbs""}",42.00,1,solved,92,,403,1271,399,847,0.0681,0.0992,1
884,f9c4e0752a163d8b,,wastar,"{""w"": 5.0}",pdb,"{""pdb_dir"": ""../phase1_data_generation/data/pdbs""}",38.00,1,solved,58,,205,653,204,441,0.0362,0.0522,1
885,03be6c98f571a4d2,,wastar,"{""w"": 5.0}",pdb,"{""pdb_dir"": ""../phase1_data_generation/data/pdbs""}",42.00,1,solved,56,,91,290,92,200,0.0157,0.0229,1
886,0dc4ef39b7a82651,,wastar,"{""w"": 5.0}",pdb,"{""pdb_dir"": ""../phase1_data_generation/data/pdbs""}",24.00,1,solved,54,,1170,3745,923,1983,0.1584,0.2471,1
887,9dabe2850f463c71,,wastar,"{""w"": 5.0}",pdb,"{""pdb_dir"": ""../phase1_data_generation/data/pdbs""}",42.00,1,solved,44,,47,155,48,109,0.0081,0.0116,1
888,0583e19bfc6d7a42,,wastar,"{""w"": 5.0}",pdb,"{""pdb_dir"": ""../phase1_data_generation/data/pdbs""}",42.00,1,solved,70,,322,1017,321,687,0.0543,0.0788,1
889,bc09752e6af8314d,,wastar,"{""w"": 5.0}",pdb,"{""pdb_dir"": ""../phase1_data_generation/data/pdbs""}",30.00,1,solved,70,,336,1071,334,719,0.0584,0.0848,1
890,9aef1630cb4d7258,,wastar,"{""w"": 5.0}",pdb,"{""pdb_dir"": ""../phase1_data_generation/data/pdbs""}",42.00,1,solved,70,,250,806,240,527,0.0439,0.0649,1
891,0e6c1849af723bd5,,wastar,"{""w"": 5.0}",pdb,"{""pdb_dir"": ""../phase1_data_generation/data/pdbs""}",36.00,1,solved,86,,491,1565,488,1057,0.0851,0.1241,1
892,bf0d254a387c9e61,,wastar,"{""w"": 5.0}",pdb,"{""pdb_dir"": ""../phase1_data_generation/data/pdbs""}",32.00,1,solved,46,,67,215,68,149,0.0117,0.0168,1
893,a6fd73ecb5982014,,wastar,"{""w"": 5.0}",pdb,"{""pdb_dir"": ""../phase1_data_generation/data/pdbs""}",22.00,1,solved,38,,83,268,84,186,0.0150,0.0217,1
894,e7f982ba510c6d34,,wastar,"{""w"": 5.0}",pdb,"{""pdb_dir"": ""../phase1_data_generation/data/pdbs""}",38.00,1,solved,84,,387,1238,376,813,0.0674,0.0985,1
895,ba0cd49e6538271f,,wastar,"{""w"": 5.0}",pdb,"{""pdb_dir"": ""../phase1_data_generation/data/pdbs""}",40.00,1,solved,52,,143,462,144,320,0.0258,0.0372,1
896,48ecda31b52967f0,,wastar,"{""w"": 5.0}",pdb,"{""pdb_dir"": ""../phase1_data_generation/data/pdbs""}",42.00,1,solved,78,,241,766,238,513,0.0424,0.0616,1
897,8a749dec3501bf62,,wastar,"{""w"": 5.0}",pdb,"{""pdb_dir"": ""../phase1_data_generation/data/pdbs""}",38.00,1,solved,90,,328,1060,325,718,0.0589,0.0857,1
898,769d1045fbcae823,,wastar,"{""w"": 5.0}",pdb,"{""pdb_dir"": ""../phase1_data_generation/data/pdbs""}",44.00,1,solved,78,,498,1589,494,1065,0.0885,0.1288,1
899,45fca697238ebd10,,wastar,"{""w"": 5.0}",pdb,"{""pdb_dir"": ""../phase1_data_generation/data/pdbs""}",40.00,1,solved,64,,129,418,130,290,0.0232,0.0334,1
900,2efc408d7b1a5693,,wastar,"{""w"": 5.0}",pdb,"{""pdb_dir"": ""../phase1_data_generation/data/pdbs""}",40.00,1,solved,88,,536,1697,535,1146,0.0967,0.1400,1
901,689d7ecf3b5a2140,,wastar,"{""w"": 5.0}",pdb,"{""pdb_dir"": ""../phase1_data_generation/data/pdbs""}",34.00,1,solved,46,,90,295,91,206,0.0164,0.0237,1
902,79cd602afb85e143,,wastar,"{""w"": 5.0}",pdb,"{""pdb_dir"": ""../phase1_data_generation/data/pdbs""}",42.00,1,solved,80,,377,1215,350,760,0.0633,0.0935,1
903,e40cf7962d85ab13,,wastar,"{""w"": 5.0}",pdb,"{""pdb_dir"": ""../phase1_data_generation/data/pdbs""}",36.00,1,solved,76,,196,626,191,416,0.0346,0.0504,1
904,6abfe0937d412c58,,wastar,"{""w"": 5.0}",pdb,"{""pdb_dir"": ""../phase1_data_generation/data/pdbs""}",40.00,1,solved,68,,113,359,114,247,0.0207,0.0298,1
905,13b5e029a7fd64c8,,wastar,"{""w"": 5.0}",pdb,"{""pdb_dir"": ""../phase1_data_generation/data/pdbs""}",46.00,1,solved,94,,1475,4698,1186,2535,0.2147,0.3314,1
906,b53cf4e0718a26d9,,wastar,"{""w"": 5.0}",pdb,"{""pdb_dir"": ""../phase1_data_generation/data/pdbs""}",36.00,1,solved,56,,249,787,232,496,0.0412,0.0608,1
907,bed859f4a302c671,,wastar,"{""w"": 5.0}",pdb,"{""pdb_dir"": ""../phase1_data_generation/data/pdbs""}",38.00,1,solved,70,,231,724,231,490,0.0416,0.0603,1
908,b9fed06825c3417a,,wastar,"{""w"": 5.0}",pdb,"{""pdb_dir"": ""../phase1_data_generation/data/pdbs""}",40.00,1,solved,68,,167,529,168,363,0.0303,0.0438,1
909,e6a71d523c0f4b89,,wastar,"{""w"": 5.0}",pdb,"{""pdb_dir"": ""../phase1_data_generation/data/pdbs""}",44.00,1,solved,68,,106,348,107,243,0.0189,0.0273,1
910,21abf36c479de580,,wastar,"{""w"": 5.0}",pdb,"{""pdb_dir"": ""../phase1_data_generation/data/pdbs""}",44.00,1,solved,72,,129,410,130,282,0.0227,0.0328,1
911,32e57cfa68d410b9,,wastar,"{""w"": 5.0}",pdb,"{""pdb_dir"": ""../phase1_data_generation/data/pdbs""}",46.00,1,solved,82,,270,850,271,580,0.0474,0.0686,1
912,bf3d794a2c08e615,,wastar,"{""w"": 5.0}",pdb,"{""pdb_dir"": ""../phase1_data_generation/data/pdbs""}",38.00,1,solved,52,,101,323,102,223,0.0179,0.0258,1
913,df87c3b6a219e054,,wastar,"{""w"": 5.0}",pdb,"{""pdb_dir"": ""../phase1_data_generation/data/pdbs""}",42.00,1,solved,54,,86,275,87,190,0.0155,0.0223,1
914,7cf83e950adb2164,,wastar,"{""w"": 5.0}",pdb,"{""pdb_dir"": ""../phase1_data_generation/data/pdbs""}",32.00,1,solved,58,,163,527,164,365,0.0294,0.0428,1
915,0d1f96a58b7c32e4,,wastar,"{""w"": 5.0}",pdb,"{""pdb_dir"": ""../phase1_data_generation/data/pdbs""}",36.00,1,solved,64,,253,802,253,545,0.0459,0.0664,1
916,b925fe187c64d03a,,wastar,"{""w"": 5.0}",pdb,"{""pdb_dir"": ""../phase1_data_generation/data/pdbs""}",42.00,1,solved,72,,159,498,160,340,0.0288,0.0416,1
917,ac68903db2f1574e,,wastar,"{""w"": 5.0}",pdb,"{""pdb_dir"": ""../phase1_data_generation/data/pdbs""}",40.00,1,solved,74,,305,966,306,658,0.0538,0.0780,1
918,dc09b5e4238a761f,,wastar,"{""w"": 5.0}",pdb,"{""pdb_dir"": ""../phase1_data_generation/data/pdbs""}",40.00,1,solved,58,,107,351,108,245,0.0194,0.0280,1
919,df1eb4c82a093765,,wastar,"{""w"": 5.0}",pdb,"{""pdb_dir"": ""../phase1_data_generation/data/pdbs""}",36.00,1,solved,54,,81,261,82,181,0.0144,0.0207,1
920,a6cef579028d43b1,,wastar,"{""w"": 5.0}",pdb,"{""pdb_dir"": ""../phase1_data_generation/data/pdbs""}",38.00,1,solved,58,,288,906,275,581,0.0495,0.0726,1
921,461afd987302b5ec,,wastar,"{""w"": 5.0}",pdb,"{""pdb_dir"": ""../phase1_data_generation/data/pdbs""}",44.00,1,solved,60,,131,425,132,295,0.0239,0.0344,1
922,5b9ac04f83de2167,,wastar,"{""w"": 5.0}",pdb,"{""pdb_dir"": ""../phase1_data_generation/data/pdbs""}",46.00,1,solved,82,,230,725,228,486,0.0406,0.0590,1
923,7e8f5ac0b3412d96,,wastar,"{""w"": 5.0}",pdb,"{""pdb_dir"": ""../phase1_data_generation/data/pdbs""}",38.00,1,solved,68,,187,601,188,413,0.0334,0.0484,1
924,3c0689a2bf1de745,,wastar,"{""w"": 5.0}",pdb,"{""pdb_dir"": ""../phase1_data_generation/data/pdbs""}",46.00,1,solved,84,,315,1004,312,673,0.0563,0.0819,1
925,fb41c028ed36a597,,wastar,"{""w"": 5.0}",pdb,"{""pdb_dir"": ""../phase1_data_generation/data/pdbs""}",44.00,1,solved,72,,165,518,166,352,0.0301,0.0433,1
926,6dc81fe2a70345b9,,wastar,"{""w"": 5.0}",pdb,"{""pdb_dir"": ""../phase1_data_generation/data/pdbs""}",40.00,1,solved,70,,196,624,197,429,0.0356,0.0515,1
927,f38b9c40ade76251,,wastar,"{""w"": 5.0}",pdb,"{""pdb_dir"": ""../phase1_data_generation/data/pdbs""}",36.00,1,solved,56,,167,530,167,362,0.0302,0.0436,1
928,7f81c03eba542d96,,wastar,"{""w"": 5.0}",pdb,"{""pdb_dir"": ""../phase1_data_generation/data/pdbs""}",38.00,1,solved,82,,151,486,152,336,0.0275,0.0396,1
929,b385d091ef7c42a6,,wastar,"{""w"": 5.0}",pdb,"{""pdb_dir"": ""../phase1_data_generation/data/pdbs""}",42.00,1,solved,86,,444,1414,426,925,0.0771,0.1131,1
930,6e4750fbda193c82,,wastar,"{""w"": 5.0}",pdb,"{""pdb_dir"": ""../phase1_data_generation/data/pdbs""}",48.00,1,solved,80,,422,1327,421,889,0.0754,0.1099,1
931,9d0f7ba834561ce2,,wastar,"{""w"": 5.0}",pdb,"{""pdb_dir"": ""../phase1_data_generation/data/pdbs""}",44.00,1,solved,68,,236,765,226,500,0.0393,0.0580,1
932,738e6cdb0214af59,,wastar,"{""w"": 5.0}",pdb,"{""pdb_dir"": ""../phase1_data_generation/data/pdbs""}",44.00,1,solved,68,,161,518,162,358,0.0288,0.0420,1
933,fe7c16b52a3490d8,,wastar,"{""w"": 5.0}",pdb,"{""pdb_dir"": ""../phase1_data_generation/data/pdbs""}",36.00,1,solved,84,,373,1174,372,791,0.0648,0.0944,1
934,bf0a358e67c9214d,,wastar,"{""w"": 5.0}",pdb,"{""pdb_dir"": ""../phase1_data_generation/data/pdbs""}",32.00,1,solved,46,,86,277,87,192,0.0152,0.0221,1
935,0daeb148f95c7632,,wastar,"{""w"": 5.0}",pdb,"{""pdb_dir"": ""../phase1_data_generation/data/pdbs""}",38.00,1,solved,52,,65,213,66,149,0.0116,0.0169,1
936,fe0d5b8c2a941736,,wastar,"{""w"": 5.0}",pdb,"{""pdb_dir"": ""../phase1_data_generation/data/pdbs""}",26.00,1,solved,40,,74,236,75,163,0.0133,0.0191,1
937,4fc3a7d0561e298b,,wastar,"{""w"": 5.0}",pdb,"{""pdb_dir"": ""../phase1_data_generation/data/pdbs""}",44.00,1,solved,100,,308,998,309,685,0.0521,0.0757,1
938,e8d4205691a7cbf3,,wastar,"{""w"": 5.0}",pdb,"{""pdb_dir"": ""../phase1_data_generation/data/pdbs""}",48.00,1,solved,82,,241,752,236,496,0.0418,0.0609,1
939,59bdc06ae734f281,,wastar,"{""w"": 5.0}",pdb,"{""pdb_dir"": ""../phase1_data_generation/data/pdbs""}",38.00,1,solved,56,,150,468,151,317,0.0260,0.0377,1
940,0dc2af1857496be3,,wastar,"{""w"": 5.0}",pdb,"{""pdb_dir"": ""../phase1_data_generation/data/pdbs""}",36.00,1,solved,64,,104,326,105,223,0.0182,0.0263,1
941,0ec6a5df837b2149,,wastar,"{""w"": 5.0}",pdb,"{""pdb_dir"": ""../phase1_data_generation/data/pdbs""}",36.00,1,solved,66,,136,429,137,294,0.0240,0.0348,1
942,cef8d560a12974b3,,wastar,"{""w"": 5.0}",pdb,"{""pdb_dir"": ""../phase1_data_generation/data/pdbs""}",42.00,1,solved,80,,204,646,205,443,0.0345,0.0503,1
943,7f1e84d0a5263bc9,,wastar,"{""w"": 5.0}",pdb,"{""pdb_dir"": ""../phase1_data_generation/data/pdbs""}",40.00,1,solved,54,,84,276,85,193,0.0143,0.0207,1
944,ab05fe82c73916d4,,wastar,"{""w"": 5.0}",pdb,"{""pdb_dir"": ""../phase1_data_generation/data/pdbs""}",42.00,1,solved,62,,75,243,76,169,0.0133,0.0193,1
945,bf9a561e230c748d,,wastar,"{""w"": 5.0}",pdb,"{""pdb_dir"": ""../phase1_data_generation/data/pdbs""}",34.00,1,solved,50,,124,385,125,262,0.0220,0.0318,1
946,cad5e7630b89f241,,wastar,"{""w"": 5.0}",pdb,"{""pdb_dir"": ""../phase1_data_generation/data/pdbs""}",40.00,1,solved,66,,118,370,119,253,0.0201,0.0289,1
947,69dfcab52748e310,,wastar,"{""w"": 5.0}",pdb,"{""pdb_dir"": ""../phase1_data_generation/data/pdbs""}",42.00,1,solved,62,,117,362,118,246,0.0201,0.0290,1
948,fbad98610e453c27,,wastar,"{""w"": 5.0}",pdb,"{""pdb_dir"": ""../phase1_data_generation/data/pdbs""}",38.00,1,solved,66,,1075,3411,1039,2228,0.1819,0.2676,1
949,ef2cb0d19a647358,,wastar,"{""w"": 5.0}",pdb,"{""pdb_dir"": ""../phase1_data_generation/data/pdbs""}",32.00,1,solved,56,,137,436,138,299,0.0241,0.0349,1
950,9f16428cbad370e5,,wastar,"{""w"": 5.0}",pdb,"{""pdb_dir"": ""../phase1_data_generation/data/pdbs""}",42.00,1,solved,72,,190,598,190,402,0.0332,0.0480,1
951,6baf9d30e4c15782,,wastar,"{""w"": 5.0}",pdb,"{""pdb_dir"": ""../phase1_data_generation/data/pdbs""}",40.00,1,solved,80,,191,595,192,404,0.0334,0.0483,1
952,ae0c916827d43bf5,,wastar,"{""w"": 5.0}",pdb,"{""pdb_dir"": ""../phase1_data_generation/data/pdbs""}",34.00,1,solved,72,,278,872,279,593,0.0487,0.0704,1
953,fa64508b723ed9c1,,wastar,"{""w"": 5.0}",pdb,"{""pdb_dir"": ""../phase1_data_generation/data/pdbs""}",40.00,1,solved,54,,88,282,89,195,0.0162,0.0233,1
954,2cf813bd7e06954a,,wastar,"{""w"": 5.0}",pdb,"{""pdb_dir"": ""../phase1_data_generation/data/pdbs""}",44.00,1,solved,58,,114,358,115,245,0.0209,0.0300,1
955,c8b2e93ad5417f60,,wastar,"{""w"": 5.0}",pdb,"{""pdb_dir"": ""../phase1_data_generation/data/pdbs""}",42.00,1,solved,62,,87,286,88,200,0.0157,0.0227,1
956,ef08c7a2395d146b,,wastar,"{""w"": 5.0}",pdb,"{""pdb_dir"": ""../phase1_data_generation/data/pdbs""}",38.00,1,solved,62,,241,756,227,479,0.0392,0.0579,1
957,b916f2a7548dc3e0,,wastar,"{""w"": 5.0}",pdb,"{""pdb_dir"": ""../phase1_data_generation/data/pdbs""}",46.00,1,solved,76,,172,535,173,364,0.0302,0.0435,1
958,01db52efa3c67894,,wastar,"{""w"": 5.0}",pdb,"{""pdb_dir"": ""../phase1_data_generation/data/pdbs""}",42.00,1,solved,78,,220,701,221,482,0.0380,0.0554,1
959,f6c1b0783dae4529,,wastar,"{""w"": 5.0}",pdb,"{""pdb_dir"": ""../phase1_data_generation/data/pdbs""}",38.00,1,solved,72,,887,2811,878,1872,0.1546,0.2261,1
960,e128904cd73afb65,,wastar,"{""w"": 5.0}",pdb,"{""pdb_dir"": ""../phase1_data_generation/data/pdbs""}",42.00,1,solved,56,,71,231,72,161,0.0132,0.0189,1
961,afb9318e750c246d,,wastar,"{""w"": 5.0}",pdb,"{""pdb_dir"": ""../phase1_data_generation/data/pdbs""}",38.00,1,solved,48,,61,195,62,135,0.0109,0.0157,1
962,e4d876359f0ba12c,,wastar,"{""w"": 5.0}",pdb,"{""pdb_dir"": ""../phase1_data_generation/data/pdbs""}",44.00,1,solved,84,,239,760,240,520,0.0422,0.0610,1
963,67b92f3c5da1e048,,wastar,"{""w"": 5.0}",pdb,"{""pdb_dir"": ""../phase1_data_generation/data/pdbs""}",38.00,1,solved,80,,254,802,255,548,0.0465,0.0671,1
964,4ae1c7b8fd596320,,wastar,"{""w"": 5.0}",pdb,"{""pdb_dir"": ""../phase1_data_generation/data/pdbs""}",40.00,1,solved,74,,314,1005,315,689,0.0560,0.0812,1
965,bf9d20315ac87e46,,wastar,"{""w"": 5.0}",pdb,"{""pdb_dir"": ""../phase1_data_generation/data/pdbs""}",36.00,1,solved,50,,96,312,97,217,0.0173,0.0249,1
966,bf71c4d9368a2e50,,wastar,"{""w"": 5.0}",pdb,"{""pdb_dir"": ""../phase1_data_generation/data/pdbs""}",36.00,1,solved,56,,115,375,116,261,0.0210,0.0302,1
967,b586702e3caf1d94,,wastar,"{""w"": 5.0}",pdb,"{""pdb_dir"": ""../phase1_data_generation/data/pdbs""}",40.00,1,solved,68,,181,586,182,405,0.0320,0.0461,1
968,da6218ce9f0b4753,,wastar,"{""w"": 5.0}",pdb,"{""pdb_dir"": ""../phase1_data_generation/data/pdbs""}",48.00,1,solved,78,,206,660,206,448,0.0367,0.0530,1
969,da5270f86c4eb193,,wastar,"{""w"": 5.0}",pdb,"{""pdb_dir"": ""../phase1_data_generation/data/pdbs""}",42.00,1,solved,82,,152,493,153,342,0.0271,0.0391,1
970,5bfd76ea839c2014,,wastar,"{""w"": 5.0}",pdb,"{""pdb_dir"": ""../phase1_data_generation/data/pdbs""}",26.00,1,solved,38,,59,196,60,138,0.0104,0.0151,1
971,b90dcf84a752e316,,wastar,"{""w"": 5.0}",pdb,"{""pdb_dir"": ""../phase1_data_generation/data/pdbs""}",34.00,1,solved,58,,153,511,150,347,0.0267,0.0387,1
972,b6ad78f10ec53942,,wastar,"{""w"": 5.0}",pdb,"{""pdb_dir"": ""../phase1_data_generation/data/pdbs""}",32.00,1,solved,88,,1205,3839,1178,2523,0.2099,0.3065,1
973,8fed907c2b635a41,,wastar,"{""w"": 5.0}",pdb,"{""pdb_dir"": ""../phase1_data_generation/data/pdbs""}",34.00,1,solved,68,,375,1169,277,582,0.0496,0.0780,1
974,be5c109327af684d,,wastar,"{""w"": 5.0}",pdb,"{""pdb_dir"": ""../phase1_data_generation/data/pdbs""}",40.00,1,solved,60,,128,407,129,280,0.0234,0.0338,1
975,da7b165f0ec93284,,wastar,"{""w"": 5.0}",pdb,"{""pdb_dir"": ""../phase1_data_generation/data/pdbs""}",38.00,1,solved,90,,1514,4805,1025,2178,0.1862,0.3024,1
976,f69b1ced7a382045,,wastar,"{""w"": 5.0}",pdb,"{""pdb_dir"": ""../phase1_data_generation/data/pdbs""}",32.00,1,solved,68,,344,1086,345,739,0.0615,0.0889,1
977,9adebc65f8032174,,wastar,"{""w"": 5.0}",pdb,"{""pdb_dir"": ""../phase1_data_generation/data/pdbs""}",36.00,1,solved,70,,138,440,139,303,0.0249,0.0359,1
978,f7c8249e650dab31,,wastar,"{""w"": 5.0}",pdb,"{""pdb_dir"": ""../phase1_data_generation/data/pdbs""}",36.00,1,solved,56,,89,296,90,208,0.0162,0.0234,1
979,cb74d390f8526ea1,,wastar,"{""w"": 5.0}",pdb,"{""pdb_dir"": ""../phase1_data_generation/data/pdbs""}",38.00,1,solved,64,,166,538,167,372,0.0301,0.0435,1
980,5f0cea18d6497b23,,wastar,"{""w"": 5.0}",pdb,"{""pdb_dir"": ""../phase1_data_generation/data/pdbs""}",34.00,1,solved,94,,313,1000,312,677,0.0544,0.0787,1
981,5bc264e01fa8379d,,wastar,"{""w"": 5.0}",pdb,"{""pdb_dir"": ""../phase1_data_generation/data/pdbs""}",42.00,1,solved,92,,708,2254,669,1440,0.1174,0.1736,1
982,eb87c39afd641250,,wastar,"{""w"": 5.0}",pdb,"{""pdb_dir"": ""../phase1_data_generation/data/pdbs""}",40.00,1,solved,64,,157,497,158,341,0.0271,0.0393,1
983,c2de8f14ab057963,,wastar,"{""w"": 5.0}",pdb,"{""pdb_dir"": ""../phase1_data_generation/data/pdbs""}",42.00,1,solved,80,,401,1283,397,866,0.0685,0.0999,1
984,6ce39f71a20db845,,wastar,"{""w"": 5.0}",pdb,"{""pdb_dir"": ""../phase1_data_generation/data/pdbs""}",42.00,1,solved,94,,343,1096,332,718,0.0587,0.0861,1
985,b835fadc0149e267,,wastar,"{""w"": 5.0}",pdb,"{""pdb_dir"": ""../phase1_data_generation/data/pdbs""}",42.00,1,solved,70,,239,750,235,496,0.0417,0.0608,1
986,32bf615a8d04e7c9,,wastar,"{""w"": 5.0}",pdb,"{""pdb_dir"": ""../phase1_data_generation/data/pdbs""}",48.00,1,solved,86,,387,1219,382,813,0.0685,0.0995,1
987,7bedfc80641a2935,,wastar,"{""w"": 5.0}",pdb,"{""pdb_dir"": ""../phase1_data_generation/data/pdbs""}",34.00,1,solved,68,,1219,3856,1097,2326,0.1953,0.2918,1
988,fec8a9543d71206b,,wastar,"{""w"": 5.0}",pdb,"{""pdb_dir"": ""../phase1_data_generation/data/pdbs""}",24.00,1,solved,60,,274,861,271,574,0.0483,0.0701,1
989,c458a39d2701ebf6,,wastar,"{""w"": 5.0}",pdb,"{""pdb_dir"": ""../phase1_data_generation/data/pdbs""}",42.00,1,solved,60,,77,251,78,175,0.0141,0.0204,1
990,e581d046ba932f7c,,wastar,"{""w"": 5.0}",pdb,"{""pdb_dir"": ""../phase1_data_generation/data/pdbs""}",46.00,1,solved,74,,111,352,112,242,0.0197,0.0285,1
991,efd157c08a2b3964,,wastar,"{""w"": 5.0}",pdb,"{""pdb_dir"": ""../phase1_data_generation/data/pdbs""}",36.00,1,solved,60,,150,469,151,320,0.0269,0.0387,1
992,7be5a4801cfd2369,,wastar,"{""w"": 5.0}",pdb,"{""pdb_dir"": ""../phase1_data_generation/data/pdbs""}",44.00,1,solved,66,,81,261,82,181,0.0150,0.0216,1
993,de95f81072b6c34a,,wastar,"{""w"": 5.0}",pdb,"{""pdb_dir"": ""../phase1_data_generation/data/pdbs""}",34.00,1,solved,72,,154,477,155,324,0.0279,0.0400,1
994,87bdc26a0451ef39,,wastar,"{""w"": 5.0}",pdb,"{""pdb_dir"": ""../phase1_data_generation/data/pdbs""}",44.00,1,solved,50,,82,263,83,182,0.0147,0.0212,1
995,0bed7fac45692183,,wastar,"{""w"": 5.0}",pdb,"{""pdb_dir"": ""../phase1_data_generation/data/pdbs""}",34.00,1,solved,60,,184,591,175,384,0.0307,0.0450,1
996,6edc7fba21053894,,wastar,"{""w"": 5.0}",pdb,"{""pdb_dir"": ""../phase1_data_generation/data/pdbs""}",26.00,1,solved,38,,166,544,167,375,0.0293,0.0423,1
997,0f4eb56138acd792,,wastar,"{""w"": 5.0}",pdb,"{""pdb_dir"": ""../phase1_data_generation/data/pdbs""}",38.00,1,solved,58,,108,350,109,243,0.0196,0.0283,1
998,be87cad5169f3240,,wastar,"{""w"": 5.0}",pdb,"{""pdb_dir"": ""../phase1_data_generation/data/pdbs""}",36.00,1,solved,56,,86,278,87,193,0.0157,0.0226,1
999,c80942a1f6b5de73,,wastar,"{""w"": 5.0}",pdb,"{""pdb_dir"": ""../phase1_data_generation/data/pdbs""}",44.00,1,solved,66,,90,287,91,198,0.0165,0.0238,1
0,8cdfb65a7391e024,,wastar,"{""w"": 10.0}",pdb,"{""pdb_dir"": ""../phase1_data_generation/data/pdbs""}",36.00,1,solved,96,,697,2203,623,1320,0.1132,0.1689,1
1,65f87c9b3d421ae0,,wastar,"{""w"": 10.0}",pdb,"{""pdb_dir"": ""../phase1_data_generation/data/pdbs""}",38.00,1,solved,80,,329,1046,330,713,0.0597,0.0863,1
2,da4f3be0c9816275,,wastar,"{""w"": 10.0}",pdb,"{""pdb_dir"": ""../phase1_data_generation/data/pdbs""}",42.00,1,solved,64,,125,399,126,275,0.0229,0.0329,1
3,eadbc6570128f394,,wastar,"{""w"": 10.0}",pdb,"{""pdb_dir"": ""../phase1_data_generation/data/pdbs""}",32.00,1,solved,64,,320,999,321,676,0.0579,0.0838,1
4,fa8170c92d653be4,,wastar,"{""w"": 10.0}",pdb,"{""pdb_dir"": ""../phase1_data_generation/data/pdbs""}",32.00,1,solved,50,,376,1196,377,807,0.0664,0.0961,1
5,da689174fe0523cb,,wastar,"{""w"": 10.0}",pdb,"{""pdb_dir"": ""../phase1_data_generation/data/pdbs""}",42.00,1,solved,62,,122,393,123,272,0.0224,0.0324,1
6,fa38e9bc752460d1,,wastar,"{""w"": 10.0}",pdb,"{""pdb_dir"": ""../phase1_data_generation/data/pdbs""}",34.00,1,solved,100,,453,1465,454,1007,0.0797,0.1158,1
7,0f6d73aeb8c51294,,wastar,"{""w"": 10.0}",pdb,"{""pdb_dir"": ""../phase1_data_generation/data/pdbs""}",32.00,1,solved,72,,558,1777,493,1064,0.0875,0.1313,1
8,f5c2ad80eb714693,,wastar,"{""w"": 10.0}",pdb,"{""pdb_dir"": ""../phase1_data_generation/data/pdbs""}",38.00,1,solved,84,,236,747,232,499,0.0415,0.0602,1
9,ea09fb7d1245386c,,wastar,"{""w"": 10.0}",pdb,"{""pdb_dir"": ""../phase1_data_generation/data/pdbs""}",34.00,1,solved,74,,281,913,282,628,0.0494,0.0715,1
10,1f08a4d37c625eb9,,wastar,"{""w"": 10.0}",pdb,"{""pdb_dir"": ""../phase1_data_generation/data/pdbs""}",46.00,1,solved,72,,139,440,140,302,0.0251,0.0362,1
11,0cb47e6592a183df,,wastar,"{""w"": 10.0}",pdb,"{""pdb_dir"": ""../phase1_data_generation/data/pdbs""}",46.00,1,solved,84,,548,1737,521,1118,0.0944,0.1385,1
12,980a6fc437e2bd15,,wastar,"{""w"": 10.0}",pdb,"{""pdb_dir"": ""../phase1_data_generation/data/pdbs""}",38.00,1,solved,62,,162,528,163,364,0.0293,0.0424,1
13,ca05ed26f479b381,,wastar,"{""w"": 10.0}",pdb,"{""pdb_dir"": ""../phase1_data_generation/data/pdbs""}",38.00,1,solved,54,,99,311,100,213,0.0179,0.0261,1
14,9ec8fa3d2b645071,,wastar,"{""w"": 10.0}",pdb,"{""pdb_dir"": ""../phase1_data_generation/data/pdbs""}",30.00,1,solved,34,,48,155,49,108,0.0087,0.0125,1
15,6fbd9c583ea42017,,wastar,"{""w"": 10.0}",pdb,"{""pdb_dir"": ""../phase1_data_generation/data/pdbs""}",32.00,1,solved,52,,106,333,107,228,0.0190,0.0274,1
16,f1d7a82e340b65c9,,wastar,"{""w"": 10.0}",pdb,"{""pdb_dir"": ""../phase1_data_generation/data/pdbs""}",44.00,1,solved,104,,374,1198,375,822,0.0658,0.0956,1
17,bd0c6e78a9f41352,,wastar,"{""w"": 10.0}",pdb,"{""pdb_dir"": ""../phase1_data_generation/data/pdbs""}",32.00,1,solved,38,,47,156,48,110,0.0081,0.0118,1
18,8f9d2b3046e17ac5,,wastar,"{""w"": 10.0}",pdb,"{""pdb_dir"": ""../phase1_data_generation/data/pdbs""}",38.00,1,solved,76,,189,598,190,409,0.0328,0.0476,1
19,09c5e4ad2861fb37,,wastar,"{""w"": 10.0}",pdb,"{""pdb_dir"": ""../phase1_data_generation/data/pdbs""}",40.00,1,solved,66,,163,507,164,345,0.0292,0.0422,1
20,023e9f6db5ac1784,,wastar,"{""w"": 10.0}",pdb,"{""pdb_dir"": ""../phase1_data_generation/data/pdbs""}",38.00,1,solved,48,,87,279,88,193,0.0155,0.0224,1
21,3bac4f2e0581796d,,wastar,"{""w"": 10.0}",pdb,"{""pdb_dir"": ""../phase1_data_generation/data/pdbs""}",38.00,1,solved,86,,433,1353,433,915,0.0759,0.1097,1
22,d90c78a4b236e5f1,,wastar,"{""w"": 10.0}",pdb,"{""pdb_dir"": ""../phase1_data_generation/data/pdbs""}",34.00,1,solved,54,,472,1507,460,987,0.0787,0.1151,1
23,e2dc5af87309b641,,wastar,"{""w"": 10.0}",pdb,"{""pdb_dir"": ""../phase1_data_generation/data/pdbs""}",28.00,1,solved,72,,300,966,301,664,0.0519,0.0754,1
24,f94c7ab8650123ed,,wastar,"{""w"": 10.0}",pdb,"{""pdb_dir"": ""../phase1_data_generation/data/pdbs""}",36.00,1,solved,54,,169,532,165,354,0.0284,0.0415,1
25,cfda7312590eb648,,wastar,"{""w"": 10.0}",pdb,"{""pdb_dir"": ""../phase1_data_generation/data/pdbs""}",40.00,1,solved,82,,272,878,273,605,0.0464,0.0673,1
26,8964e23dbc0f1a75,,wastar,"{""w"": 10.0}",pdb,"{""pdb_dir"": ""../phase1_data_generation/data/pdbs""}",44.00,1,solved,74,,107,340,108,234,0.0185,0.0272,1
27,13647bae2c08d59f,,wastar,"{""w"": 10.0}",pdb,"{""pdb_dir"": ""../phase1_data_generation/data/pdbs""}",54.00,1,solved,80,,146,462,147,317,0.0250,0.0362,1
28,d208b59c46f37e1a,,wastar,"{""w"": 10.0}",pdb,"{""pdb_dir"": ""../phase1_data_generation/data/pdbs""}",40.00,1,solved,76,,192,603,193,410,0.0341,0.0492,1
29,7e158d906cf43ab2,,wastar,"{""w"": 10.0}",pdb,"{""pdb_dir"": ""../phase1_data_generation/data/pdbs""}",38.00,1,solved,64,,150,479,151,330,0.0264,0.0384,1
30,86d9b7304aef125c,,wastar,"{""w"": 10.0}",pdb,"{""pdb_dir"": ""../phase1_data_generation/data/pdbs""}",46.00,1,solved,58,,80,258,81,179,0.0139,0.0200,1
31,8d7cf61a4b0e2539,,wastar,"{""w"": 10.0}",pdb,"{""pdb_dir"": ""../phase1_data_generation/data/pdbs""}",42.00,1,solved,92,,508,1636,499,1091,0.0878,0.1284,1
32,b38cad416ef79052,,wastar,"{""w"": 10.0}",pdb,"{""pdb_dir"": ""../phase1_data_generation/data/pdbs""}",36.00,1,solved,56,,83,263,84,181,0.0141,0.0205,1
33,39f86eadbc027514,,wastar,"{""w"": 10.0}",pdb,"{""pdb_dir"": ""../phase1_data_generation/data/pdbs""}",36.00,1,solved,78,,195,616,196,421,0.0339,0.0490,1
34,b3ae5d607214cf98,,wastar,"{""w"": 10.0}",pdb,"{""pdb_dir"": ""../phase1_data_generation/data/pdbs""}",44.00,1,solved,98,,261,858,259,581,0.0455,0.0664,1
35,b98cdaf73605e412,,wastar,"{""w"": 10.0}",pdb,"{""pdb_dir"": ""../phase1_data_generation/data/pdbs""}",38.00,1,solved,90,,519,1668,520,1139,0.0909,0.1321,1
36,6f5ce03dba179482,,wastar,"{""w"": 10.0}",pdb,"{""pdb_dir"": ""../phase1_data_generation/data/pdbs""}",40.00,1,solved,74,,127,408,128,282,0.0225,0.0324,1
37,7301856e2bfac94d,,wastar,"{""w"": 10.0}",pdb,"{""pdb_dir"": ""../phase1_data_generation/data/pdbs""}",50.00,1,solved,98,,258,807,259,548,0.0464,0.0672,1
38,0fb75d943ec126a8,,wastar,"{""w"": 10.0}",pdb,"{""pdb_dir"": ""../phase1_data_generation/data/pdbs""}",36.00,1,solved,72,,146,466,147,321,0.0266,0.0384,1
39,e32c7015abd8f694,,wastar,"{""w"": 10.0}",pdb,"{""pdb_dir"": ""../phase1_data_generation/data/pdbs""}",36.00,1,solved,92,,324,1011,325,685,0.0590,0.0853,1
40,f5048eb97d1a36c2,,wastar,"{""w"": 10.0}",pdb,"{""pdb_dir"": ""../phase1_data_generation/data/pdbs""}",34.00,1,solved,80,,259,837,260,575,0.0468,0.0678,1
41,63fbd92c840a751e,,wastar,"{""w"": 10.0}",pdb,"{""pdb_dir"": ""../phase1_data_generation/data/pdbs""}",42.00,1,solved,106,,945,2960,902,1886,0.1577,0.2318,1
42,5ecdf3b928071a46,,wastar,"{""w"": 10.0}",pdb,"{""pdb_dir"": ""../phase1_data_generation/data/pdbs""}",36.00,1,solved,48,,86,279,87,194,0.0152,0.0219,1
43,e842cd67b901f3a5,,wastar,"{""w"": 10.0}",pdb,"{""pdb_dir"": ""../phase1_data_generation/data/pdbs""}",40.00,1,solved,80,,389,1255,380,833,0.0674,0.0986,1
44,e5f1d3bc02a67498,,wastar,"{""w"": 10.0}",pdb,"{""pdb_dir"": ""../phase1_data_generation/data/pdbs""}",40.00,1,solved,74,,229,717,230,489,0.0410,0.0592,1
45,5df9b8e4a71c2036,,wastar,"{""w"": 10.0}",pdb,"{""pdb_dir"": ""../phase1_data_generation/data/pdbs""}",40.00,1,solved,84,,221,704,222,483,0.0399,0.0576,1
46,e91cf362ba5d7840,,wastar,"{""w"": 10.0}",pdb,"{""pdb_dir"": ""../phase1_data_generation/data/pdbs""}",36.00,1,solved,70,,426,1320,392,811,0.0696,0.1029,1
47,134cfe8abd796052,,wastar,"{""w"": 10.0}",pdb,"{""pdb_dir"": ""../phase1_data_generation/data/pdbs""}",38.00,1,solved,88,,290,940,291,648,0.0512,0.0741,1
48,7fd425ca96083b1e,,wastar,"{""w"": 10.0}",pdb,"{""pdb_dir"": ""../phase1_data_generation/data/pdbs""}",36.00,1,solved,74,,215,688,216,474,0.0382,0.0554,1
49,e28cf1d50b4637a9,,wastar,"{""w"": 10.0}",pdb,"{""pdb_dir"": ""../phase1_data_generation/data/pdbs""}",34.00,1,solved,50,,105,334,106,230,0.0192,0.0276,1
50,6172a04cbde8f593,,wastar,"{""w"": 10.0}",pdb,"{""pdb_dir"": ""../phase1_data_generation/data/pdbs""}",48.00,1,solved,68,,139,447,140,309,0.0245,0.0354,1
51,81679da0befc3245,,wastar,"{""w"": 10.0}",pdb,"{""pdb_dir"": ""../phase1_data_generation/data/pdbs""}",42.00,1,solved,94,,659,2072,650,1380,0.1157,0.1683,1
52,79d850c2f6a4be31,,wastar,"{""w"": 10.0}",pdb,"{""pdb_dir"": ""../phase1_data_generation/data/pdbs""}",34.00,1,solved,62,,135,426,136,291,0.0244,0.0351,1
53,ef4568ac7d1932b0,,wastar,"{""w"": 10.0}",pdb,"{""pdb_dir"": ""../phase1_data_generation/data/pdbs""}",32.00,1,solved,66,,356,1122,357,762,0.0634,0.0918,1
54,ec6d7120358b49af,,wastar,"{""w"": 10.0}",pdb,"{""pdb_dir"": ""../phase1_data_generation/data/pdbs""}",42.00,1,solved,66,,115,365,116,251,0.0204,0.0294,1
55,b8f4c015e69d327a,,wastar,"{""w"": 10.0}",pdb,"{""pdb_dir"": ""../phase1_data_generation/data/pdbs""}",38.00,1,solved,62,,396,1263,349,752,0.0618,0.0928,1
56,d7083c5469efa21b,,wastar,"{""w"": 10.0}",pdb,"{""pdb_dir"": ""../phase1_data_generation/data/pdbs""}",40.00,1,solved,48,,56,176,57,121,0.0100,0.0144,1
57,ce856da1b9f47230,,wastar,"{""w"": 10.0}",pdb,"{""pdb_dir"": ""../phase1_data_generation/data/pdbs""}",38.00,1,solved,66,,112,354,113,243,0.0199,0.0286,1
58,bc9e83f60a74125d,,wastar,"{""w"": 10.0}",pdb,"{""pdb_dir"": ""../phase1_data_generation/data/pdbs""}",40.00,1,solved,102,,238,756,239,519,0.0421,0.0608,1
59,fcbd1e49720856a3,,wastar,"{""w"": 10.0}",pdb,"{""pdb_dir"": ""../phase1_data_generation/data/pdbs""}",40.00,1,solved,102,,391,1267,379,840,0.0674,0.0986,1
60,370fd5c469ab28e1,,wastar,"{""w"": 10.0}",pdb,"{""pdb_dir"": ""../phase1_data_generation/data/pdbs""}",40.00,1,solved,50,,51,173,52,123,0.0091,0.0132,1
61,d3bf746c08e92a15,,wastar,"{""w"": 10.0}",pdb,"{""pdb_dir"": ""../phase1_data_generation/data/pdbs""}",40.00,1,solved,58,,91,284,92,194,0.0164,0.0236,1
62,02f596cb7ade1348,,wastar,"{""w"": 10.0}",pdb,"{""pdb_dir"": ""../phase1_data_generation/data/pdbs""}",38.00,1,solved,70,,343,1091,289,621,0.0511,0.0777,1
63,7f0e9a832dcb6145,,wastar,"{""w"": 10.0}",pdb,"{""pdb_dir"": ""../phase1_data_generation/data/pdbs""}",38.00,1,solved,66,,187,589,180,383,0.0322,0.0470,1
64,94dc8ea60b3172f5,,wastar,"{""w"": 10.0}",pdb,"{""pdb_dir"": ""../phase1_data_generation/data/pdbs""}",38.00,1,solved,52,,82,267,83,186,0.0148,0.0213,1
65,2f3d5e748169a0cb,,wastar,"{""w"": 10.0}",pdb,"{""pdb_dir"": ""../phase1_data_generation/data/pdbs""}",46.00,1,solved,94,,304,970,305,665,0.0542,0.0785,1
66,2c08a4b9f7513de6,,wastar,"{""w"": 10.0}",pdb,"{""pdb_dir"": ""../phase1_data_generation/data/pdbs""}",38.00,1,solved,84,,246,781,247,536,0.0415,0.0602,1
67,e5b973c86f0d412a,,wastar,"{""w"": 10.0}",pdb,"{""pdb_dir"": ""../phase1_data_generation/data/pdbs""}",40.00,1,solved,58,,96,308,97,213,0.0164,0.0237,1
68,2f5c6d840e31ab79,,wastar,"{""w"": 10.0}",pdb,"{""pdb_dir"": ""../phase1_data_generation/data/pdbs""}",34.00,1,solved,68,,153,490,154,338,0.0256,0.0371,1
69,d6fca037b254e198,,wastar,"{""w"": 10.0}",pdb,"{""pdb_dir"": ""../phase1_data_generation/data/pdbs""}",38.00,1,solved,70,,222,725,223,498,0.0373,0.0541,1
70,a7ed91c82f453b60,,wastar,"{""w"": 10.0}",pdb,"{""pdb_dir"": ""../phase1_data_generation/data/pdbs""}",34.00,1,solved,82,,728,2335,650,1409,0.1123,0.1688,1
71,4b7d2f5a06ec1389,,wastar,"{""w"": 10.0}",pdb,"{""pdb_dir"": ""../phase1_data_generation/data/pdbs""}",42.00,1,solved,84,,343,1068,344,723,0.0596,0.0863,1
72,098eab472d6c351f,,wastar,"{""w"": 10.0}",pdb,"{""pdb_dir"": ""../phase1_data_generation/data/pdbs""}",40.00,1,solved,90,,205,671,206,464,0.0354,0.0513,1
73,af45c2b80e931d67,,wastar,"{""w"": 10.0}",pdb,"{""pdb_dir"": ""../phase1_data_generation/data/pdbs""}",46.00,1,solved,92,,226,707,226,478,0.0410,0.0592,1
74,be08179d6a2fc354,,wastar,"{""w"": 10.0}",pdb,"{""pdb_dir"": ""../phase1_data_generation/data/pdbs""}",36.00,1,solved,68,,207,658,208,451,0.0373,0.0540,1
75,3db4a19e7f05286c,,wastar,"{""w"": 10.0}",pdb,"{""pdb_dir"": ""../phase1_data_generation/data/pdbs""}",42.00,1,solved,66,,200,650,197,439,0.0341,0.0497,1
76,76ecf3d49805ba21,,wastar,"{""w"": 10.0}",pdb,"{""pdb_dir"": ""../phase1_data_generation/data/pdbs""}",26.00,1,solved,72,,358,1202,350,809,0.0596,0.0874,1
77,facb6e19430d8725,,wastar,"{""w"": 10.0}",pdb,"{""pdb_dir"": ""../phase1_data_generation/data/pdbs""}",36.00,1,solved,92,,483,1551,484,1061,0.0824,0.1198,1
78,4906fce2b7d853a1,,wastar,"{""w"": 10.0}",pdb,"{""pdb_dir"": ""../phase1_data_generation/data/pdbs""}",40.00,1,solved,78,,351,1127,352,769,0.0628,0.0909,1
79,46d780f9b5eca213,,wastar,"{""w"": 10.0}",pdb,"{""pdb_dir"": ""../phase1_data_generation/data/pdbs""}",46.00,1,solved,64,,87,284,88,198,0.0157,0.0226,1
80,de07416b398fa25c,,wastar,"{""w"": 10.0}",pdb,"{""pdb_dir"": ""../phase1_data_generation/data/pdbs""}",46.00,1,solved,88,,302,976,303,671,0.0534,0.0774,1
81,cb1afe9d62387045,,wastar,"{""w"": 10.0}",pdb,"{""pdb_dir"": ""../phase1_data_generation/data/pdbs""}",32.00,1,solved,34,,35,117,36,83,0.0065,0.0093,1
82,d5fc3ea8790146b2,,wastar,"{""w"": 10.0}",pdb,"{""pdb_dir"": ""../phase1_data_generation/data/pdbs""}",36.00,1,solved,64,,150,489,141,317,0.0253,0.0371,1
83,689f42bcd3e57a10,,wastar,"{""w"": 10.0}",pdb,"{""pdb_dir"": ""../phase1_data_generation/data/pdbs""}",40.00,1,solved,86,,232,737,233,505,0.0417,0.0602,1
84,384e67c0af291bd5,,wastar,"{""w"": 10.0}",pdb,"{""pdb_dir"": ""../phase1_data_generation/data/pdbs""}",42.00,1,solved,88,,170,541,171,372,0.0306,0.0440,1
85,f9d485730cb1a6e2,,wastar,"{""w"": 10.0}",pdb,"{""pdb_dir"": ""../phase1_data_generation/data/pdbs""}",40.00,1,solved,56,,81,258,82,178,0.0145,0.0209,1
86,f94c758ab631e2d0,,wastar,"{""w"": 10.0}",pdb,"{""pdb_dir"": ""../phase1_data_generation/data/pdbs""}",34.00,1,solved,84,,540,1737,536,1173,0.0954,0.1391,1
87,5becf9a0714d6328,,wastar,"{""w"": 10.0}",pdb,"{""pdb_dir"": ""../phase1_data_generation/data/pdbs""}",30.00,1,solved,70,,212,686,213,473,0.0382,0.0554,1
88,670f591ce3d2a48b,,wastar,"{""w"": 10.0}",pdb,"{""pdb_dir"": ""../phase1_data_generation/data/pdbs""}",40.00,1,solved,56,,98,318,99,221,0.0173,0.0250,1
89,0d1ef39c7a524b68,,wastar,"{""w"": 10.0}",pdb,"{""pdb_dir"": ""../phase1_data_generation/data/pdbs""}",36.00,1,solved,72,,330,1024,331,693,0.0586,0.0849,1
90,d18cf0e27946a5b3,,wastar,"{""w"": 10.0}",pdb,"{""pdb_dir"": ""../phase1_data_generation/data/pdbs""}",38.00,1,solved,54,,74,238,75,165,0.0135,0.0194,1
91,0389af6e2b7dc154,,wastar,"{""w"": 10.0}",pdb,"{""pdb_dir"": ""../phase1_data_generation/data/pdbs""}",38.00,1,solved,60,,159,503,160,345,0.0288,0.0416,1
92,76c9a048febd2351,,wastar,"{""w"": 10.0}",pdb,"{""pdb_dir"": ""../phase1_data_generation/data/pdbs""}",34.00,1,solved,80,,512,1606,509,1077,0.0928,0.1347,1
93,c207ebd8f6a19543,,wastar,"{""w"": 10.0}",pdb,"{""pdb_dir"": ""../phase1_data_generation/data/pdbs""}",42.00,1,solved,58,,123,397,124,273,0.0225,0.0324,1
94,7fe4bac82d651930,,wastar,"{""w"": 10.0}",pdb,"{""pdb_dir"": ""../phase1_data_generation/data/pdbs""}",32.00,1,solved,86,,274,879,275,601,0.0496,0.0717,1
95,7d6be28c3f9a1054,,wastar,"{""w"": 10.0}",pdb,"{""pdb_dir"": ""../phase1_data_generation/data/pdbs""}",28.00,1,solved,44,,104,328,105,225,0.0190,0.0274,1
96,b4d3ce96081a72f5,,wastar,"{""w"": 10.0}",pdb,"{""pdb_dir"": ""../phase1_data_generation/data/pdbs""}",46.00,1,solved,86,,227,709,228,482,0.0412,0.0594,1
97,9cab10dfe8537246,,wastar,"{""w"": 10.0}",pdb,"{""pdb_dir"": ""../phase1_data_generation/data/pdbs""}",44.00,1,solved,68,,118,383,119,266,0.0215,0.0309,1
98,c9ed7f13b405682a,,wastar,"{""w"": 10.0}",pdb,"{""pdb_dir"": ""../phase1_data_generation/data/pdbs""}",42.00,1,solved,100,,325,1017,326,690,0.0591,0.0854,1
99,f58ab3427e6cd190,,wastar,"{""w"": 10.0}",pdb,"{""pdb_dir"": ""../phase1_data_generation/data/pdbs""}",40.00,1,solved,56,,73,233,74,161,0.0134,0.0192,1
100,cd9aef14265b8730,,wastar,"{""w"": 10.0}",pdb,"{""pdb_dir"": ""../phase1_data_generation/data/pdbs""}",42.00,1,solved,88,,746,2371,669,1429,0.1196,0.1785,1
101,29ed7f683ab4105c,,wastar,"{""w"": 10.0}",pdb,"{""pdb_dir"": ""../phase1_data_generation/data/pdbs""}",32.00,1,solved,48,,78,251,79,174,0.0139,0.0200,1
102,fd41bc60895a2e37,,wastar,"{""w"": 10.0}",pdb,"{""pdb_dir"": ""../phase1_data_generation/data/pdbs""}",40.00,1,solved,82,,245,795,242,537,0.0432,0.0628,1
103,ea017f926c5d3b84,,wastar,"{""w"": 10.0}",pdb,"{""pdb_dir"": ""../phase1_data_generation/data/pdbs""}",32.00,1,solved,62,,262,825,249,530,0.0441,0.0645,1
104,b8cfa1603d9e7254,,wastar,"{""w"": 10.0}",pdb,"{""pdb_dir"": ""../phase1_data_generation/data/pdbs""}",36.00,1,solved,58,,99,311,100,213,0.0181,0.0259,1
105,97fea518063db24c,,wastar,"{""w"": 10.0}",pdb,"{""pdb_dir"": ""../phase1_data_generation/data/pdbs""}",36.00,1,solved,62,,137,434,138,298,0.0242,0.0349,1
106,867b2fc9354ed01a,,wastar,"{""w"": 10.0}",pdb,"{""pdb_dir"": ""../phase1_data_generation/data/pdbs""}",44.00,1,solved,80,,165,523,166,358,0.0298,0.0431,1
107,7b8f3ae02c4d6915,,wastar,"{""w"": 10.0}",pdb,"{""pdb_dir"": ""../phase1_data_generation/data/pdbs""}",36.00,1,solved,40,,42,127,43,86,0.0079,0.0114,1
108,69a83015bfcd2e74,,wastar,"{""w"": 10.0}",pdb,"{""pdb_dir"": ""../phase1_data_generation/data/pdbs""}",38.00,1,solved,56,,139,431,140,293,0.0249,0.0358,1
109,5ed46b8fc70923a1,,wastar,"{""w"": 10.0}",pdb,"{""pdb_dir"": ""../phase1_data_generation/data/pdbs""}",44.00,1,solved,88,,223,712,224,488,0.0401,0.0578,1
110,d981e0af46c2b735,,wastar,"{""w"": 10.0}",pdb,"{""pdb_dir"": ""../phase1_data_generation/data/pdbs""}",38.00,1,solved,64,,125,391,126,267,0.0222,0.0319,1
111,9f0c3dab7528614e,,wastar,"{""w"": 10.0}",pdb,"{""pdb_dir"": ""../phase1_data_generation/data/pdbs""}",36.00,1,solved,50,,107,349,108,241,0.0195,0.0281,1
112,798d54b2ec0136af,,wastar,"{""w"": 10.0}",pdb,"{""pdb_dir"": ""../phase1_data_generation/data/pdbs""}",44.00,1,solved,88,,219,686,220,468,0.0400,0.0576,1
113,2ed87f340916c5ba,,wastar,"{""w"": 10.0}",pdb,"{""pdb_dir"": ""../phase1_data_generation/data/pdbs""}",44.00,1,solved,70,,159,509,160,351,0.0290,0.0419,1
114,3df75029ea186cb4,,wastar,"{""w"": 10.0}",pdb,"{""pdb_dir"": ""../phase1_data_generation/data/pdbs""}",46.00,1,solved,54,,65,216,66,152,0.0116,0.0167,1
115,ba9c4827fe0d5361,,wastar,"{""w"": 10.0}",pdb,"{""pdb_dir"": ""../phase1_data_generation/data/pdbs""}",38.00,1,solved,86,,324,1039,325,713,0.0583,0.0845,1
116,bedaf58c76023914,,wastar,"{""w"": 10.0}",pdb,"{""pdb_dir"": ""../phase1_data_generation/data/pdbs""}",28.00,1,solved,40,,71,226,72,156,0.0125,0.0180,1
117,8f36b09e24cda715,,wastar,"{""w"": 10.0}",pdb,"{""pdb_dir"": ""../phase1_data_generation/data/pdbs""}",42.00,1,solved,62,,128,401,129,274,0.0227,0.0328,1
118,fd081ce5b2a97364,,wastar,"{""w"": 10.0}",pdb,"{""pdb_dir"": ""../phase1_data_generation/data/pdbs""}",30.00,1,solved,46,,82,271,83,190,0.0148,0.0213,1
119,7e9bf05c3168d4a2,,wastar,"{""w"": 10.0}",pdb,"{""pdb_dir"": ""../phase1_data_generation/data/pdbs""}",36.00,1,solved,46,,53,176,54,124,0.0093,0.0133,1
120,a1e43fcd790b6285,,wastar,"{""w"": 10.0}",pdb,"{""pdb_dir"": ""../phase1_data_generation/data/pdbs""}",36.00,1,solved,64,,184,581,181,386,0.0321,0.0466,1
121,c6d830a51fb492e7,,wastar,"{""w"": 10.0}",pdb,"{""pdb_dir"": ""../phase1_data_generation/data/pdbs""}",40.00,1,solved,66,,161,515,162,355,0.0286,0.0414,1
122,a8cd60fb297e4351,,wastar,"{""w"": 10.0}",pdb,"{""pdb_dir"": ""../phase1_data_generation/data/pdbs""}",38.00,1,solved,84,,491,1583,492,1082,0.0855,0.1242,1
123,84be6f3ac9d27510,,wastar,"{""w"": 10.0}",pdb,"{""pdb_dir"": ""../phase1_data_generation/data/pdbs""}",44.00,1,solved,104,,651,2071,609,1315,0.1039,0.1537,1
124,47a9201c3f5dbe86,,wastar,"{""w"": 10.0}",pdb,"{""pdb_dir"": ""../phase1_data_generation/data/pdbs""}",46.00,1,solved,72,,163,525,164,363,0.0281,0.0406,1
125,fe94c03a6db82517,,wastar,"{""w"": 10.0}",pdb,"{""pdb_dir"": ""../phase1_data_generation/data/pdbs""}",38.00,1,solved,54,,70,230,71,161,0.0127,0.0182,1
126,d84ce370a1f9256b,,wastar,"{""w"": 10.0}",pdb,"{""pdb_dir"": ""../phase1_data_generation/data/pdbs""}",38.00,1,solved,58,,157,489,157,328,0.0278,0.0404,1
127,cd9e1a8b0742f536,,wastar,"{""w"": 10.0}",pdb,"{""pdb_dir"": ""../phase1_data_generation/data/pdbs""}",46.00,1,solved,88,,738,2341,652,1400,0.1122,0.1684,1
128,6b587f1d29ac30e4,,wastar,"{""w"": 10.0}",pdb,"{""pdb_dir"": ""../phase1_data_generation/data/pdbs""}",34.00,1,solved,74,,213,680,214,466,0.0371,0.0540,1
129,ca89f035ed647b12,,wastar,"{""w"": 10.0}",pdb,"{""pdb_dir"": ""../phase1_data_generation/data/pdbs""}",36.00,1,solved,76,,309,999,309,684,0.0535,0.0777,1
130,0c8dbe9476f3512a,,wastar,"{""w"": 10.0}",pdb,"{""pdb_dir"": ""../phase1_data_generation/data/pdbs""}",42.00,1,solved,56,,69,216,70,148,0.0123,0.0175,1
131,f31d9a54b68e207c,,wastar,"{""w"": 10.0}",pdb,"{""pdb_dir"": ""../phase1_data_generation/data/pdbs""}",38.00,1,solved,62,,122,390,123,269,0.0215,0.0312,1
132,e72d38cb910af645,,wastar,"{""w"": 10.0}",pdb,"{""pdb_dir"": ""../phase1_data_generation/data/pdbs""}",40.00,1,solved,92,,496,1613,488,1092,0.0853,0.1240,1
133,970d6f1b5ae832c4,,wastar,"{""w"": 10.0}",pdb,"{""pdb_dir"": ""../phase1_data_generation/data/pdbs""}",32.00,1,solved,78,,282,882,283,600,0.0489,0.0705,1
134,28f4dab037c596e1,,wastar,"{""w"": 10.0}",pdb,"{""pdb_dir"": ""../phase1_data_generation/data/pdbs""}",42.00,1,solved,74,,183,571,184,389,0.0311,0.0451,1
135,f593106ecadb8472,,wastar,"{""w"": 10.0}",pdb,"{""pdb_dir"": ""../phase1_data_generation/data/pdbs""}",52.00,1,solved,110,,250,805,251,553,0.0422,0.0612,1
136,ac983be7df145620,,wastar,"{""w"": 10.0}",pdb,"{""pdb_dir"": ""../phase1_data_generation/data/pdbs""}",38.00,1,solved,90,,615,1932,614,1305,0.1054,0.1533,1
137,e601fd8ca924b375,,wastar,"{""w"": 10.0}",pdb,"{""pdb_dir"": ""../phase1_data_generation/data/pdbs""}",28.00,1,solved,54,,536,1656,446,923,0.0796,0.1206,1
138,3ae9602d7fc51b84,,wastar,"{""w"": 10.0}",pdb,"{""pdb_dir"": ""../phase1_data_generation/data/pdbs""}",36.00,1,solved,76,,738,2355,661,1421,0.1167,0.1743,1
139,ced176fba3849025,,wastar,"{""w"": 10.0}",pdb,"{""pdb_dir"": ""../phase1_data_generation/data/pdbs""}",38.00,1,solved,62,,128,419,129,292,0.0227,0.0327,1
140,c9edba587201f634,,wastar,"{""w"": 10.0}",pdb,"{""pdb_dir"": ""../phase1_data_generation/data/pdbs""}",36.00,1,solved,76,,289,905,290,613,0.0511,0.0737,1
141,695abefc024178d3,,wastar,"{""w"": 10.0}",pdb,"{""pdb_dir"": ""../phase1_data_generation/data/pdbs""}",38.00,1,solved,74,,275,862,262,554,0.0469,0.0687,1
142,ca01b35e679d42f8,,wastar,"{""w"": 10.0}",pdb,"{""pdb_dir"": ""../phase1_data_generation/data/pdbs""}",46.00,1,solved,96,,324,1025,322,693,0.0575,0.0837,1
143,9fd8a27c0e1b3645,,wastar,"{""w"": 10.0}",pdb,"{""pdb_dir"": ""../phase1_data_generation/data/pdbs""}",34.00,1,solved,86,,416,1297,368,780,0.0669,0.0999,1
144,687fc5940e1adb32,,wastar,"{""w"": 10.0}",pdb,"{""pdb_dir"": ""../phase1_data_generation/data/pdbs""}",46.00,1,solved,80,,131,424,132,294,0.0238,0.0343,1
145,face3d912b648057,,wastar,"{""w"": 10.0}",pdb,"{""pdb_dir"": ""../phase1_data_generation/data/pdbs""}",38.00,1,solved,58,,348,1102,349,745,0.0632,0.0913,1
146,e6d5c084b23f79a1,,wastar,"{""w"": 10.0}",pdb,"{""pdb_dir"": ""../phase1_data_generation/data/pdbs""}",38.00,1,solved,56,,65,206,66,142,0.0120,0.0172,1
147,bdca9482f51637e0,,wastar,"{""w"": 10.0}",pdb,"{""pdb_dir"": ""../phase1_data_generation/data/pdbs""}",40.00,1,solved,54,,73,233,74,161,0.0133,0.0192,1
148,dcb2f7e0a1349685,,wastar,"{""w"": 10.0}",pdb,"{""pdb_dir"": ""../phase1_data_generation/data/pdbs""}",40.00,1,solved,64,,97,312,98,216,0.0177,0.0255,1
149,028abd63ec457f19,,wastar,"{""w"": 10.0}",pdb,"{""pdb_dir"": ""../phase1_data_generation/data/pdbs""}",42.00,1,solved,86,,285,911,286,624,0.0543,0.0787,1
150,bf0a34189ced6275,,wastar,"{""w"": 10.0}",pdb,"{""pdb_dir"": ""../phase1_data_generation/data/pdbs""}",38.00,1,solved,68,,191,601,192,409,0.0350,0.0507,1
151,6804bdc2a915f7e3,,wastar,"{""w"": 10.0}",pdb,"{""pdb_dir"": ""../phase1_data_generation/data/pdbs""}",44.00,1,solved,80,,206,647,207,441,0.0374,0.0541,1
152,dbc3aef529067841,,wastar,"{""w"": 10.0}",pdb,"{""pdb_dir"": ""../phase1_data_generation/data/pdbs""}",42.00,1,solved,76,,259,822,260,561,0.0455,0.0660,1
153,ef396abcd2517048,,wastar,"{""w"": 10.0}",pdb,"{""pdb_dir"": ""../phase1_data_generation/data/pdbs""}",36.00,1,solved,56,,171,548,159,350,0.0282,0.0414,1
154,f8be6d139c4527a0,,wastar,"{""w"": 10.0}",pdb,"{""pdb_dir"": ""../phase1_data_generation/data/pdbs""}",40.00,1,solved,70,,165,521,166,357,0.0291,0.0420,1
155,b85d9cf072163ae4,,wastar,"{""w"": 10.0}",pdb,"{""pdb_dir"": ""../phase1_data_generation/data/pdbs""}",30.00,1,solved,40,,46,155,47,110,0.0084,0.0121,1
156,397a6d5cbe8421f0,,wastar,"{""w"": 10.0}",pdb,"{""pdb_dir"": ""../phase1_data_generation/data/pdbs""}",38.00,1,solved,80,,333,1070,333,731,0.0600,0.0873,1
157,faec628d0b157943,,wastar,"{""w"": 10.0}",pdb,"{""pdb_dir"": ""../phase1_data_generation/data/pdbs""}",30.00,1,solved,52,,256,818,206,446,0.0364,0.0559,1
158,965d80c2e3ab1f74,,wastar,"{""w"": 10.0}",pdb,"{""pdb_dir"": ""../phase1_data_generation/data/pdbs""}",40.00,1,solved,54,,162,515,148,318,0.0262,0.0388,1
159,f759b6c03214e8ad,,wastar,"{""w"": 10.0}",pdb,"{""pdb_dir"": ""../phase1_data_generation/data/pdbs""}",38.00,1,solved,66,,468,1504,448,980,0.0804,0.1182,1
160,be9ca14863fd5072,,wastar,"{""w"": 10.0}",pdb,"{""pdb_dir"": ""../phase1_data_generation/data/pdbs""}",36.00,1,solved,52,,80,255,81,176,0.0147,0.0212,1
161,ad987fbc4206315e,,wastar,"{""w"": 10.0}",pdb,"{""pdb_dir"": ""../phase1_data_generation/data/pdbs""}",38.00,1,solved,60,,117,372,118,256,0.0212,0.0306,1
162,dcea5f1063247b98,,wastar,"{""w"": 10.0}",pdb,"{""pdb_dir"": ""../phase1_data_generation/data/pdbs""}",36.00,1,solved,78,,232,763,233,532,0.0417,0.0604,1
163,fad31ec26794805b,,wastar,"{""w"": 10.0}",pdb,"{""pdb_dir"": ""../phase1_data_generation/data/pdbs""}",44.00,1,solved,84,,385,1225,386,831,0.0689,0.0998,1
164,a7d96b5cf238e041,,wastar,"{""w"": 10.0}",pdb,"{""pdb_dir"": ""../phase1_data_generation/data/pdbs""}",36.00,1,solved,72,,289,911,290,623,0.0515,0.0743,1
165,2a8df0763e5914cb,,wastar,"{""w"": 10.0}",pdb,"{""pdb_dir"": ""../phase1_data_generation/data/pdbs""}",38.00,1,solved,74,,349,1107,339,728,0.0602,0.0879,1
166,08af15e9bdc26473,,wastar,"{""w"": 10.0}",pdb,"{""pdb_dir"": ""../phase1_data_generation/data/pdbs""}",46.00,1,solved,68,,101,318,102,218,0.0186,0.0269,1
167,7a15e9b602dcf438,,wastar,"{""w"": 10.0}",pdb,"{""pdb_dir"": ""../phase1_data_generation/data/pdbs""}",42.00,1,solved,94,,369,1181,356,773,0.0642,0.0938,1
168,84b6a0dfe275319c,,wastar,"{""w"": 10.0}",pdb,"{""pdb_dir"": ""../phase1_data_generation/data/pdbs""}",42.00,1,solved,66,,232,755,207,459,0.0374,0.0559,1
169,93e87ac50124fb6d,,wastar,"{""w"": 10.0}",pdb,"{""pdb_dir"": ""../phase1_data_generation/data/pdbs""}",40.00,1,solved,46,,54,174,55,121,0.0097,0.0140,1
170,c6befd23a1487059,,wastar,"{""w"": 10.0}",pdb,"{""pdb_dir"": ""../phase1_data_generation/data/pdbs""}",40.00,1,solved,78,,214,675,215,462,0.0378,0.0545,1
171,a8f54c9de103726b,,wastar,"{""w"": 10.0}",pdb,"{""pdb_dir"": ""../phase1_data_generation/data/pdbs""}",44.00,1,solved,78,,134,427,135,294,0.0236,0.0341,1
172,dcb9fae053248617,,wastar,"{""w"": 10.0}",pdb,"{""pdb_dir"": ""../phase1_data_generation/data/pdbs""}",38.00,1,solved,52,,65,213,66,149,0.0116,0.0166,1
173,a5f8b94c6d0e7231,,wastar,"{""w"": 10.0}",pdb,"{""pdb_dir"": ""../phase1_data_generation/data/pdbs""}",36.00,1,solved,52,,115,363,116,247,0.0203,0.0293,1
174,bf4c309ae68d7521,,wastar,"{""w"": 10.0}",pdb,"{""pdb_dir"": ""../phase1_data_generation/data/pdbs""}",34.00,1,solved,80,,247,780,243,519,0.0418,0.0607,1
175,ba0d8fc67e415293,,wastar,"{""w"": 10.0}",pdb,"{""pdb_dir"": ""../phase1_data_generation/data/pdbs""}",36.00,1,solved,66,,171,545,172,375,0.0291,0.0421,1
176,bca23f780ed45196,,wastar,"{""w"": 10.0}",pdb,"{""pdb_dir"": ""../phase1_data_generation/data/pdbs""}",36.00,1,solved,62,,116,376,117,261,0.0197,0.0286,1
177,bc68a72fe41d3095,,wastar,"{""w"": 10.0}",pdb,"{""pdb_dir"": ""../phase1_data_generation/data/pdbs""}",36.00,1,solved,42,,60,200,61,141,0.0103,0.0150,1
178,5b0d39c8ae2467f1,,wastar,"{""w"": 10.0}",pdb,"{""pdb_dir"": ""../phase1_data_generation/data/pdbs""}",32.00,1,solved,48,,65,212,66,148,0.0111,0.0161,1
179,d798e064fc35ba21,,wastar,"{""w"": 10.0}",pdb,"{""pdb_dir"": ""../phase1_data_generation/data/pdbs""}",32.00,1,solved,46,,345,1100,342,732,0.0577,0.0839,1
180,fb9423c87a05d16e,,wastar,"{""w"": 10.0}",pdb,"{""pdb_dir"": ""../phase1_data_generation/data/pdbs""}",38.00,1,solved,62,,156,489,156,329,0.0264,0.0382,1
181,ab7f384c9d0e6125,,wastar,"{""w"": 10.0}",pdb,"{""pdb_dir"": ""../phase1_data_generation/data/pdbs""}",38.00,1,solved,80,,606,1928,528,1136,0.0910,0.1377,1
182,260ca319ebf45d87,,wastar,"{""w"": 10.0}",pdb,"{""pdb_dir"": ""../phase1_data_generation/data/pdbs""}",42.00,1,solved,94,,318,1001,318,679,0.0560,0.0812,1
183,6f9c80bd73a452e1,,wastar,"{""w"": 10.0}",pdb,"{""pdb_dir"": ""../phase1_data_generation/data/pdbs""}",34.00,1,solved,62,,182,578,175,376,0.0306,0.0446,1
184,0a78b32e16f945dc,,wastar,"{""w"": 10.0}",pdb,"{""pdb_dir"": ""../phase1_data_generation/data/pdbs""}",46.00,1,solved,70,,235,732,236,496,0.0413,0.0599,1
185,56dc9240e3b7fa18,,wastar,"{""w"": 10.0}",pdb,"{""pdb_dir"": ""../phase1_data_generation/data/pdbs""}",38.00,1,solved,94,,296,926,297,630,0.0503,0.0727,1
186,b708dfc364ea2519,,wastar,"{""w"": 10.0}",pdb,"{""pdb_dir"": ""../phase1_data_generation/data/pdbs""}",36.00,1,solved,78,,260,813,261,553,0.0447,0.0648,1
187,7b3face5269410d8,,wastar,"{""w"": 10.0}",pdb,"{""pdb_dir"": ""../phase1_data_generation/data/pdbs""}",38.00,1,solved,78,,708,2278,684,1503,0.1198,0.1759,1
188,b9fc3e186524a7d0,,wastar,"{""w"": 10.0}",pdb,"{""pdb_dir"": ""../phase1_data_generation/data/pdbs""}",32.00,1,solved,54,,91,285,92,195,0.0161,0.0230,1
189,fcad8041b592e673,,wastar,"{""w"": 10.0}",pdb,"{""pdb_dir"": ""../phase1_data_generation/data/pdbs""}",36.00,1,solved,50,,77,248,78,172,0.0134,0.0193,1
190,39ebfacd62475081,,wastar,"{""w"": 10.0}",pdb,"{""pdb_dir"": ""../phase1_data_generation/data/pdbs""}",38.00,1,solved,94,,278,880,279,599,0.0486,0.0703,1
191,651e8a407dfcb392,,wastar,"{""w"": 10.0}",pdb,"{""pdb_dir"": ""../phase1_data_generation/data/pdbs""}",40.00,1,solved,50,,56,183,57,128,0.0103,0.0149,1
192,fb981e603a7524dc,,wastar,"{""w"": 10.0}",pdb,"{""pdb_dir"": ""../phase1_data_generation/data/pdbs""}",36.00,1,solved,62,,141,443,142,303,0.0257,0.0371,1
193,fa89ec1d7b653420,,wastar,"{""w"": 10.0}",pdb,"{""pdb_dir"": ""../phase1_data_generation/data/pdbs""}",32.00,1,solved,96,,683,2178,668,1446,0.1183,0.1730,1
194,52c8af10be396d47,,wastar,"{""w"": 10.0}",pdb,"{""pdb_dir"": ""../phase1_data_generation/data/pdbs""}",40.00,1,solved,80,,234,750,235,516,0.0394,0.0572,1
195,69e458ba37cf20d1,,wastar,"{""w"": 10.0}",pdb,"{""pdb_dir"": ""../phase1_data_generation/data/pdbs""}",42.00,1,solved,68,,131,428,132,298,0.0225,0.0325,1
196,f498e1a62503d7bc,,wastar,"{""w"": 10.0}",pdb,"{""pdb_dir"": ""../phase1_data_generation/data/pdbs""}",46.00,1,solved,80,,129,409,130,281,0.0220,0.0318,1
197,9bd87ac0e345f612,,wastar,"{""w"": 10.0}",pdb,"{""pdb_dir"": ""../phase1_data_generation/data/pdbs""}",36.00,1,solved,42,,46,148,47,103,0.0082,0.0117,1
198,9b0ef587d3c6a241,,wastar,"{""w"": 10.0}",pdb,"{""pdb_dir"": ""../phase1_data_generation/data/pdbs""}",40.00,1,solved,76,,298,946,291,625,0.0496,0.0729,1
199,fe1928adb435607c,,wastar,"{""w"": 10.0}",pdb,"{""pdb_dir"": ""../phase1_data_generation/data/pdbs""}",36.00,1,solved,42,,44,140,45,97,0.0075,0.0108,1
200,0df53c8abe124697,,wastar,"{""w"": 10.0}",pdb,"{""pdb_dir"": ""../phase1_data_generation/data/pdbs""}",44.00,1,solved,90,,345,1086,346,738,0.0588,0.0851,1
201,8d5e2f3a01c976b4,,wastar,"{""w"": 10.0}",pdb,"{""pdb_dir"": ""../phase1_data_generation/data/pdbs""}",42.00,1,solved,76,,290,927,291,636,0.0497,0.0722,1
202,ceda1042bf769583,,wastar,"{""w"": 10.0}",pdb,"{""pdb_dir"": ""../phase1_data_generation/data/pdbs""}",48.00,1,solved,138,,893,2829,821,1755,0.1403,0.2088,1
203,94f5e8c27a0b31d6,,wastar,"{""w"": 10.0}",pdb,"{""pdb_dir"": ""../phase1_data_generation/data/pdbs""}",40.00,1,solved,76,,232,734,233,501,0.0400,0.0580,1
204,cf4b709ade623158,,wastar,"{""w"": 10.0}",pdb,"{""pdb_dir"": ""../phase1_data_generation/data/pdbs""}",40.00,1,solved,54,,76,253,77,178,0.0136,0.0195,1
205,05d8e7a4f3926b1c,,wastar,"{""w"": 10.0}",pdb,"{""pdb_dir"": ""../phase1_data_generation/data/pdbs""}",34.00,1,solved,46,,80,258,81,179,0.0139,0.0201,1
206,af7b3e15d20c4869,,wastar,"{""w"": 10.0}",pdb,"{""pdb_dir"": ""../phase1_data_generation/data/pdbs""}",44.00,1,solved,98,,384,1220,385,833,0.0675,0.0982,1
207,4fc3e0a789d61b25,,wastar,"{""w"": 10.0}",pdb,"{""pdb_dir"": ""../phase1_data_generation/data/pdbs""}",44.00,1,solved,94,,232,737,233,505,0.0413,0.0596,1
208,5e6b3f4ca702d189,,wastar,"{""w"": 10.0}",pdb,"{""pdb_dir"": ""../phase1_data_generation/data/pdbs""}",44.00,1,solved,68,,116,372,117,257,0.0215,0.0310,1
209,8f6e2170a59cb34d,,wastar,"{""w"": 10.0}",pdb,"{""pdb_dir"": ""../phase1_data_generation/data/pdbs""}",34.00,1,solved,54,,144,457,139,297,0.0250,0.0366,1
210,09d1b5a4ef62c738,,wastar,"{""w"": 10.0}",pdb,"{""pdb_dir"": ""../phase1_data_generation/data/pdbs""}",38.00,1,solved,64,,202,665,176,397,0.0312,0.0471,1
211,2eb7f9d86305c4a1,,wastar,"{""w"": 10.0}",pdb,"{""pdb_dir"": ""../phase1_data_generation/data/pdbs""}",46.00,1,solved,80,,185,596,186,412,0.0334,0.0482,1
212,fd98401c27ea365b,,wastar,"{""w"": 10.0}",pdb,"{""pdb_dir"": ""../phase1_data_generation/data/pdbs""}",40.00,1,solved,74,,213,670,214,456,0.0386,0.0559,1
213,69d8c51eb703af42,,wastar,"{""w"": 10.0}",pdb,"{""pdb_dir"": ""../phase1_data_generation/data/pdbs""}",42.00,1,solved,58,,87,284,88,198,0.0159,0.0229,1
214,d983f0ce651b2a74,,wastar,"{""w"": 10.0}",pdb,"{""pdb_dir"": ""../phase1_data_generation/data/pdbs""}",36.00,1,solved,74,,215,679,216,464,0.0385,0.0557,1
215,cbadf04e79251638,,wastar,"{""w"": 10.0}",pdb,"{""pdb_dir"": ""../phase1_data_generation/data/pdbs""}",38.00,1,solved,62,,109,345,110,237,0.0198,0.0286,1
216,8ab57fcd24e13096,,wastar,"{""w"": 10.0}",pdb,"{""pdb_dir"": ""../phase1_data_generation/data/pdbs""}",36.00,1,solved,56,,161,504,162,343,0.0296,0.0428,1
217,abed3049f216758c,,wastar,"{""w"": 10.0}",pdb,"{""pdb_dir"": ""../phase1_data_generation/data/pdbs""}",32.00,1,solved,40,,57,181,58,125,0.0102,0.0147,1
218,d968b3afe2c41075,,wastar,"{""w"": 10.0}",pdb,"{""pdb_dir"": ""../phase1_data_generation/data/pdbs""}",40.00,1,solved,54,,81,255,82,175,0.0148,0.0212,1
219,fdbca04971e53286,,wastar,"{""w"": 10.0}",pdb,"{""pdb_dir"": ""../phase1_data_generation/data/pdbs""}",26.00,1,solved,52,,215,676,214,457,0.0388,0.0564,1
220,2eb475a8360fd91c,,wastar,"{""w"": 10.0}",pdb,"{""pdb_dir"": ""../phase1_data_generation/data/pdbs""}",46.00,1,solved,76,,135,442,136,307,0.0241,0.0348,1
221,6c4baf92370d8e51,,wastar,"{""w"": 10.0}",pdb,"{""pdb_dir"": ""../phase1_data_generation/data/pdbs""}",42.00,1,solved,60,,135,441,136,307,0.0239,0.0344,1
222,2dba7e6f41c58390,,wastar,"{""w"": 10.0}",pdb,"{""pdb_dir"": ""../phase1_data_generation/data/pdbs""}",44.00,1,solved,60,,80,261,81,182,0.0142,0.0205,1
223,dafc3e890125b467,,wastar,"{""w"": 10.0}",pdb,"{""pdb_dir"": ""../phase1_data_generation/data/pdbs""}",40.00,1,solved,70,,228,735,229,507,0.0407,0.0591,1
224,7fcea0d93b821465,,wastar,"{""w"": 10.0}",pdb,"{""pdb_dir"": ""../phase1_data_generation/data/pdbs""}",32.00,1,solved,56,,127,401,128,273,0.0231,0.0333,1
225,b5d1cea07329f648,,wastar,"{""w"": 10.0}",pdb,"{""pdb_dir"": ""../phase1_data_generation/data/pdbs""}",40.00,1,solved,48,,59,188,60,130,0.0106,0.0152,1
226,fc5e8d74a602b193,,wastar,"{""w"": 10.0}",pdb,"{""pdb_dir"": ""../phase1_data_generation/data/pdbs""}",36.00,1,solved,68,,157,502,158,345,0.0277,0.0400,1
227,5dbf63ae180942c7,,wastar,"{""w"": 10.0}",pdb,"{""pdb_dir"": ""../phase1_data_generation/data/pdbs""}",48.00,1,solved,70,,113,351,114,239,0.0204,0.0293,1
228,a298be7d06c513f4,,wastar,"{""w"": 10.0}",pdb,"{""pdb_dir"": ""../phase1_data_generation/data/pdbs""}",40.00,1,solved,44,,68,227,69,160,0.0126,0.0182,1
229,ca18f2e50964d7b3,,wastar,"{""w"": 10.0}",pdb,"{""pdb_dir"": ""../phase1_data_generation/data/pdbs""}",38.00,1,solved,72,,249,787,250,538,0.0452,0.0653,1
230,dba6c9fe37082541,,wastar,"{""w"": 10.0}",pdb,"{""pdb_dir"": ""../phase1_data_generation/data/pdbs""}",36.00,1,solved,58,,176,550,177,374,0.0322,0.0463,1
231,6f9aed24b501c837,,wastar,"{""w"": 10.0}",pdb,"{""pdb_dir"": ""../phase1_data_generation/data/pdbs""}",42.00,1,solved,70,,112,354,113,243,0.0205,0.0295,1
232,d3c4b5af620871e9,,wastar,"{""w"": 10.0}",pdb,"{""pdb_dir"": ""../phase1_data_generation/data/pdbs""}",38.00,1,solved,56,,74,242,75,169,0.0136,0.0196,1
233,fc8de624a109b375,,wastar,"{""w"": 10.0}",pdb,"{""pdb_dir"": ""../phase1_data_generation/data/pdbs""}",30.00,1,solved,52,,148,467,149,319,0.0271,0.0390,1
234,0cb9e87f641d2a35,,wastar,"{""w"": 10.0}",pdb,"{""pdb_dir"": ""../phase1_data_generation/data/pdbs""}",40.00,1,solved,58,,133,417,134,285,0.0243,0.0350,1
235,fa9ced65324871b0,,wastar,"{""w"": 10.0}",pdb,"{""pdb_dir"": ""../phase1_data_generation/data/pdbs""}",30.00,1,solved,50,,74,237,75,164,0.0135,0.0194,1
236,1ab8c0d97fe36542,,wastar,"{""w"": 10.0}",pdb,"{""pdb_dir"": ""../phase1_data_generation/data/pdbs""}",42.00,1,solved,70,,266,853,267,586,0.0483,0.0698,1
237,7e8afbc095d42631,,wastar,"{""w"": 10.0}",pdb,"{""pdb_dir"": ""../phase1_data_generation/data/pdbs""}",28.00,1,solved,56,,367,1175,351,757,0.0638,0.0932,1
238,0c85e4d2ba93716f,,wastar,"{""w"": 10.0}",pdb,"{""pdb_dir"": ""../phase1_data_generation/data/pdbs""}",40.00,1,solved,74,,103,334,104,232,0.0188,0.0271,1
239,e7fa2cbd05384169,,wastar,"{""w"": 10.0}",pdb,"{""pdb_dir"": ""../phase1_data_generation/data/pdbs""}",42.00,1,solved,72,,134,429,135,296,0.0244,0.0352,1
240,f6d4a312e90c57b8,,wastar,"{""w"": 10.0}",pdb,"{""pdb_dir"": ""../phase1_data_generation/data/pdbs""}",38.00,1,solved,64,,239,757,240,513,0.0434,0.0627,1
241,2b95ae8f371c40d6,,wastar,"{""w"": 10.0}",pdb,"{""pdb_dir"": ""../phase1_data_generation/data/pdbs""}",40.00,1,solved,72,,135,441,136,307,0.0245,0.0353,1
242,ec9ad0b53761428f,,wastar,"{""w"": 10.0}",pdb,"{""pdb_dir"": ""../phase1_data_generation/data/pdbs""}",40.00,1,solved,84,,189,615,190,427,0.0346,0.0499,1
243,1f4c5ad93e76b280,,wastar,"{""w"": 10.0}",pdb,"{""pdb_dir"": ""../phase1_data_generation/data/pdbs""}",32.00,1,solved,88,,469,1475,452,954,0.0817,0.1192,1
244,5fa239670e14bc8d,,wastar,"{""w"": 10.0}",pdb,"{""pdb_dir"": ""../phase1_data_generation/data/pdbs""}",46.00,1,solved,80,,153,490,154,338,0.0269,0.0388,1
245,ed84b0597631fac2,,wastar,"{""w"": 10.0}",pdb,"{""pdb_dir"": ""../phase1_data_generation/data/pdbs""}",34.00,1,solved,54,,69,226,70,158,0.0122,0.0176,1
246,e784cf59a30261bd,,wastar,"{""w"": 10.0}",pdb,"{""pdb_dir"": ""../phase1_data_generation/data/pdbs""}",40.00,1,solved,72,,111,353,112,243,0.0196,0.0283,1
247,bd2980afc35e6741,,wastar,"{""w"": 10.0}",pdb,"{""pdb_dir"": ""../phase1_data_generation/data/pdbs""}",46.00,1,solved,68,,115,376,116,262,0.0208,0.0300,1
248,78df103eb6a9254c,,wastar,"{""w"": 10.0}",pdb,"{""pdb_dir"": ""../phase1_data_generation/data/pdbs""}",40.00,1,solved,78,,644,2048,576,1234,0.1022,0.1525,1
249,7a9d65bf0318c2e4,,wastar,"{""w"": 10.0}",pdb,"{""pdb_dir"": ""../phase1_data_generation/data/pdbs""}",38.00,1,solved,80,,223,713,224,491,0.0398,0.0576,1
250,bf2a6c31579840de,,wastar,"{""w"": 10.0}",pdb,"{""pdb_dir"": ""../phase1_data_generation/data/pdbs""}",46.00,1,solved,96,,661,2104,644,1386,0.1148,0.1680,1
251,5f07c694a321edb8,,wastar,"{""w"": 10.0}",pdb,"{""pdb_dir"": ""../phase1_data_generation/data/pdbs""}",42.00,1,solved,72,,192,589,193,396,0.0345,0.0498,1
252,8ef1503ab7d94c26,,wastar,"{""w"": 10.0}",pdb,"{""pdb_dir"": ""../phase1_data_generation/data/pdbs""}",50.00,1,solved,128,,559,1772,559,1206,0.0998,0.1445,1
253,3bae70869cdf2415,,wastar,"{""w"": 10.0}",pdb,"{""pdb_dir"": ""../phase1_data_generation/data/pdbs""}",42.00,1,solved,50,,56,182,57,127,0.0101,0.0145,1
254,0354cf2ab1897d6e,,wastar,"{""w"": 10.0}",pdb,"{""pdb_dir"": ""../phase1_data_generation/data/pdbs""}",46.00,1,solved,78,,200,630,201,431,0.0358,0.0517,1
255,f6a4be5d271390c8,,wastar,"{""w"": 10.0}",pdb,"{""pdb_dir"": ""../phase1_data_generation/data/pdbs""}",36.00,1,solved,96,,300,973,297,656,0.0500,0.0728,1
256,4d02bfc93a18756e,,wastar,"{""w"": 10.0}",pdb,"{""pdb_dir"": ""../phase1_data_generation/data/pdbs""}",42.00,1,solved,86,,309,963,310,652,0.0540,0.0786,1
257,de4162a0f8b7c953,,wastar,"{""w"": 10.0}",pdb,"{""pdb_dir"": ""../phase1_data_generation/data/pdbs""}",50.00,1,solved,82,,148,470,149,323,0.0255,0.0370,1
258,e86fa0bcd5129473,,wastar,"{""w"": 10.0}",pdb,"{""pdb_dir"": ""../phase1_data_generation/data/pdbs""}",46.00,1,solved,72,,182,576,183,393,0.0310,0.0449,1
259,b8acde205f914673,,wastar,"{""w"": 10.0}",pdb,"{""pdb_dir"": ""../phase1_data_generation/data/pdbs""}",40.00,1,solved,84,,234,759,230,511,0.0385,0.0561,1
260,450bf3ad6e8192c7,,wastar,"{""w"": 10.0}",pdb,"{""pdb_dir"": ""../phase1_data_generation/data/pdbs""}",46.00,1,solved,96,,274,874,275,599,0.0472,0.0682,1
261,e845fdb90ac26713,,wastar,"{""w"": 10.0}",pdb,"{""pdb_dir"": ""../phase1_data_generation/data/pdbs""}",36.00,1,solved,40,,44,133,45,90,0.0078,0.0114,1
262,f4c1b26de35a9087,,wastar,"{""w"": 10.0}",pdb,"{""pdb_dir"": ""../phase1_data_generation/data/pdbs""}",40.00,1,solved,78,,179,568,180,389,0.0302,0.0437,1
263,e40df2c69853ba17,,wastar,"{""w"": 10.0}",pdb,"{""pdb_dir"": ""../phase1_data_generation/data/pdbs""}",38.00,1,solved,66,,209,652,210,441,0.0356,0.0516,1
264,b1c82d6f3754a0e9,,wastar,"{""w"": 10.0}",pdb,"{""pdb_dir"": ""../phase1_data_generation/data/pdbs""}",36.00,1,solved,80,,470,1455,464,964,0.0791,0.1149,1
265,e748f061a2d9c35b,,wastar,"{""w"": 10.0}",pdb,"{""pdb_dir"": ""../phase1_data_generation/data/pdbs""}",40.00,1,solved,66,,183,595,177,392,0.0302,0.0442,1
266,07cdbe94f1386a52,,wastar,"{""w"": 10.0}",pdb,"{""pdb_dir"": ""../phase1_data_generation/data/pdbs""}",36.00,1,solved,76,,248,785,248,529,0.0419,0.0609,1
267,da36f8c1e249b057,,wastar,"{""w"": 10.0}",pdb,"{""pdb_dir"": ""../phase1_data_generation/data/pdbs""}",40.00,1,solved,84,,212,665,213,454,0.0374,0.0541,1
268,b7fc13d89e65a024,,wastar,"{""w"": 10.0}",pdb,"{""pdb_dir"": ""../phase1_data_generation/data/pdbs""}",28.00,1,solved,48,,137,444,138,308,0.0237,0.0344,1
269,ba4c2fd86e713590,,wastar,"{""w"": 10.0}",pdb,"{""pdb_dir"": ""../phase1_data_generation/data/pdbs""}",28.00,1,solved,60,,177,543,178,366,0.0313,0.0451,1
270,aed9365701f2bc84,,wastar,"{""w"": 10.0}",pdb,"{""pdb_dir"": ""../phase1_data_generation/data/pdbs""}",40.00,1,solved,86,,553,1767,465,1009,0.0789,0.1200,1
271,adf978e13b04256c,,wastar,"{""w"": 10.0}",pdb,"{""pdb_dir"": ""../phase1_data_generation/data/pdbs""}",34.00,1,solved,68,,214,686,214,470,0.0375,0.0543,1
272,bec279680a34f1d5,,wastar,"{""w"": 10.0}",pdb,"{""pdb_dir"": ""../phase1_data_generation/data/pdbs""}",38.00,1,solved,72,,659,2090,604,1295,0.1059,0.1569,1
273,efcb16480275a39d,,wastar,"{""w"": 10.0}",pdb,"{""pdb_dir"": ""../phase1_data_generation/data/pdbs""}",40.00,1,solved,68,,162,500,163,338,0.0282,0.0407,1
274,7f1c4e892b03d56a,,wastar,"{""w"": 10.0}",pdb,"{""pdb_dir"": ""../phase1_data_generation/data/pdbs""}",40.00,1,solved,82,,167,543,168,377,0.0293,0.0424,1
275,6b01e854f9d2ca37,,wastar,"{""w"": 10.0}",pdb,"{""pdb_dir"": ""../phase1_data_generation/data/pdbs""}",46.00,1,solved,82,,196,614,196,418,0.0341,0.0493,1
276,adf2b6c53108e749,,wastar,"{""w"": 10.0}",pdb,"{""pdb_dir"": ""../phase1_data_generation/data/pdbs""}",36.00,1,solved,62,,125,402,126,278,0.0228,0.0328,1
277,16aef584320d97bc,,wastar,"{""w"": 10.0}",pdb,"{""pdb_dir"": ""../phase1_data_generation/data/pdbs""}",40.00,1,solved,60,,82,264,83,183,0.0150,0.0216,1
278,0a846d39e5c2b7f1,,wastar,"{""w"": 10.0}",pdb,"{""pdb_dir"": ""../phase1_data_generation/data/pdbs""}",40.00,1,solved,72,,213,678,214,464,0.0386,0.0557,1
279,72ad6b591308fe4c,,wastar,"{""w"": 10.0}",pdb,"{""pdb_dir"": ""../phase1_data_generation/data/pdbs""}",36.00,1,solved,76,,282,887,283,605,0.0485,0.0707,1
280,0ce48f5b73a9d612,,wastar,"{""w"": 10.0}",pdb,"{""pdb_dir"": ""../phase1_data_generation/data/pdbs""}",40.00,1,solved,82,,237,755,237,517,0.0404,0.0587,1
281,7d0ca8f569e413b2,,wastar,"{""w"": 10.0}",pdb,"{""pdb_dir"": ""../phase1_data_generation/data/pdbs""}",36.00,1,solved,42,,71,229,72,159,0.0124,0.0179,1
282,3afe59c78b14d062,,wastar,"{""w"": 10.0}",pdb,"{""pdb_dir"": ""../phase1_data_generation/data/pdbs""}",42.00,1,solved,86,,446,1399,446,949,0.0778,0.1132,1
283,2f3b90cda647158e,,wastar,"{""w"": 10.0}",pdb,"{""pdb_dir"": ""../phase1_data_generation/data/pdbs""}",44.00,1,solved,88,,183,578,175,376,0.0306,0.0446,1
284,a50891dc7f426eb3,,wastar,"{""w"": 10.0}",pdb,"{""pdb_dir"": ""../phase1_data_generation/data/pdbs""}",40.00,1,solved,74,,166,531,167,366,0.0290,0.0417,1
285,1d8f36c57a049e2b,,wastar,"{""w"": 10.0}",pdb,"{""pdb_dir"": ""../phase1_data_generation/data/pdbs""}",42.00,1,solved,110,,366,1169,363,786,0.0623,0.0912,1
286,470de6ac2359f1b8,,wastar,"{""w"": 10.0}",pdb,"{""pdb_dir"": ""../phase1_data_generation/data/pdbs""}",34.00,1,solved,40,,47,153,48,107,0.0086,0.0124,1
287,b9ae5247c1f830d6,,wastar,"{""w"": 10.0}",pdb,"{""pdb_dir"": ""../phase1_data_generation/data/pdbs""}",42.00,1,solved,64,,95,311,96,217,0.0161,0.0234,1
288,f7d46ae95c183b20,,wastar,"{""w"": 10.0}",pdb,"{""pdb_dir"": ""../phase1_data_generation/data/pdbs""}",32.00,1,solved,64,,159,504,160,346,0.0276,0.0398,1
289,f64ae95cb208731d,,wastar,"{""w"": 10.0}",pdb,"{""pdb_dir"": ""../phase1_data_generation/data/pdbs""}",32.00,1,solved,34,,40,134,41,95,0.0072,0.0103,1
290,aebd72c93f518640,,wastar,"{""w"": 10.0}",pdb,"{""pdb_dir"": ""../phase1_data_generation/data/pdbs""}",36.00,1,solved,48,,70,225,71,156,0.0122,0.0177,1
291,ebd8f2ac75013694,,wastar,"{""w"": 10.0}",pdb,"{""pdb_dir"": ""../phase1_data_generation/data/pdbs""}",28.00,1,solved,60,,132,426,133,293,0.0236,0.0344,1
292,f5ac89d64321e0b7,,wastar,"{""w"": 10.0}",pdb,"{""pdb_dir"": ""../phase1_data_generation/data/pdbs""}",42.00,1,solved,100,,316,1013,313,682,0.0565,0.0822,1
293,3d6f25ac07e1498b,,wastar,"{""w"": 10.0}",pdb,"{""pdb_dir"": ""../phase1_data_generation/data/pdbs""}",42.00,1,solved,82,,141,441,142,301,0.0259,0.0372,1
294,3fc5a01de7289b64,,wastar,"{""w"": 10.0}",pdb,"{""pdb_dir"": ""../phase1_data_generation/data/pdbs""}",34.00,1,solved,62,,416,1326,416,904,0.0775,0.1128,1
295,7bfde6982a0541c3,,wastar,"{""w"": 10.0}",pdb,"{""pdb_dir"": ""../phase1_data_generation/data/pdbs""}",36.00,1,solved,52,,86,274,87,189,0.0162,0.0233,1
296,0fa87e9d6b153c24,,wastar,"{""w"": 10.0}",pdb,"{""pdb_dir"": ""../phase1_data_generation/data/pdbs""}",24.00,1,solved,38,,93,295,94,203,0.0171,0.0248,1
297,cba1f0e53847d692,,wastar,"{""w"": 10.0}",pdb,"{""pdb_dir"": ""../phase1_data_generation/data/pdbs""}",42.00,1,solved,52,,65,206,66,142,0.0117,0.0168,1
298,6cbf3e8da5217490,,wastar,"{""w"": 10.0}",pdb,"{""pdb_dir"": ""../phase1_data_generation/data/pdbs""}",42.00,1,solved,64,,92,291,93,200,0.0164,0.0237,1
299,e3a5cd872691f0b4,,wastar,"{""w"": 10.0}",pdb,"{""pdb_dir"": ""../phase1_data_generation/data/pdbs""}",40.00,1,solved,84,,574,1817,516,1100,0.0929,0.1386,1
300,5e086c19d7af32b4,,wastar,"{""w"": 10.0}",pdb,"{""pdb_dir"": ""../phase1_data_generation/data/pdbs""}",36.00,1,solved,62,,237,754,232,497,0.0417,0.0607,1
301,6804bcdaf92153e7,,wastar,"{""w"": 10.0}",pdb,"{""pdb_dir"": ""../phase1_data_generation/data/pdbs""}",42.00,1,solved,80,,134,426,135,293,0.0238,0.0342,1
302,8ad36bc0e129f457,,wastar,"{""w"": 10.0}",pdb,"{""pdb_dir"": ""../phase1_data_generation/data/pdbs""}",44.00,1,solved,76,,220,695,221,474,0.0389,0.0560,1
303,bfc87a916503de42,,wastar,"{""w"": 10.0}",pdb,"{""pdb_dir"": ""../phase1_data_generation/data/pdbs""}",36.00,1,solved,72,,216,687,216,466,0.0379,0.0547,1
304,0d18ae9f2b643c75,,wastar,"{""w"": 10.0}",pdb,"{""pdb_dir"": ""../phase1_data_generation/data/pdbs""}",42.00,1,solved,58,,100,327,101,228,0.0177,0.0255,1
305,7916e4cb8d2f35a0,,wastar,"{""w"": 10.0}",pdb,"{""pdb_dir"": ""../phase1_data_generation/data/pdbs""}",44.00,1,solved,86,,255,808,243,521,0.0442,0.0647,1
306,f2956d8eabc14730,,wastar,"{""w"": 10.0}",pdb,"{""pdb_dir"": ""../phase1_data_generation/data/pdbs""}",38.00,1,solved,100,,377,1178,376,793,0.0663,0.0960,1
307,cfb583da640927e1,,wastar,"{""w"": 10.0}",pdb,"{""pdb_dir"": ""../phase1_data_generation/data/pdbs""}",44.00,1,solved,88,,363,1153,327,706,0.0587,0.0874,1
308,dc25b9480fa6317e,,wastar,"{""w"": 10.0}",pdb,"{""pdb_dir"": ""../phase1_data_generation/data/pdbs""}",38.00,1,solved,82,,437,1372,437,931,0.0782,0.1134,1
309,3b8a9160e5c42f7d,,wastar,"{""w"": 10.0}",pdb,"{""pdb_dir"": ""../phase1_data_generation/data/pdbs""}",42.00,1,solved,104,,266,853,267,587,0.0474,0.0686,1
310,fb6de0a17985234c,,wastar,"{""w"": 10.0}",pdb,"{""pdb_dir"": ""../phase1_data_generation/data/pdbs""}",36.00,1,solved,64,,376,1190,373,790,0.0665,0.0965,1
311,e4fb9d1c86a23075,,wastar,"{""w"": 10.0}",pdb,"{""pdb_dir"": ""../phase1_data_generation/data/pdbs""}",40.00,1,solved,60,,193,624,194,430,0.0344,0.0497,1
312,0ad98e467c352fb1,,wastar,"{""w"": 10.0}",pdb,"{""pdb_dir"": ""../phase1_data_generation/data/pdbs""}",40.00,1,solved,58,,156,490,157,333,0.0274,0.0397,1
313,4e0cd918f756b32a,,wastar,"{""w"": 10.0}",pdb,"{""pdb_dir"": ""../phase1_data_generation/data/pdbs""}",34.00,1,solved,50,,111,347,112,237,0.0196,0.0282,1
314,06b1c5a8f34972ed,,wastar,"{""w"": 10.0}",pdb,"{""pdb_dir"": ""../phase1_data_generation/data/pdbs""}",40.00,1,solved,68,,234,731,235,497,0.0423,0.0611,1
315,0f2c98d1ba46735e,,wastar,"{""w"": 10.0}",pdb,"{""pdb_dir"": ""../phase1_data_generation/data/pdbs""}",34.00,1,solved,52,,156,507,157,350,0.0280,0.0406,1
316,fdc9e45b076182a3,,wastar,"{""w"": 10.0}",pdb,"{""pdb_dir"": ""../phase1_data_generation/data/pdbs""}",36.00,1,solved,56,,432,1378,387,832,0.0699,0.1043,1
317,8fd9b71035e264ac,,wastar,"{""w"": 10.0}",pdb,"{""pdb_dir"": ""../phase1_data_generation/data/pdbs""}",36.00,1,solved,54,,73,234,74,162,0.0130,0.0187,1
318,26915ab47f0c38de,,wastar,"{""w"": 10.0}",pdb,"{""pdb_dir"": ""../phase1_data_generation/data/pdbs""}",48.00,1,solved,88,,323,1028,324,705,0.0557,0.0808,1
319,6d4cb5a08e12f379,,wastar,"{""w"": 10.0}",pdb,"{""pdb_dir"": ""../phase1_data_generation/data/pdbs""}",38.00,1,solved,62,,113,359,114,247,0.0198,0.0285,1
320,cdf5b086e371249a,,wastar,"{""w"": 10.0}",pdb,"{""pdb_dir"": ""../phase1_data_generation/data/pdbs""}",40.00,1,solved,42,,47,150,48,104,0.0085,0.0123,1
321,3f857ad4e9061b2c,,wastar,"{""w"": 10.0}",pdb,"{""pdb_dir"": ""../phase1_data_generation/data/pdbs""}",42.00,1,solved,80,,287,904,288,614,0.0496,0.0720,1
322,f603a4cd7895eb12,,wastar,"{""w"": 10.0}",pdb,"{""pdb_dir"": ""../phase1_data_generation/data/pdbs""}",40.00,1,solved,80,,340,1092,327,719,0.0577,0.0845,1
323,87ac2d6e350fb914,,wastar,"{""w"": 10.0}",pdb,"{""pdb_dir"": ""../phase1_data_generation/data/pdbs""}",36.00,1,solved,92,,188,596,189,409,0.0332,0.0480,1
324,7cbde3a81f694250,,wastar,"{""w"": 10.0}",pdb,"{""pdb_dir"": ""../phase1_data_generation/data/pdbs""}",38.00,1,solved,72,,281,879,282,597,0.0491,0.0712,1
325,fbdc30145729e6a8,,wastar,"{""w"": 10.0}",pdb,"{""pdb_dir"": ""../phase1_data_generation/data/pdbs""}",34.00,1,solved,80,,389,1248,390,854,0.0694,0.1007,1
326,f7cea4685b0d2139,,wastar,"{""w"": 10.0}",pdb,"{""pdb_dir"": ""../phase1_data_generation/data/pdbs""}",36.00,1,solved,60,,97,308,98,212,0.0178,0.0256,1
327,0915ed84f2a3c67b,,wastar,"{""w"": 10.0}",pdb,"{""pdb_dir"": ""../phase1_data_generation/data/pdbs""}",46.00,1,solved,64,,79,254,80,176,0.0145,0.0209,1
328,b842e7d06c91a53f,,wastar,"{""w"": 10.0}",pdb,"{""pdb_dir"": ""../phase1_data_generation/data/pdbs""}",42.00,1,solved,58,,88,287,89,200,0.0160,0.0231,1
329,a69ed7c50b314f28,,wastar,"{""w"": 10.0}",pdb,"{""pdb_dir"": ""../phase1_data_generation/data/pdbs""}",40.00,1,solved,62,,80,250,81,171,0.0147,0.0211,1
330,f8da4c160b79532e,,wastar,"{""w"": 10.0}",pdb,"{""pdb_dir"": ""../phase1_data_generation/data/pdbs""}",44.00,1,solved,82,,385,1223,386,831,0.0669,0.0970,1
331,df753cae46189b20,,wastar,"{""w"": 10.0}",pdb,"{""pdb_dir"": ""../phase1_data_generation/data/pdbs""}",42.00,1,solved,80,,323,1013,324,688,0.0558,0.0810,1
332,edb5f07832946ac1,,wastar,"{""w"": 10.0}",pdb,"{""pdb_dir"": ""../phase1_data_generation/data/pdbs""}",32.00,1,solved,50,,102,321,103,220,0.0176,0.0254,1
333,d64b3790e285f1ca,,wastar,"{""w"": 10.0}",pdb,"{""pdb_dir"": ""../phase1_data_generation/data/pdbs""}",44.00,1,solved,108,,573,1896,574,1308,0.1003,0.1460,1
334,baecd7f058143962,,wastar,"{""w"": 10.0}",pdb,"{""pdb_dir"": ""../phase1_data_generation/data/pdbs""}",32.00,1,solved,40,,44,142,45,99,0.0079,0.0113,1
335,67fc18be329da054,,wastar,"{""w"": 10.0}",pdb,"{""pdb_dir"": ""../phase1_data_generation/data/pdbs""}",38.00,1,solved,44,,56,182,57,127,0.0099,0.0144,1
336,0bae674cf18925d3,,wastar,"{""w"": 10.0}",pdb,"{""pdb_dir"": ""../phase1_data_generation/data/pdbs""}",36.00,1,solved,66,,174,573,175,397,0.0316,0.0457,1
337,6d8eacb0f2593741,,wastar,"{""w"": 10.0}",pdb,"{""pdb_dir"": ""../phase1_data_generation/data/pdbs""}",36.00,1,solved,70,,141,457,142,317,0.0249,0.0360,1
338,f3b1e279c684ad50,,wastar,"{""w"": 10.0}",pdb,"{""pdb_dir"": ""../phase1_data_generation/data/pdbs""}",48.00,1,solved,84,,262,817,263,554,0.0472,0.0681,1
339,e50cab8d7f693214,,wastar,"{""w"": 10.0}",pdb,"{""pdb_dir"": ""../phase1_data_generation/data/pdbs""}",22.00,1,solved,42,,202,648,203,444,0.0357,0.0516,1
340,be28cf6037da5914,,wastar,"{""w"": 10.0}",pdb,"{""pdb_dir"": ""../phase1_data_generation/data/pdbs""}",34.00,1,solved,48,,68,225,69,158,0.0123,0.0177,1
341,f7082dea5b4c6931,,wastar,"{""w"": 10.0}",pdb,"{""pdb_dir"": ""../phase1_data_generation/data/pdbs""}",34.00,1,solved,82,,540,1717,496,1064,0.0882,0.1307,1
342,b721f0da435e698c,,wastar,"{""w"": 10.0}",pdb,"{""pdb_dir"": ""../phase1_data_generation/data/pdbs""}",44.00,1,solved,54,,72,234,73,163,0.0131,0.0188,1
343,e59df0bc7368a421,,wastar,"{""w"": 10.0}",pdb,"{""pdb_dir"": ""../phase1_data_generation/data/pdbs""}",28.00,1,solved,40,,136,428,137,292,0.0246,0.0354,1
344,a7c85f92036d1eb4,,wastar,"{""w"": 10.0}",pdb,"{""pdb_dir"": ""../phase1_data_generation/data/pdbs""}",36.00,1,solved,70,,192,618,193,427,0.0340,0.0492,1
345,732860ca54deb9f1,,wastar,"{""w"": 10.0}",pdb,"{""pdb_dir"": ""../phase1_data_generation/data/pdbs""}",44.00,1,solved,92,,668,2139,601,1296,0.1076,0.1603,1
346,bfd92580e6c4a371,,wastar,"{""w"": 10.0}",pdb,"{""pdb_dir"": ""../phase1_data_generation/data/pdbs""}",32.00,1,solved,74,,744,2358,670,1430,0.1194,0.1778,1
347,0b936f7c24de581a,,wastar,"{""w"": 10.0}",pdb,"{""pdb_dir"": ""../phase1_data_generation/data/pdbs""}",42.00,1,solved,98,,653,2076,638,1374,0.1137,0.1658,1
348,bfe4a0263c751d89,,wastar,"{""w"": 10.0}",pdb,"{""pdb_dir"": ""../phase1_data_generation/data/pdbs""}",38.00,1,solved,72,,186,584,187,399,0.0333,0.0480,1
349,0bc971d5f86ea324,,wastar,"{""w"": 10.0}",pdb,"{""pdb_dir"": ""../phase1_data_generation/data/pdbs""}",32.00,1,solved,60,,117,376,118,260,0.0210,0.0303,1
350,f84ce01d9673b2a5,,wastar,"{""w"": 10.0}",pdb,"{""pdb_dir"": ""../phase1_data_generation/data/pdbs""}",38.00,1,solved,80,,235,738,236,501,0.0420,0.0606,1
351,78a1c64be309f2d5,,wastar,"{""w"": 10.0}",pdb,"{""pdb_dir"": ""../phase1_data_generation/data/pdbs""}",42.00,1,solved,52,,77,253,78,177,0.0140,0.0203,1
352,e9dc23680f14ba57,,wastar,"{""w"": 10.0}",pdb,"{""pdb_dir"": ""../phase1_data_generation/data/pdbs""}",28.00,1,solved,76,,321,1029,322,706,0.0570,0.0826,1
353,6e9c30b87df5214a,,wastar,"{""w"": 10.0}",pdb,"{""pdb_dir"": ""../phase1_data_generation/data/pdbs""}",28.00,1,solved,42,,97,307,98,211,0.0173,0.0249,1
354,a902efc34b681d57,,wastar,"{""w"": 10.0}",pdb,"{""pdb_dir"": ""../phase1_data_generation/data/pdbs""}",48.00,1,solved,96,,190,611,191,422,0.0341,0.0492,1
355,cf48ab61de972530,,wastar,"{""w"": 10.0}",pdb,"{""pdb_dir"": ""../phase1_data_generation/data/pdbs""}",42.00,1,solved,82,,399,1271,400,868,0.0718,0.1038,1
356,e39da6c10487fb52,,wastar,"{""w"": 10.0}",pdb,"{""pdb_dir"": ""../phase1_data_generation/data/pdbs""}",38.00,1,solved,62,,210,686,196,438,0.0353,0.0520,1
357,0fa429bce658713d,,wastar,"{""w"": 10.0}",pdb,"{""pdb_dir"": ""../phase1_data_generation/data/pdbs""}",36.00,1,solved,68,,181,576,182,395,0.0329,0.0475,1
358,ae7c406b281d3f95,,wastar,"{""w"": 10.0}",pdb,"{""pdb_dir"": ""../phase1_data_generation/data/pdbs""}",36.00,1,solved,82,,271,875,272,605,0.0489,0.0707,1
359,dc32b850e6a19f47,,wastar,"{""w"": 10.0}",pdb,"{""pdb_dir"": ""../phase1_data_generation/data/pdbs""}",42.00,1,solved,70,,138,436,133,286,0.0240,0.0350,1
360,e297f0658cd4a31b,,wastar,"{""w"": 10.0}",pdb,"{""pdb_dir"": ""../phase1_data_generation/data/pdbs""}",38.00,1,solved,84,,310,971,311,660,0.0563,0.0813,1
361,6d8791fce4a320b5,,wastar,"{""w"": 10.0}",pdb,"{""pdb_dir"": ""../phase1_data_generation/data/pdbs""}",42.00,1,solved,46,,54,184,55,131,0.0096,0.0141,1
362,b4fce2687d05a319,,wastar,"{""w"": 10.0}",pdb,"{""pdb_dir"": ""../phase1_data_generation/data/pdbs""}",30.00,1,solved,64,,192,611,193,417,0.0343,0.0497,1
363,7e25cbd09a8436f1,,wastar,"{""w"": 10.0}",pdb,"{""pdb_dir"": ""../phase1_data_generation/data/pdbs""}",38.00,1,solved,54,,104,339,105,236,0.0178,0.0257,1
364,eadf473c510b2698,,wastar,"{""w"": 10.0}",pdb,"{""pdb_dir"": ""../phase1_data_generation/data/pdbs""}",40.00,1,solved,78,,296,946,297,648,0.0498,0.0722,1
365,785debf93c06a214,,wastar,"{""w"": 10.0}",pdb,"{""pdb_dir"": ""../phase1_data_generation/data/pdbs""}",30.00,1,solved,52,,189,625,190,433,0.0336,0.0485,1
366,721a30896eb45fdc,,wastar,"{""w"": 10.0}",pdb,"{""pdb_dir"": ""../phase1_data_generation/data/pdbs""}",48.00,1,solved,92,,176,565,177,390,0.0303,0.0439,1
367,7eb536cd0149af82,,wastar,"{""w"": 10.0}",pdb,"{""pdb_dir"": ""../phase1_data_generation/data/pdbs""}",36.00,1,solved,60,,218,694,219,476,0.0378,0.0546,1
368,0d29fa81c5473eb6,,wastar,"{""w"": 10.0}",pdb,"{""pdb_dir"": ""../phase1_data_generation/data/pdbs""}",42.00,1,solved,60,,85,268,86,184,0.0143,0.0207,1
369,9438ebdca5f16072,,wastar,"{""w"": 10.0}",pdb,"{""pdb_dir"": ""../phase1_data_generation/data/pdbs""}",40.00,1,solved,52,,68,218,69,151,0.0116,0.0168,1
370,3fbe6819572ad4c0,,wastar,"{""w"": 10.0}",pdb,"{""pdb_dir"": ""../phase1_data_generation/data/pdbs""}",42.00,1,solved,94,,238,748,239,511,0.0404,0.0583,1
371,dfc8a095712e36b4,,wastar,"{""w"": 10.0}",pdb,"{""pdb_dir"": ""../phase1_data_generation/data/pdbs""}",26.00,1,solved,58,,118,385,119,268,0.0209,0.0301,1
372,d859aec23b67f041,,wastar,"{""w"": 10.0}",pdb,"{""pdb_dir"": ""../phase1_data_generation/data/pdbs""}",38.00,1,solved,72,,199,626,200,428,0.0350,0.0507,1
373,ce687f3402b1a5d9,,wastar,"{""w"": 10.0}",pdb,"{""pdb_dir"": ""../phase1_data_generation/data/pdbs""}",36.00,1,solved,64,,186,579,187,394,0.0329,0.0473,1
374,2eb8795ac10d36f4,,wastar,"{""w"": 10.0}",pdb,"{""pdb_dir"": ""../phase1_data_generation/data/pdbs""}",36.00,1,solved,44,,66,215,67,150,0.0118,0.0172,1
375,82fcb09e135764ad,,wastar,"{""w"": 10.0}",pdb,"{""pdb_dir"": ""../phase1_data_generation/data/pdbs""}",38.00,1,solved,84,,292,912,293,618,0.0524,0.0756,1
376,8f51da6379bc24e0,,wastar,"{""w"": 10.0}",pdb,"{""pdb_dir"": ""../phase1_data_generation/data/pdbs""}",44.00,1,solved,84,,172,546,172,374,0.0313,0.0454,1
377,fec5a21609d3b748,,wastar,"{""w"": 10.0}",pdb,"{""pdb_dir"": ""../phase1_data_generation/data/pdbs""}",28.00,1,solved,52,,151,482,152,329,0.0274,0.0395,1
378,bd837f956ca1402e,,wastar,"{""w"": 10.0}",pdb,"{""pdb_dir"": ""../phase1_data_generation/data/pdbs""}",42.00,1,solved,60,,73,226,74,154,0.0135,0.0194,1
379,6de7c085f1b293a4,,wastar,"{""w"": 10.0}",pdb,"{""pdb_dir"": ""../phase1_data_generation/data/pdbs""}",42.00,1,solved,78,,763,2422,672,1442,0.1205,0.1810,1
380,86c1fde4b9357a20,,wastar,"{""w"": 10.0}",pdb,"{""pdb_dir"": ""../phase1_data_generation/data/pdbs""}",34.00,1,solved,48,,83,272,79,175,0.0142,0.0208,1
381,af2ce9b806d45173,,wastar,"{""w"": 10.0}",pdb,"{""pdb_dir"": ""../phase1_data_generation/data/pdbs""}",36.00,1,solved,70,,177,558,178,380,0.0324,0.0468,1
382,6bdca09e4f351728,,wastar,"{""w"": 10.0}",pdb,"{""pdb_dir"": ""../phase1_data_generation/data/pdbs""}",36.00,1,solved,54,,79,254,80,176,0.0146,0.0210,1
383,ef786ab19405c32d,,wastar,"{""w"": 10.0}",pdb,"{""pdb_dir"": ""../phase1_data_generation/data/pdbs""}",42.00,1,solved,84,,226,713,227,486,0.0408,0.0589,1
384,6ca9bdf4021e7358,,wastar,"{""w"": 10.0}",pdb,"{""pdb_dir"": ""../phase1_data_generation/data/pdbs""}",34.00,1,solved,70,,324,1038,323,705,0.0577,0.0837,1
385,4f0a31ed78c96b52,,wastar,"{""w"": 10.0}",pdb,"{""pdb_dir"": ""../phase1_data_generation/data/pdbs""}",40.00,1,solved,90,,289,937,288,639,0.0511,0.0740,1
386,591afe680bd43c72,,wastar,"{""w"": 10.0}",pdb,"{""pdb_dir"": ""../phase1_data_generation/data/pdbs""}",38.00,1,solved,92,,793,2511,718,1533,0.1301,0.1933,1
387,fe8d2b40a6c93571,,wastar,"{""w"": 10.0}",pdb,"{""pdb_dir"": ""../phase1_data_generation/data/pdbs""}",24.00,1,solved,42,,167,519,168,351,0.0304,0.0438,1
388,ea086b5f394712dc,,wastar,"{""w"": 10.0}",pdb,"{""pdb_dir"": ""../phase1_data_generation/data/pdbs""}",38.00,1,solved,54,,85,276,86,192,0.0155,0.0224,1
389,f39c6a75ed0b2841,,wastar,"{""w"": 10.0}",pdb,"{""pdb_dir"": ""../phase1_data_generation/data/pdbs""}",36.00,1,solved,78,,281,877,282,595,0.0510,0.0735,1
390,a65f2d7c13e9b048,,wastar,"{""w"": 10.0}",pdb,"{""pdb_dir"": ""../phase1_data_generation/data/pdbs""}",34.00,1,solved,56,,95,310,96,216,0.0173,0.0249,1
391,5c3a20bef918d467,,wastar,"{""w"": 10.0}",pdb,"{""pdb_dir"": ""../phase1_data_generation/data/pdbs""}",48.00,1,solved,86,,173,548,174,376,0.0316,0.0455,1
392,69d12f50bec3a748,,wastar,"{""w"": 10.0}",pdb,"{""pdb_dir"": ""../phase1_data_generation/data/pdbs""}",38.00,1,solved,44,,61,191,62,131,0.0113,0.0161,1
393,f69cb1372a8ed045,,wastar,"{""w"": 10.0}",pdb,"{""pdb_dir"": ""../phase1_data_generation/data/pdbs""}",36.00,1,solved,60,,194,613,191,406,0.0347,0.0503,1
394,fade7865140c93b2,,wastar,"{""w"": 10.0}",pdb,"{""pdb_dir"": ""../phase1_data_generation/data/pdbs""}",34.00,1,solved,74,,666,2123,593,1274,0.1084,0.1626,1
395,dbfc354806a9e217,,wastar,"{""w"": 10.0}",pdb,"{""pdb_dir"": ""../phase1_data_generation/data/pdbs""}",36.00,1,solved,68,,167,540,168,372,0.0302,0.0436,1
396,f2a467db59ec3081,,wastar,"{""w"": 10.0}",pdb,"{""pdb_dir"": ""../phase1_data_generation/data/pdbs""}",34.00,1,solved,46,,79,267,80,189,0.0144,0.0208,1
397,b4fd503a2c89e671,,wastar,"{""w"": 10.0}",pdb,"{""pdb_dir"": ""../phase1_data_generation/data/pdbs""}",44.00,1,solved,52,,106,340,107,234,0.0191,0.0275,1
398,adcf3e482609751b,,wastar,"{""w"": 10.0}",pdb,"{""pdb_dir"": ""../phase1_data_generation/data/pdbs""}",36.00,1,solved,62,,175,556,176,381,0.0319,0.0461,1
399,719fb5e0ca34d268,,wastar,"{""w"": 10.0}",pdb,"{""pdb_dir"": ""../phase1_data_generation/data/pdbs""}",44.00,1,solved,82,,176,588,177,413,0.0310,0.0448,1
400,6d03249f5e18ca7b,,wastar,"{""w"": 10.0}",pdb,"{""pdb_dir"": ""../phase1_data_generation/data/pdbs""}",54.00,1,solved,118,,743,2356,716,1536,0.1250,0.1836,1
401,bd146f235c0e8a79,,wastar,"{""w"": 10.0}",pdb,"{""pdb_dir"": ""../phase1_data_generation/data/pdbs""}",48.00,1,solved,76,,110,360,111,251,0.0188,0.0271,1
402,984731e0fa2cb6d5,,wastar,"{""w"": 10.0}",pdb,"{""pdb_dir"": ""../phase1_data_generation/data/pdbs""}",44.00,1,solved,96,,458,1464,440,956,0.0764,0.1122,1
403,4b0d6ae2fc913785,,wastar,"{""w"": 10.0}",pdb,"{""pdb_dir"": ""../phase1_data_generation/data/pdbs""}",38.00,1,solved,72,,202,636,202,431,0.0340,0.0492,1
404,c4865d9ef102b3a7,,wastar,"{""w"": 10.0}",pdb,"{""pdb_dir"": ""../phase1_data_generation/data/pdbs""}",44.00,1,solved,66,,111,356,112,246,0.0188,0.0273,1
405,1fbed6c90345a728,,wastar,"{""w"": 10.0}",pdb,"{""pdb_dir"": ""../phase1_data_generation/data/pdbs""}",36.00,1,solved,74,,301,957,295,637,0.0500,0.0728,1
406,03fb29ea81765c4d,,wastar,"{""w"": 10.0}",pdb,"{""pdb_dir"": ""../phase1_data_generation/data/pdbs""}",48.00,1,solved,84,,165,524,166,360,0.0281,0.0407,1
407,d60cf79e24b83a51,,wastar,"{""w"": 10.0}",pdb,"{""pdb_dir"": ""../phase1_data_generation/data/pdbs""}",26.00,1,solved,60,,384,1216,385,829,0.0663,0.0963,1
408,5d93aeb0728f61c4,,wastar,"{""w"": 10.0}",pdb,"{""pdb_dir"": ""../phase1_data_generation/data/pdbs""}",44.00,1,solved,68,,177,554,178,378,0.0299,0.0432,1
409,3e5f60ad28c9b741,,wastar,"{""w"": 10.0}",pdb,"{""pdb_dir"": ""../phase1_data_generation/data/pdbs""}",36.00,1,solved,92,,263,832,264,570,0.0462,0.0672,1
410,5a0e87cf4923b6d1,,wastar,"{""w"": 10.0}",pdb,"{""pdb_dir"": ""../phase1_data_generation/data/pdbs""}",44.00,1,solved,72,,247,774,247,525,0.0444,0.0643,1
411,cbf940e827563ad1,,wastar,"{""w"": 10.0}",pdb,"{""pdb_dir"": ""../phase1_data_generation/data/pdbs""}",36.00,1,solved,44,,48,160,49,113,0.0090,0.0129,1
412,fa2d3198b70c65e4,,wastar,"{""w"": 10.0}",pdb,"{""pdb_dir"": ""../phase1_data_generation/data/pdbs""}",36.00,1,solved,62,,102,333,103,232,0.0188,0.0270,1
413,5a4cde82b713609f,,wastar,"{""w"": 10.0}",pdb,"{""pdb_dir"": ""../phase1_data_generation/data/pdbs""}",44.00,1,solved,68,,185,588,186,403,0.0337,0.0486,1
414,e91d5f80b2a4736c,,wastar,"{""w"": 10.0}",pdb,"{""pdb_dir"": ""../phase1_data_generation/data/pdbs""}",30.00,1,solved,46,,107,343,108,237,0.0197,0.0284,1
415,753819cb2a0d6e4f,,wastar,"{""w"": 10.0}",pdb,"{""pdb_dir"": ""../phase1_data_generation/data/pdbs""}",46.00,1,solved,72,,92,296,93,205,0.0168,0.0242,1
416,a6097bf14c3d285e,,wastar,"{""w"": 10.0}",pdb,"{""pdb_dir"": ""../phase1_data_generation/data/pdbs""}",44.00,1,solved,84,,322,1033,316,693,0.0572,0.0832,1
417,740e3dcb89f12a65,,wastar,"{""w"": 10.0}",pdb,"{""pdb_dir"": ""../phase1_data_generation/data/pdbs""}",40.00,1,solved,54,,116,373,117,257,0.0212,0.0304,1
418,2ec8d5af079634b1,,wastar,"{""w"": 10.0}",pdb,"{""pdb_dir"": ""../phase1_data_generation/data/pdbs""}",34.00,1,solved,82,,399,1287,391,854,0.0705,0.1027,1
419,0f48e6ac719d3b52,,wastar,"{""w"": 10.0}",pdb,"{""pdb_dir"": ""../phase1_data_generation/data/pdbs""}",32.00,1,solved,68,,181,572,181,387,0.0327,0.0473,1
420,e95d1ac2f80467b3,,wastar,"{""w"": 10.0}",pdb,"{""pdb_dir"": ""../phase1_data_generation/data/pdbs""}",34.00,1,solved,44,,53,167,54,115,0.0098,0.0140,1
421,0e91f6d8b4c5732a,,wastar,"{""w"": 10.0}",pdb,"{""pdb_dir"": ""../phase1_data_generation/data/pdbs""}",32.00,1,solved,46,,93,288,94,195,0.0171,0.0245,1
422,2fb576ea084d3c19,,wastar,"{""w"": 10.0}",pdb,"{""pdb_dir"": ""../phase1_data_generation/data/pdbs""}",38.00,1,solved,70,,244,765,240,505,0.0436,0.0631,1
423,efc1bad482037596,,wastar,"{""w"": 10.0}",pdb,"{""pdb_dir"": ""../phase1_data_generation/data/pdbs""}",38.00,1,solved,58,,82,266,83,185,0.0150,0.0216,1
424,bf873e10a5942dc6,,wastar,"{""w"": 10.0}",pdb,"{""pdb_dir"": ""../phase1_data_generation/data/pdbs""}",36.00,1,solved,60,,94,306,95,213,0.0172,0.0248,1
425,7f0d6e89ba3c1245,,wastar,"{""w"": 10.0}",pdb,"{""pdb_dir"": ""../phase1_data_generation/data/pdbs""}",30.00,1,solved,66,,523,1655,518,1103,0.0939,0.1362,1
426,b9f75ed342ac6180,,wastar,"{""w"": 10.0}",pdb,"{""pdb_dir"": ""../phase1_data_generation/data/pdbs""}",42.00,1,solved,98,,556,1755,492,1043,0.0900,0.1346,1
427,b91c7820eaf4365d,,wastar,"{""w"": 10.0}",pdb,"{""pdb_dir"": ""../phase1_data_generation/data/pdbs""}",36.00,1,solved,62,,107,344,108,238,0.0196,0.0283,1
428,d812ec37f4ba9650,,wastar,"{""w"": 10.0}",pdb,"{""pdb_dir"": ""../phase1_data_generation/data/pdbs""}",48.00,1,solved,72,,337,1043,338,703,0.0607,0.0877,1
429,2f69c0e47b81a3d5,,wastar,"{""w"": 10.0}",pdb,"{""pdb_dir"": ""../phase1_data_generation/data/pdbs""}",34.00,1,solved,70,,450,1455,441,969,0.0800,0.1168,1
430,6a52b0789ce4f3d1,,wastar,"{""w"": 10.0}",pdb,"{""pdb_dir"": ""../phase1_data_generation/data/pdbs""}",44.00,1,solved,92,,215,671,215,455,0.0380,0.0549,1
431,e8dc26147f0593ab,,wastar,"{""w"": 10.0}",pdb,"{""pdb_dir"": ""../phase1_data_generation/data/pdbs""}",36.00,1,solved,78,,218,693,219,475,0.0394,0.0570,1
432,0b3c845da97162ef,,wastar,"{""w"": 10.0}",pdb,"{""pdb_dir"": ""../phase1_data_generation/data/pdbs""}",44.00,1,solved,82,,362,1153,360,774,0.0643,0.0935,1
433,dfe240ac9813b756,,wastar,"{""w"": 10.0}",pdb,"{""pdb_dir"": ""../phase1_data_generation/data/pdbs""}",42.00,1,solved,76,,156,508,157,351,0.0273,0.0396,1
434,1b4965df87a2ec30,,wastar,"{""w"": 10.0}",pdb,"{""pdb_dir"": ""../phase1_data_generation/data/pdbs""}",50.00,1,solved,78,,122,390,123,269,0.0217,0.0313,1
435,b3a59812e6c4fd70,,wastar,"{""w"": 10.0}",pdb,"{""pdb_dir"": ""../phase1_data_generation/data/pdbs""}",44.00,1,solved,94,,371,1161,360,753,0.0644,0.0939,1
436,7acb35e92df61048,,wastar,"{""w"": 10.0}",pdb,"{""pdb_dir"": ""../phase1_data_generation/data/pdbs""}",36.00,1,solved,50,,63,203,64,141,0.0113,0.0163,1
437,85fc4031b92d6a7e,,wastar,"{""w"": 10.0}",pdb,"{""pdb_dir"": ""../phase1_data_generation/data/pdbs""}",46.00,1,solved,86,,194,614,195,420,0.0356,0.0513,1
438,780acdb5e94126f3,,wastar,"{""w"": 10.0}",pdb,"{""pdb_dir"": ""../phase1_data_generation/data/pdbs""}",42.00,1,solved,52,,68,222,69,155,0.0127,0.0182,1
439,08d12bac7e39654f,,wastar,"{""w"": 10.0}",pdb,"{""pdb_dir"": ""../phase1_data_generation/data/pdbs""}",42.00,1,solved,58,,74,249,75,176,0.0133,0.0192,1
440,1f08d3e7245cab96,,wastar,"{""w"": 10.0}",pdb,"{""pdb_dir"": ""../phase1_data_generation/data/pdbs""}",42.00,1,solved,66,,127,408,128,282,0.0223,0.0322,1
441,6e8cad970b52f314,,wastar,"{""w"": 10.0}",pdb,"{""pdb_dir"": ""../phase1_data_generation/data/pdbs""}",30.00,1,solved,60,,202,634,203,431,0.0358,0.0516,1
442,0cb861d54723af9e,,wastar,"{""w"": 10.0}",pdb,"{""pdb_dir"": ""../phase1_data_generation/data/pdbs""}",46.00,1,solved,80,,203,636,204,434,0.0357,0.0516,1
443,bf6ea5207d4c3819,,wastar,"{""w"": 10.0}",pdb,"{""pdb_dir"": ""../phase1_data_generation/data/pdbs""}",30.00,1,solved,52,,104,338,105,233,0.0188,0.0271,1
444,37bae04c85f1d692,,wastar,"{""w"": 10.0}",pdb,"{""pdb_dir"": ""../phase1_data_generation/data/pdbs""}",42.00,1,solved,78,,271,863,272,591,0.0475,0.0689,1
445,f9c8abe67d453210,,wastar,"{""w"": 10.0}",pdb,"{""pdb_dir"": ""../phase1_data_generation/data/pdbs""}",24.00,1,solved,44,,63,201,64,139,0.0112,0.0161,1
446,f65eb274839dc01a,,wastar,"{""w"": 10.0}",pdb,"{""pdb_dir"": ""../phase1_data_generation/data/pdbs""}",40.00,1,solved,74,,193,612,194,420,0.0334,0.0485,1
447,a8ed6bf9345c7021,,wastar,"{""w"": 10.0}",pdb,"{""pdb_dir"": ""../phase1_data_generation/data/pdbs""}",32.00,1,solved,44,,113,364,114,251,0.0197,0.0285,1
448,d672e3195f0cab48,,wastar,"{""w"": 10.0}",pdb,"{""pdb_dir"": ""../phase1_data_generation/data/pdbs""}",44.00,1,solved,62,,154,481,154,323,0.0268,0.0386,1
449,e6fd294c0b58713a,,wastar,"{""w"": 10.0}",pdb,"{""pdb_dir"": ""../phase1_data_generation/data/pdbs""}",32.00,1,solved,76,,808,2572,695,1481,0.1213,0.1838,1
450,7eb4235c0a8f1d69,,wastar,"{""w"": 10.0}",pdb,"{""pdb_dir"": ""../phase1_data_generation/data/pdbs""}",38.00,1,solved,80,,134,437,135,304,0.0229,0.0331,1
451,dfe8601954c2ba37,,wastar,"{""w"": 10.0}",pdb,"{""pdb_dir"": ""../phase1_data_generation/data/pdbs""}",40.00,1,solved,58,,118,381,119,262,0.0201,0.0290,1
452,ae1c90d8b5f26734,,wastar,"{""w"": 10.0}",pdb,"{""pdb_dir"": ""../phase1_data_generation/data/pdbs""}",30.00,1,solved,80,,235,758,236,523,0.0406,0.0586,1
453,af6850bd34c271e9,,wastar,"{""w"": 10.0}",pdb,"{""pdb_dir"": ""../phase1_data_generation/data/pdbs""}",42.00,1,solved,76,,141,446,142,306,0.0251,0.0363,1
454,ea56fbdc73814920,,wastar,"{""w"": 10.0}",pdb,"{""pdb_dir"": ""../phase1_data_generation/data/pdbs""}",34.00,1,solved,46,,59,191,60,133,0.0105,0.0151,1
455,b87c3a940d6521ef,,wastar,"{""w"": 10.0}",pdb,"{""pdb_dir"": ""../phase1_data_generation/data/pdbs""}",40.00,1,solved,68,,154,498,155,345,0.0266,0.0387,1
456,d3ba92807e1cf456,,wastar,"{""w"": 10.0}",pdb,"{""pdb_dir"": ""../phase1_data_generation/data/pdbs""}",44.00,1,solved,70,,184,591,185,406,0.0319,0.0466,1
457,138d4f7905ec6b2a,,wastar,"{""w"": 10.0}",pdb,"{""pdb_dir"": ""../phase1_data_generation/data/pdbs""}",44.00,1,solved,66,,88,284,89,197,0.0151,0.0218,1
458,a526103d7b9ec4f8,,wastar,"{""w"": 10.0}",pdb,"{""pdb_dir"": ""../phase1_data_generation/data/pdbs""}",50.00,1,solved,82,,182,571,183,390,0.0310,0.0449,1
459,8651c790e2bdfa43,,wastar,"{""w"": 10.0}",pdb,"{""pdb_dir"": ""../phase1_data_generation/data/pdbs""}",46.00,1,solved,86,,135,421,136,287,0.0237,0.0342,1
460,9a07ce146bd8f352,,wastar,"{""w"": 10.0}",pdb,"{""pdb_dir"": ""../phase1_data_generation/data/pdbs""}",40.00,1,solved,60,,140,448,139,304,0.0240,0.0347,1
461,7bfce34da6912850,,wastar,"{""w"": 10.0}",pdb,"{""pdb_dir"": ""../phase1_data_generation/data/pdbs""}",30.00,1,solved,52,,153,485,154,331,0.0267,0.0388,1
462,ef25ca789b1d3046,,wastar,"{""w"": 10.0}",pdb,"{""pdb_dir"": ""../phase1_data_generation/data/pdbs""}",40.00,1,solved,90,,398,1268,356,773,0.0614,0.0917,1
463,a2d4b9ef370c1658,,wastar,"{""w"": 10.0}",pdb,"{""pdb_dir"": ""../phase1_data_generation/data/pdbs""}",36.00,1,solved,80,,345,1107,346,759,0.0594,0.0863,1
464,a76280c4f9d5be13,,wastar,"{""w"": 10.0}",pdb,"{""pdb_dir"": ""../phase1_data_generation/data/pdbs""}",46.00,1,solved,86,,195,632,196,436,0.0335,0.0484,1
465,8a6e4fd1037529bc,,wastar,"{""w"": 10.0}",pdb,"{""pdb_dir"": ""../phase1_data_generation/data/pdbs""}",42.00,1,solved,74,,173,547,174,373,0.0298,0.0431,1
466,a8fd3c541e27b069,,wastar,"{""w"": 10.0}",pdb,"{""pdb_dir"": ""../phase1_data_generation/data/pdbs""}",40.00,1,solved,72,,254,792,253,534,0.0445,0.0646,1
467,fd9cb568ea713420,,wastar,"{""w"": 10.0}",pdb,"{""pdb_dir"": ""../phase1_data_generation/data/pdbs""}",24.00,1,solved,68,,472,1520,473,1038,0.0806,0.1172,1
468,b2e930f875cd61a4,,wastar,"{""w"": 10.0}",pdb,"{""pdb_dir"": ""../phase1_data_generation/data/pdbs""}",38.00,1,solved,56,,106,339,107,234,0.0193,0.0278,1
469,ac7910fdeb583462,,wastar,"{""w"": 10.0}",pdb,"{""pdb_dir"": ""../phase1_data_generation/data/pdbs""}",36.00,1,solved,60,,173,549,174,375,0.0307,0.0444,1
470,746dbfc0519e3a82,,wastar,"{""w"": 10.0}",pdb,"{""pdb_dir"": ""../phase1_data_generation/data/pdbs""}",36.00,1,solved,96,,283,903,284,618,0.0502,0.0726,1
471,07bd65842caf39e1,,wastar,"{""w"": 10.0}",pdb,"{""pdb_dir"": ""../phase1_data_generation/data/pdbs""}",38.00,1,solved,48,,56,184,57,129,0.0102,0.0147,1
472,830c5db172fe694a,,wastar,"{""w"": 10.0}",pdb,"{""pdb_dir"": ""../phase1_data_generation/data/pdbs""}",44.00,1,solved,60,,90,288,91,199,0.0162,0.0233,1
473,2ac8f13e94db7065,,wastar,"{""w"": 10.0}",pdb,"{""pdb_dir"": ""../phase1_data_generation/data/pdbs""}",38.00,1,solved,52,,158,496,159,337,0.0288,0.0416,1
474,6b1ce0df59a23487,,wastar,"{""w"": 10.0}",pdb,"{""pdb_dir"": ""../phase1_data_generation/data/pdbs""}",38.00,1,solved,70,,186,603,187,417,0.0331,0.0479,1
475,bd8cfe713605924a,,wastar,"{""w"": 10.0}",pdb,"{""pdb_dir"": ""../phase1_data_generation/data/pdbs""}",32.00,1,solved,50,,138,436,130,277,0.0233,0.0340,1
476,6a3d5bfe940c8271,,wastar,"{""w"": 10.0}",pdb,"{""pdb_dir"": ""../phase1_data_generation/data/pdbs""}",44.00,1,solved,70,,234,760,235,526,0.0410,0.0595,1
477,53bced89fa162740,,wastar,"{""w"": 10.0}",pdb,"{""pdb_dir"": ""../phase1_data_generation/data/pdbs""}",30.00,1,solved,60,,316,1014,317,696,0.0560,0.0810,1
478,6e5b2f907841ca3d,,wastar,"{""w"": 10.0}",pdb,"{""pdb_dir"": ""../phase1_data_generation/data/pdbs""}",44.00,1,solved,84,,231,750,232,518,0.0410,0.0593,1
479,3f649d8a0b1c2e75,,wastar,"{""w"": 10.0}",pdb,"{""pdb_dir"": ""../phase1_data_generation/data/pdbs""}",38.00,1,solved,58,,90,288,91,199,0.0160,0.0230,1
480,e8519ca6f40d3b72,,wastar,"{""w"": 10.0}",pdb,"{""pdb_dir"": ""../phase1_data_generation/data/pdbs""}",38.00,1,solved,72,,465,1476,458,982,0.0810,0.1178,1
481,ec81a025f7bd4693,,wastar,"{""w"": 10.0}",pdb,"{""pdb_dir"": ""../phase1_data_generation/data/pdbs""}",40.00,1,solved,80,,226,704,227,478,0.0407,0.0586,1
482,8fe9d56174acb023,,wastar,"{""w"": 10.0}",pdb,"{""pdb_dir"": ""../phase1_data_generation/data/pdbs""}",40.00,1,solved,98,,335,1049,336,712,0.0591,0.0855,1
483,bf9de47c3601a582,,wastar,"{""w"": 10.0}",pdb,"{""pdb_dir"": ""../phase1_data_generation/data/pdbs""}",30.00,1,solved,68,,575,1820,515,1095,0.0936,0.1395,1
484,d5c4e182b907f63a,,wastar,"{""w"": 10.0}",pdb,"{""pdb_dir"": ""../phase1_data_generation/data/pdbs""}",40.00,1,solved,76,,278,871,278,593,0.0504,0.0728,1
485,a602581dbc937ef4,,wastar,"{""w"": 10.0}",pdb,"{""pdb_dir"": ""../phase1_data_generation/data/pdbs""}",44.00,1,solved,92,,426,1350,425,917,0.0769,0.1115,1
486,c47930d2b816fae5,,wastar,"{""w"": 10.0}",pdb,"{""pdb_dir"": ""../phase1_data_generation/data/pdbs""}",48.00,1,solved,98,,387,1216,388,824,0.0701,0.1012,1
487,3b0de89f15c472a6,,wastar,"{""w"": 10.0}",pdb,"{""pdb_dir"": ""../phase1_data_generation/data/pdbs""}",42.00,1,solved,46,,61,205,62,145,0.0112,0.0161,1
488,140cbaf9e6853d27,,wastar,"{""w"": 10.0}",pdb,"{""pdb_dir"": ""../phase1_data_generation/data/pdbs""}",40.00,1,solved,66,,180,567,181,387,0.0325,0.0470,1
489,3e2586cdba714f90,,wastar,"{""w"": 10.0}",pdb,"{""pdb_dir"": ""../phase1_data_generation/data/pdbs""}",42.00,1,solved,106,,354,1103,355,746,0.0636,0.0918,1
490,06d9bc2af71e3854,,wastar,"{""w"": 10.0}",pdb,"{""pdb_dir"": ""../phase1_data_generation/data/pdbs""}",36.00,1,solved,94,,427,1372,425,932,0.0753,0.1093,1
491,6ef9b4ca0d138572,,wastar,"{""w"": 10.0}",pdb,"{""pdb_dir"": ""../phase1_data_generation/data/pdbs""}",42.00,1,solved,66,,112,355,113,244,0.0205,0.0295,1
492,a86be5fc413927d0,,wastar,"{""w"": 10.0}",pdb,"{""pdb_dir"": ""../phase1_data_generation/data/pdbs""}",44.00,1,solved,66,,120,388,121,269,0.0217,0.0312,1
493,fde9304276ac581b,,wastar,"{""w"": 10.0}",pdb,"{""pdb_dir"": ""../phase1_data_generation/data/pdbs""}",36.00,1,solved,82,,396,1280,386,847,0.0679,0.0992,1
494,3fd9a16042c85eb7,,wastar,"{""w"": 10.0}",pdb,"{""pdb_dir"": ""../phase1_data_generation/data/pdbs""}",40.00,1,solved,98,,475,1529,465,1015,0.0828,0.1209,1
495,e2c8f150b937a64d,,wastar,"{""w"": 10.0}",pdb,"{""pdb_dir"": ""../phase1_data_generation/data/pdbs""}",32.00,1,solved,78,,321,1015,322,693,0.0570,0.0826,1
496,f90e2b761a8d3c54,,wastar,"{""w"": 10.0}",pdb,"{""pdb_dir"": ""../phase1_data_generation/data/pdbs""}",34.00,1,solved,72,,371,1171,367,784,0.0645,0.0938,1
497,f79d2bce3605184a,,wastar,"{""w"": 10.0}",pdb,"{""pdb_dir"": ""../phase1_data_generation/data/pdbs""}",34.00,1,solved,66,,250,793,251,540,0.0440,0.0635,1
498,28d17eb90fac6345,,wastar,"{""w"": 10.0}",pdb,"{""pdb_dir"": ""../phase1_data_generation/data/pdbs""}",38.00,1,solved,62,,175,549,176,375,0.0316,0.0457,1
499,a7edfb60189c2534,,wastar,"{""w"": 10.0}",pdb,"{""pdb_dir"": ""../phase1_data_generation/data/pdbs""}",30.00,1,solved,38,,88,273,89,186,0.0159,0.0229,1
500,de5a6fc03241789b,,wastar,"{""w"": 10.0}",pdb,"{""pdb_dir"": ""../phase1_data_generation/data/pdbs""}",36.00,1,solved,50,,58,191,59,134,0.0104,0.0149,1
501,6281cfe94d05ba73,,wastar,"{""w"": 10.0}",pdb,"{""pdb_dir"": ""../phase1_data_generation/data/pdbs""}",44.00,1,solved,60,,77,246,78,170,0.0139,0.0199,1
502,2b8ef0d597a6431c,,wastar,"{""w"": 10.0}",pdb,"{""pdb_dir"": ""../phase1_data_generation/data/pdbs""}",40.00,1,solved,60,,78,251,79,174,0.0133,0.0193,1
503,1f694d8e5b2c70a3,,wastar,"{""w"": 10.0}",pdb,"{""pdb_dir"": ""../phase1_data_generation/data/pdbs""}",42.00,1,solved,110,,332,1054,333,723,0.0561,0.0813,1
504,7ca5f06e3d19b428,,wastar,"{""w"": 10.0}",pdb,"{""pdb_dir"": ""../phase1_data_generation/data/pdbs""}",36.00,1,solved,74,,233,756,234,521,0.0407,0.0591,1
505,736cb58d1e49a2f0,,wastar,"{""w"": 10.0}",pdb,"{""pdb_dir"": ""../phase1_data_generation/data/pdbs""}",40.00,1,solved,82,,228,724,218,472,0.0375,0.0548,1
506,01d2afc8eb357649,,wastar,"{""w"": 10.0}",pdb,"{""pdb_dir"": ""../phase1_data_generation/data/pdbs""}",36.00,1,solved,68,,115,365,116,250,0.0222,0.0322,1
507,586ecf91ab2743d0,,wastar,"{""w"": 10.0}",pdb,"{""pdb_dir"": ""../phase1_data_generation/data/pdbs""}",46.00,1,solved,86,,140,446,141,307,0.0247,0.0358,1
508,5f8ce740b2d6a139,,wastar,"{""w"": 10.0}",pdb,"{""pdb_dir"": ""../phase1_data_generation/data/pdbs""}",40.00,1,solved,82,,359,1142,360,781,0.0617,0.0894,1
509,68dc7e51f39ab042,,wastar,"{""w"": 10.0}",pdb,"{""pdb_dir"": ""../phase1_data_generation/data/pdbs""}",32.00,1,solved,72,,273,883,261,579,0.0440,0.0646,1
510,eafc7928b50d3146,,wastar,"{""w"": 10.0}",pdb,"{""pdb_dir"": ""../phase1_data_generation/data/pdbs""}",28.00,1,solved,32,,38,128,39,91,0.0066,0.0095,1
511,aeb8dc4079516f32,,wastar,"{""w"": 10.0}",pdb,"{""pdb_dir"": ""../phase1_data_generation/data/pdbs""}",34.00,1,solved,56,,119,386,120,266,0.0202,0.0292,1
512,4c7eb5893fda1260,,wastar,"{""w"": 10.0}",pdb,"{""pdb_dir"": ""../phase1_data_generation/data/pdbs""}",44.00,1,solved,72,,93,288,94,196,0.0159,0.0228,1
513,4af91c20b8ed7653,,wastar,"{""w"": 10.0}",pdb,"{""pdb_dir"": ""../phase1_data_generation/data/pdbs""}",42.00,1,solved,50,,70,228,71,159,0.0119,0.0172,1
514,fa8b29ec16045d37,,wastar,"{""w"": 10.0}",pdb,"{""pdb_dir"": ""../phase1_data_generation/data/pdbs""}",42.00,1,solved,76,,254,800,242,513,0.0418,0.0615,1
515,fad1e95c376840b2,,wastar,"{""w"": 10.0}",pdb,"{""pdb_dir"": ""../phase1_data_generation/data/pdbs""}",32.00,1,solved,66,,204,653,205,450,0.0351,0.0509,1
516,ce0f7a9d8614b352,,wastar,"{""w"": 10.0}",pdb,"{""pdb_dir"": ""../phase1_data_generation/data/pdbs""}",36.00,1,solved,58,,84,270,85,187,0.0145,0.0209,1
517,f7d8519c03a6b2e4,,wastar,"{""w"": 10.0}",pdb,"{""pdb_dir"": ""../phase1_data_generation/data/pdbs""}",34.00,1,solved,48,,75,243,76,169,0.0129,0.0186,1
518,7e0386c9a2f5d41b,,wastar,"{""w"": 10.0}",pdb,"{""pdb_dir"": ""../phase1_data_generation/data/pdbs""}",50.00,1,solved,86,,325,1025,326,698,0.0570,0.0827,1
519,5df8391ac204e7b6,,wastar,"{""w"": 10.0}",pdb,"{""pdb_dir"": ""../phase1_data_generation/data/pdbs""}",42.00,1,solved,88,,200,644,201,445,0.0336,0.0487,1
520,e79fbda5c3186042,,wastar,"{""w"": 10.0}",pdb,"{""pdb_dir"": ""../phase1_data_generation/data/pdbs""}",40.00,1,solved,106,,840,2656,717,1518,0.1234,0.1874,1
521,dac6f5890241be73,,wastar,"{""w"": 10.0}",pdb,"{""pdb_dir"": ""../phase1_data_generation/data/pdbs""}",34.00,1,solved,62,,187,592,188,405,0.0315,0.0457,1
522,c63ab2f01e94d758,,wastar,"{""w"": 10.0}",pdb,"{""pdb_dir"": ""../phase1_data_generation/data/pdbs""}",42.00,1,solved,86,,156,497,157,342,0.0273,0.0394,1
523,bd97e8f0a61c5432,,wastar,"{""w"": 10.0}",pdb,"{""pdb_dir"": ""../phase1_data_generation/data/pdbs""}",40.00,1,solved,86,,573,1817,526,1122,0.0912,0.1351,1
524,562b10e8fdc4a379,,wastar,"{""w"": 10.0}",pdb,"{""pdb_dir"": ""../phase1_data_generation/data/pdbs""}",42.00,1,solved,68,,134,429,135,296,0.0232,0.0344,1
525,f1de89bc056473a2,,wastar,"{""w"": 10.0}",pdb,"{""pdb_dir"": ""../phase1_data_generation/data/pdbs""}",32.00,1,solved,74,,231,721,232,489,0.0403,0.0584,1
526,610f7ecb59d34a28,,wastar,"{""w"": 10.0}",pdb,"{""pdb_dir"": ""../phase1_data_generation/data/pdbs""}",42.00,1,solved,64,,95,297,96,203,0.0167,0.0240,1
527,12bdc7ef0598a643,,wastar,"{""w"": 10.0}",pdb,"{""pdb_dir"": ""../phase1_data_generation/data/pdbs""}",48.00,1,solved,80,,136,441,137,306,0.0229,0.0332,1
528,9a78f154bc02de63,,wastar,"{""w"": 10.0}",pdb,"{""pdb_dir"": ""../phase1_data_generation/data/pdbs""}",46.00,1,solved,56,,71,228,72,158,0.0122,0.0176,1
529,efac175b620d3894,,wastar,"{""w"": 10.0}",pdb,"{""pdb_dir"": ""../phase1_data_generation/data/pdbs""}",34.00,1,solved,70,,409,1295,406,863,0.0720,0.1046,1
530,29dcb075fa463e81,,wastar,"{""w"": 10.0}",pdb,"{""pdb_dir"": ""../phase1_data_generation/data/pdbs""}",36.00,1,solved,68,,124,392,125,269,0.0227,0.0327,1
531,f3e6d2ac1789b054,,wastar,"{""w"": 10.0}",pdb,"{""pdb_dir"": ""../phase1_data_generation/data/pdbs""}",34.00,1,solved,62,,255,808,256,552,0.0463,0.0670,1
532,b7e5f8a103cd6429,,wastar,"{""w"": 10.0}",pdb,"{""pdb_dir"": ""../phase1_data_generation/data/pdbs""}",38.00,1,solved,52,,65,212,66,148,0.0119,0.0172,1
533,be6cfda184073925,,wastar,"{""w"": 10.0}",pdb,"{""pdb_dir"": ""../phase1_data_generation/data/pdbs""}",36.00,1,solved,74,,227,741,228,512,0.0411,0.0594,1
534,c905b1edaf647283,,wastar,"{""w"": 10.0}",pdb,"{""pdb_dir"": ""../phase1_data_generation/data/pdbs""}",38.00,1,solved,80,,177,578,178,402,0.0320,0.0463,1
535,e7b8c610afd53492,,wastar,"{""w"": 10.0}",pdb,"{""pdb_dir"": ""../phase1_data_generation/data/pdbs""}",36.00,1,solved,68,,154,497,155,344,0.0280,0.0403,1
536,b7c89d6023541fea,,wastar,"{""w"": 10.0}",pdb,"{""pdb_dir"": ""../phase1_data_generation/data/pdbs""}",34.00,1,solved,78,,309,966,310,654,0.0564,0.0815,1
537,f689db4ca721e053,,wastar,"{""w"": 10.0}",pdb,"{""pdb_dir"": ""../phase1_data_generation/data/pdbs""}",38.00,1,solved,48,,73,237,74,165,0.0132,0.0190,1
538,7468b9edf102a35c,,wastar,"{""w"": 10.0}",pdb,"{""pdb_dir"": ""../phase1_data_generation/data/pdbs""}",42.00,1,solved,66,,281,890,273,582,0.0484,0.0706,1
539,75dce9a6b103f428,,wastar,"{""w"": 10.0}",pdb,"{""pdb_dir"": ""../phase1_data_generation/data/pdbs""}",38.00,1,solved,46,,58,193,59,136,0.0106,0.0153,1
540,06e4f5812b37d9ca,,wastar,"{""w"": 10.0}",pdb,"{""pdb_dir"": ""../phase1_data_generation/data/pdbs""}",42.00,1,solved,72,,110,348,111,239,0.0201,0.0289,1
541,c39ef01a78b524d6,,wastar,"{""w"": 10.0}",pdb,"{""pdb_dir"": ""../phase1_data_generation/data/pdbs""}",42.00,1,solved,70,,164,525,165,362,0.0295,0.0427,1
542,bc9de5f0214a6783,,wastar,"{""w"": 10.0}",pdb,"{""pdb_dir"": ""../phase1_data_generation/data/pdbs""}",38.00,1,solved,42,,47,154,48,108,0.0085,0.0122,1
543,5dfe61b93a0827c4,,wastar,"{""w"": 10.0}",pdb,"{""pdb_dir"": ""../phase1_data_generation/data/pdbs""}",38.00,1,solved,48,,189,602,190,411,0.0342,0.0495,1
544,d68cfb970354a2e1,,wastar,"{""w"": 10.0}",pdb,"{""pdb_dir"": ""../phase1_data_generation/data/pdbs""}",28.00,1,solved,60,,301,930,296,617,0.0528,0.0767,1
545,d54b7efa01362c98,,wastar,"{""w"": 10.0}",pdb,"{""pdb_dir"": ""../phase1_data_generation/data/pdbs""}",44.00,1,solved,78,,141,438,142,298,0.0255,0.0367,1
546,adcf73e06b891452,,wastar,"{""w"": 10.0}",pdb,"{""pdb_dir"": ""../phase1_data_generation/data/pdbs""}",40.00,1,solved,68,,159,499,160,341,0.0288,0.0416,1
547,5e4b70a96fdc3821,,wastar,"{""w"": 10.0}",pdb,"{""pdb_dir"": ""../phase1_data_generation/data/pdbs""}",36.00,1,solved,70,,257,831,245,536,0.0431,0.0633,1
548,bac87d9632e4501f,,wastar,"{""w"": 10.0}",pdb,"{""pdb_dir"": ""../phase1_data_generation/data/pdbs""}",32.00,1,solved,46,,56,179,57,124,0.0104,0.0150,1
549,e78da95b431f60c2,,wastar,"{""w"": 10.0}",pdb,"{""pdb_dir"": ""../phase1_data_generation/data/pdbs""}",40.00,1,solved,72,,321,1006,279,590,0.0492,0.0740,1
550,d80f913cb6e57a24,,wastar,"{""w"": 10.0}",pdb,"{""pdb_dir"": ""../phase1_data_generation/data/pdbs""}",36.00,1,solved,56,,131,415,132,285,0.0234,0.0336,1
551,7f098c6423d5ba1e,,wastar,"{""w"": 10.0}",pdb,"{""pdb_dir"": ""../phase1_data_generation/data/pdbs""}",38.00,1,solved,90,,223,716,222,481,0.0392,0.0566,1
552,aed578c20f1396b4,,wastar,"{""w"": 10.0}",pdb,"{""pdb_dir"": ""../phase1_data_generation/data/pdbs""}",40.00,1,solved,74,,182,586,183,403,0.0323,0.0467,1
553,fea147cb350962d8,,wastar,"{""w"": 10.0}",pdb,"{""pdb_dir"": ""../phase1_data_generation/data/pdbs""}",36.00,1,solved,60,,239,743,217,450,0.0384,0.0568,1
554,f7e9b0cd2a183546,,wastar,"{""w"": 10.0}",pdb,"{""pdb_dir"": ""../phase1_data_generation/data/pdbs""}",24.00,1,solved,46,,120,375,121,255,0.0217,0.0313,1
555,5639fbc4e201ad78,,wastar,"{""w"": 10.0}",pdb,"{""pdb_dir"": ""../phase1_data_generation/data/pdbs""}",38.00,1,solved,72,,209,654,210,446,0.0369,0.0532,1
556,ec89ad576f031b42,,wastar,"{""w"": 10.0}",pdb,"{""pdb_dir"": ""../phase1_data_generation/data/pdbs""}",36.00,1,solved,60,,114,366,115,253,0.0200,0.0289,1
557,de94f85106273bac,,wastar,"{""w"": 10.0}",pdb,"{""pdb_dir"": ""../phase1_data_generation/data/pdbs""}",34.00,1,solved,64,,281,907,262,571,0.0470,0.0695,1
558,eac9b7612f08d345,,wastar,"{""w"": 10.0}",pdb,"{""pdb_dir"": ""../phase1_data_generation/data/pdbs""}",32.00,1,solved,36,,41,136,42,96,0.0074,0.0106,1
559,f528b47a3e0c16d9,,wastar,"{""w"": 10.0}",pdb,"{""pdb_dir"": ""../phase1_data_generation/data/pdbs""}",40.00,1,solved,64,,138,442,139,305,0.0247,0.0357,1
560,37ed6a94fcb82051,,wastar,"{""w"": 10.0}",pdb,"{""pdb_dir"": ""../phase1_data_generation/data/pdbs""}",32.00,1,solved,62,,185,601,186,417,0.0331,0.0479,1
561,7c9a65b2e308f4d1,,wastar,"{""w"": 10.0}",pdb,"{""pdb_dir"": ""../phase1_data_generation/data/pdbs""}",40.00,1,solved,82,,275,884,275,603,0.0486,0.0707,1
562,43c6ef29b805d7a1,,wastar,"{""w"": 10.0}",pdb,"{""pdb_dir"": ""../phase1_data_generation/data/pdbs""}",42.00,1,solved,68,,93,300,94,208,0.0168,0.0242,1
563,f394b1d07e26a8c5,,wastar,"{""w"": 10.0}",pdb,"{""pdb_dir"": ""../phase1_data_generation/data/pdbs""}",40.00,1,solved,60,,170,540,171,371,0.0305,0.0440,1
564,8f47ebc1da653029,,wastar,"{""w"": 10.0}",pdb,"{""pdb_dir"": ""../phase1_data_generation/data/pdbs""}",40.00,1,solved,50,,62,202,63,141,0.0111,0.0159,1
565,c3b967d4210a85fe,,wastar,"{""w"": 10.0}",pdb,"{""pdb_dir"": ""../phase1_data_generation/data/pdbs""}",48.00,1,solved,80,,122,394,123,273,0.0221,0.0319,1
566,62bacfd0e3189475,,wastar,"{""w"": 10.0}",pdb,"{""pdb_dir"": ""../phase1_data_generation/data/pdbs""}",42.00,1,solved,70,,124,395,125,272,0.0227,0.0326,1
567,01edfa9b623c7584,,wastar,"{""w"": 10.0}",pdb,"{""pdb_dir"": ""../phase1_data_generation/data/pdbs""}",32.00,1,solved,54,,403,1275,404,861,0.0717,0.1038,1
568,a4ced986bf257310,,wastar,"{""w"": 10.0}",pdb,"{""pdb_dir"": ""../phase1_data_generation/data/pdbs""}",34.00,1,solved,44,,65,215,66,151,0.0118,0.0170,1
569,dea579b62f4c3810,,wastar,"{""w"": 10.0}",pdb,"{""pdb_dir"": ""../phase1_data_generation/data/pdbs""}",38.00,1,solved,70,,359,1130,338,712,0.0599,0.0881,1
570,a2fcd379be548016,,wastar,"{""w"": 10.0}",pdb,"{""pdb_dir"": ""../phase1_data_generation/data/pdbs""}",34.00,1,solved,82,,381,1219,356,772,0.0631,0.0928,1
571,ef4973805cdab261,,wastar,"{""w"": 10.0}",pdb,"{""pdb_dir"": ""../phase1_data_generation/data/pdbs""}",40.00,1,solved,80,,281,889,282,607,0.0504,0.0728,1
572,ea19bdc87305f246,,wastar,"{""w"": 10.0}",pdb,"{""pdb_dir"": ""../phase1_data_generation/data/pdbs""}",34.00,1,solved,72,,220,687,221,468,0.0391,0.0566,1
573,5d68ec2f79043ab1,,wastar,"{""w"": 10.0}",pdb,"{""pdb_dir"": ""../phase1_data_generation/data/pdbs""}",34.00,1,solved,54,,198,633,199,435,0.0350,0.0507,1
574,91c5f6a807d2b3e4,,wastar,"{""w"": 10.0}",pdb,"{""pdb_dir"": ""../phase1_data_generation/data/pdbs""}",32.00,1,solved,64,,200,636,201,437,0.0353,0.0510,1
575,e8094b7f6c51d2a3,,wastar,"{""w"": 10.0}",pdb,"{""pdb_dir"": ""../phase1_data_generation/data/pdbs""}",44.00,1,solved,106,,678,2164,660,1428,0.1167,0.1708,1
576,abec603df8497251,,wastar,"{""w"": 10.0}",pdb,"{""pdb_dir"": ""../phase1_data_generation/data/pdbs""}",26.00,1,solved,44,,98,314,99,217,0.0174,0.0251,1
577,b98eaf10d6732c45,,wastar,"{""w"": 10.0}",pdb,"{""pdb_dir"": ""../phase1_data_generation/data/pdbs""}",40.00,1,solved,76,,325,1024,326,697,0.0571,0.0827,1
578,0126ac5ed937fb84,,wastar,"{""w"": 10.0}",pdb,"{""pdb_dir"": ""../phase1_data_generation/data/pdbs""}",46.00,1,solved,86,,248,780,249,531,0.0449,0.0648,1
579,8aec7bd943f51620,,wastar,"{""w"": 10.0}",pdb,"{""pdb_dir"": ""../phase1_data_generation/data/pdbs""}",40.00,1,solved,80,,274,879,275,604,0.0493,0.0713,1
580,8d6459e0af13b27c,,wastar,"{""w"": 10.0}",pdb,"{""pdb_dir"": ""../phase1_data_generation/data/pdbs""}",46.00,1,solved,86,,193,612,194,419,0.0340,0.0490,1
581,b5f410ade6837c92,,wastar,"{""w"": 10.0}",pdb,"{""pdb_dir"": ""../phase1_data_generation/data/pdbs""}",42.00,1,solved,74,,136,435,137,300,0.0245,0.0351,1
582,86cfb01e379d245a,,wastar,"{""w"": 10.0}",pdb,"{""pdb_dir"": ""../phase1_data_generation/data/pdbs""}",38.00,1,solved,68,,137,427,138,291,0.0243,0.0351,1
583,78e9cfb15d6a2340,,wastar,"{""w"": 10.0}",pdb,"{""pdb_dir"": ""../phase1_data_generation/data/pdbs""}",40.00,1,solved,68,,138,435,139,298,0.0236,0.0341,1
584,b846d05721cfa3e9,,wastar,"{""w"": 10.0}",pdb,"{""pdb_dir"": ""../phase1_data_generation/data/pdbs""}",46.00,1,solved,74,,135,430,136,296,0.0231,0.0332,1
585,fdc9b63a28e47150,,wastar,"{""w"": 10.0}",pdb,"{""pdb_dir"": ""../phase1_data_generation/data/pdbs""}",26.00,1,solved,30,,35,115,36,81,0.0060,0.0087,1
586,9c2f7a51b408d3e6,,wastar,"{""w"": 10.0}",pdb,"{""pdb_dir"": ""../phase1_data_generation/data/pdbs""}",42.00,1,solved,82,,457,1446,406,875,0.0685,0.1025,1
587,ab0c6f739e2514d8,,wastar,"{""w"": 10.0}",pdb,"{""pdb_dir"": ""../phase1_data_generation/data/pdbs""}",42.00,1,solved,64,,174,562,175,388,0.0303,0.0438,1
588,ec4da6f1b3789052,,wastar,"{""w"": 10.0}",pdb,"{""pdb_dir"": ""../phase1_data_generation/data/pdbs""}",36.00,1,solved,52,,63,205,64,143,0.0108,0.0156,1
589,d7ec6ab8510234f9,,wastar,"{""w"": 10.0}",pdb,"{""pdb_dir"": ""../phase1_data_generation/data/pdbs""}",34.00,1,solved,50,,81,254,82,174,0.0142,0.0204,1
590,e30facd6149527b8,,wastar,"{""w"": 10.0}",pdb,"{""pdb_dir"": ""../phase1_data_generation/data/pdbs""}",42.00,1,solved,76,,333,1048,321,678,0.0567,0.0826,1
591,85af2db4e13697c0,,wastar,"{""w"": 10.0}",pdb,"{""pdb_dir"": ""../phase1_data_generation/data/pdbs""}",48.00,1,solved,74,,117,368,118,252,0.0208,0.0300,1
592,a30e9c5627f4b18d,,wastar,"{""w"": 10.0}",pdb,"{""pdb_dir"": ""../phase1_data_generation/data/pdbs""}",38.00,1,solved,72,,139,441,140,303,0.0242,0.0349,1
593,2caef0b14356987d,,wastar,"{""w"": 10.0}",pdb,"{""pdb_dir"": ""../phase1_data_generation/data/pdbs""}",44.00,1,solved,80,,293,912,293,614,0.0507,0.0735,1
594,a45d6bf9872ce031,,wastar,"{""w"": 10.0}",pdb,"{""pdb_dir"": ""../phase1_data_generation/data/pdbs""}",36.00,1,solved,54,,77,253,78,177,0.0140,0.0202,1
595,6de9fa4c05b82713,,wastar,"{""w"": 10.0}",pdb,"{""pdb_dir"": ""../phase1_data_generation/data/pdbs""}",32.00,1,solved,72,,311,1011,311,693,0.0558,0.0809,1
596,7ea9825dbcf41360,,wastar,"{""w"": 10.0}",pdb,"{""pdb_dir"": ""../phase1_data_generation/data/pdbs""}",38.00,1,solved,68,,392,1244,379,816,0.0670,0.0984,1
597,2c89de610f547ba3,,wastar,"{""w"": 10.0}",pdb,"{""pdb_dir"": ""../phase1_data_generation/data/pdbs""}",40.00,1,solved,48,,200,637,192,408,0.0332,0.0485,1
598,12c6b0a5efd83479,,wastar,"{""w"": 10.0}",pdb,"{""pdb_dir"": ""../phase1_data_generation/data/pdbs""}",40.00,1,solved,64,,104,336,105,233,0.0178,0.0257,1
599,f68edbc4231a5097,,wastar,"{""w"": 10.0}",pdb,"{""pdb_dir"": ""../phase1_data_generation/data/pdbs""}",34.00,1,solved,56,,367,1160,368,784,0.0643,0.0934,1
600,dcef27658941a03b,,wastar,"{""w"": 10.0}",pdb,"{""pdb_dir"": ""../phase1_data_generation/data/pdbs""}",44.00,1,solved,102,,901,2868,769,1656,0.1322,0.2009,1
601,8dc629540a17fb3e,,wastar,"{""w"": 10.0}",pdb,"{""pdb_dir"": ""../phase1_data_generation/data/pdbs""}",44.00,1,solved,62,,198,647,199,449,0.0336,0.0487,1
602,3eac6f9db2815470,,wastar,"{""w"": 10.0}",pdb,"{""pdb_dir"": ""../phase1_data_generation/data/pdbs""}",34.00,1,solved,70,,214,696,215,479,0.0358,0.0519,1
603,b3c6e074912df5a8,,wastar,"{""w"": 10.0}",pdb,"{""pdb_dir"": ""../phase1_data_generation/data/pdbs""}",42.00,1,solved,96,,411,1297,409,873,0.0696,0.1014,1
604,ade9b7f1c5843026,,wastar,"{""w"": 10.0}",pdb,"{""pdb_dir"": ""../phase1_data_generation/data/pdbs""}",38.00,1,solved,72,,219,679,220,459,0.0380,0.0553,1
605,d904f65c8a3127be,,wastar,"{""w"": 10.0}",pdb,"{""pdb_dir"": ""../phase1_data_generation/data/pdbs""}",36.00,1,solved,88,,245,787,246,543,0.0424,0.0617,1
606,2a69b3edcf081754,,wastar,"{""w"": 10.0}",pdb,"{""pdb_dir"": ""../phase1_data_generation/data/pdbs""}",36.00,1,solved,40,,42,136,43,95,0.0073,0.0105,1
607,17b9ad5e2c03f468,,wastar,"{""w"": 10.0}",pdb,"{""pdb_dir"": ""../phase1_data_generation/data/pdbs""}",44.00,1,solved,92,,223,724,224,502,0.0384,0.0554,1
608,0fc987ed5b32a641,,wastar,"{""w"": 10.0}",pdb,"{""pdb_dir"": ""../phase1_data_generation/data/pdbs""}",36.00,1,solved,68,,157,501,156,338,0.0264,0.0384,1
609,9c527640bf13ed8a,,wastar,"{""w"": 10.0}",pdb,"{""pdb_dir"": ""../phase1_data_generation/data/pdbs""}",48.00,1,solved,80,,176,553,177,378,0.0298,0.0434,1
610,37fbe8ad9204c651,,wastar,"{""w"": 10.0}",pdb,"{""pdb_dir"": ""../phase1_data_generation/data/pdbs""}",42.00,1,solved,56,,72,236,73,165,0.0121,0.0175,1
611,2a76394c1f05be8d,,wastar,"{""w"": 10.0}",pdb,"{""pdb_dir"": ""../phase1_data_generation/data/pdbs""}",46.00,1,solved,96,,249,791,250,543,0.0417,0.0603,1
612,d2ec9ba8f3046571,,wastar,"{""w"": 10.0}",pdb,"{""pdb_dir"": ""../phase1_data_generation/data/pdbs""}",32.00,1,solved,36,,48,162,49,115,0.0081,0.0116,1
613,af0cd14973e6b285,,wastar,"{""w"": 10.0}",pdb,"{""pdb_dir"": ""../phase1_data_generation/data/pdbs""}",32.00,1,solved,44,,59,196,60,138,0.0099,0.0142,1
614,81c5f9de6b0734a2,,wastar,"{""w"": 10.0}",pdb,"{""pdb_dir"": ""../phase1_data_generation/data/pdbs""}",40.00,1,solved,76,,310,990,298,644,0.0500,0.0736,1
615,aef5679c823410bd,,wastar,"{""w"": 10.0}",pdb,"{""pdb_dir"": ""../phase1_data_generation/data/pdbs""}",38.00,1,solved,80,,277,883,277,601,0.0467,0.0677,1
616,f14a70c6be23859d,,wastar,"{""w"": 10.0}",pdb,"{""pdb_dir"": ""../phase1_data_generation/data/pdbs""}",46.00,1,solved,80,,294,926,295,631,0.0506,0.0732,1
617,a72c39b0e4f6d518,,wastar,"{""w"": 10.0}",pdb,"{""pdb_dir"": ""../phase1_data_generation/data/pdbs""}",44.00,1,solved,72,,134,430,135,297,0.0232,0.0334,1
618,e269b5c10f487ad3,,wastar,"{""w"": 10.0}",pdb,"{""pdb_dir"": ""../phase1_data_generation/data/pdbs""}",36.00,1,solved,66,,185,589,186,405,0.0314,0.0455,1
619,ecd19f58a6243b70,,wastar,"{""w"": 10.0}",pdb,"{""pdb_dir"": ""../phase1_data_generation/data/pdbs""}",32.00,1,solved,46,,50,156,51,107,0.0086,0.0123,1
620,c295d47fb8013e6a,,wastar,"{""w"": 10.0}",pdb,"{""pdb_dir"": ""../phase1_data_generation/data/pdbs""}",42.00,1,solved,80,,181,573,182,391,0.0321,0.0465,1
621,afd9bc562e413780,,wastar,"{""w"": 10.0}",pdb,"{""pdb_dir"": ""../phase1_data_generation/data/pdbs""}",34.00,1,solved,58,,135,429,136,293,0.0230,0.0334,1
622,dce8a459b672f310,,wastar,"{""w"": 10.0}",pdb,"{""pdb_dir"": ""../phase1_data_generation/data/pdbs""}",32.00,1,solved,44,,66,210,67,145,0.0119,0.0169,1
623,aef8943d6c01527b,,wastar,"{""w"": 10.0}",pdb,"{""pdb_dir"": ""../phase1_data_generation/data/pdbs""}",42.00,1,solved,86,,368,1186,369,812,0.0632,0.0925,1
624,ca58bf9107e2364d,,wastar,"{""w"": 10.0}",pdb,"{""pdb_dir"": ""../phase1_data_generation/data/pdbs""}",32.00,1,solved,70,,344,1075,345,728,0.0610,0.0882,1
625,2f16e8a0d94c73b5,,wastar,"{""w"": 10.0}",pdb,"{""pdb_dir"": ""../phase1_data_generation/data/pdbs""}",40.00,1,solved,76,,248,778,239,502,0.0421,0.0615,1
626,be0adc693f415728,,wastar,"{""w"": 10.0}",pdb,"{""pdb_dir"": ""../phase1_data_generation/data/pdbs""}",36.00,1,solved,44,,69,232,70,164,0.0122,0.0177,1
627,84b5dc9fe1027a36,,wastar,"{""w"": 10.0}",pdb,"{""pdb_dir"": ""../phase1_data_generation/data/pdbs""}",44.00,1,solved,50,,60,189,61,130,0.0110,0.0158,1
628,a7c43f520896edb1,,wastar,"{""w"": 10.0}",pdb,"{""pdb_dir"": ""../phase1_data_generation/data/pdbs""}",38.00,1,solved,50,,53,169,54,117,0.0098,0.0141,1
629,f89c2d50ab14e736,,wastar,"{""w"": 10.0}",pdb,"{""pdb_dir"": ""../phase1_data_generation/data/pdbs""}",34.00,1,solved,50,,81,260,82,180,0.0144,0.0208,1
630,a3d8f6c97b21e540,,wastar,"{""w"": 10.0}",pdb,"{""pdb_dir"": ""../phase1_data_generation/data/pdbs""}",36.00,1,solved,68,,226,704,227,479,0.0403,0.0581,1
631,a90e2d6b4fc13875,,wastar,"{""w"": 10.0}",pdb,"{""pdb_dir"": ""../phase1_data_generation/data/pdbs""}",42.00,1,solved,60,,122,390,123,269,0.0224,0.0321,1
632,f7ed402c9b83a516,,wastar,"{""w"": 10.0}",pdb,"{""pdb_dir"": ""../phase1_data_generation/data/pdbs""}",34.00,1,solved,52,,164,528,165,363,0.0289,0.0417,1
633,76a4ed120b95cf38,,wastar,"{""w"": 10.0}",pdb,"{""pdb_dir"": ""../phase1_data_generation/data/pdbs""}",44.00,1,solved,96,,260,846,261,583,0.0456,0.0661,1
634,ead673c29b85f410,,wastar,"{""w"": 10.0}",pdb,"{""pdb_dir"": ""../phase1_data_generation/data/pdbs""}",40.00,1,solved,62,,205,649,206,443,0.0366,0.0531,1
635,b83d6c2a0f7e9415,,wastar,"{""w"": 10.0}",pdb,"{""pdb_dir"": ""../phase1_data_generation/data/pdbs""}",46.00,1,solved,74,,113,367,114,255,0.0200,0.0290,1
636,74bce26f0a39d518,,wastar,"{""w"": 10.0}",pdb,"{""pdb_dir"": ""../phase1_data_generation/data/pdbs""}",36.00,1,solved,44,,53,172,54,120,0.0096,0.0139,1
637,26ecd9a807f53b14,,wastar,"{""w"": 10.0}",pdb,"{""pdb_dir"": ""../phase1_data_generation/data/pdbs""}",32.00,1,solved,42,,114,367,115,254,0.0206,0.0298,1
638,a7364890bdcef251,,wastar,"{""w"": 10.0}",pdb,"{""pdb_dir"": ""../phase1_data_generation/data/pdbs""}",44.00,1,solved,62,,114,367,115,253,0.0207,0.0299,1
639,0fac8e59b3d17462,,wastar,"{""w"": 10.0}",pdb,"{""pdb_dir"": ""../phase1_data_generation/data/pdbs""}",28.00,1,solved,52,,109,351,110,241,0.0191,0.0277,1
640,87e9ac12d5f4b360,,wastar,"{""w"": 10.0}",pdb,"{""pdb_dir"": ""../phase1_data_generation/data/pdbs""}",42.00,1,solved,52,,68,217,69,150,0.0122,0.0176,1
641,082cad15ef64b379,,wastar,"{""w"": 10.0}",pdb,"{""pdb_dir"": ""../phase1_data_generation/data/pdbs""}",38.00,1,solved,44,,46,152,47,107,0.0082,0.0118,1
642,682ce0b374f951ad,,wastar,"{""w"": 10.0}",pdb,"{""pdb_dir"": ""../phase1_data_generation/data/pdbs""}",46.00,1,solved,68,,122,384,123,263,0.0218,0.0314,1
643,e78cd0231b54f96a,,wastar,"{""w"": 10.0}",pdb,"{""pdb_dir"": ""../phase1_data_generation/data/pdbs""}",42.00,1,solved,88,,295,928,296,632,0.0522,0.0754,1
644,9bfc3ea042671d58,,wastar,"{""w"": 10.0}",pdb,"{""pdb_dir"": ""../phase1_data_generation/data/pdbs""}",40.00,1,solved,74,,354,1097,355,739,0.0637,0.0921,1
645,be298f43015cd7a6,,wastar,"{""w"": 10.0}",pdb,"{""pdb_dir"": ""../phase1_data_generation/data/pdbs""}",44.00,1,solved,78,,152,484,153,333,0.0277,0.0401,1
646,cd0e8591f7a4632b,,wastar,"{""w"": 10.0}",pdb,"{""pdb_dir"": ""../phase1_data_generation/data/pdbs""}",42.00,1,solved,70,,273,855,269,565,0.0488,0.0706,1
647,086df9bc5ea47231,,wastar,"{""w"": 10.0}",pdb,"{""pdb_dir"": ""../phase1_data_generation/data/pdbs""}",32.00,1,solved,56,,279,878,263,551,0.0475,0.0697,1
648,b4086eda95c2f371,,wastar,"{""w"": 10.0}",pdb,"{""pdb_dir"": ""../phase1_data_generation/data/pdbs""}",38.00,1,solved,66,,145,454,146,310,0.0267,0.0384,1
649,a4e138c5bd0726f9,,wastar,"{""w"": 10.0}",pdb,"{""pdb_dir"": ""../phase1_data_generation/data/pdbs""}",42.00,1,solved,86,,250,784,251,533,0.0455,0.0657,1
650,8c9da146372eb05f,,wastar,"{""w"": 10.0}",pdb,"{""pdb_dir"": ""../phase1_data_generation/data/pdbs""}",44.00,1,solved,82,,157,511,158,355,0.0281,0.0406,1
651,e65d9fa07421b38c,,wastar,"{""w"": 10.0}",pdb,"{""pdb_dir"": ""../phase1_data_generation/data/pdbs""}",32.00,1,solved,62,,219,698,220,478,0.0397,0.0574,1
652,ab6d2ce31f849750,,wastar,"{""w"": 10.0}",pdb,"{""pdb_dir"": ""../phase1_data_generation/data/pdbs""}",38.00,1,solved,76,,247,780,248,533,0.0450,0.0649,1
653,bf9e67c82453a01d,,wastar,"{""w"": 10.0}",pdb,"{""pdb_dir"": ""../phase1_data_generation/data/pdbs""}",38.00,1,solved,60,,94,307,95,214,0.0171,0.0247,1
654,753ce4a012f8b96d,,wastar,"{""w"": 10.0}",pdb,"{""pdb_dir"": ""../phase1_data_generation/data/pdbs""}",42.00,1,solved,96,,757,2399,688,1467,0.1247,0.1853,1
655,defc79a03b814256,,wastar,"{""w"": 10.0}",pdb,"{""pdb_dir"": ""../phase1_data_generation/data/pdbs""}",36.00,1,solved,58,,251,815,251,557,0.0453,0.0656,1
656,c48feda263057b19,,wastar,"{""w"": 10.0}",pdb,"{""pdb_dir"": ""../phase1_data_generation/data/pdbs""}",40.00,1,solved,122,,480,1521,480,1037,0.0875,0.1270,1
657,3bdae71896c420f5,,wastar,"{""w"": 10.0}",pdb,"{""pdb_dir"": ""../phase1_data_generation/data/pdbs""}",38.00,1,solved,72,,106,348,107,243,0.0189,0.0273,1
658,c70e1d245ab83f96,,wastar,"{""w"": 10.0}",pdb,"{""pdb_dir"": ""../phase1_data_generation/data/pdbs""}",44.00,1,solved,108,,356,1118,354,753,0.0628,0.0911,1
659,8e0d7bc23f5a4619,,wastar,"{""w"": 10.0}",pdb,"{""pdb_dir"": ""../phase1_data_generation/data/pdbs""}",38.00,1,solved,52,,82,272,83,190,0.0149,0.0215,1
660,b7e8fc9d04a26135,,wastar,"{""w"": 10.0}",pdb,"{""pdb_dir"": ""../phase1_data_generation/data/pdbs""}",34.00,1,solved,70,,216,684,217,469,0.0384,0.0555,1
661,04dce5ab9f286371,,wastar,"{""w"": 10.0}",pdb,"{""pdb_dir"": ""../phase1_data_generation/data/pdbs""}",32.00,1,solved,66,,251,778,252,527,0.0450,0.0650,1
662,7203dfa4b1e96c58,,wastar,"{""w"": 10.0}",pdb,"{""pdb_dir"": ""../phase1_data_generation/data/pdbs""}",42.00,1,solved,118,,474,1503,472,1014,0.0880,0.1277,1
663,b2f8c3de71065a94,,wastar,"{""w"": 10.0}",pdb,"{""pdb_dir"": ""../phase1_data_generation/data/pdbs""}",36.00,1,solved,46,,50,163,51,114,0.0097,0.0139,1
664,e217468bda0f539c,,wastar,"{""w"": 10.0}",pdb,"{""pdb_dir"": ""../phase1_data_generation/data/pdbs""}",50.00,1,solved,72,,100,324,101,225,0.0193,0.0282,1
665,bd6a27f953ce1840,,wastar,"{""w"": 10.0}",pdb,"{""pdb_dir"": ""../phase1_data_generation/data/pdbs""}",40.00,1,solved,68,,157,503,158,346,0.0301,0.0436,1
666,bec2763df8a14095,,wastar,"{""w"": 10.0}",pdb,"{""pdb_dir"": ""../phase1_data_generation/data/pdbs""}",40.00,1,solved,74,,142,445,143,304,0.0268,0.0385,1
667,2e5cd96f813ab740,,wastar,"{""w"": 10.0}",pdb,"{""pdb_dir"": ""../phase1_data_generation/data/pdbs""}",40.00,1,solved,80,,263,846,260,570,0.0487,0.0708,1
668,653f709d148eba2c,,wastar,"{""w"": 10.0}",pdb,"{""pdb_dir"": ""../phase1_data_generation/data/pdbs""}",44.00,1,solved,84,,283,879,284,595,0.0530,0.0768,1
669,c2a9ed517b3460f8,,wastar,"{""w"": 10.0}",pdb,"{""pdb_dir"": ""../phase1_data_generation/data/pdbs""}",40.00,1,solved,76,,172,551,173,379,0.0299,0.0432,1
670,4a81fdc2370be569,,wastar,"{""w"": 10.0}",pdb,"{""pdb_dir"": ""../phase1_data_generation/data/pdbs""}",40.00,1,solved,92,,225,721,226,495,0.0396,0.0573,1
671,0e68f9a513d47b2c,,wastar,"{""w"": 10.0}",pdb,"{""pdb_dir"": ""../phase1_data_generation/data/pdbs""}",36.00,1,solved,70,,233,742,234,507,0.0399,0.0580,1
672,f9a628ec4bd73150,,wastar,"{""w"": 10.0}",pdb,"{""pdb_dir"": ""../phase1_data_generation/data/pdbs""}",38.00,1,solved,64,,146,455,147,310,0.0258,0.0371,1
673,ac8db094ef615237,,wastar,"{""w"": 10.0}",pdb,"{""pdb_dir"": ""../phase1_data_generation/data/pdbs""}",38.00,1,solved,50,,98,317,99,220,0.0165,0.0239,1
674,7a9cf0b6e85234d1,,wastar,"{""w"": 10.0}",pdb,"{""pdb_dir"": ""../phase1_data_generation/data/pdbs""}",36.00,1,solved,64,,187,608,188,419,0.0313,0.0455,1
675,f70bec8d41a53269,,wastar,"{""w"": 10.0}",pdb,"{""pdb_dir"": ""../phase1_data_generation/data/pdbs""}",36.00,1,solved,70,,418,1318,395,836,0.0667,0.0987,1
676,27ca91d0e856fb34,,wastar,"{""w"": 10.0}",pdb,"{""pdb_dir"": ""../phase1_data_generation/data/pdbs""}",38.00,1,solved,80,,355,1115,352,746,0.0604,0.0879,1
677,aec7f98631bd5024,,wastar,"{""w"": 10.0}",pdb,"{""pdb_dir"": ""../phase1_data_generation/data/pdbs""}",34.00,1,solved,80,,369,1182,313,682,0.0532,0.0806,1
678,7b0d3f1ea9c52648,,wastar,"{""w"": 10.0}",pdb,"{""pdb_dir"": ""../phase1_data_generation/data/pdbs""}",32.00,1,solved,34,,35,108,36,74,0.0063,0.0090,1
679,2fde705b36a8194c,,wastar,"{""w"": 10.0}",pdb,"{""pdb_dir"": ""../phase1_data_generation/data/pdbs""}",32.00,1,solved,72,,217,691,218,475,0.0371,0.0538,1
680,d38c90aef6517b42,,wastar,"{""w"": 10.0}",pdb,"{""pdb_dir"": ""../phase1_data_generation/data/pdbs""}",36.00,1,solved,74,,381,1196,338,715,0.0579,0.0867,1
681,f9c6345d7a81b02e,,wastar,"{""w"": 10.0}",pdb,"{""pdb_dir"": ""../phase1_data_generation/data/pdbs""}",38.00,1,solved,64,,227,735,220,485,0.0373,0.0546,1
682,0fc18be57296ad34,,wastar,"{""w"": 10.0}",pdb,"{""pdb_dir"": ""../phase1_data_generation/data/pdbs""}",34.00,1,solved,62,,132,416,133,285,0.0224,0.0324,1
683,9f6cd0a175483be2,,wastar,"{""w"": 10.0}",pdb,"{""pdb_dir"": ""../phase1_data_generation/data/pdbs""}",32.00,1,solved,66,,242,773,230,498,0.0386,0.0567,1
684,3f0924a7bc85d6e1,,wastar,"{""w"": 10.0}",pdb,"{""pdb_dir"": ""../phase1_data_generation/data/pdbs""}",44.00,1,solved,100,,371,1167,371,794,0.0635,0.0921,1
685,abdef08471c96523,,wastar,"{""w"": 10.0}",pdb,"{""pdb_dir"": ""../phase1_data_generation/data/pdbs""}",36.00,1,solved,58,,107,331,108,225,0.0183,0.0264,1
686,72f963be584c10ad,,wastar,"{""w"": 10.0}",pdb,"{""pdb_dir"": ""../phase1_data_generation/data/pdbs""}",42.00,1,solved,60,,113,349,114,237,0.0200,0.0287,1
687,b32d78e094ca6f15,,wastar,"{""w"": 10.0}",pdb,"{""pdb_dir"": ""../phase1_data_generation/data/pdbs""}",42.00,1,solved,48,,53,175,54,123,0.0090,0.0130,1
688,e6d289bc1a54f037,,wastar,"{""w"": 10.0}",pdb,"{""pdb_dir"": ""../phase1_data_generation/data/pdbs""}",38.00,1,solved,46,,67,220,68,154,0.0114,0.0165,1
689,5fc46d30e789b2a1,,wastar,"{""w"": 10.0}",pdb,"{""pdb_dir"": ""../phase1_data_generation/data/pdbs""}",34.00,1,solved,78,,430,1350,431,916,0.0738,0.1071,1
690,df9c80e147a62b53,,wastar,"{""w"": 10.0}",pdb,"{""pdb_dir"": ""../phase1_data_generation/data/pdbs""}",40.00,1,solved,82,,215,682,216,468,0.0363,0.0526,1
691,9401f87c3e6d2ab5,,wastar,"{""w"": 10.0}",pdb,"{""pdb_dir"": ""../phase1_data_generation/data/pdbs""}",36.00,1,solved,70,,108,348,109,241,0.0183,0.0264,1
692,a3e8bc192f5760d4,,wastar,"{""w"": 10.0}",pdb,"{""pdb_dir"": ""../phase1_data_generation/data/pdbs""}",36.00,1,solved,84,,280,876,281,595,0.0474,0.0686,1
693,e7df281a6953b4c0,,wastar,"{""w"": 10.0}",pdb,"{""pdb_dir"": ""../phase1_data_generation/data/pdbs""}",44.00,1,solved,76,,395,1231,393,821,0.0680,0.0993,1
694,3849572d06ebaf1c,,wastar,"{""w"": 10.0}",pdb,"{""pdb_dir"": ""../phase1_data_generation/data/pdbs""}",46.00,1,solved,90,,207,664,208,457,0.0353,0.0513,1
695,eba5703d14f869c2,,wastar,"{""w"": 10.0}",pdb,"{""pdb_dir"": ""../phase1_data_generation/data/pdbs""}",40.00,1,solved,62,,205,651,206,447,0.0356,0.0516,1
696,4f1eadbc52396870,,wastar,"{""w"": 10.0}",pdb,"{""pdb_dir"": ""../phase1_data_generation/data/pdbs""}",42.00,1,solved,88,,353,1128,354,773,0.0614,0.0890,1
697,13adf06cb7952e84,,wastar,"{""w"": 10.0}",pdb,"{""pdb_dir"": ""../phase1_data_generation/data/pdbs""}",34.00,1,solved,56,,127,407,128,281,0.0217,0.0313,1
698,ebc6d1a98524f037,,wastar,"{""w"": 10.0}",pdb,"{""pdb_dir"": ""../phase1_data_generation/data/pdbs""}",40.00,1,solved,72,,213,691,210,466,0.0351,0.0514,1
699,b4fc3d60e7189a25,,wastar,"{""w"": 10.0}",pdb,"{""pdb_dir"": ""../phase1_data_generation/data/pdbs""}",34.00,1,solved,42,,63,205,64,143,0.0108,0.0156,1
700,d403e1c5ab276f98,,wastar,"{""w"": 10.0}",pdb,"{""pdb_dir"": ""../phase1_data_generation/data/pdbs""}",48.00,1,solved,88,,314,1008,301,661,0.0510,0.0750,1
701,0658ca2d791efb43,,wastar,"{""w"": 10.0}",pdb,"{""pdb_dir"": ""../phase1_data_generation/data/pdbs""}",40.00,1,solved,64,,122,396,123,275,0.0216,0.0313,1
702,49edcb2af7586031,,wastar,"{""w"": 10.0}",pdb,"{""pdb_dir"": ""../phase1_data_generation/data/pdbs""}",38.00,1,solved,64,,185,595,186,409,0.0317,0.0460,1
703,3b9810fec65d7a42,,wastar,"{""w"": 10.0}",pdb,"{""pdb_dir"": ""../phase1_data_generation/data/pdbs""}",42.00,1,solved,72,,179,569,179,390,0.0318,0.0459,1
704,e93f6a80b5d4172c,,wastar,"{""w"": 10.0}",pdb,"{""pdb_dir"": ""../phase1_data_generation/data/pdbs""}",42.00,1,solved,98,,271,851,272,579,0.0482,0.0695,1
705,ebd436c59f78a210,,wastar,"{""w"": 10.0}",pdb,"{""pdb_dir"": ""../phase1_data_generation/data/pdbs""}",32.00,1,solved,68,,212,673,213,460,0.0379,0.0546,1
706,0c269ef13db87a45,,wastar,"{""w"": 10.0}",pdb,"{""pdb_dir"": ""../phase1_data_generation/data/pdbs""}",38.00,1,solved,46,,53,170,54,118,0.0097,0.0139,1
707,ce0af64875d321b9,,wastar,"{""w"": 10.0}",pdb,"{""pdb_dir"": ""../phase1_data_generation/data/pdbs""}",36.00,1,solved,48,,55,177,56,123,0.0099,0.0142,1
708,cd5a19837b4ef026,,wastar,"{""w"": 10.0}",pdb,"{""pdb_dir"": ""../phase1_data_generation/data/pdbs""}",46.00,1,solved,94,,318,999,319,681,0.0569,0.0822,1
709,e59ad4b2710cf638,,wastar,"{""w"": 10.0}",pdb,"{""pdb_dir"": ""../phase1_data_generation/data/pdbs""}",42.00,1,solved,64,,153,502,154,347,0.0269,0.0387,1
710,067e3bad2c4f8591,,wastar,"{""w"": 10.0}",pdb,"{""pdb_dir"": ""../phase1_data_generation/data/pdbs""}",40.00,1,solved,88,,248,802,241,533,0.0422,0.0616,1
711,df2c1a7836b5e049,,wastar,"{""w"": 10.0}",pdb,"{""pdb_dir"": ""../phase1_data_generation/data/pdbs""}",38.00,1,solved,68,,218,690,218,468,0.0382,0.0553,1
712,f649b57c0ed8312a,,wastar,"{""w"": 10.0}",pdb,"{""pdb_dir"": ""../phase1_data_generation/data/pdbs""}",32.00,1,solved,80,,251,786,252,533,0.0444,0.0641,1
713,a9dc78e03521fb64,,wastar,"{""w"": 10.0}",pdb,"{""pdb_dir"": ""../phase1_data_generation/data/pdbs""}",30.00,1,solved,64,,183,586,177,385,0.0313,0.0456,1
714,fe8960c1ba7523d4,,wastar,"{""w"": 10.0}",pdb,"{""pdb_dir"": ""../phase1_data_generation/data/pdbs""}",30.00,1,solved,54,,141,449,142,308,0.0252,0.0363,1
715,1fdc60e834b5972a,,wastar,"{""w"": 10.0}",pdb,"{""pdb_dir"": ""../phase1_data_generation/data/pdbs""}",32.00,1,solved,70,,223,697,224,473,0.0392,0.0567,1
716,061389dcba54f27e,,wastar,"{""w"": 10.0}",pdb,"{""pdb_dir"": ""../phase1_data_generation/data/pdbs""}",46.00,1,solved,68,,103,331,104,229,0.0185,0.0265,1
717,bc69e315daf48270,,wastar,"{""w"": 10.0}",pdb,"{""pdb_dir"": ""../phase1_data_generation/data/pdbs""}",40.00,1,solved,70,,161,516,162,354,0.0290,0.0421,1
718,9308754b12d6efca,,wastar,"{""w"": 10.0}",pdb,"{""pdb_dir"": ""../phase1_data_generation/data/pdbs""}",48.00,1,solved,120,,480,1563,478,1066,0.0866,0.1256,1
719,f28a705e1bc4936d,,wastar,"{""w"": 10.0}",pdb,"{""pdb_dir"": ""../phase1_data_generation/data/pdbs""}",34.00,1,solved,54,,131,417,132,287,0.0239,0.0344,1
720,a4ef1c7b38d96025,,wastar,"{""w"": 10.0}",pdb,"{""pdb_dir"": ""../phase1_data_generation/data/pdbs""}",44.00,1,solved,112,,520,1628,474,1000,0.0864,0.1278,1
721,647f5c9eb30a281d,,wastar,"{""w"": 10.0}",pdb,"{""pdb_dir"": ""../phase1_data_generation/data/pdbs""}",46.00,1,solved,104,,574,1818,575,1233,0.1038,0.1501,1
722,219dc06fe385a4b7,,wastar,"{""w"": 10.0}",pdb,"{""pdb_dir"": ""../phase1_data_generation/data/pdbs""}",48.00,1,solved,92,,187,590,188,404,0.0330,0.0476,1
723,689ab4defc137520,,wastar,"{""w"": 10.0}",pdb,"{""pdb_dir"": ""../phase1_data_generation/data/pdbs""}",44.00,1,solved,72,,124,391,125,268,0.0222,0.0320,1
724,9d4c70f2b681a3e5,,wastar,"{""w"": 10.0}",pdb,"{""pdb_dir"": ""../phase1_data_generation/data/pdbs""}",36.00,1,solved,62,,232,735,233,501,0.0415,0.0600,1
725,ae973fdc65082b14,,wastar,"{""w"": 10.0}",pdb,"{""pdb_dir"": ""../phase1_data_generation/data/pdbs""}",32.00,1,solved,50,,146,454,142,299,0.0249,0.0363,1
726,aebdf176230c4985,,wastar,"{""w"": 10.0}",pdb,"{""pdb_dir"": ""../phase1_data_generation/data/pdbs""}",36.00,1,solved,42,,60,196,61,137,0.0107,0.0154,1
727,76d834b0cafe9215,,wastar,"{""w"": 10.0}",pdb,"{""pdb_dir"": ""../phase1_data_generation/data/pdbs""}",44.00,1,solved,70,,158,497,159,340,0.0280,0.0404,1
728,95fca8ed0672134b,,wastar,"{""w"": 10.0}",pdb,"{""pdb_dir"": ""../phase1_data_generation/data/pdbs""}",38.00,1,solved,74,,227,717,228,489,0.0402,0.0580,1
729,f9deb23a750c8614,,wastar,"{""w"": 10.0}",pdb,"{""pdb_dir"": ""../phase1_data_generation/data/pdbs""}",34.00,1,solved,46,,63,209,64,147,0.0113,0.0162,1
730,6fec9830bd427a51,,wastar,"{""w"": 10.0}",pdb,"{""pdb_dir"": ""../phase1_data_generation/data/pdbs""}",32.00,1,solved,58,,156,503,157,344,0.0275,0.0398,1
731,e6c4d5807a319bf2,,wastar,"{""w"": 10.0}",pdb,"{""pdb_dir"": ""../phase1_data_generation/data/pdbs""}",36.00,1,solved,76,,573,1825,574,1237,0.1028,0.1489,1
732,b5172adf360ce498,,wastar,"{""w"": 10.0}",pdb,"{""pdb_dir"": ""../phase1_data_generation/data/pdbs""}",40.00,1,solved,66,,98,316,99,219,0.0170,0.0245,1
733,75c63da4e219b08f,,wastar,"{""w"": 10.0}",pdb,"{""pdb_dir"": ""../phase1_data_generation/data/pdbs""}",40.00,1,solved,102,,251,807,252,557,0.0436,0.0629,1
734,fb0a3794e865c12d,,wastar,"{""w"": 10.0}",pdb,"{""pdb_dir"": ""../phase1_data_generation/data/pdbs""}",42.00,1,solved,108,,674,2143,596,1283,0.1040,0.1557,1
735,fe0a2cd395b76481,,wastar,"{""w"": 10.0}",pdb,"{""pdb_dir"": ""../phase1_data_generation/data/pdbs""}",40.00,1,solved,90,,577,1820,519,1100,0.0881,0.1319,1
736,0ec1f596237a4bd8,,wastar,"{""w"": 10.0}",pdb,"{""pdb_dir"": ""../phase1_data_generation/data/pdbs""}",34.00,1,solved,72,,321,1019,322,695,0.0564,0.0822,1
737,e9683fd17ac5b024,,wastar,"{""w"": 10.0}",pdb,"{""pdb_dir"": ""../phase1_data_generation/data/pdbs""}",32.00,1,solved,48,,170,531,171,360,0.0291,0.0420,1
738,8f721cad6e05439b,,wastar,"{""w"": 10.0}",pdb,"{""pdb_dir"": ""../phase1_data_generation/data/pdbs""}",48.00,1,solved,76,,137,434,138,298,0.0231,0.0334,1
739,eb21c08d6f75943a,,wastar,"{""w"": 10.0}",pdb,"{""pdb_dir"": ""../phase1_data_generation/data/pdbs""}",46.00,1,solved,94,,407,1265,405,847,0.0707,0.1025,1
740,697cfd824b5a30e1,,wastar,"{""w"": 10.0}",pdb,"{""pdb_dir"": ""../phase1_data_generation/data/pdbs""}",34.00,1,solved,94,,696,2226,644,1396,0.1111,0.1653,1
741,d94c7f2106a8be35,,wastar,"{""w"": 10.0}",pdb,"{""pdb_dir"": ""../phase1_data_generation/data/pdbs""}",32.00,1,solved,54,,74,242,75,169,0.0135,0.0193,1
742,6d54ec217a09bf83,,wastar,"{""w"": 10.0}",pdb,"{""pdb_dir"": ""../phase1_data_generation/data/pdbs""}",42.00,1,solved,70,,125,405,126,281,0.0221,0.0320,1
743,b8d4c091e6537af2,,wastar,"{""w"": 10.0}",pdb,"{""pdb_dir"": ""../phase1_data_generation/data/pdbs""}",40.00,1,solved,64,,105,337,106,233,0.0189,0.0271,1
744,210dcf946b38ea75,,wastar,"{""w"": 10.0}",pdb,"{""pdb_dir"": ""../phase1_data_generation/data/pdbs""}",44.00,1,solved,76,,149,483,150,335,0.0270,0.0389,1
745,9fec624805a71d3b,,wastar,"{""w"": 10.0}",pdb,"{""pdb_dir"": ""../phase1_data_generation/data/pdbs""}",38.00,1,solved,60,,117,372,118,256,0.0213,0.0307,1
746,93085fdc74612bea,,wastar,"{""w"": 10.0}",pdb,"{""pdb_dir"": ""../phase1_data_generation/data/pdbs""}",42.00,1,solved,80,,379,1201,346,739,0.0624,0.0926,1
747,f98461d2ab7ce035,,wastar,"{""w"": 10.0}",pdb,"{""pdb_dir"": ""../phase1_data_generation/data/pdbs""}",38.00,1,solved,50,,78,252,79,175,0.0142,0.0204,1
748,d632cf495b8e701a,,wastar,"{""w"": 10.0}",pdb,"{""pdb_dir"": ""../phase1_data_generation/data/pdbs""}",46.00,1,solved,60,,80,263,81,184,0.0142,0.0204,1
749,937cfd1e0286ba45,,wastar,"{""w"": 10.0}",pdb,"{""pdb_dir"": ""../phase1_data_generation/data/pdbs""}",38.00,1,solved,78,,668,2114,625,1341,0.1109,0.1636,1
750,6f7c831b42095ade,,wastar,"{""w"": 10.0}",pdb,"{""pdb_dir"": ""../phase1_data_generation/data/pdbs""}",46.00,1,solved,84,,276,880,277,601,0.0491,0.0710,1
751,06c35a79deb4218f,,wastar,"{""w"": 10.0}",pdb,"{""pdb_dir"": ""../phase1_data_generation/data/pdbs""}",44.00,1,solved,76,,158,514,159,357,0.0280,0.0404,1
752,ba0fc6492d5317e8,,wastar,"{""w"": 10.0}",pdb,"{""pdb_dir"": ""../phase1_data_generation/data/pdbs""}",42.00,1,solved,72,,188,607,189,417,0.0334,0.0484,1
753,ae0d32756b941fc8,,wastar,"{""w"": 10.0}",pdb,"{""pdb_dir"": ""../phase1_data_generation/data/pdbs""}",40.00,1,solved,56,,106,343,106,236,0.0186,0.0269,1
754,d7591860c2b3afe4,,wastar,"{""w"": 10.0}",pdb,"{""pdb_dir"": ""../phase1_data_generation/data/pdbs""}",46.00,1,solved,78,,218,688,218,466,0.0382,0.0552,1
755,b5e9cf4a0168273d,,wastar,"{""w"": 10.0}",pdb,"{""pdb_dir"": ""../phase1_data_generation/data/pdbs""}",40.00,1,solved,62,,92,298,93,207,0.0169,0.0243,1
756,7a683c91fe0d254b,,wastar,"{""w"": 10.0}",pdb,"{""pdb_dir"": ""../phase1_data_generation/data/pdbs""}",40.00,1,solved,56,,155,491,155,332,0.0274,0.0398,1
757,630e79c8fbda2145,,wastar,"{""w"": 10.0}",pdb,"{""pdb_dir"": ""../phase1_data_generation/data/pdbs""}",36.00,1,solved,58,,211,658,198,414,0.0352,0.0516,1
758,0e68cda572943f1b,,wastar,"{""w"": 10.0}",pdb,"{""pdb_dir"": ""../phase1_data_generation/data/pdbs""}",34.00,1,solved,66,,155,487,156,333,0.0280,0.0405,1
759,683bf9d7ace51024,,wastar,"{""w"": 10.0}",pdb,"{""pdb_dir"": ""../phase1_data_generation/data/pdbs""}",42.00,1,solved,70,,160,509,161,350,0.0285,0.0410,1
760,7fedb5c80231a496,,wastar,"{""w"": 10.0}",pdb,"{""pdb_dir"": ""../phase1_data_generation/data/pdbs""}",32.00,1,solved,60,,192,610,193,419,0.0340,0.0492,1
761,834f96dc57be20a1,,wastar,"{""w"": 10.0}",pdb,"{""pdb_dir"": ""../phase1_data_generation/data/pdbs""}",44.00,1,solved,78,,234,748,235,515,0.0425,0.0614,1
762,7df345cabe086291,,wastar,"{""w"": 10.0}",pdb,"{""pdb_dir"": ""../phase1_data_generation/data/pdbs""}",38.00,1,solved,112,,955,3054,718,1556,0.1299,0.2041,1
763,fbd96ce23518a740,,wastar,"{""w"": 10.0}",pdb,"{""pdb_dir"": ""../phase1_data_generation/data/pdbs""}",32.00,1,solved,52,,199,625,200,425,0.0364,0.0525,1
764,6cb9a3df418e5072,,wastar,"{""w"": 10.0}",pdb,"{""pdb_dir"": ""../phase1_data_generation/data/pdbs""}",46.00,1,solved,62,,74,235,75,162,0.0136,0.0195,1
765,ef9d4ab805c61327,,wastar,"{""w"": 10.0}",pdb,"{""pdb_dir"": ""../phase1_data_generation/data/pdbs""}",42.00,1,solved,108,,576,1829,577,1248,0.1044,0.1509,1
766,a258eb1c9704f63d,,wastar,"{""w"": 10.0}",pdb,"{""pdb_dir"": ""../phase1_data_generation/data/pdbs""}",38.00,1,solved,64,,129,425,130,297,0.0232,0.0335,1
767,37ba8092c14df65e,,wastar,"{""w"": 10.0}",pdb,"{""pdb_dir"": ""../phase1_data_generation/data/pdbs""}",50.00,1,solved,92,,397,1270,343,746,0.0623,0.0939,1
768,1e09a458df27cb63,,wastar,"{""w"": 10.0}",pdb,"{""pdb_dir"": ""../phase1_data_generation/data/pdbs""}",52.00,1,solved,94,,204,643,205,440,0.0354,0.0512,1
769,9d6872b4cf1530ae,,wastar,"{""w"": 10.0}",pdb,"{""pdb_dir"": ""../phase1_data_generation/data/pdbs""}",38.00,1,solved,70,,456,1413,451,944,0.0771,0.1123,1
770,c14abf8e2d093657,,wastar,"{""w"": 10.0}",pdb,"{""pdb_dir"": ""../phase1_data_generation/data/pdbs""}",42.00,1,solved,80,,216,677,217,460,0.0369,0.0535,1
771,29ae3bf805714d6c,,wastar,"{""w"": 10.0}",pdb,"{""pdb_dir"": ""../phase1_data_generation/data/pdbs""}",44.00,1,solved,58,,89,287,90,199,0.0153,0.0220,1
772,c9761efb034a285d,,wastar,"{""w"": 10.0}",pdb,"{""pdb_dir"": ""../phase1_data_generation/data/pdbs""}",48.00,1,solved,104,,666,2078,647,1361,0.1086,0.1589,1
773,ecb9608721a543df,,wastar,"{""w"": 10.0}",pdb,"{""pdb_dir"": ""../phase1_data_generation/data/pdbs""}",44.00,1,solved,66,,151,475,152,325,0.0256,0.0368,1
774,789d6a10bfe23c54,,wastar,"{""w"": 10.0}",pdb,"{""pdb_dir"": ""../phase1_data_generation/data/pdbs""}",38.00,1,solved,56,,89,290,90,202,0.0151,0.0218,1
775,aef8907d4bc56321,,wastar,"{""w"": 10.0}",pdb,"{""pdb_dir"": ""../phase1_data_generation/data/pdbs""}",34.00,1,solved,62,,137,438,138,302,0.0241,0.0349,1
776,a56230ed7489bfc1,,wastar,"{""w"": 10.0}",pdb,"{""pdb_dir"": ""../phase1_data_generation/data/pdbs""}",42.00,1,solved,92,,579,1849,514,1115,0.0891,0.1336,1
777,d68ce420f57a3b91,,wastar,"{""w"": 10.0}",pdb,"{""pdb_dir"": ""../phase1_data_generation/data/pdbs""}",30.00,1,solved,88,,524,1681,525,1147,0.0898,0.1304,1
778,bc14d5f086a9723e,,wastar,"{""w"": 10.0}",pdb,"{""pdb_dir"": ""../phase1_data_generation/data/pdbs""}",42.00,1,solved,64,,94,299,95,206,0.0159,0.0228,1
779,360cb7df98ae5124,,wastar,"{""w"": 10.0}",pdb,"{""pdb_dir"": ""../phase1_data_generation/data/pdbs""}",40.00,1,solved,82,,731,2359,576,1258,0.0977,0.1518,1
780,8b3f524c0d19ea76,,wastar,"{""w"": 10.0}",pdb,"{""pdb_dir"": ""../phase1_data_generation/data/pdbs""}",46.00,1,solved,74,,170,542,170,371,0.0284,0.0411,1
781,a6bce5d0729f3184,,wastar,"{""w"": 10.0}",pdb,"{""pdb_dir"": ""../phase1_data_generation/data/pdbs""}",26.00,1,solved,34,,58,189,59,132,0.0100,0.0144,1
782,cb94afe27168d350,,wastar,"{""w"": 10.0}",pdb,"{""pdb_dir"": ""../phase1_data_generation/data/pdbs""}",40.00,1,solved,68,,176,543,177,368,0.0300,0.0434,1
783,052ca369db78ef41,,wastar,"{""w"": 10.0}",pdb,"{""pdb_dir"": ""../phase1_data_generation/data/pdbs""}",36.00,1,solved,50,,73,235,74,163,0.0124,0.0180,1
784,06e834d75b2c91fa,,wastar,"{""w"": 10.0}",pdb,"{""pdb_dir"": ""../phase1_data_generation/data/pdbs""}",44.00,1,solved,86,,382,1206,383,817,0.0666,0.0964,1
785,3f197dbe620c58a4,,wastar,"{""w"": 10.0}",pdb,"{""pdb_dir"": ""../phase1_data_generation/data/pdbs""}",38.00,1,solved,76,,268,843,269,574,0.0480,0.0695,1
786,eac8df51730b2694,,wastar,"{""w"": 10.0}",pdb,"{""pdb_dir"": ""../phase1_data_generation/data/pdbs""}",30.00,1,solved,60,,174,545,175,370,0.0307,0.0444,1
787,fa94b760e31c25d8,,wastar,"{""w"": 10.0}",pdb,"{""pdb_dir"": ""../phase1_data_generation/data/pdbs""}",32.00,1,solved,50,,92,297,93,206,0.0165,0.0238,1
788,3d975f180e6ca4b2,,wastar,"{""w"": 10.0}",pdb,"{""pdb_dir"": ""../phase1_data_generation/data/pdbs""}",44.00,1,solved,52,,58,191,59,134,0.0108,0.0154,1
789,7c025648eb9daf13,,wastar,"{""w"": 10.0}",pdb,"{""pdb_dir"": ""../phase1_data_generation/data/pdbs""}",46.00,1,solved,82,,528,1671,492,1052,0.0879,0.1299,1
790,d75af8492e0c36b1,,wastar,"{""w"": 10.0}",pdb,"{""pdb_dir"": ""../phase1_data_generation/data/pdbs""}",34.00,1,solved,46,,99,312,100,214,0.0182,0.0263,1
791,c49aebf18236d075,,wastar,"{""w"": 10.0}",pdb,"{""pdb_dir"": ""../phase1_data_generation/data/pdbs""}",44.00,1,solved,94,,983,3128,892,1902,0.1599,0.2382,1
792,c5f937e68402ba1d,,wastar,"{""w"": 10.0}",pdb,"{""pdb_dir"": ""../phase1_data_generation/data/pdbs""}",42.00,1,solved,90,,404,1293,368,805,0.0666,0.0988,1
793,36b2aecf578d1490,,wastar,"{""w"": 10.0}",pdb,"{""pdb_dir"": ""../phase1_data_generation/data/pdbs""}",42.00,1,solved,92,,554,1751,518,1106,0.0939,0.1382,1
794,9ce82b31fd06457a,,wastar,"{""w"": 10.0}",pdb,"{""pdb_dir"": ""../phase1_data_generation/data/pdbs""}",42.00,1,solved,74,,191,602,192,411,0.0348,0.0501,1
795,df56907cb81a32e4,,wastar,"{""w"": 10.0}",pdb,"{""pdb_dir"": ""../phase1_data_generation/data/pdbs""}",32.00,1,solved,80,,304,953,305,647,0.0551,0.0795,1
796,560ca94ed1283f7b,,wastar,"{""w"": 10.0}",pdb,"{""pdb_dir"": ""../phase1_data_generation/data/pdbs""}",42.00,1,solved,74,,164,528,165,365,0.0299,0.0433,1
797,08ebc915df73624a,,wastar,"{""w"": 10.0}",pdb,"{""pdb_dir"": ""../phase1_data_generation/data/pdbs""}",46.00,1,solved,72,,185,583,183,391,0.0321,0.0465,1
798,e825f7910bdc4a36,,wastar,"{""w"": 10.0}",pdb,"{""pdb_dir"": ""../phase1_data_generation/data/pdbs""}",40.00,1,solved,52,,74,230,75,157,0.0133,0.0190,1
799,b2089dc735a1ef64,,wastar,"{""w"": 10.0}",pdb,"{""pdb_dir"": ""../phase1_data_generation/data/pdbs""}",38.00,1,solved,70,,282,894,283,605,0.0496,0.0717,1
800,5d0ba6c7e3142f89,,wastar,"{""w"": 10.0}",pdb,"{""pdb_dir"": ""../phase1_data_generation/data/pdbs""}",38.00,1,solved,98,,288,927,289,638,0.0504,0.0730,1
801,dc89a720f1e4b356,,wastar,"{""w"": 10.0}",pdb,"{""pdb_dir"": ""../phase1_data_generation/data/pdbs""}",34.00,1,solved,60,,111,356,112,246,0.0196,0.0283,1
802,b3ace6f9d1457082,,wastar,"{""w"": 10.0}",pdb,"{""pdb_dir"": ""../phase1_data_generation/data/pdbs""}",38.00,1,solved,112,,1127,3586,1020,2179,0.1816,0.2706,1
803,03ab6dfe2741589c,,wastar,"{""w"": 10.0}",pdb,"{""pdb_dir"": ""../phase1_data_generation/data/pdbs""}",44.00,1,solved,88,,372,1184,329,713,0.0590,0.0884,1
804,fc79b0835e4a621d,,wastar,"{""w"": 10.0}",pdb,"{""pdb_dir"": ""../phase1_data_generation/data/pdbs""}",34.00,1,solved,62,,104,339,105,236,0.0186,0.0268,1
805,6fa174c90e2d38b5,,wastar,"{""w"": 10.0}",pdb,"{""pdb_dir"": ""../phase1_data_generation/data/pdbs""}",38.00,1,solved,82,,179,577,180,398,0.0320,0.0461,1
806,ce67b9da83f14520,,wastar,"{""w"": 10.0}",pdb,"{""pdb_dir"": ""../phase1_data_generation/data/pdbs""}",46.00,1,solved,92,,234,741,235,506,0.0424,0.0613,1
807,0f8512c3de7ab694,,wastar,"{""w"": 10.0}",pdb,"{""pdb_dir"": ""../phase1_data_generation/data/pdbs""}",40.00,1,solved,70,,122,390,123,269,0.0215,0.0310,1
808,8e0d9a6c7f12b534,,wastar,"{""w"": 10.0}",pdb,"{""pdb_dir"": ""../phase1_data_generation/data/pdbs""}",34.00,1,solved,76,,449,1447,440,964,0.0776,0.1134,1
809,dc2ebf80a5697431,,wastar,"{""w"": 10.0}",pdb,"{""pdb_dir"": ""../phase1_data_generation/data/pdbs""}",36.00,1,solved,46,,58,191,59,134,0.0104,0.0150,1
810,cadf31908e7b2546,,wastar,"{""w"": 10.0}",pdb,"{""pdb_dir"": ""../phase1_data_generation/data/pdbs""}",46.00,1,solved,94,,396,1272,397,873,0.0669,0.0972,1
811,320a67ec4b589f1d,,wastar,"{""w"": 10.0}",pdb,"{""pdb_dir"": ""../phase1_data_generation/data/pdbs""}",46.00,1,solved,74,,190,600,190,406,0.0321,0.0465,1
812,cfd7501eba642938,,wastar,"{""w"": 10.0}",pdb,"{""pdb_dir"": ""../phase1_data_generation/data/pdbs""}",40.00,1,solved,90,,549,1756,502,1085,0.0846,0.1259,1
813,d691b7c03ae5284f,,wastar,"{""w"": 10.0}",pdb,"{""pdb_dir"": ""../phase1_data_generation/data/pdbs""}",38.00,1,solved,70,,178,568,179,390,0.0303,0.0440,1
814,ac6d741b0e385f92,,wastar,"{""w"": 10.0}",pdb,"{""pdb_dir"": ""../phase1_data_generation/data/pdbs""}",40.00,1,solved,102,,417,1329,414,897,0.0697,0.1014,1
815,0b1763afe2954cd8,,wastar,"{""w"": 10.0}",pdb,"{""pdb_dir"": ""../phase1_data_generation/data/pdbs""}",50.00,1,solved,82,,234,736,235,500,0.0407,0.0587,1
816,1ca9de38570b62f4,,wastar,"{""w"": 10.0}",pdb,"{""pdb_dir"": ""../phase1_data_generation/data/pdbs""}",42.00,1,solved,80,,312,985,313,672,0.0526,0.0764,1
817,08d4ecf593b267a1,,wastar,"{""w"": 10.0}",pdb,"{""pdb_dir"": ""../phase1_data_generation/data/pdbs""}",38.00,1,solved,44,,114,355,105,219,0.0180,0.0266,1
818,2c9763df1e4ab085,,wastar,"{""w"": 10.0}",pdb,"{""pdb_dir"": ""../phase1_data_generation/data/pdbs""}",44.00,1,solved,94,,301,938,302,634,0.0518,0.0748,1
819,7efd80ca915b6342,,wastar,"{""w"": 10.0}",pdb,"{""pdb_dir"": ""../phase1_data_generation/data/pdbs""}",38.00,1,solved,90,,628,1985,550,1169,0.0966,0.1451,1
820,bec730d92685f1a4,,wastar,"{""w"": 10.0}",pdb,"{""pdb_dir"": ""../phase1_data_generation/data/pdbs""}",28.00,1,solved,60,,144,473,145,328,0.0261,0.0375,1
821,a3f7c5d01b8692e4,,wastar,"{""w"": 10.0}",pdb,"{""pdb_dir"": ""../phase1_data_generation/data/pdbs""}",42.00,1,solved,72,,146,461,147,316,0.0256,0.0370,1
822,bc0a62fe85347d91,,wastar,"{""w"": 10.0}",pdb,"{""pdb_dir"": ""../phase1_data_generation/data/pdbs""}",34.00,1,solved,48,,65,206,66,142,0.0115,0.0166,1
823,8401fcb3a2ed9675,,wastar,"{""w"": 10.0}",pdb,"{""pdb_dir"": ""../phase1_data_generation/data/pdbs""}",46.00,1,solved,66,,156,493,157,336,0.0263,0.0381,1
824,abd9f08e263c4751,,wastar,"{""w"": 10.0}",pdb,"{""pdb_dir"": ""../phase1_data_generation/data/pdbs""}",34.00,1,solved,38,,49,157,50,109,0.0084,0.0121,1
825,76dae08cf394152b,,wastar,"{""w"": 10.0}",pdb,"{""pdb_dir"": ""../phase1_data_generation/data/pdbs""}",36.00,1,solved,52,,143,445,144,303,0.0243,0.0351,1
826,eacd7fb041965283,,wastar,"{""w"": 10.0}",pdb,"{""pdb_dir"": ""../phase1_data_generation/data/pdbs""}",40.00,1,solved,60,,83,264,84,181,0.0144,0.0207,1
827,e9bc3f7d62085a14,,wastar,"{""w"": 10.0}",pdb,"{""pdb_dir"": ""../phase1_data_generation/data/pdbs""}",28.00,1,solved,32,,34,110,35,77,0.0060,0.0087,1
828,26de97b5a3f8c140,,wastar,"{""w"": 10.0}",pdb,"{""pdb_dir"": ""../phase1_data_generation/data/pdbs""}",44.00,1,solved,74,,112,375,113,264,0.0188,0.0273,1
829,fa7d268c0b19453e,,wastar,"{""w"": 10.0}",pdb,"{""pdb_dir"": ""../phase1_data_generation/data/pdbs""}",40.00,1,solved,72,,246,773,247,527,0.0418,0.0605,1
830,7cd4f6e8ba053192,,wastar,"{""w"": 10.0}",pdb,"{""pdb_dir"": ""../phase1_data_generation/data/pdbs""}",30.00,1,solved,72,,236,744,237,508,0.0406,0.0588,1
831,b2da91ec8f047653,,wastar,"{""w"": 10.0}",pdb,"{""pdb_dir"": ""../phase1_data_generation/data/pdbs""}",40.00,1,solved,58,,154,500,134,299,0.0240,0.0361,1
832,5f9cbea2017d6843,,wastar,"{""w"": 10.0}",pdb,"{""pdb_dir"": ""../phase1_data_generation/data/pdbs""}",40.00,1,solved,94,,347,1107,347,756,0.0615,0.0890,1
833,c548bf620d1e7a93,,wastar,"{""w"": 10.0}",pdb,"{""pdb_dir"": ""../phase1_data_generation/data/pdbs""}",38.00,1,solved,64,,103,338,104,236,0.0184,0.0266,1
834,6fe3b7901da8254c,,wastar,"{""w"": 10.0}",pdb,"{""pdb_dir"": ""../phase1_data_generation/data/pdbs""}",42.00,1,solved,70,,112,356,113,244,0.0203,0.0292,1
835,a984ef271cbd5360,,wastar,"{""w"": 10.0}",pdb,"{""pdb_dir"": ""../phase1_data_generation/data/pdbs""}",44.00,1,solved,60,,81,262,82,182,0.0144,0.0207,1
836,e6f4751328cdb9a0,,wastar,"{""w"": 10.0}",pdb,"{""pdb_dir"": ""../phase1_data_generation/data/pdbs""}",42.00,1,solved,86,,162,506,163,343,0.0291,0.0420,1
837,6d1ce85f0794a32b,,wastar,"{""w"": 10.0}",pdb,"{""pdb_dir"": ""../phase1_data_generation/data/pdbs""}",36.00,1,solved,74,,258,826,259,568,0.0456,0.0660,1
838,7e1c2d50abf96384,,wastar,"{""w"": 10.0}",pdb,"{""pdb_dir"": ""../phase1_data_generation/data/pdbs""}",34.00,1,solved,70,,177,561,178,385,0.0319,0.0461,1
839,95418dafbe32607c,,wastar,"{""w"": 10.0}",pdb,"{""pdb_dir"": ""../phase1_data_generation/data/pdbs""}",46.00,1,solved,80,,127,418,128,292,0.0231,0.0333,1
840,26b813cf9704dea5,,wastar,"{""w"": 10.0}",pdb,"{""pdb_dir"": ""../phase1_data_generation/data/pdbs""}",44.00,1,solved,64,,115,366,116,252,0.0213,0.0307,1
841,079ecbf436a8d125,,wastar,"{""w"": 10.0}",pdb,"{""pdb_dir"": ""../phase1_data_generation/data/pdbs""}",40.00,1,solved,82,,339,1084,333,725,0.0603,0.0877,1
842,e1c4a968f70b532d,,wastar,"{""w"": 10.0}",pdb,"{""pdb_dir"": ""../phase1_data_generation/data/pdbs""}",40.00,1,solved,86,,241,759,242,517,0.0438,0.0632,1
843,cd483769f501ae2b,,wastar,"{""w"": 10.0}",pdb,"{""pdb_dir"": ""../phase1_data_generation/data/pdbs""}",36.00,1,solved,66,,189,602,190,414,0.0345,0.0498,1
844,57ba2f963c01d48e,,wastar,"{""w"": 10.0}",pdb,"{""pdb_dir"": ""../phase1_data_generation/data/pdbs""}",48.00,1,solved,88,,349,1112,350,760,0.0635,0.0917,1
845,cbeaf2586d193470,,wastar,"{""w"": 10.0}",pdb,"{""pdb_dir"": ""../phase1_data_generation/data/pdbs""}",34.00,1,solved,74,,209,659,210,449,0.0381,0.0549,1
846,bad260ec37149f58,,wastar,"{""w"": 10.0}",pdb,"{""pdb_dir"": ""../phase1_data_generation/data/pdbs""}",36.00,1,solved,86,,886,2831,661,1424,0.1203,0.1893,1
847,d1489cf0b2ea6537,,wastar,"{""w"": 10.0}",pdb,"{""pdb_dir"": ""../phase1_data_generation/data/pdbs""}",46.00,1,solved,84,,262,823,263,560,0.0478,0.0688,1
848,1d096aec25b47f83,,wastar,"{""w"": 10.0}",pdb,"{""pdb_dir"": ""../phase1_data_generation/data/pdbs""}",42.00,1,solved,68,,127,398,128,272,0.0233,0.0334,1
849,632de4f17c5a9b80,,wastar,"{""w"": 10.0}",pdb,"{""pdb_dir"": ""../phase1_data_generation/data/pdbs""}",46.00,1,solved,70,,139,439,140,301,0.0254,0.0365,1
850,0e2f9dbc7154a368,,wastar,"{""w"": 10.0}",pdb,"{""pdb_dir"": ""../phase1_data_generation/data/pdbs""}",36.00,1,solved,64,,122,395,123,274,0.0222,0.0320,1
851,85e1fc2674bd309a,,wastar,"{""w"": 10.0}",pdb,"{""pdb_dir"": ""../phase1_data_generation/data/pdbs""}",38.00,1,solved,72,,320,997,297,618,0.0535,0.0787,1
852,c8194eaf7b62d035,,wastar,"{""w"": 10.0}",pdb,"{""pdb_dir"": ""../phase1_data_generation/data/pdbs""}",46.00,1,solved,54,,76,248,77,173,0.0135,0.0195,1
853,0f124e7d65cb3a89,,wastar,"{""w"": 10.0}",pdb,"{""pdb_dir"": ""../phase1_data_generation/data/pdbs""}",40.00,1,solved,78,,545,1715,515,1082,0.0914,0.1341,1
854,e78df2c10439a5b6,,wastar,"{""w"": 10.0}",pdb,"{""pdb_dir"": ""../phase1_data_generation/data/pdbs""}",36.00,1,solved,50,,55,174,56,120,0.0100,0.0144,1
855,2bfce7ad06935148,,wastar,"{""w"": 10.0}",pdb,"{""pdb_dir"": ""../phase1_data_generation/data/pdbs""}",34.00,1,solved,50,,63,204,64,142,0.0114,0.0163,1
856,c584fe90bda62371,,wastar,"{""w"": 10.0}",pdb,"{""pdb_dir"": ""../phase1_data_generation/data/pdbs""}",32.00,1,solved,50,,89,279,90,191,0.0159,0.0229,1
857,29f8a4e17d635cb0,,wastar,"{""w"": 10.0}",pdb,"{""pdb_dir"": ""../phase1_data_generation/data/pdbs""}",46.00,1,solved,62,,159,494,155,326,0.0267,0.0389,1
858,7c0931bef6a8d452,,wastar,"{""w"": 10.0}",pdb,"{""pdb_dir"": ""../phase1_data_generation/data/pdbs""}",38.00,1,solved,84,,479,1542,450,976,0.0761,0.1126,1
859,3fdc9eb80671a542,,wastar,"{""w"": 10.0}",pdb,"{""pdb_dir"": ""../phase1_data_generation/data/pdbs""}",30.00,1,solved,48,,152,476,152,323,0.0258,0.0379,1
860,87d9c4f2eb05a163,,wastar,"{""w"": 10.0}",pdb,"{""pdb_dir"": ""../phase1_data_generation/data/pdbs""}",50.00,1,solved,108,,712,2281,586,1274,0.1032,0.1579,1
861,a48d9e15bf3726c0,,wastar,"{""w"": 10.0}",pdb,"{""pdb_dir"": ""../phase1_data_generation/data/pdbs""}",40.00,1,solved,68,,106,343,107,238,0.0189,0.0273,1
862,2f4b30ec7d15a968,,wastar,"{""w"": 10.0}",pdb,"{""pdb_dir"": ""../phase1_data_generation/data/pdbs""}",40.00,1,solved,74,,183,589,184,406,0.0309,0.0449,1
863,ab0638ed9451f72c,,wastar,"{""w"": 10.0}",pdb,"{""pdb_dir"": ""../phase1_data_generation/data/pdbs""}",40.00,1,solved,84,,205,659,206,453,0.0359,0.0519,1
864,3ad4e6bf2c987051,,wastar,"{""w"": 10.0}",pdb,"{""pdb_dir"": ""../phase1_data_generation/data/pdbs""}",36.00,1,solved,86,,393,1263,394,863,0.0685,0.0993,1
865,a2f83b6d790c14e5,,wastar,"{""w"": 10.0}",pdb,"{""pdb_dir"": ""../phase1_data_generation/data/pdbs""}",36.00,1,solved,78,,283,900,284,616,0.0490,0.0715,1
866,6eba439d78512fc0,,wastar,"{""w"": 10.0}",pdb,"{""pdb_dir"": ""../phase1_data_generation/data/pdbs""}",40.00,1,solved,76,,242,794,227,508,0.0395,0.0582,1
867,93fca0675be2814d,,wastar,"{""w"": 10.0}",pdb,"{""pdb_dir"": ""../phase1_data_generation/data/pdbs""}",42.00,1,solved,78,,204,646,202,436,0.0348,0.0507,1
868,0c6fd582eb9a4731,,wastar,"{""w"": 10.0}",pdb,"{""pdb_dir"": ""../phase1_data_generation/data/pdbs""}",40.00,1,solved,90,,208,671,209,464,0.0386,0.0563,1
869,deac50b649f87231,,wastar,"{""w"": 10.0}",pdb,"{""pdb_dir"": ""../phase1_data_generation/data/pdbs""}",36.00,1,solved,64,,123,405,124,283,0.0217,0.0316,1
870,eca8f64079d5b312,,wastar,"{""w"": 10.0}",pdb,"{""pdb_dir"": ""../phase1_data_generation/data/pdbs""}",28.00,1,solved,32,,36,117,37,82,0.0065,0.0094,1
871,bcd7a980456ef132,,wastar,"{""w"": 10.0}",pdb,"{""pdb_dir"": ""../phase1_data_generation/data/pdbs""}",46.00,1,solved,90,,215,695,216,481,0.0382,0.0553,1
872,bd082654ecaf7931,,wastar,"{""w"": 10.0}",pdb,"{""pdb_dir"": ""../phase1_data_generation/data/pdbs""}",38.00,1,solved,62,,143,464,144,321,0.0253,0.0368,1
873,b5dfea9c71043286,,wastar,"{""w"": 10.0}",pdb,"{""pdb_dir"": ""../phase1_data_generation/data/pdbs""}",32.00,1,solved,36,,38,125,39,88,0.0069,0.0100,1
874,0951ebd437f8a2c6,,wastar,"{""w"": 10.0}",pdb,"{""pdb_dir"": ""../phase1_data_generation/data/pdbs""}",40.00,1,solved,50,,61,197,62,137,0.0109,0.0159,1
875,0bac345df76892e1,,wastar,"{""w"": 10.0}",pdb,"{""pdb_dir"": ""../phase1_data_generation/data/pdbs""}",32.00,1,solved,82,,228,731,229,503,0.0408,0.0589,1
876,380c2e6a5f1d7b49,,wastar,"{""w"": 10.0}",pdb,"{""pdb_dir"": ""../phase1_data_generation/data/pdbs""}",38.00,1,solved,56,,295,927,277,574,0.0487,0.0715,1
877,327d895c0bfa6e41,,wastar,"{""w"": 10.0}",pdb,"{""pdb_dir"": ""../phase1_data_generation/data/pdbs""}",40.00,1,solved,78,,189,612,190,423,0.0333,0.0482,1
878,985df1c074ea362b,,wastar,"{""w"": 10.0}",pdb,"{""pdb_dir"": ""../phase1_data_generation/data/pdbs""}",36.00,1,solved,74,,189,617,186,417,0.0336,0.0488,1
879,f659d0c2b8e3714a,,wastar,"{""w"": 10.0}",pdb,"{""pdb_dir"": ""../phase1_data_generation/data/pdbs""}",34.00,1,solved,60,,132,423,133,292,0.0240,0.0346,1
880,271fae8c45b936d0,,wastar,"{""w"": 10.0}",pdb,"{""pdb_dir"": ""../phase1_data_generation/data/pdbs""}",40.00,1,solved,64,,107,335,108,229,0.0196,0.0282,1
881,97eaf3408612c5bd,,wastar,"{""w"": 10.0}",pdb,"{""pdb_dir"": ""../phase1_data_generation/data/pdbs""}",48.00,1,solved,92,,268,850,269,581,0.0485,0.0701,1
882,78f914ea3b05c62d,,wastar,"{""w"": 10.0}",pdb,"{""pdb_dir"": ""../phase1_data_generation/data/pdbs""}",42.00,1,solved,114,,1158,3718,819,1780,0.1479,0.2374,1
883,fcb14a293e0d7856,,wastar,"{""w"": 10.0}",pdb,"{""pdb_dir"": ""../phase1_data_generation/data/pdbs""}",42.00,1,solved,70,,137,438,138,302,0.0245,0.0354,1
884,f9c4e0752a163d8b,,wastar,"{""w"": 10.0}",pdb,"{""pdb_dir"": ""../phase1_data_generation/data/pdbs""}",38.00,1,solved,74,,227,721,228,495,0.0415,0.0600,1
885,03be6c98f571a4d2,,wastar,"{""w"": 10.0}",pdb,"{""pdb_dir"": ""../phase1_data_generation/data/pdbs""}",42.00,1,solved,56,,91,290,92,200,0.0169,0.0243,1
886,0dc4ef39b7a82651,,wastar,"{""w"": 10.0}",pdb,"{""pdb_dir"": ""../phase1_data_generation/data/pdbs""}",24.00,1,solved,60,,260,843,261,582,0.0472,0.0685,1
887,9dabe2850f463c71,,wastar,"{""w"": 10.0}",pdb,"{""pdb_dir"": ""../phase1_data_generation/data/pdbs""}",42.00,1,solved,44,,47,155,48,109,0.0085,0.0122,1
888,0583e19bfc6d7a42,,wastar,"{""w"": 10.0}",pdb,"{""pdb_dir"": ""../phase1_data_generation/data/pdbs""}",42.00,1,solved,78,,476,1506,471,1001,0.0852,0.1237,1
889,bc09752e6af8314d,,wastar,"{""w"": 10.0}",pdb,"{""pdb_dir"": ""../phase1_data_generation/data/pdbs""}",30.00,1,solved,76,,274,880,274,599,0.0496,0.0718,1
890,9aef1630cb4d7258,,wastar,"{""w"": 10.0}",pdb,"{""pdb_dir"": ""../phase1_data_generation/data/pdbs""}",42.00,1,solved,70,,332,1063,278,604,0.0500,0.0763,1
891,0e6c1849af723bd5,,wastar,"{""w"": 10.0}",pdb,"{""pdb_dir"": ""../phase1_data_generation/data/pdbs""}",36.00,1,solved,86,,336,1073,337,735,0.0610,0.0882,1
892,bf0d254a387c9e61,,wastar,"{""w"": 10.0}",pdb,"{""pdb_dir"": ""../phase1_data_generation/data/pdbs""}",32.00,1,solved,46,,67,215,68,149,0.0123,0.0177,1
893,a6fd73ecb5982014,,wastar,"{""w"": 10.0}",pdb,"{""pdb_dir"": ""../phase1_data_generation/data/pdbs""}",22.00,1,solved,38,,83,268,84,186,0.0152,0.0219,1
894,e7f982ba510c6d34,,wastar,"{""w"": 10.0}",pdb,"{""pdb_dir"": ""../phase1_data_generation/data/pdbs""}",38.00,1,solved,84,,648,2053,638,1363,0.1157,0.1681,1
895,ba0cd49e6538271f,,wastar,"{""w"": 10.0}",pdb,"{""pdb_dir"": ""../phase1_data_generation/data/pdbs""}",40.00,1,solved,76,,220,716,221,494,0.0398,0.0576,1
896,48ecda31b52967f0,,wastar,"{""w"": 10.0}",pdb,"{""pdb_dir"": ""../phase1_data_generation/data/pdbs""}",42.00,1,solved,84,,284,895,285,610,0.0515,0.0743,1
897,8a749dec3501bf62,,wastar,"{""w"": 10.0}",pdb,"{""pdb_dir"": ""../phase1_data_generation/data/pdbs""}",38.00,1,solved,90,,304,982,301,665,0.0541,0.0786,1
898,769d1045fbcae823,,wastar,"{""w"": 10.0}",pdb,"{""pdb_dir"": ""../phase1_data_generation/data/pdbs""}",44.00,1,solved,84,,296,917,295,618,0.0528,0.0762,1
899,45fca697238ebd10,,wastar,"{""w"": 10.0}",pdb,"{""pdb_dir"": ""../phase1_data_generation/data/pdbs""}",40.00,1,solved,64,,129,418,130,290,0.0234,0.0337,1
900,2efc408d7b1a5693,,wastar,"{""w"": 10.0}",pdb,"{""pdb_dir"": ""../phase1_data_generation/data/pdbs""}",40.00,1,solved,110,,369,1174,369,796,0.0666,0.0963,1
901,689d7ecf3b5a2140,,wastar,"{""w"": 10.0}",pdb,"{""pdb_dir"": ""../phase1_data_generation/data/pdbs""}",34.00,1,solved,46,,90,295,91,206,0.0160,0.0230,1
902,79cd602afb85e143,,wastar,"{""w"": 10.0}",pdb,"{""pdb_dir"": ""../phase1_data_generation/data/pdbs""}",42.00,1,solved,98,,414,1338,395,865,0.0711,0.1044,1
903,e40cf7962d85ab13,,wastar,"{""w"": 10.0}",pdb,"{""pdb_dir"": ""../phase1_data_generation/data/pdbs""}",36.00,1,solved,78,,185,592,186,407,0.0335,0.0484,1
904,6abfe0937d412c58,,wastar,"{""w"": 10.0}",pdb,"{""pdb_dir"": ""../phase1_data_generation/data/pdbs""}",40.00,1,solved,68,,113,359,114,247,0.0203,0.0291,1
905,13b5e029a7fd64c8,,wastar,"{""w"": 10.0}",pdb,"{""pdb_dir"": ""../phase1_data_generation/data/pdbs""}",46.00,1,solved,100,,309,987,304,663,0.0549,0.0800,1
906,b53cf4e0718a26d9,,wastar,"{""w"": 10.0}",pdb,"{""pdb_dir"": ""../phase1_data_generation/data/pdbs""}",36.00,1,solved,70,,270,837,271,565,0.0490,0.0708,1
907,bed859f4a302c671,,wastar,"{""w"": 10.0}",pdb,"{""pdb_dir"": ""../phase1_data_generation/data/pdbs""}",38.00,1,solved,70,,216,676,216,458,0.0384,0.0555,1
908,b9fed06825c3417a,,wastar,"{""w"": 10.0}",pdb,"{""pdb_dir"": ""../phase1_data_generation/data/pdbs""}",40.00,1,solved,68,,167,529,168,363,0.0307,0.0443,1
909,e6a71d523c0f4b89,,wastar,"{""w"": 10.0}",pdb,"{""pdb_dir"": ""../phase1_data_generation/data/pdbs""}",44.00,1,solved,68,,106,348,107,243,0.0189,0.0273,1
910,21abf36c479de580,,wastar,"{""w"": 10.0}",pdb,"{""pdb_dir"": ""../phase1_data_generation/data/pdbs""}",44.00,1,solved,72,,137,435,138,299,0.0242,0.0348,1
911,32e57cfa68d410b9,,wastar,"{""w"": 10.0}",pdb,"{""pdb_dir"": ""../phase1_data_generation/data/pdbs""}",46.00,1,solved,82,,303,952,304,649,0.0532,0.0770,1
912,bf3d794a2c08e615,,wastar,"{""w"": 10.0}",pdb,"{""pdb_dir"": ""../phase1_data_generation/data/pdbs""}",38.00,1,solved,52,,101,323,102,223,0.0177,0.0258,1
913,df87c3b6a219e054,,wastar,"{""w"": 10.0}",pdb,"{""pdb_dir"": ""../phase1_data_generation/data/pdbs""}",42.00,1,solved,54,,86,275,87,190,0.0152,0.0220,1
914,7cf83e950adb2164,,wastar,"{""w"": 10.0}",pdb,"{""pdb_dir"": ""../phase1_data_generation/data/pdbs""}",32.00,1,solved,58,,371,1192,360,783,0.0606,0.0888,1
915,0d1f96a58b7c32e4,,wastar,"{""w"": 10.0}",pdb,"{""pdb_dir"": ""../phase1_data_generation/data/pdbs""}",36.00,1,solved,64,,145,458,146,313,0.0257,0.0374,1
916,b925fe187c64d03a,,wastar,"{""w"": 10.0}",pdb,"{""pdb_dir"": ""../phase1_data_generation/data/pdbs""}",42.00,1,solved,72,,157,491,158,335,0.0279,0.0401,1
917,ac68903db2f1574e,,wastar,"{""w"": 10.0}",pdb,"{""pdb_dir"": ""../phase1_data_generation/data/pdbs""}",40.00,1,solved,74,,212,673,213,460,0.0372,0.0539,1
918,dc09b5e4238a761f,,wastar,"{""w"": 10.0}",pdb,"{""pdb_dir"": ""../phase1_data_generation/data/pdbs""}",40.00,1,solved,66,,134,436,135,302,0.0233,0.0338,1
919,df1eb4c82a093765,,wastar,"{""w"": 10.0}",pdb,"{""pdb_dir"": ""../phase1_data_generation/data/pdbs""}",36.00,1,solved,74,,219,694,220,476,0.0382,0.0552,1
920,a6cef579028d43b1,,wastar,"{""w"": 10.0}",pdb,"{""pdb_dir"": ""../phase1_data_generation/data/pdbs""}",38.00,1,solved,58,,187,595,188,407,0.0326,0.0471,1
921,461afd987302b5ec,,wastar,"{""w"": 10.0}",pdb,"{""pdb_dir"": ""../phase1_data_generation/data/pdbs""}",44.00,1,solved,60,,197,651,197,449,0.0352,0.0510,1
922,5b9ac04f83de2167,,wastar,"{""w"": 10.0}",pdb,"{""pdb_dir"": ""../phase1_data_generation/data/pdbs""}",46.00,1,solved,82,,204,645,205,441,0.0371,0.0535,1
923,7e8f5ac0b3412d96,,wastar,"{""w"": 10.0}",pdb,"{""pdb_dir"": ""../phase1_data_generation/data/pdbs""}",38.00,1,solved,68,,182,585,183,402,0.0319,0.0464,1
924,3c0689a2bf1de745,,wastar,"{""w"": 10.0}",pdb,"{""pdb_dir"": ""../phase1_data_generation/data/pdbs""}",46.00,1,solved,84,,274,874,271,585,0.0476,0.0692,1
925,fb41c028ed36a597,,wastar,"{""w"": 10.0}",pdb,"{""pdb_dir"": ""../phase1_data_generation/data/pdbs""}",44.00,1,solved,72,,164,515,165,350,0.0306,0.0443,1
926,6dc81fe2a70345b9,,wastar,"{""w"": 10.0}",pdb,"{""pdb_dir"": ""../phase1_data_generation/data/pdbs""}",40.00,1,solved,68,,140,438,141,299,0.0249,0.0359,1
927,f38b9c40ade76251,,wastar,"{""w"": 10.0}",pdb,"{""pdb_dir"": ""../phase1_data_generation/data/pdbs""}",36.00,1,solved,56,,152,476,152,323,0.0267,0.0391,1
928,7f81c03eba542d96,,wastar,"{""w"": 10.0}",pdb,"{""pdb_dir"": ""../phase1_data_generation/data/pdbs""}",38.00,1,solved,82,,148,478,149,331,0.0260,0.0374,1
929,b385d091ef7c42a6,,wastar,"{""w"": 10.0}",pdb,"{""pdb_dir"": ""../phase1_data_generation/data/pdbs""}",42.00,1,solved,108,,722,2312,650,1412,0.1142,0.1704,1
930,6e4750fbda193c82,,wastar,"{""w"": 10.0}",pdb,"{""pdb_dir"": ""../phase1_data_generation/data/pdbs""}",48.00,1,solved,94,,326,1031,327,702,0.0571,0.0824,1
931,9d0f7ba834561ce2,,wastar,"{""w"": 10.0}",pdb,"{""pdb_dir"": ""../phase1_data_generation/data/pdbs""}",44.00,1,solved,68,,318,1023,264,578,0.0455,0.0691,1
932,738e6cdb0214af59,,wastar,"{""w"": 10.0}",pdb,"{""pdb_dir"": ""../phase1_data_generation/data/pdbs""}",44.00,1,solved,68,,163,525,164,363,0.0294,0.0425,1
933,fe7c16b52a3490d8,,wastar,"{""w"": 10.0}",pdb,"{""pdb_dir"": ""../phase1_data_generation/data/pdbs""}",36.00,1,solved,84,,297,936,295,630,0.0535,0.0777,1
934,bf0a358e67c9214d,,wastar,"{""w"": 10.0}",pdb,"{""pdb_dir"": ""../phase1_data_generation/data/pdbs""}",32.00,1,solved,46,,86,277,87,192,0.0155,0.0224,1
935,0daeb148f95c7632,,wastar,"{""w"": 10.0}",pdb,"{""pdb_dir"": ""../phase1_data_generation/data/pdbs""}",38.00,1,solved,52,,65,213,66,149,0.0118,0.0170,1
936,fe0d5b8c2a941736,,wastar,"{""w"": 10.0}",pdb,"{""pdb_dir"": ""../phase1_data_generation/data/pdbs""}",26.00,1,solved,40,,70,224,71,155,0.0129,0.0186,1
937,4fc3a7d0561e298b,,wastar,"{""w"": 10.0}",pdb,"{""pdb_dir"": ""../phase1_data_generation/data/pdbs""}",44.00,1,solved,100,,309,992,310,678,0.0560,0.0810,1
938,e8d4205691a7cbf3,,wastar,"{""w"": 10.0}",pdb,"{""pdb_dir"": ""../phase1_data_generation/data/pdbs""}",48.00,1,solved,82,,226,704,225,475,0.0408,0.0590,1
939,59bdc06ae734f281,,wastar,"{""w"": 10.0}",pdb,"{""pdb_dir"": ""../phase1_data_generation/data/pdbs""}",38.00,1,solved,56,,150,468,151,317,0.0273,0.0394,1
940,0dc2af1857496be3,,wastar,"{""w"": 10.0}",pdb,"{""pdb_dir"": ""../phase1_data_generation/data/pdbs""}",36.00,1,solved,64,,104,326,105,223,0.0190,0.0274,1
941,0ec6a5df837b2149,,wastar,"{""w"": 10.0}",pdb,"{""pdb_dir"": ""../phase1_data_generation/data/pdbs""}",36.00,1,solved,66,,135,427,136,293,0.0246,0.0354,1
942,cef8d560a12974b3,,wastar,"{""w"": 10.0}",pdb,"{""pdb_dir"": ""../phase1_data_generation/data/pdbs""}",42.00,1,solved,80,,170,538,171,369,0.0309,0.0445,1
943,7f1e84d0a5263bc9,,wastar,"{""w"": 10.0}",pdb,"{""pdb_dir"": ""../phase1_data_generation/data/pdbs""}",40.00,1,solved,54,,89,292,90,204,0.0163,0.0235,1
944,ab05fe82c73916d4,,wastar,"{""w"": 10.0}",pdb,"{""pdb_dir"": ""../phase1_data_generation/data/pdbs""}",42.00,1,solved,62,,75,243,76,169,0.0137,0.0197,1
945,bf9a561e230c748d,,wastar,"{""w"": 10.0}",pdb,"{""pdb_dir"": ""../phase1_data_generation/data/pdbs""}",34.00,1,solved,50,,122,380,123,259,0.0224,0.0323,1
946,cad5e7630b89f241,,wastar,"{""w"": 10.0}",pdb,"{""pdb_dir"": ""../phase1_data_generation/data/pdbs""}",40.00,1,solved,66,,118,370,119,253,0.0216,0.0312,1
947,69dfcab52748e310,,wastar,"{""w"": 10.0}",pdb,"{""pdb_dir"": ""../phase1_data_generation/data/pdbs""}",42.00,1,solved,62,,117,362,118,246,0.0208,0.0299,1
948,fbad98610e453c27,,wastar,"{""w"": 10.0}",pdb,"{""pdb_dir"": ""../phase1_data_generation/data/pdbs""}",38.00,1,solved,88,,453,1444,448,970,0.0809,0.1176,1
949,ef2cb0d19a647358,,wastar,"{""w"": 10.0}",pdb,"{""pdb_dir"": ""../phase1_data_generation/data/pdbs""}",32.00,1,solved,56,,139,441,140,302,0.0253,0.0364,1
950,9f16428cbad370e5,,wastar,"{""w"": 10.0}",pdb,"{""pdb_dir"": ""../phase1_data_generation/data/pdbs""}",42.00,1,solved,72,,171,546,171,369,0.0314,0.0453,1
951,6baf9d30e4c15782,,wastar,"{""w"": 10.0}",pdb,"{""pdb_dir"": ""../phase1_data_generation/data/pdbs""}",40.00,1,solved,80,,191,595,192,404,0.0346,0.0498,1
952,ae0c916827d43bf5,,wastar,"{""w"": 10.0}",pdb,"{""pdb_dir"": ""../phase1_data_generation/data/pdbs""}",34.00,1,solved,72,,266,832,267,565,0.0481,0.0697,1
953,fa64508b723ed9c1,,wastar,"{""w"": 10.0}",pdb,"{""pdb_dir"": ""../phase1_data_generation/data/pdbs""}",40.00,1,solved,54,,88,282,89,195,0.0161,0.0233,1
954,2cf813bd7e06954a,,wastar,"{""w"": 10.0}",pdb,"{""pdb_dir"": ""../phase1_data_generation/data/pdbs""}",44.00,1,solved,58,,112,353,113,242,0.0200,0.0288,1
955,c8b2e93ad5417f60,,wastar,"{""w"": 10.0}",pdb,"{""pdb_dir"": ""../phase1_data_generation/data/pdbs""}",42.00,1,solved,62,,87,286,88,200,0.0154,0.0222,1
956,ef08c7a2395d146b,,wastar,"{""w"": 10.0}",pdb,"{""pdb_dir"": ""../phase1_data_generation/data/pdbs""}",38.00,1,solved,62,,196,615,196,415,0.0344,0.0499,1
957,b916f2a7548dc3e0,,wastar,"{""w"": 10.0}",pdb,"{""pdb_dir"": ""../phase1_data_generation/data/pdbs""}",46.00,1,solved,76,,172,535,173,364,0.0313,0.0452,1
958,01db52efa3c67894,,wastar,"{""w"": 10.0}",pdb,"{""pdb_dir"": ""../phase1_data_generation/data/pdbs""}",42.00,1,solved,78,,234,739,235,506,0.0420,0.0607,1
959,f6c1b0783dae4529,,wastar,"{""w"": 10.0}",pdb,"{""pdb_dir"": ""../phase1_data_generation/data/pdbs""}",38.00,1,solved,86,,679,2148,611,1298,0.1104,0.1646,1
960,e128904cd73afb65,,wastar,"{""w"": 10.0}",pdb,"{""pdb_dir"": ""../phase1_data_generation/data/pdbs""}",42.00,1,solved,56,,70,228,71,159,0.0130,0.0187,1
961,afb9318e750c246d,,wastar,"{""w"": 10.0}",pdb,"{""pdb_dir"": ""../phase1_data_generation/data/pdbs""}",38.00,1,solved,48,,61,195,62,135,0.0113,0.0163,1
962,e4d876359f0ba12c,,wastar,"{""w"": 10.0}",pdb,"{""pdb_dir"": ""../phase1_data_generation/data/pdbs""}",44.00,1,solved,90,,205,649,206,444,0.0376,0.0542,1
963,67b92f3c5da1e048,,wastar,"{""w"": 10.0}",pdb,"{""pdb_dir"": ""../phase1_data_generation/data/pdbs""}",38.00,1,solved,80,,298,937,299,637,0.0542,0.0783,1
964,4ae1c7b8fd596320,,wastar,"{""w"": 10.0}",pdb,"{""pdb_dir"": ""../phase1_data_generation/data/pdbs""}",40.00,1,solved,76,,279,879,280,599,0.0507,0.0731,1
965,bf9d20315ac87e46,,wastar,"{""w"": 10.0}",pdb,"{""pdb_dir"": ""../phase1_data_generation/data/pdbs""}",36.00,1,solved,52,,94,298,95,205,0.0171,0.0247,1
966,bf71c4d9368a2e50,,wastar,"{""w"": 10.0}",pdb,"{""pdb_dir"": ""../phase1_data_generation/data/pdbs""}",36.00,1,solved,56,,118,385,119,268,0.0214,0.0309,1
967,b586702e3caf1d94,,wastar,"{""w"": 10.0}",pdb,"{""pdb_dir"": ""../phase1_data_generation/data/pdbs""}",40.00,1,solved,92,,363,1149,364,781,0.0656,0.0948,1
968,da6218ce9f0b4753,,wastar,"{""w"": 10.0}",pdb,"{""pdb_dir"": ""../phase1_data_generation/data/pdbs""}",48.00,1,solved,86,,245,772,245,521,0.0444,0.0641,1
969,da5270f86c4eb193,,wastar,"{""w"": 10.0}",pdb,"{""pdb_dir"": ""../phase1_data_generation/data/pdbs""}",42.00,1,solved,82,,152,493,153,342,0.0277,0.0402,1
970,5bfd76ea839c2014,,wastar,"{""w"": 10.0}",pdb,"{""pdb_dir"": ""../phase1_data_generation/data/pdbs""}",26.00,1,solved,38,,59,196,60,138,0.0108,0.0156,1
971,b90dcf84a752e316,,wastar,"{""w"": 10.0}",pdb,"{""pdb_dir"": ""../phase1_data_generation/data/pdbs""}",34.00,1,solved,58,,192,635,167,380,0.0295,0.0445,1
972,b6ad78f10ec53942,,wastar,"{""w"": 10.0}",pdb,"{""pdb_dir"": ""../phase1_data_generation/data/pdbs""}",32.00,1,solved,76,,319,1044,297,660,0.0526,0.0775,1
973,8fed907c2b635a41,,wastar,"{""w"": 10.0}",pdb,"{""pdb_dir"": ""../phase1_data_generation/data/pdbs""}",34.00,1,solved,70,,211,660,212,449,0.0381,0.0549,1
974,be5c109327af684d,,wastar,"{""w"": 10.0}",pdb,"{""pdb_dir"": ""../phase1_data_generation/data/pdbs""}",40.00,1,solved,60,,129,409,130,281,0.0228,0.0329,1
975,da7b165f0ec93284,,wastar,"{""w"": 10.0}",pdb,"{""pdb_dir"": ""../phase1_data_generation/data/pdbs""}",38.00,1,solved,92,,509,1632,510,1113,0.0902,0.1305,1
976,f69b1ced7a382045,,wastar,"{""w"": 10.0}",pdb,"{""pdb_dir"": ""../phase1_data_generation/data/pdbs""}",32.00,1,solved,68,,224,707,225,484,0.0399,0.0575,1
977,9adebc65f8032174,,wastar,"{""w"": 10.0}",pdb,"{""pdb_dir"": ""../phase1_data_generation/data/pdbs""}",36.00,1,solved,70,,144,459,145,316,0.0258,0.0374,1
978,f7c8249e650dab31,,wastar,"{""w"": 10.0}",pdb,"{""pdb_dir"": ""../phase1_data_generation/data/pdbs""}",36.00,1,solved,56,,89,296,90,208,0.0158,0.0228,1
979,cb74d390f8526ea1,,wastar,"{""w"": 10.0}",pdb,"{""pdb_dir"": ""../phase1_data_generation/data/pdbs""}",38.00,1,solved,64,,178,576,179,398,0.0314,0.0454,1
980,5f0cea18d6497b23,,wastar,"{""w"": 10.0}",pdb,"{""pdb_dir"": ""../phase1_data_generation/data/pdbs""}",34.00,1,solved,94,,237,757,238,521,0.0421,0.0609,1
981,5bc264e01fa8379d,,wastar,"{""w"": 10.0}",pdb,"{""pdb_dir"": ""../phase1_data_generation/data/pdbs""}",42.00,1,solved,104,,533,1698,534,1158,0.0940,0.1360,1
982,eb87c39afd641250,,wastar,"{""w"": 10.0}",pdb,"{""pdb_dir"": ""../phase1_data_generation/data/pdbs""}",40.00,1,solved,76,,183,584,184,402,0.0327,0.0473,1
983,c2de8f14ab057963,,wastar,"{""w"": 10.0}",pdb,"{""pdb_dir"": ""../phase1_data_generation/data/pdbs""}",42.00,1,solved,80,,353,1126,354,771,0.0622,0.0902,1
984,6ce39f71a20db845,,wastar,"{""w"": 10.0}",pdb,"{""pdb_dir"": ""../phase1_data_generation/data/pdbs""}",42.00,1,solved,94,,333,1073,329,725,0.0585,0.0849,1
985,b835fadc0149e267,,wastar,"{""w"": 10.0}",pdb,"{""pdb_dir"": ""../phase1_data_generation/data/pdbs""}",42.00,1,solved,70,,271,861,266,572,0.0454,0.0662,1
986,32bf615a8d04e7c9,,wastar,"{""w"": 10.0}",pdb,"{""pdb_dir"": ""../phase1_data_generation/data/pdbs""}",48.00,1,solved,114,,689,2186,674,1448,0.1134,0.1660,1
987,7bedfc80641a2935,,wastar,"{""w"": 10.0}",pdb,"{""pdb_dir"": ""../phase1_data_generation/data/pdbs""}",34.00,1,solved,72,,677,2141,565,1196,0.0960,0.1466,1
988,fec8a9543d71206b,,wastar,"{""w"": 10.0}",pdb,"{""pdb_dir"": ""../phase1_data_generation/data/pdbs""}",24.00,1,solved,60,,229,720,229,490,0.0394,0.0574,1
989,c458a39d2701ebf6,,wastar,"{""w"": 10.0}",pdb,"{""pdb_dir"": ""../phase1_data_generation/data/pdbs""}",42.00,1,solved,60,,77,251,78,175,0.0131,0.0190,1
990,e581d046ba932f7c,,wastar,"{""w"": 10.0}",pdb,"{""pdb_dir"": ""../phase1_data_generation/data/pdbs""}",46.00,1,solved,74,,111,352,112,242,0.0187,0.0271,1
991,efd157c08a2b3964,,wastar,"{""w"": 10.0}",pdb,"{""pdb_dir"": ""../phase1_data_generation/data/pdbs""}",36.00,1,solved,60,,193,596,194,403,0.0341,0.0492,1
992,7be5a4801cfd2369,,wastar,"{""w"": 10.0}",pdb,"{""pdb_dir"": ""../phase1_data_generation/data/pdbs""}",44.00,1,solved,66,,81,261,82,181,0.0143,0.0207,1
993,de95f81072b6c34a,,wastar,"{""w"": 10.0}",pdb,"{""pdb_dir"": ""../phase1_data_generation/data/pdbs""}",34.00,1,solved,72,,154,477,155,324,0.0264,0.0382,1
994,87bdc26a0451ef39,,wastar,"{""w"": 10.0}",pdb,"{""pdb_dir"": ""../phase1_data_generation/data/pdbs""}",44.00,1,solved,50,,80,256,81,177,0.0138,0.0199,1
995,0bed7fac45692183,,wastar,"{""w"": 10.0}",pdb,"{""pdb_dir"": ""../phase1_data_generation/data/pdbs""}",34.00,1,solved,78,,206,653,207,446,0.0360,0.0520,1
996,6edc7fba21053894,,wastar,"{""w"": 10.0}",pdb,"{""pdb_dir"": ""../phase1_data_generation/data/pdbs""}",26.00,1,solved,38,,150,492,151,339,0.0267,0.0386,1
997,0f4eb56138acd792,,wastar,"{""w"": 10.0}",pdb,"{""pdb_dir"": ""../phase1_data_generation/data/pdbs""}",38.00,1,solved,58,,99,323,100,225,0.0169,0.0246,1
998,be87cad5169f3240,,wastar,"{""w"": 10.0}",pdb,"{""pdb_dir"": ""../phase1_data_generation/data/pdbs""}",36.00,1,solved,56,,86,278,87,193,0.0145,0.0210,1
999,c80942a1f6b5de73,,wastar,"{""w"": 10.0}",pdb,"{""pdb_dir"": ""../phase1_data_generation/data/pdbs""}",44.00,1,solved,66,,90,287,91,198,0.0155,0.0225,1
0,8cdfb65a7391e024,,gbfs,{},pdb,"{""pdb_dir"": ""../phase1_data_generation/data/pdbs""}",36.00,1,solved,86,,246,767,243,509,0.0426,0.0619,1
1,65f87c9b3d421ae0,,gbfs,{},pdb,"{""pdb_dir"": ""../phase1_data_generation/data/pdbs""}",38.00,1,solved,114,,204,649,205,446,0.0346,0.0503,1
2,da4f3be0c9816275,,gbfs,{},pdb,"{""pdb_dir"": ""../phase1_data_generation/data/pdbs""}",42.00,1,solved,66,,80,256,81,177,0.0138,0.0198,1
3,eadbc6570128f394,,gbfs,{},pdb,"{""pdb_dir"": ""../phase1_data_generation/data/pdbs""}",32.00,1,solved,72,,148,472,149,324,0.0260,0.0374,1
4,fa8170c92d653be4,,gbfs,{},pdb,"{""pdb_dir"": ""../phase1_data_generation/data/pdbs""}",32.00,1,solved,66,,227,728,228,499,0.0402,0.0580,1
5,da689174fe0523cb,,gbfs,{},pdb,"{""pdb_dir"": ""../phase1_data_generation/data/pdbs""}",42.00,1,solved,100,,198,630,199,433,0.0348,0.0507,1
6,fa38e9bc752460d1,,gbfs,{},pdb,"{""pdb_dir"": ""../phase1_data_generation/data/pdbs""}",34.00,1,solved,112,,327,1037,328,710,0.0565,0.0820,1
7,0f6d73aeb8c51294,,gbfs,{},pdb,"{""pdb_dir"": ""../phase1_data_generation/data/pdbs""}",32.00,1,solved,78,,114,370,115,256,0.0194,0.0281,1
8,f5c2ad80eb714693,,gbfs,{},pdb,"{""pdb_dir"": ""../phase1_data_generation/data/pdbs""}",38.00,1,solved,92,,273,857,274,583,0.0469,0.0681,1
9,ea09fb7d1245386c,,gbfs,{},pdb,"{""pdb_dir"": ""../phase1_data_generation/data/pdbs""}",34.00,1,solved,56,,107,349,108,243,0.0196,0.0286,1
10,1f08a4d37c625eb9,,gbfs,{},pdb,"{""pdb_dir"": ""../phase1_data_generation/data/pdbs""}",46.00,1,solved,156,,489,1540,459,977,0.0816,0.1204,1
11,0cb47e6592a183df,,gbfs,{},pdb,"{""pdb_dir"": ""../phase1_data_generation/data/pdbs""}",46.00,1,solved,100,,265,836,266,571,0.0462,0.0671,1
12,980a6fc437e2bd15,,gbfs,{},pdb,"{""pdb_dir"": ""../phase1_data_generation/data/pdbs""}",38.00,1,solved,62,,170,560,167,378,0.0291,0.0424,1
13,ca05ed26f479b381,,gbfs,{},pdb,"{""pdb_dir"": ""../phase1_data_generation/data/pdbs""}",38.00,1,solved,50,,62,196,63,135,0.0110,0.0158,1
14,9ec8fa3d2b645071,,gbfs,{},pdb,"{""pdb_dir"": ""../phase1_data_generation/data/pdbs""}",30.00,1,solved,38,,44,143,45,100,0.0078,0.0113,1
15,6fbd9c583ea42017,,gbfs,{},pdb,"{""pdb_dir"": ""../phase1_data_generation/data/pdbs""}",32.00,1,solved,76,,169,532,170,363,0.0297,0.0429,1
16,f1d7a82e340b65c9,,gbfs,{},pdb,"{""pdb_dir"": ""../phase1_data_generation/data/pdbs""}",44.00,1,solved,98,,163,527,164,364,0.0284,0.0411,1
17,bd0c6e78a9f41352,,gbfs,{},pdb,"{""pdb_dir"": ""../phase1_data_generation/data/pdbs""}",32.00,1,solved,46,,87,278,88,192,0.0152,0.0220,1
18,8f9d2b3046e17ac5,,gbfs,{},pdb,"{""pdb_dir"": ""../phase1_data_generation/data/pdbs""}",38.00,1,solved,70,,144,454,145,310,0.0252,0.0364,1
19,09c5e4ad2861fb37,,gbfs,{},pdb,"{""pdb_dir"": ""../phase1_data_generation/data/pdbs""}",40.00,1,solved,62,,74,235,75,162,0.0126,0.0182,1
20,023e9f6db5ac1784,,gbfs,{},pdb,"{""pdb_dir"": ""../phase1_data_generation/data/pdbs""}",38.00,1,solved,60,,124,387,125,264,0.0216,0.0312,1
21,3bac4f2e0581796d,,gbfs,{},pdb,"{""pdb_dir"": ""../phase1_data_generation/data/pdbs""}",38.00,1,solved,72,,120,365,121,246,0.0209,0.0301,1
22,d90c78a4b236e5f1,,gbfs,{},pdb,"{""pdb_dir"": ""../phase1_data_generation/data/pdbs""}",34.00,1,solved,56,,261,842,259,572,0.0439,0.0638,1
23,e2dc5af87309b641,,gbfs,{},pdb,"{""pdb_dir"": ""../phase1_data_generation/data/pdbs""}",28.00,1,solved,82,,156,508,157,353,0.0264,0.0383,1
24,f94c7ab8650123ed,,gbfs,{},pdb,"{""pdb_dir"": ""../phase1_data_generation/data/pdbs""}",36.00,1,solved,110,,220,708,221,488,0.0379,0.0548,1
25,cfda7312590eb648,,gbfs,{},pdb,"{""pdb_dir"": ""../phase1_data_generation/data/pdbs""}",40.00,1,solved,116,,286,932,287,642,0.0497,0.0722,1
26,8964e23dbc0f1a75,,gbfs,{},pdb,"{""pdb_dir"": ""../phase1_data_generation/data/pdbs""}",44.00,1,solved,94,,168,525,169,358,0.0296,0.0427,1
27,13647bae2c08d59f,,gbfs,{},pdb,"{""pdb_dir"": ""../phase1_data_generation/data/pdbs""}",54.00,1,solved,130,,202,649,203,448,0.0344,0.0498,1
28,d208b59c46f37e1a,,gbfs,{},pdb,"{""pdb_dir"": ""../phase1_data_generation/data/pdbs""}",40.00,1,solved,98,,206,655,207,447,0.0362,0.0521,1
29,7e158d906cf43ab2,,gbfs,{},pdb,"{""pdb_dir"": ""../phase1_data_generation/data/pdbs""}",38.00,1,solved,184,,532,1686,507,1085,0.0871,0.1279,1
30,86d9b7304aef125c,,gbfs,{},pdb,"{""pdb_dir"": ""../phase1_data_generation/data/pdbs""}",46.00,1,solved,90,,153,485,154,332,0.0269,0.0388,1
31,8d7cf61a4b0e2539,,gbfs,{},pdb,"{""pdb_dir"": ""../phase1_data_generation/data/pdbs""}",42.00,1,solved,98,,157,506,158,350,0.0279,0.0403,1
32,b38cad416ef79052,,gbfs,{},pdb,"{""pdb_dir"": ""../phase1_data_generation/data/pdbs""}",36.00,1,solved,44,,57,181,58,125,0.0103,0.0147,1
33,39f86eadbc027514,,gbfs,{},pdb,"{""pdb_dir"": ""../phase1_data_generation/data/pdbs""}",36.00,1,solved,68,,111,362,112,251,0.0199,0.0286,1
34,b3ae5d607214cf98,,gbfs,{},pdb,"{""pdb_dir"": ""../phase1_data_generation/data/pdbs""}",44.00,1,solved,100,,191,616,192,425,0.0338,0.0488,1
35,b98cdaf73605e412,,gbfs,{},pdb,"{""pdb_dir"": ""../phase1_data_generation/data/pdbs""}",38.00,1,solved,120,,214,704,215,488,0.0376,0.0545,1
36,6f5ce03dba179482,,gbfs,{},pdb,"{""pdb_dir"": ""../phase1_data_generation/data/pdbs""}",40.00,1,solved,76,,99,320,100,222,0.0178,0.0256,1
37,7301856e2bfac94d,,gbfs,{},pdb,"{""pdb_dir"": ""../phase1_data_generation/data/pdbs""}",50.00,1,solved,96,,150,478,151,329,0.0267,0.0385,1
38,0fb75d943ec126a8,,gbfs,{},pdb,"{""pdb_dir"": ""../phase1_data_generation/data/pdbs""}",36.00,1,solved,82,,142,465,143,324,0.0252,0.0363,1
39,e32c7015abd8f694,,gbfs,{},pdb,"{""pdb_dir"": ""../phase1_data_generation/data/pdbs""}",36.00,1,solved,160,,431,1378,431,945,0.0775,0.1120,1
40,f5048eb97d1a36c2,,gbfs,{},pdb,"{""pdb_dir"": ""../phase1_data_generation/data/pdbs""}",34.00,1,solved,62,,96,312,97,216,0.0173,0.0249,1
41,63fbd92c840a751e,,gbfs,{},pdb,"{""pdb_dir"": ""../phase1_data_generation/data/pdbs""}",42.00,1,solved,122,,266,841,267,573,0.0478,0.0691,1
42,5ecdf3b928071a46,,gbfs,{},pdb,"{""pdb_dir"": ""../phase1_data_generation/data/pdbs""}",36.00,1,solved,92,,309,974,286,613,0.0514,0.0759,1
43,e842cd67b901f3a5,,gbfs,{},pdb,"{""pdb_dir"": ""../phase1_data_generation/data/pdbs""}",40.00,1,solved,76,,310,972,282,600,0.0508,0.0753,1
44,e5f1d3bc02a67498,,gbfs,{},pdb,"{""pdb_dir"": ""../phase1_data_generation/data/pdbs""}",40.00,1,solved,120,,438,1376,411,874,0.0741,0.1089,1
45,5df9b8e4a71c2036,,gbfs,{},pdb,"{""pdb_dir"": ""../phase1_data_generation/data/pdbs""}",40.00,1,solved,86,,449,1434,407,881,0.0725,0.1077,1
46,e91cf362ba5d7840,,gbfs,{},pdb,"{""pdb_dir"": ""../phase1_data_generation/data/pdbs""}",36.00,1,solved,56,,60,194,61,135,0.0108,0.0155,1
47,134cfe8abd796052,,gbfs,{},pdb,"{""pdb_dir"": ""../phase1_data_generation/data/pdbs""}",38.00,1,solved,100,,233,751,234,516,0.0424,0.0614,1
48,7fd425ca96083b1e,,gbfs,{},pdb,"{""pdb_dir"": ""../phase1_data_generation/data/pdbs""}",36.00,1,solved,102,,183,576,184,392,0.0330,0.0476,1
49,e28cf1d50b4637a9,,gbfs,{},pdb,"{""pdb_dir"": ""../phase1_data_generation/data/pdbs""}",34.00,1,solved,88,,336,1075,303,664,0.0549,0.0819,1
50,6172a04cbde8f593,,gbfs,{},pdb,"{""pdb_dir"": ""../phase1_data_generation/data/pdbs""}",48.00,1,solved,120,,258,814,255,546,0.0465,0.0674,1
51,81679da0befc3245,,gbfs,{},pdb,"{""pdb_dir"": ""../phase1_data_generation/data/pdbs""}",42.00,1,solved,70,,128,401,129,274,0.0236,0.0339,1
52,79d850c2f6a4be31,,gbfs,{},pdb,"{""pdb_dir"": ""../phase1_data_generation/data/pdbs""}",34.00,1,solved,64,,105,343,106,239,0.0192,0.0276,1
53,ef4568ac7d1932b0,,gbfs,{},pdb,"{""pdb_dir"": ""../phase1_data_generation/data/pdbs""}",32.00,1,solved,112,,382,1211,349,753,0.0634,0.0940,1
54,ec6d7120358b49af,,gbfs,{},pdb,"{""pdb_dir"": ""../phase1_data_generation/data/pdbs""}",42.00,1,solved,78,,121,386,122,266,0.0223,0.0320,1
55,b8f4c015e69d327a,,gbfs,{},pdb,"{""pdb_dir"": ""../phase1_data_generation/data/pdbs""}",38.00,1,solved,64,,90,292,91,203,0.0166,0.0239,1
56,d7083c5469efa21b,,gbfs,{},pdb,"{""pdb_dir"": ""../phase1_data_generation/data/pdbs""}",40.00,1,solved,50,,60,188,61,129,0.0112,0.0160,1
57,ce856da1b9f47230,,gbfs,{},pdb,"{""pdb_dir"": ""../phase1_data_generation/data/pdbs""}",38.00,1,solved,86,,151,477,152,327,0.0276,0.0398,1
58,bc9e83f60a74125d,,gbfs,{},pdb,"{""pdb_dir"": ""../phase1_data_generation/data/pdbs""}",40.00,1,solved,84,,211,655,212,445,0.0385,0.0555,1
59,fcbd1e49720856a3,,gbfs,{},pdb,"{""pdb_dir"": ""../phase1_data_generation/data/pdbs""}",40.00,1,solved,56,,101,316,102,216,0.0182,0.0261,1
60,370fd5c469ab28e1,,gbfs,{},pdb,"{""pdb_dir"": ""../phase1_data_generation/data/pdbs""}",40.00,1,solved,50,,50,169,51,120,0.0090,0.0130,1
61,d3bf746c08e92a15,,gbfs,{},pdb,"{""pdb_dir"": ""../phase1_data_generation/data/pdbs""}",40.00,1,solved,74,,122,389,123,268,0.0219,0.0316,1
62,02f596cb7ade1348,,gbfs,{},pdb,"{""pdb_dir"": ""../phase1_data_generation/data/pdbs""}",38.00,1,solved,134,,355,1134,322,706,0.0568,0.0844,1
63,7f0e9a832dcb6145,,gbfs,{},pdb,"{""pdb_dir"": ""../phase1_data_generation/data/pdbs""}",38.00,1,solved,72,,137,442,138,306,0.0247,0.0356,1
64,94dc8ea60b3172f5,,gbfs,{},pdb,"{""pdb_dir"": ""../phase1_data_generation/data/pdbs""}",38.00,1,solved,54,,62,196,63,135,0.0112,0.0161,1
65,2f3d5e748169a0cb,,gbfs,{},pdb,"{""pdb_dir"": ""../phase1_data_generation/data/pdbs""}",46.00,1,solved,90,,158,510,159,352,0.0281,0.0406,1
66,2c08a4b9f7513de6,,gbfs,{},pdb,"{""pdb_dir"": ""../phase1_data_generation/data/pdbs""}",38.00,1,solved,70,,147,476,148,330,0.0270,0.0390,1
67,e5b973c86f0d412a,,gbfs,{},pdb,"{""pdb_dir"": ""../phase1_data_generation/data/pdbs""}",40.00,1,solved,126,,500,1608,452,985,0.0805,0.1198,1
68,2f5c6d840e31ab79,,gbfs,{},pdb,"{""pdb_dir"": ""../phase1_data_generation/data/pdbs""}",34.00,1,solved,78,,136,445,137,310,0.0242,0.0350,1
69,d6fca037b254e198,,gbfs,{},pdb,"{""pdb_dir"": ""../phase1_data_generation/data/pdbs""}",38.00,1,solved,176,,640,2028,609,1316,0.1091,0.1600,1
70,a7ed91c82f453b60,,gbfs,{},pdb,"{""pdb_dir"": ""../phase1_data_generation/data/pdbs""}",34.00,1,solved,86,,325,1060,292,661,0.0533,0.0796,1
71,4b7d2f5a06ec1389,,gbfs,{},pdb,"{""pdb_dir"": ""../phase1_data_generation/data/pdbs""}",42.00,1,solved,72,,390,1244,342,735,0.0627,0.0943,1
72,098eab472d6c351f,,gbfs,{},pdb,"{""pdb_dir"": ""../phase1_data_generation/data/pdbs""}",40.00,1,solved,68,,90,285,91,196,0.0160,0.0232,1
73,af45c2b80e931d67,,gbfs,{},pdb,"{""pdb_dir"": ""../phase1_data_generation/data/pdbs""}",46.00,1,solved,76,,273,847,250,523,0.0457,0.0677,1
74,be08179d6a2fc354,,gbfs,{},pdb,"{""pdb_dir"": ""../phase1_data_generation/data/pdbs""}",36.00,1,solved,84,,110,360,111,251,0.0205,0.0295,1
75,3db4a19e7f05286c,,gbfs,{},pdb,"{""pdb_dir"": ""../phase1_data_generation/data/pdbs""}",42.00,1,solved,120,,231,761,218,500,0.0391,0.0577,1
76,76ecf3d49805ba21,,gbfs,{},pdb,"{""pdb_dir"": ""../phase1_data_generation/data/pdbs""}",26.00,1,solved,148,,758,2460,752,1672,0.1359,0.1977,1
77,facb6e19430d8725,,gbfs,{},pdb,"{""pdb_dir"": ""../phase1_data_generation/data/pdbs""}",36.00,1,solved,62,,78,259,79,182,0.0142,0.0205,1
78,4906fce2b7d853a1,,gbfs,{},pdb,"{""pdb_dir"": ""../phase1_data_generation/data/pdbs""}",40.00,1,solved,84,,272,909,249,573,0.0439,0.0655,1
79,46d780f9b5eca213,,gbfs,{},pdb,"{""pdb_dir"": ""../phase1_data_generation/data/pdbs""}",46.00,1,solved,150,,535,1717,502,1102,0.0878,0.1293,1
80,de07416b398fa25c,,gbfs,{},pdb,"{""pdb_dir"": ""../phase1_data_generation/data/pdbs""}",46.00,1,solved,86,,139,441,140,303,0.0246,0.0354,1
81,cb1afe9d62387045,,gbfs,{},pdb,"{""pdb_dir"": ""../phase1_data_generation/data/pdbs""}",32.00,1,solved,34,,35,117,36,83,0.0063,0.0090,1
82,d5fc3ea8790146b2,,gbfs,{},pdb,"{""pdb_dir"": ""../phase1_data_generation/data/pdbs""}",36.00,1,solved,94,,189,620,190,431,0.0333,0.0482,1
83,689f42bcd3e57a10,,gbfs,{},pdb,"{""pdb_dir"": ""../phase1_data_generation/data/pdbs""}",40.00,1,solved,124,,188,608,189,421,0.0330,0.0478,1
84,384e67c0af291bd5,,gbfs,{},pdb,"{""pdb_dir"": ""../phase1_data_generation/data/pdbs""}",42.00,1,solved,78,,157,502,158,345,0.0282,0.0408,1
85,f9d485730cb1a6e2,,gbfs,{},pdb,"{""pdb_dir"": ""../phase1_data_generation/data/pdbs""}",40.00,1,solved,84,,117,375,118,258,0.0214,0.0308,1
86,f94c758ab631e2d0,,gbfs,{},pdb,"{""pdb_dir"": ""../phase1_data_generation/data/pdbs""}",34.00,1,solved,48,,71,231,72,161,0.0129,0.0187,1
87,5becf9a0714d6328,,gbfs,{},pdb,"{""pdb_dir"": ""../phase1_data_generation/data/pdbs""}",30.00,1,solved,114,,226,741,223,504,0.0389,0.0567,1
88,670f591ce3d2a48b,,gbfs,{},pdb,"{""pdb_dir"": ""../phase1_data_generation/data/pdbs""}",40.00,1,solved,94,,233,746,225,492,0.0397,0.0582,1
89,0d1ef39c7a524b68,,gbfs,{},pdb,"{""pdb_dir"": ""../phase1_data_generation/data/pdbs""}",36.00,1,solved,104,,223,710,224,488,0.0390,0.0566,1
90,d18cf0e27946a5b3,,gbfs,{},pdb,"{""pdb_dir"": ""../phase1_data_generation/data/pdbs""}",38.00,1,solved,56,,76,244,77,169,0.0131,0.0189,1
91,0389af6e2b7dc154,,gbfs,{},pdb,"{""pdb_dir"": ""../phase1_data_generation/data/pdbs""}",38.00,1,solved,66,,134,424,135,291,0.0241,0.0349,1
92,76c9a048febd2351,,gbfs,{},pdb,"{""pdb_dir"": ""../phase1_data_generation/data/pdbs""}",34.00,1,solved,94,,230,740,231,510,0.0405,0.0587,1
93,c207ebd8f6a19543,,gbfs,{},pdb,"{""pdb_dir"": ""../phase1_data_generation/data/pdbs""}",42.00,1,solved,106,,265,841,266,576,0.0461,0.0668,1
94,7fe4bac82d651930,,gbfs,{},pdb,"{""pdb_dir"": ""../phase1_data_generation/data/pdbs""}",32.00,1,solved,88,,331,1047,331,710,0.0593,0.0855,1
95,7d6be28c3f9a1054,,gbfs,{},pdb,"{""pdb_dir"": ""../phase1_data_generation/data/pdbs""}",28.00,1,solved,46,,106,338,107,233,0.0193,0.0279,1
96,b4d3ce96081a72f5,,gbfs,{},pdb,"{""pdb_dir"": ""../phase1_data_generation/data/pdbs""}",46.00,1,solved,84,,105,341,106,236,0.0185,0.0268,1
97,9cab10dfe8537246,,gbfs,{},pdb,"{""pdb_dir"": ""../phase1_data_generation/data/pdbs""}",44.00,1,solved,74,,90,296,91,207,0.0152,0.0220,1
98,c9ed7f13b405682a,,gbfs,{},pdb,"{""pdb_dir"": ""../phase1_data_generation/data/pdbs""}",42.00,1,solved,128,,388,1242,389,852,0.0680,0.0993,1
99,f58ab3427e6cd190,,gbfs,{},pdb,"{""pdb_dir"": ""../phase1_data_generation/data/pdbs""}",40.00,1,solved,110,,510,1603,477,1015,0.0842,0.1244,1
100,cd9aef14265b8730,,gbfs,{},pdb,"{""pdb_dir"": ""../phase1_data_generation/data/pdbs""}",42.00,1,solved,100,,220,688,219,464,0.0393,0.0569,1
101,29ed7f683ab4105c,,gbfs,{},pdb,"{""pdb_dir"": ""../phase1_data_generation/data/pdbs""}",32.00,1,solved,80,,152,489,153,338,0.0260,0.0376,1
102,fd41bc60895a2e37,,gbfs,{},pdb,"{""pdb_dir"": ""../phase1_data_generation/data/pdbs""}",40.00,1,solved,122,,246,811,247,566,0.0438,0.0635,1
103,ea017f926c5d3b84,,gbfs,{},pdb,"{""pdb_dir"": ""../phase1_data_generation/data/pdbs""}",32.00,1,solved,92,,254,831,255,578,0.0451,0.0652,1
104,b8cfa1603d9e7254,,gbfs,{},pdb,"{""pdb_dir"": ""../phase1_data_generation/data/pdbs""}",36.00,1,solved,68,,126,397,127,271,0.0231,0.0330,1
105,97fea518063db24c,,gbfs,{},pdb,"{""pdb_dir"": ""../phase1_data_generation/data/pdbs""}",36.00,1,solved,94,,209,665,210,456,0.0374,0.0538,1
106,867b2fc9354ed01a,,gbfs,{},pdb,"{""pdb_dir"": ""../phase1_data_generation/data/pdbs""}",44.00,1,solved,126,,350,1125,317,701,0.0558,0.0832,1
107,7b8f3ae02c4d6915,,gbfs,{},pdb,"{""pdb_dir"": ""../phase1_data_generation/data/pdbs""}",36.00,1,solved,40,,42,127,43,86,0.0076,0.0109,1
108,69a83015bfcd2e74,,gbfs,{},pdb,"{""pdb_dir"": ""../phase1_data_generation/data/pdbs""}",38.00,1,solved,58,,116,370,117,255,0.0206,0.0298,1
109,5ed46b8fc70923a1,,gbfs,{},pdb,"{""pdb_dir"": ""../phase1_data_generation/data/pdbs""}",44.00,1,solved,152,,456,1459,456,998,0.0819,0.1185,1
110,d981e0af46c2b735,,gbfs,{},pdb,"{""pdb_dir"": ""../phase1_data_generation/data/pdbs""}",38.00,1,solved,58,,70,228,71,159,0.0131,0.0188,1
111,9f0c3dab7528614e,,gbfs,{},pdb,"{""pdb_dir"": ""../phase1_data_generation/data/pdbs""}",36.00,1,solved,78,,166,538,167,372,0.0297,0.0429,1
112,798d54b2ec0136af,,gbfs,{},pdb,"{""pdb_dir"": ""../phase1_data_generation/data/pdbs""}",44.00,1,solved,64,,71,231,72,161,0.0125,0.0181,1
113,2ed87f340916c5ba,,gbfs,{},pdb,"{""pdb_dir"": ""../phase1_data_generation/data/pdbs""}",44.00,1,solved,102,,174,559,175,386,0.0300,0.0435,1
114,3df75029ea186cb4,,gbfs,{},pdb,"{""pdb_dir"": ""../phase1_data_generation/data/pdbs""}",46.00,1,solved,102,,391,1232,363,778,0.0646,0.0954,1
115,ba9c4827fe0d5361,,gbfs,{},pdb,"{""pdb_dir"": ""../phase1_data_generation/data/pdbs""}",38.00,1,solved,64,,81,267,82,187,0.0149,0.0215,1
116,bedaf58c76023914,,gbfs,{},pdb,"{""pdb_dir"": ""../phase1_data_generation/data/pdbs""}",28.00,1,solved,46,,66,213,67,148,0.0118,0.0170,1
117,8f36b09e24cda715,,gbfs,{},pdb,"{""pdb_dir"": ""../phase1_data_generation/data/pdbs""}",42.00,1,solved,98,,161,516,162,356,0.0291,0.0420,1
118,fd081ce5b2a97364,,gbfs,{},pdb,"{""pdb_dir"": ""../phase1_data_generation/data/pdbs""}",30.00,1,solved,36,,41,136,42,96,0.0075,0.0108,1
119,7e9bf05c3168d4a2,,gbfs,{},pdb,"{""pdb_dir"": ""../phase1_data_generation/data/pdbs""}",36.00,1,solved,48,,55,184,56,130,0.0098,0.0141,1
120,a1e43fcd790b6285,,gbfs,{},pdb,"{""pdb_dir"": ""../phase1_data_generation/data/pdbs""}",36.00,1,solved,64,,225,709,210,451,0.0379,0.0556,1
121,c6d830a51fb492e7,,gbfs,{},pdb,"{""pdb_dir"": ""../phase1_data_generation/data/pdbs""}",40.00,1,solved,84,,137,440,138,304,0.0245,0.0353,1
122,a8cd60fb297e4351,,gbfs,{},pdb,"{""pdb_dir"": ""../phase1_data_generation/data/pdbs""}",38.00,1,solved,120,,231,742,232,512,0.0417,0.0603,1
123,84be6f3ac9d27510,,gbfs,{},pdb,"{""pdb_dir"": ""../phase1_data_generation/data/pdbs""}",44.00,1,solved,84,,100,331,101,232,0.0179,0.0258,1
124,47a9201c3f5dbe86,,gbfs,{},pdb,"{""pdb_dir"": ""../phase1_data_generation/data/pdbs""}",46.00,1,solved,70,,107,345,108,239,0.0192,0.0278,1
125,fe94c03a6db82517,,gbfs,{},pdb,"{""pdb_dir"": ""../phase1_data_generation/data/pdbs""}",38.00,1,solved,98,,326,1036,327,705,0.0589,0.0852,1
126,d84ce370a1f9256b,,gbfs,{},pdb,"{""pdb_dir"": ""../phase1_data_generation/data/pdbs""}",38.00,1,solved,52,,61,193,62,133,0.0113,0.0162,1
127,cd9e1a8b0742f536,,gbfs,{},pdb,"{""pdb_dir"": ""../phase1_data_generation/data/pdbs""}",46.00,1,solved,92,,154,495,155,342,0.0277,0.0400,1
128,6b587f1d29ac30e4,,gbfs,{},pdb,"{""pdb_dir"": ""../phase1_data_generation/data/pdbs""}",34.00,1,solved,86,,145,457,146,312,0.0262,0.0378,1
129,ca89f035ed647b12,,gbfs,{},pdb,"{""pdb_dir"": ""../phase1_data_generation/data/pdbs""}",36.00,1,solved,88,,299,979,300,677,0.0535,0.0777,1
130,0c8dbe9476f3512a,,gbfs,{},pdb,"{""pdb_dir"": ""../phase1_data_generation/data/pdbs""}",42.00,1,solved,56,,63,195,64,133,0.0113,0.0163,1
131,f31d9a54b68e207c,,gbfs,{},pdb,"{""pdb_dir"": ""../phase1_data_generation/data/pdbs""}",38.00,1,solved,92,,199,632,200,434,0.0357,0.0516,1
132,e72d38cb910af645,,gbfs,{},pdb,"{""pdb_dir"": ""../phase1_data_generation/data/pdbs""}",40.00,1,solved,122,,366,1215,367,846,0.0651,0.0948,1
133,970d6f1b5ae832c4,,gbfs,{},pdb,"{""pdb_dir"": ""../phase1_data_generation/data/pdbs""}",32.00,1,solved,92,,154,499,155,345,0.0281,0.0405,1
134,28f4dab037c596e1,,gbfs,{},pdb,"{""pdb_dir"": ""../phase1_data_generation/data/pdbs""}",42.00,1,solved,82,,128,404,129,277,0.0233,0.0335,1
135,f593106ecadb8472,,gbfs,{},pdb,"{""pdb_dir"": ""../phase1_data_generation/data/pdbs""}",52.00,1,solved,118,,179,574,179,395,0.0322,0.0464,1
136,ac983be7df145620,,gbfs,{},pdb,"{""pdb_dir"": ""../phase1_data_generation/data/pdbs""}",38.00,1,solved,66,,97,308,98,211,0.0179,0.0258,1
137,e601fd8ca924b375,,gbfs,{},pdb,"{""pdb_dir"": ""../phase1_data_generation/data/pdbs""}",28.00,1,solved,70,,126,406,127,281,0.0228,0.0330,1
138,3ae9602d7fc51b84,,gbfs,{},pdb,"{""pdb_dir"": ""../phase1_data_generation/data/pdbs""}",36.00,1,solved,86,,122,408,123,287,0.0221,0.0320,1
139,ced176fba3849025,,gbfs,{},pdb,"{""pdb_dir"": ""../phase1_data_generation/data/pdbs""}",38.00,1,solved,102,,191,618,192,427,0.0347,0.0503,1
140,c9edba587201f634,,gbfs,{},pdb,"{""pdb_dir"": ""../phase1_data_generation/data/pdbs""}",36.00,1,solved,70,,119,379,120,261,0.0217,0.0313,1
141,695abefc024178d3,,gbfs,{},pdb,"{""pdb_dir"": ""../phase1_data_generation/data/pdbs""}",38.00,1,solved,50,,66,215,67,150,0.0121,0.0175,1
142,ca01b35e679d42f8,,gbfs,{},pdb,"{""pdb_dir"": ""../phase1_data_generation/data/pdbs""}",46.00,1,solved,82,,115,371,116,257,0.0209,0.0302,1
143,9fd8a27c0e1b3645,,gbfs,{},pdb,"{""pdb_dir"": ""../phase1_data_generation/data/pdbs""}",34.00,1,solved,80,,185,594,186,409,0.0338,0.0488,1
144,687fc5940e1adb32,,gbfs,{},pdb,"{""pdb_dir"": ""../phase1_data_generation/data/pdbs""}",46.00,1,solved,90,,130,411,131,282,0.0237,0.0342,1
145,face3d912b648057,,gbfs,{},pdb,"{""pdb_dir"": ""../phase1_data_generation/data/pdbs""}",38.00,1,solved,96,,221,726,222,504,0.0400,0.0579,1
146,e6d5c084b23f79a1,,gbfs,{},pdb,"{""pdb_dir"": ""../phase1_data_generation/data/pdbs""}",38.00,1,solved,56,,65,206,66,142,0.0120,0.0172,1
147,bdca9482f51637e0,,gbfs,{},pdb,"{""pdb_dir"": ""../phase1_data_generation/data/pdbs""}",40.00,1,solved,80,,162,517,163,354,0.0295,0.0426,1
148,dcb2f7e0a1349685,,gbfs,{},pdb,"{""pdb_dir"": ""../phase1_data_generation/data/pdbs""}",40.00,1,solved,58,,64,206,65,143,0.0118,0.0170,1
149,028abd63ec457f19,,gbfs,{},pdb,"{""pdb_dir"": ""../phase1_data_generation/data/pdbs""}",42.00,1,solved,92,,156,501,157,346,0.0284,0.0410,1
150,bf0a34189ced6275,,gbfs,{},pdb,"{""pdb_dir"": ""../phase1_data_generation/data/pdbs""}",38.00,1,solved,130,,454,1464,407,900,0.0738,0.1101,1
151,6804bdc2a915f7e3,,gbfs,{},pdb,"{""pdb_dir"": ""../phase1_data_generation/data/pdbs""}",44.00,1,solved,94,,180,576,181,396,0.0329,0.0475,1
152,dbc3aef529067841,,gbfs,{},pdb,"{""pdb_dir"": ""../phase1_data_generation/data/pdbs""}",42.00,1,solved,56,,64,208,65,145,0.0114,0.0164,1
153,ef396abcd2517048,,gbfs,{},pdb,"{""pdb_dir"": ""../phase1_data_generation/data/pdbs""}",36.00,1,solved,104,,261,837,261,575,0.0468,0.0678,1
154,f8be6d139c4527a0,,gbfs,{},pdb,"{""pdb_dir"": ""../phase1_data_generation/data/pdbs""}",40.00,1,solved,138,,328,1059,329,729,0.0577,0.0836,1
155,b85d9cf072163ae4,,gbfs,{},pdb,"{""pdb_dir"": ""../phase1_data_generation/data/pdbs""}",30.00,1,solved,40,,45,151,46,107,0.0080,0.0116,1
156,397a6d5cbe8421f0,,gbfs,{},pdb,"{""pdb_dir"": ""../phase1_data_generation/data/pdbs""}",38.00,1,solved,64,,103,332,104,230,0.0187,0.0271,1
157,faec628d0b157943,,gbfs,{},pdb,"{""pdb_dir"": ""../phase1_data_generation/data/pdbs""}",30.00,1,solved,50,,67,216,68,150,0.0120,0.0172,1
158,965d80c2e3ab1f74,,gbfs,{},pdb,"{""pdb_dir"": ""../phase1_data_generation/data/pdbs""}",40.00,1,solved,62,,222,689,207,434,0.0365,0.0537,1
159,f759b6c03214e8ad,,gbfs,{},pdb,"{""pdb_dir"": ""../phase1_data_generation/data/pdbs""}",38.00,1,solved,144,,428,1381,395,877,0.0709,0.1050,1
160,be9ca14863fd5072,,gbfs,{},pdb,"{""pdb_dir"": ""../phase1_data_generation/data/pdbs""}",36.00,1,solved,124,,329,1049,323,702,0.0580,0.0844,1
161,ad987fbc4206315e,,gbfs,{},pdb,"{""pdb_dir"": ""../phase1_data_generation/data/pdbs""}",38.00,1,solved,58,,102,327,103,226,0.0187,0.0271,1
162,dcea5f1063247b98,,gbfs,{},pdb,"{""pdb_dir"": ""../phase1_data_generation/data/pdbs""}",36.00,1,solved,122,,268,873,269,604,0.0479,0.0693,1
163,fad31ec26794805b,,gbfs,{},pdb,"{""pdb_dir"": ""../phase1_data_generation/data/pdbs""}",44.00,1,solved,80,,140,449,141,310,0.0255,0.0368,1
164,a7d96b5cf238e041,,gbfs,{},pdb,"{""pdb_dir"": ""../phase1_data_generation/data/pdbs""}",36.00,1,solved,52,,58,184,59,127,0.0107,0.0153,1
165,2a8df0763e5914cb,,gbfs,{},pdb,"{""pdb_dir"": ""../phase1_data_generation/data/pdbs""}",38.00,1,solved,146,,369,1160,370,788,0.0640,0.0929,1
166,08af15e9bdc26473,,gbfs,{},pdb,"{""pdb_dir"": ""../phase1_data_generation/data/pdbs""}",46.00,1,solved,62,,76,238,77,163,0.0137,0.0198,1
167,7a15e9b602dcf438,,gbfs,{},pdb,"{""pdb_dir"": ""../phase1_data_generation/data/pdbs""}",42.00,1,solved,118,,305,962,306,653,0.0535,0.0777,1
168,84b6a0dfe275319c,,gbfs,{},pdb,"{""pdb_dir"": ""../phase1_data_generation/data/pdbs""}",42.00,1,solved,86,,110,360,111,251,0.0196,0.0283,1
169,93e87ac50124fb6d,,gbfs,{},pdb,"{""pdb_dir"": ""../phase1_data_generation/data/pdbs""}",40.00,1,solved,94,,655,2081,406,874,0.0724,0.1207,1
170,c6befd23a1487059,,gbfs,{},pdb,"{""pdb_dir"": ""../phase1_data_generation/data/pdbs""}",40.00,1,solved,68,,105,334,106,230,0.0187,0.0268,1
171,a8f54c9de103726b,,gbfs,{},pdb,"{""pdb_dir"": ""../phase1_data_generation/data/pdbs""}",44.00,1,solved,78,,113,366,114,254,0.0198,0.0289,1
172,dcb9fae053248617,,gbfs,{},pdb,"{""pdb_dir"": ""../phase1_data_generation/data/pdbs""}",38.00,1,solved,52,,58,189,59,132,0.0105,0.0153,1
173,a5f8b94c6d0e7231,,gbfs,{},pdb,"{""pdb_dir"": ""../phase1_data_generation/data/pdbs""}",36.00,1,solved,52,,100,317,101,216,0.0179,0.0257,1
174,bf4c309ae68d7521,,gbfs,{},pdb,"{""pdb_dir"": ""../phase1_data_generation/data/pdbs""}",34.00,1,solved,88,,154,499,155,345,0.0273,0.0396,1
175,ba0d8fc67e415293,,gbfs,{},pdb,"{""pdb_dir"": ""../phase1_data_generation/data/pdbs""}",36.00,1,solved,48,,93,299,94,207,0.0167,0.0241,1
176,bca23f780ed45196,,gbfs,{},pdb,"{""pdb_dir"": ""../phase1_data_generation/data/pdbs""}",36.00,1,solved,70,,105,328,106,224,0.0187,0.0268,1
177,bc68a72fe41d3095,,gbfs,{},pdb,"{""pdb_dir"": ""../phase1_data_generation/data/pdbs""}",36.00,1,solved,56,,90,288,91,199,0.0159,0.0230,1
178,5b0d39c8ae2467f1,,gbfs,{},pdb,"{""pdb_dir"": ""../phase1_data_generation/data/pdbs""}",32.00,1,solved,64,,129,426,130,296,0.0225,0.0328,1
179,d798e064fc35ba21,,gbfs,{},pdb,"{""pdb_dir"": ""../phase1_data_generation/data/pdbs""}",32.00,1,solved,80,,184,586,185,402,0.0317,0.0460,1
180,fb9423c87a05d16e,,gbfs,{},pdb,"{""pdb_dir"": ""../phase1_data_generation/data/pdbs""}",38.00,1,solved,112,,290,920,291,630,0.0507,0.0735,1
181,ab7f384c9d0e6125,,gbfs,{},pdb,"{""pdb_dir"": ""../phase1_data_generation/data/pdbs""}",38.00,1,solved,112,,247,785,248,539,0.0436,0.0632,1
182,260ca319ebf45d87,,gbfs,{},pdb,"{""pdb_dir"": ""../phase1_data_generation/data/pdbs""}",42.00,1,solved,102,,258,828,250,550,0.0432,0.0630,1
183,6f9c80bd73a452e1,,gbfs,{},pdb,"{""pdb_dir"": ""../phase1_data_generation/data/pdbs""}",34.00,1,solved,108,,446,1418,403,877,0.0682,0.1021,1
184,0a78b32e16f945dc,,gbfs,{},pdb,"{""pdb_dir"": ""../phase1_data_generation/data/pdbs""}",46.00,1,solved,68,,103,321,104,218,0.0181,0.0262,1
185,56dc9240e3b7fa18,,gbfs,{},pdb,"{""pdb_dir"": ""../phase1_data_generation/data/pdbs""}",38.00,1,solved,78,,273,878,274,603,0.0474,0.0688,1
186,b708dfc364ea2519,,gbfs,{},pdb,"{""pdb_dir"": ""../phase1_data_generation/data/pdbs""}",36.00,1,solved,84,,227,719,228,492,0.0388,0.0563,1
187,7b3face5269410d8,,gbfs,{},pdb,"{""pdb_dir"": ""../phase1_data_generation/data/pdbs""}",38.00,1,solved,124,,346,1081,347,733,0.0605,0.0879,1
188,b9fc3e186524a7d0,,gbfs,{},pdb,"{""pdb_dir"": ""../phase1_data_generation/data/pdbs""}",32.00,1,solved,66,,84,265,85,182,0.0151,0.0220,1
189,fcad8041b592e673,,gbfs,{},pdb,"{""pdb_dir"": ""../phase1_data_generation/data/pdbs""}",36.00,1,solved,50,,100,323,101,224,0.0171,0.0247,1
190,39ebfacd62475081,,gbfs,{},pdb,"{""pdb_dir"": ""../phase1_data_generation/data/pdbs""}",38.00,1,solved,98,,205,649,206,444,0.0349,0.0506,1
191,651e8a407dfcb392,,gbfs,{},pdb,"{""pdb_dir"": ""../phase1_data_generation/data/pdbs""}",40.00,1,solved,72,,92,292,93,201,0.0157,0.0226,1
192,fb981e603a7524dc,,gbfs,{},pdb,"{""pdb_dir"": ""../phase1_data_generation/data/pdbs""}",36.00,1,solved,58,,73,234,74,161,0.0125,0.0181,1
193,fa89ec1d7b653420,,gbfs,{},pdb,"{""pdb_dir"": ""../phase1_data_generation/data/pdbs""}",32.00,1,solved,64,,148,472,149,325,0.0259,0.0372,1
194,52c8af10be396d47,,gbfs,{},pdb,"{""pdb_dir"": ""../phase1_data_generation/data/pdbs""}",40.00,1,solved,102,,334,1049,310,660,0.0536,0.0792,1
195,69e458ba37cf20d1,,gbfs,{},pdb,"{""pdb_dir"": ""../phase1_data_generation/data/pdbs""}",42.00,1,solved,82,,179,574,180,396,0.0317,0.0463,1
196,f498e1a62503d7bc,,gbfs,{},pdb,"{""pdb_dir"": ""../phase1_data_generation/data/pdbs""}",46.00,1,solved,92,,175,557,176,383,0.0307,0.0445,1
197,9bd87ac0e345f612,,gbfs,{},pdb,"{""pdb_dir"": ""../phase1_data_generation/data/pdbs""}",36.00,1,solved,74,,133,428,134,294,0.0228,0.0328,1
198,9b0ef587d3c6a241,,gbfs,{},pdb,"{""pdb_dir"": ""../phase1_data_generation/data/pdbs""}",40.00,1,solved,106,,264,843,265,578,0.0468,0.0676,1
199,fe1928adb435607c,,gbfs,{},pdb,"{""pdb_dir"": ""../phase1_data_generation/data/pdbs""}",36.00,1,solved,84,,246,783,247,537,0.0436,0.0631,1
200,0df53c8abe124697,,gbfs,{},pdb,"{""pdb_dir"": ""../phase1_data_generation/data/pdbs""}",44.00,1,solved,104,,182,577,183,395,0.0330,0.0475,1
201,8d5e2f3a01c976b4,,gbfs,{},pdb,"{""pdb_dir"": ""../phase1_data_generation/data/pdbs""}",42.00,1,solved,80,,180,569,181,389,0.0328,0.0473,1
202,ceda1042bf769583,,gbfs,{},pdb,"{""pdb_dir"": ""../phase1_data_generation/data/pdbs""}",48.00,1,solved,98,,126,404,127,279,0.0229,0.0331,1
203,94f5e8c27a0b31d6,,gbfs,{},pdb,"{""pdb_dir"": ""../phase1_data_generation/data/pdbs""}",40.00,1,solved,94,,112,368,113,256,0.0200,0.0289,1
204,cf4b709ade623158,,gbfs,{},pdb,"{""pdb_dir"": ""../phase1_data_generation/data/pdbs""}",40.00,1,solved,94,,144,482,145,339,0.0260,0.0378,1
205,05d8e7a4f3926b1c,,gbfs,{},pdb,"{""pdb_dir"": ""../phase1_data_generation/data/pdbs""}",34.00,1,solved,60,,105,345,106,241,0.0185,0.0268,1
206,af7b3e15d20c4869,,gbfs,{},pdb,"{""pdb_dir"": ""../phase1_data_generation/data/pdbs""}",44.00,1,solved,88,,265,842,242,525,0.0431,0.0640,1
207,4fc3e0a789d61b25,,gbfs,{},pdb,"{""pdb_dir"": ""../phase1_data_generation/data/pdbs""}",44.00,1,solved,100,,199,639,200,440,0.0363,0.0525,1
208,5e6b3f4ca702d189,,gbfs,{},pdb,"{""pdb_dir"": ""../phase1_data_generation/data/pdbs""}",44.00,1,solved,62,,80,257,81,178,0.0147,0.0212,1
209,8f6e2170a59cb34d,,gbfs,{},pdb,"{""pdb_dir"": ""../phase1_data_generation/data/pdbs""}",34.00,1,solved,98,,167,526,168,359,0.0299,0.0431,1
210,09d1b5a4ef62c738,,gbfs,{},pdb,"{""pdb_dir"": ""../phase1_data_generation/data/pdbs""}",38.00,1,solved,52,,61,194,62,134,0.0108,0.0157,1
211,2eb7f9d86305c4a1,,gbfs,{},pdb,"{""pdb_dir"": ""../phase1_data_generation/data/pdbs""}",46.00,1,solved,112,,365,1168,332,729,0.0596,0.0886,1
212,fd98401c27ea365b,,gbfs,{},pdb,"{""pdb_dir"": ""../phase1_data_generation/data/pdbs""}",40.00,1,solved,62,,92,295,93,204,0.0163,0.0234,1
213,69d8c51eb703af42,,gbfs,{},pdb,"{""pdb_dir"": ""../phase1_data_generation/data/pdbs""}",42.00,1,solved,66,,74,234,75,161,0.0135,0.0196,1
214,d983f0ce651b2a74,,gbfs,{},pdb,"{""pdb_dir"": ""../phase1_data_generation/data/pdbs""}",36.00,1,solved,90,,324,1017,301,641,0.0536,0.0791,1
215,cbadf04e79251638,,gbfs,{},pdb,"{""pdb_dir"": ""../phase1_data_generation/data/pdbs""}",38.00,1,solved,86,,238,741,226,475,0.0399,0.0584,1
216,8ab57fcd24e13096,,gbfs,{},pdb,"{""pdb_dir"": ""../phase1_data_generation/data/pdbs""}",36.00,1,solved,46,,62,200,63,139,0.0111,0.0159,1
217,abed3049f216758c,,gbfs,{},pdb,"{""pdb_dir"": ""../phase1_data_generation/data/pdbs""}",32.00,1,solved,40,,60,192,61,133,0.0107,0.0154,1
218,d968b3afe2c41075,,gbfs,{},pdb,"{""pdb_dir"": ""../phase1_data_generation/data/pdbs""}",40.00,1,solved,54,,101,318,102,218,0.0184,0.0266,1
219,fdbca04971e53286,,gbfs,{},pdb,"{""pdb_dir"": ""../phase1_data_generation/data/pdbs""}",26.00,1,solved,56,,82,275,83,194,0.0150,0.0216,1
220,2eb475a8360fd91c,,gbfs,{},pdb,"{""pdb_dir"": ""../phase1_data_generation/data/pdbs""}",46.00,1,solved,74,,94,303,95,210,0.0172,0.0248,1
221,6c4baf92370d8e51,,gbfs,{},pdb,"{""pdb_dir"": ""../phase1_data_generation/data/pdbs""}",42.00,1,solved,118,,220,721,221,500,0.0400,0.0578,1
222,2dba7e6f41c58390,,gbfs,{},pdb,"{""pdb_dir"": ""../phase1_data_generation/data/pdbs""}",44.00,1,solved,78,,114,371,115,258,0.0207,0.0299,1
223,dafc3e890125b467,,gbfs,{},pdb,"{""pdb_dir"": ""../phase1_data_generation/data/pdbs""}",40.00,1,solved,106,,422,1335,399,860,0.0723,0.1061,1
224,7fcea0d93b821465,,gbfs,{},pdb,"{""pdb_dir"": ""../phase1_data_generation/data/pdbs""}",32.00,1,solved,82,,213,676,203,439,0.0367,0.0537,1
225,b5d1cea07329f648,,gbfs,{},pdb,"{""pdb_dir"": ""../phase1_data_generation/data/pdbs""}",40.00,1,solved,78,,202,644,203,442,0.0368,0.0532,1
226,fc5e8d74a602b193,,gbfs,{},pdb,"{""pdb_dir"": ""../phase1_data_generation/data/pdbs""}",36.00,1,solved,138,,406,1304,373,823,0.0672,0.0998,1
227,5dbf63ae180942c7,,gbfs,{},pdb,"{""pdb_dir"": ""../phase1_data_generation/data/pdbs""}",48.00,1,solved,102,,245,770,246,524,0.0447,0.0645,1
228,a298be7d06c513f4,,gbfs,{},pdb,"{""pdb_dir"": ""../phase1_data_generation/data/pdbs""}",40.00,1,solved,48,,64,206,65,143,0.0118,0.0170,1
229,ca18f2e50964d7b3,,gbfs,{},pdb,"{""pdb_dir"": ""../phase1_data_generation/data/pdbs""}",38.00,1,solved,96,,211,665,212,454,0.0375,0.0542,1
230,dba6c9fe37082541,,gbfs,{},pdb,"{""pdb_dir"": ""../phase1_data_generation/data/pdbs""}",36.00,1,solved,66,,153,482,154,330,0.0272,0.0399,1
231,6f9aed24b501c837,,gbfs,{},pdb,"{""pdb_dir"": ""../phase1_data_generation/data/pdbs""}",42.00,1,solved,82,,113,359,114,247,0.0203,0.0292,1
232,d3c4b5af620871e9,,gbfs,{},pdb,"{""pdb_dir"": ""../phase1_data_generation/data/pdbs""}",38.00,1,solved,56,,80,264,81,185,0.0145,0.0210,1
233,fc8de624a109b375,,gbfs,{},pdb,"{""pdb_dir"": ""../phase1_data_generation/data/pdbs""}",30.00,1,solved,70,,117,370,118,254,0.0211,0.0306,1
234,0cb9e87f641d2a35,,gbfs,{},pdb,"{""pdb_dir"": ""../phase1_data_generation/data/pdbs""}",40.00,1,solved,66,,348,1096,320,686,0.0562,0.0833,1
235,fa9ced65324871b0,,gbfs,{},pdb,"{""pdb_dir"": ""../phase1_data_generation/data/pdbs""}",30.00,1,solved,64,,127,405,128,277,0.0224,0.0324,1
236,1ab8c0d97fe36542,,gbfs,{},pdb,"{""pdb_dir"": ""../phase1_data_generation/data/pdbs""}",42.00,1,solved,90,,169,540,169,368,0.0306,0.0443,1
237,7e8afbc095d42631,,gbfs,{},pdb,"{""pdb_dir"": ""../phase1_data_generation/data/pdbs""}",28.00,1,solved,88,,706,2279,556,1223,0.0973,0.1515,1
238,0c85e4d2ba93716f,,gbfs,{},pdb,"{""pdb_dir"": ""../phase1_data_generation/data/pdbs""}",40.00,1,solved,82,,128,401,129,274,0.0226,0.0325,1
239,e7fa2cbd05384169,,gbfs,{},pdb,"{""pdb_dir"": ""../phase1_data_generation/data/pdbs""}",42.00,1,solved,78,,120,389,121,270,0.0216,0.0313,1
240,f6d4a312e90c57b8,,gbfs,{},pdb,"{""pdb_dir"": ""../phase1_data_generation/data/pdbs""}",38.00,1,solved,96,,303,947,279,589,0.0490,0.0725,1
241,2b95ae8f371c40d6,,gbfs,{},pdb,"{""pdb_dir"": ""../phase1_data_generation/data/pdbs""}",40.00,1,solved,92,,146,487,147,340,0.0252,0.0364,1
242,ec9ad0b53761428f,,gbfs,{},pdb,"{""pdb_dir"": ""../phase1_data_generation/data/pdbs""}",40.00,1,solved,124,,327,1036,328,709,0.0571,0.0828,1
243,1f4c5ad93e76b280,,gbfs,{},pdb,"{""pdb_dir"": ""../phase1_data_generation/data/pdbs""}",32.00,1,solved,106,,209,649,209,438,0.0361,0.0521,1
244,5fa239670e14bc8d,,gbfs,{},pdb,"{""pdb_dir"": ""../phase1_data_generation/data/pdbs""}",46.00,1,solved,126,,200,655,201,455,0.0352,0.0511,1
245,ed84b0597631fac2,,gbfs,{},pdb,"{""pdb_dir"": ""../phase1_data_generation/data/pdbs""}",34.00,1,solved,98,,435,1399,387,845,0.0681,0.1019,1
246,e784cf59a30261bd,,gbfs,{},pdb,"{""pdb_dir"": ""../phase1_data_generation/data/pdbs""}",40.00,1,solved,86,,150,486,151,336,0.0265,0.0382,1
247,bd2980afc35e6741,,gbfs,{},pdb,"{""pdb_dir"": ""../phase1_data_generation/data/pdbs""}",46.00,1,solved,90,,147,482,148,336,0.0256,0.0371,1
248,78df103eb6a9254c,,gbfs,{},pdb,"{""pdb_dir"": ""../phase1_data_generation/data/pdbs""}",40.00,1,solved,82,,269,859,236,517,0.0414,0.0620,1
249,7a9d65bf0318c2e4,,gbfs,{},pdb,"{""pdb_dir"": ""../phase1_data_generation/data/pdbs""}",38.00,1,solved,92,,144,459,145,315,0.0255,0.0368,1
250,bf2a6c31579840de,,gbfs,{},pdb,"{""pdb_dir"": ""../phase1_data_generation/data/pdbs""}",46.00,1,solved,130,,419,1343,372,815,0.0668,0.1003,1
251,5f07c694a321edb8,,gbfs,{},pdb,"{""pdb_dir"": ""../phase1_data_generation/data/pdbs""}",42.00,1,solved,124,,283,890,275,586,0.0497,0.0725,1
252,8ef1503ab7d94c26,,gbfs,{},pdb,"{""pdb_dir"": ""../phase1_data_generation/data/pdbs""}",50.00,1,solved,92,,183,580,184,397,0.0332,0.0479,1
253,3bae70869cdf2415,,gbfs,{},pdb,"{""pdb_dir"": ""../phase1_data_generation/data/pdbs""}",42.00,1,solved,78,,103,336,104,234,0.0187,0.0270,1
254,0354cf2ab1897d6e,,gbfs,{},pdb,"{""pdb_dir"": ""../phase1_data_generation/data/pdbs""}",46.00,1,solved,102,,184,578,167,359,0.0304,0.0452,1
255,f6a4be5d271390c8,,gbfs,{},pdb,"{""pdb_dir"": ""../phase1_data_generation/data/pdbs""}",36.00,1,solved,90,,224,707,225,483,0.0403,0.0584,1
256,4d02bfc93a18756e,,gbfs,{},pdb,"{""pdb_dir"": ""../phase1_data_generation/data/pdbs""}",42.00,1,solved,112,,474,1503,442,953,0.0792,0.1170,1
257,de4162a0f8b7c953,,gbfs,{},pdb,"{""pdb_dir"": ""../phase1_data_generation/data/pdbs""}",50.00,1,solved,106,,255,806,255,547,0.0452,0.0653,1
258,e86fa0bcd5129473,,gbfs,{},pdb,"{""pdb_dir"": ""../phase1_data_generation/data/pdbs""}",46.00,1,solved,78,,302,948,274,584,0.0492,0.0730,1
259,b8acde205f914673,,gbfs,{},pdb,"{""pdb_dir"": ""../phase1_data_generation/data/pdbs""}",40.00,1,solved,78,,145,466,146,322,0.0264,0.0382,1
260,450bf3ad6e8192c7,,gbfs,{},pdb,"{""pdb_dir"": ""../phase1_data_generation/data/pdbs""}",46.00,1,solved,82,,101,327,102,227,0.0183,0.0263,1
261,e845fdb90ac26713,,gbfs,{},pdb,"{""pdb_dir"": ""../phase1_data_generation/data/pdbs""}",36.00,1,solved,40,,42,128,43,87,0.0077,0.0110,1
262,f4c1b26de35a9087,,gbfs,{},pdb,"{""pdb_dir"": ""../phase1_data_generation/data/pdbs""}",40.00,1,solved,84,,111,358,112,247,0.0200,0.0288,1
263,e40df2c69853ba17,,gbfs,{},pdb,"{""pdb_dir"": ""../phase1_data_generation/data/pdbs""}",38.00,1,solved,54,,61,190,62,130,0.0110,0.0158,1
264,b1c82d6f3754a0e9,,gbfs,{},pdb,"{""pdb_dir"": ""../phase1_data_generation/data/pdbs""}",36.00,1,solved,128,,510,1616,477,1030,0.0856,0.1261,1
265,e748f061a2d9c35b,,gbfs,{},pdb,"{""pdb_dir"": ""../phase1_data_generation/data/pdbs""}",40.00,1,solved,82,,341,1072,317,676,0.0567,0.0837,1
266,07cdbe94f1386a52,,gbfs,{},pdb,"{""pdb_dir"": ""../phase1_data_generation/data/pdbs""}",36.00,1,solved,94,,246,769,247,522,0.0464,0.0673,1
267,da36f8c1e249b057,,gbfs,{},pdb,"{""pdb_dir"": ""../phase1_data_generation/data/pdbs""}",40.00,1,solved,118,,313,980,314,665,0.0567,0.0821,1
268,b7fc13d89e65a024,,gbfs,{},pdb,"{""pdb_dir"": ""../phase1_data_generation/data/pdbs""}",28.00,1,solved,38,,51,165,52,115,0.0096,0.0137,1
269,ba4c2fd86e713590,,gbfs,{},pdb,"{""pdb_dir"": ""../phase1_data_generation/data/pdbs""}",28.00,1,solved,100,,262,821,263,558,0.0472,0.0681,1
270,aed9365701f2bc84,,gbfs,{},pdb,"{""pdb_dir"": ""../phase1_data_generation/data/pdbs""}",40.00,1,solved,102,,178,575,179,398,0.0323,0.0467,1
271,adf978e13b04256c,,gbfs,{},pdb,"{""pdb_dir"": ""../phase1_data_generation/data/pdbs""}",34.00,1,solved,98,,241,768,242,528,0.0440,0.0634,1
272,bec279680a34f1d5,,gbfs,{},pdb,"{""pdb_dir"": ""../phase1_data_generation/data/pdbs""}",38.00,1,solved,86,,341,1080,312,672,0.0552,0.0818,1
273,efcb16480275a39d,,gbfs,{},pdb,"{""pdb_dir"": ""../phase1_data_generation/data/pdbs""}",40.00,1,solved,110,,369,1171,336,727,0.0596,0.0885,1
274,7f1c4e892b03d56a,,gbfs,{},pdb,"{""pdb_dir"": ""../phase1_data_generation/data/pdbs""}",40.00,1,solved,100,,160,514,161,355,0.0293,0.0423,1
275,6b01e854f9d2ca37,,gbfs,{},pdb,"{""pdb_dir"": ""../phase1_data_generation/data/pdbs""}",46.00,1,solved,80,,124,381,125,258,0.0229,0.0328,1
276,adf2b6c53108e749,,gbfs,{},pdb,"{""pdb_dir"": ""../phase1_data_generation/data/pdbs""}",36.00,1,solved,78,,131,427,132,297,0.0240,0.0345,1
277,16aef584320d97bc,,gbfs,{},pdb,"{""pdb_dir"": ""../phase1_data_generation/data/pdbs""}",40.00,1,solved,116,,242,782,243,541,0.0435,0.0629,1
278,0a846d39e5c2b7f1,,gbfs,{},pdb,"{""pdb_dir"": ""../phase1_data_generation/data/pdbs""}",40.00,1,solved,88,,154,511,155,358,0.0263,0.0381,1
279,72ad6b591308fe4c,,gbfs,{},pdb,"{""pdb_dir"": ""../phase1_data_generation/data/pdbs""}",36.00,1,solved,110,,311,997,278,613,0.0485,0.0729,1
280,0ce48f5b73a9d612,,gbfs,{},pdb,"{""pdb_dir"": ""../phase1_data_generation/data/pdbs""}",40.00,1,solved,90,,296,930,281,600,0.0498,0.0736,1
281,7d0ca8f569e413b2,,gbfs,{},pdb,"{""pdb_dir"": ""../phase1_data_generation/data/pdbs""}",36.00,1,solved,64,,82,264,83,183,0.0144,0.0208,1
282,3afe59c78b14d062,,gbfs,{},pdb,"{""pdb_dir"": ""../phase1_data_generation/data/pdbs""}",42.00,1,solved,130,,355,1132,356,777,0.0623,0.0903,1
283,2f3b90cda647158e,,gbfs,{},pdb,"{""pdb_dir"": ""../phase1_data_generation/data/pdbs""}",44.00,1,solved,96,,166,528,167,361,0.0296,0.0431,1
284,a50891dc7f426eb3,,gbfs,{},pdb,"{""pdb_dir"": ""../phase1_data_generation/data/pdbs""}",40.00,1,solved,76,,255,806,232,499,0.0396,0.0589,1
285,1d8f36c57a049e2b,,gbfs,{},pdb,"{""pdb_dir"": ""../phase1_data_generation/data/pdbs""}",42.00,1,solved,90,,192,601,192,408,0.0334,0.0482,1
286,470de6ac2359f1b8,,gbfs,{},pdb,"{""pdb_dir"": ""../phase1_data_generation/data/pdbs""}",34.00,1,solved,62,,92,301,93,210,0.0158,0.0228,1
287,b9ae5247c1f830d6,,gbfs,{},pdb,"{""pdb_dir"": ""../phase1_data_generation/data/pdbs""}",42.00,1,solved,76,,159,507,160,349,0.0271,0.0393,1
288,f7d46ae95c183b20,,gbfs,{},pdb,"{""pdb_dir"": ""../phase1_data_generation/data/pdbs""}",32.00,1,solved,64,,120,392,121,273,0.0212,0.0306,1
289,f64ae95cb208731d,,gbfs,{},pdb,"{""pdb_dir"": ""../phase1_data_generation/data/pdbs""}",32.00,1,solved,54,,74,248,75,175,0.0129,0.0186,1
290,aebd72c93f518640,,gbfs,{},pdb,"{""pdb_dir"": ""../phase1_data_generation/data/pdbs""}",36.00,1,solved,110,,285,912,270,594,0.0469,0.0690,1
291,ebd8f2ac75013694,,gbfs,{},pdb,"{""pdb_dir"": ""../phase1_data_generation/data/pdbs""}",28.00,1,solved,60,,92,293,93,202,0.0167,0.0240,1
292,f5ac89d64321e0b7,,gbfs,{},pdb,"{""pdb_dir"": ""../phase1_data_generation/data/pdbs""}",42.00,1,solved,130,,278,874,279,595,0.0505,0.0729,1
293,3d6f25ac07e1498b,,gbfs,{},pdb,"{""pdb_dir"": ""../phase1_data_generation/data/pdbs""}",42.00,1,solved,98,,236,729,208,431,0.0367,0.0549,1
294,3fc5a01de7289b64,,gbfs,{},pdb,"{""pdb_dir"": ""../phase1_data_generation/data/pdbs""}",34.00,1,solved,102,,315,1010,316,695,0.0566,0.0820,1
295,7bfde6982a0541c3,,gbfs,{},pdb,"{""pdb_dir"": ""../phase1_data_generation/data/pdbs""}",36.00,1,solved,82,,174,544,175,370,0.0316,0.0456,1
296,0fa87e9d6b153c24,,gbfs,{},pdb,"{""pdb_dir"": ""../phase1_data_generation/data/pdbs""}",24.00,1,solved,38,,87,277,88,191,0.0159,0.0231,1
297,cba1f0e53847d692,,gbfs,{},pdb,"{""pdb_dir"": ""../phase1_data_generation/data/pdbs""}",42.00,1,solved,108,,165,539,166,375,0.0290,0.0420,1
298,6cbf3e8da5217490,,gbfs,{},pdb,"{""pdb_dir"": ""../phase1_data_generation/data/pdbs""}",42.00,1,solved,78,,106,339,107,234,0.0188,0.0271,1
299,e3a5cd872691f0b4,,gbfs,{},pdb,"{""pdb_dir"": ""../phase1_data_generation/data/pdbs""}",40.00,1,solved,108,,221,724,222,504,0.0396,0.0573,1
300,5e086c19d7af32b4,,gbfs,{},pdb,"{""pdb_dir"": ""../phase1_data_generation/data/pdbs""}",36.00,1,solved,110,,441,1411,408,894,0.0729,0.1077,1
301,6804bcdaf92153e7,,gbfs,{},pdb,"{""pdb_dir"": ""../phase1_data_generation/data/pdbs""}",42.00,1,solved,66,,72,230,73,159,0.0129,0.0185,1
302,8ad36bc0e129f457,,gbfs,{},pdb,"{""pdb_dir"": ""../phase1_data_generation/data/pdbs""}",44.00,1,solved,130,,326,1059,315,702,0.0556,0.0814,1
303,bfc87a916503de42,,gbfs,{},pdb,"{""pdb_dir"": ""../phase1_data_generation/data/pdbs""}",36.00,1,solved,72,,113,363,114,251,0.0211,0.0303,1
304,0d18ae9f2b643c75,,gbfs,{},pdb,"{""pdb_dir"": ""../phase1_data_generation/data/pdbs""}",42.00,1,solved,128,,516,1629,493,1057,0.0883,0.1295,1
305,7916e4cb8d2f35a0,,gbfs,{},pdb,"{""pdb_dir"": ""../phase1_data_generation/data/pdbs""}",44.00,1,solved,112,,342,1081,310,662,0.0549,0.0814,1
306,f2956d8eabc14730,,gbfs,{},pdb,"{""pdb_dir"": ""../phase1_data_generation/data/pdbs""}",38.00,1,solved,62,,269,846,244,522,0.0440,0.0654,1
307,cfb583da640927e1,,gbfs,{},pdb,"{""pdb_dir"": ""../phase1_data_generation/data/pdbs""}",44.00,1,solved,134,,308,994,307,678,0.0556,0.0806,1
308,dc25b9480fa6317e,,gbfs,{},pdb,"{""pdb_dir"": ""../phase1_data_generation/data/pdbs""}",38.00,1,solved,78,,118,379,119,262,0.0215,0.0310,1
309,3b8a9160e5c42f7d,,gbfs,{},pdb,"{""pdb_dir"": ""../phase1_data_generation/data/pdbs""}",42.00,1,solved,94,,158,499,159,342,0.0290,0.0418,1
310,fb6de0a17985234c,,gbfs,{},pdb,"{""pdb_dir"": ""../phase1_data_generation/data/pdbs""}",36.00,1,solved,68,,120,382,121,262,0.0219,0.0317,1
311,e4fb9d1c86a23075,,gbfs,{},pdb,"{""pdb_dir"": ""../phase1_data_generation/data/pdbs""}",40.00,1,solved,66,,107,340,108,234,0.0196,0.0283,1
312,0ad98e467c352fb1,,gbfs,{},pdb,"{""pdb_dir"": ""../phase1_data_generation/data/pdbs""}",40.00,1,solved,78,,156,500,157,345,0.0284,0.0410,1
313,4e0cd918f756b32a,,gbfs,{},pdb,"{""pdb_dir"": ""../phase1_data_generation/data/pdbs""}",34.00,1,solved,60,,116,364,117,249,0.0212,0.0306,1
314,06b1c5a8f34972ed,,gbfs,{},pdb,"{""pdb_dir"": ""../phase1_data_generation/data/pdbs""}",40.00,1,solved,104,,158,486,159,328,0.0292,0.0420,1
315,0f2c98d1ba46735e,,gbfs,{},pdb,"{""pdb_dir"": ""../phase1_data_generation/data/pdbs""}",34.00,1,solved,110,,296,980,283,645,0.0515,0.0758,1
316,fdc9e45b076182a3,,gbfs,{},pdb,"{""pdb_dir"": ""../phase1_data_generation/data/pdbs""}",36.00,1,solved,78,,109,350,110,242,0.0200,0.0288,1
317,8fd9b71035e264ac,,gbfs,{},pdb,"{""pdb_dir"": ""../phase1_data_generation/data/pdbs""}",36.00,1,solved,120,,196,639,197,442,0.0353,0.0511,1
318,26915ab47f0c38de,,gbfs,{},pdb,"{""pdb_dir"": ""../phase1_data_generation/data/pdbs""}",48.00,1,solved,104,,247,791,248,545,0.0445,0.0646,1
319,6d4cb5a08e12f379,,gbfs,{},pdb,"{""pdb_dir"": ""../phase1_data_generation/data/pdbs""}",38.00,1,solved,74,,135,425,121,261,0.0217,0.0322,1
320,cdf5b086e371249a,,gbfs,{},pdb,"{""pdb_dir"": ""../phase1_data_generation/data/pdbs""}",40.00,1,solved,48,,59,193,60,135,0.0109,0.0156,1
321,3f857ad4e9061b2c,,gbfs,{},pdb,"{""pdb_dir"": ""../phase1_data_generation/data/pdbs""}",42.00,1,solved,84,,149,479,150,331,0.0267,0.0387,1
322,f603a4cd7895eb12,,gbfs,{},pdb,"{""pdb_dir"": ""../phase1_data_generation/data/pdbs""}",40.00,1,solved,84,,155,500,156,346,0.0284,0.0410,1
323,87ac2d6e350fb914,,gbfs,{},pdb,"{""pdb_dir"": ""../phase1_data_generation/data/pdbs""}",36.00,1,solved,96,,288,922,263,567,0.0470,0.0698,1
324,7cbde3a81f694250,,gbfs,{},pdb,"{""pdb_dir"": ""../phase1_data_generation/data/pdbs""}",38.00,1,solved,92,,151,483,152,333,0.0274,0.0397,1
325,fbdc30145729e6a8,,gbfs,{},pdb,"{""pdb_dir"": ""../phase1_data_generation/data/pdbs""}",34.00,1,solved,58,,73,237,74,164,0.0132,0.0189,1
326,f7cea4685b0d2139,,gbfs,{},pdb,"{""pdb_dir"": ""../phase1_data_generation/data/pdbs""}",36.00,1,solved,84,,144,480,145,334,0.0259,0.0375,1
327,0915ed84f2a3c67b,,gbfs,{},pdb,"{""pdb_dir"": ""../phase1_data_generation/data/pdbs""}",46.00,1,solved,66,,75,239,76,165,0.0137,0.0197,1
328,b842e7d06c91a53f,,gbfs,{},pdb,"{""pdb_dir"": ""../phase1_data_generation/data/pdbs""}",42.00,1,solved,56,,79,250,80,172,0.0146,0.0211,1
329,a69ed7c50b314f28,,gbfs,{},pdb,"{""pdb_dir"": ""../phase1_data_generation/data/pdbs""}",40.00,1,solved,62,,75,235,76,161,0.0136,0.0195,1
330,f8da4c160b79532e,,gbfs,{},pdb,"{""pdb_dir"": ""../phase1_data_generation/data/pdbs""}",44.00,1,solved,96,,398,1254,370,792,0.0671,0.0991,1
331,df753cae46189b20,,gbfs,{},pdb,"{""pdb_dir"": ""../phase1_data_generation/data/pdbs""}",42.00,1,solved,134,,298,949,299,651,0.0540,0.0782,1
332,edb5f07832946ac1,,gbfs,{},pdb,"{""pdb_dir"": ""../phase1_data_generation/data/pdbs""}",32.00,1,solved,52,,100,316,101,217,0.0184,0.0265,1
333,d64b3790e285f1ca,,gbfs,{},pdb,"{""pdb_dir"": ""../phase1_data_generation/data/pdbs""}",44.00,1,solved,138,,376,1209,343,757,0.0618,0.0918,1
334,baecd7f058143962,,gbfs,{},pdb,"{""pdb_dir"": ""../phase1_data_generation/data/pdbs""}",32.00,1,solved,42,,44,140,45,97,0.0081,0.0117,1
335,67fc18be329da054,,gbfs,{},pdb,"{""pdb_dir"": ""../phase1_data_generation/data/pdbs""}",38.00,1,solved,62,,231,731,232,497,0.0420,0.0606,1
336,0bae674cf18925d3,,gbfs,{},pdb,"{""pdb_dir"": ""../phase1_data_generation/data/pdbs""}",36.00,1,solved,90,,132,440,133,309,0.0231,0.0334,1
337,6d8eacb0f2593741,,gbfs,{},pdb,"{""pdb_dir"": ""../phase1_data_generation/data/pdbs""}",36.00,1,solved,82,,193,610,194,417,0.0346,0.0503,1
338,f3b1e279c684ad50,,gbfs,{},pdb,"{""pdb_dir"": ""../phase1_data_generation/data/pdbs""}",48.00,1,solved,164,,510,1613,487,1050,0.0856,0.1256,1
339,e50cab8d7f693214,,gbfs,{},pdb,"{""pdb_dir"": ""../phase1_data_generation/data/pdbs""}",22.00,1,solved,58,,124,405,116,260,0.0204,0.0300,1
340,be28cf6037da5914,,gbfs,{},pdb,"{""pdb_dir"": ""../phase1_data_generation/data/pdbs""}",34.00,1,solved,118,,341,1084,342,741,0.0601,0.0869,1
341,f7082dea5b4c6931,,gbfs,{},pdb,"{""pdb_dir"": ""../phase1_data_generation/data/pdbs""}",34.00,1,solved,82,,129,419,130,290,0.0233,0.0337,1
342,b721f0da435e698c,,gbfs,{},pdb,"{""pdb_dir"": ""../phase1_data_generation/data/pdbs""}",44.00,1,solved,108,,249,817,250,566,0.0432,0.0629,1
343,e59df0bc7368a421,,gbfs,{},pdb,"{""pdb_dir"": ""../phase1_data_generation/data/pdbs""}",28.00,1,solved,74,,336,1057,308,658,0.0538,0.0797,1
344,a7c85f92036d1eb4,,gbfs,{},pdb,"{""pdb_dir"": ""../phase1_data_generation/data/pdbs""}",36.00,1,solved,74,,205,658,206,453,0.0350,0.0506,1
345,732860ca54deb9f1,,gbfs,{},pdb,"{""pdb_dir"": ""../phase1_data_generation/data/pdbs""}",44.00,1,solved,80,,139,439,140,301,0.0241,0.0350,1
346,bfd92580e6c4a371,,gbfs,{},pdb,"{""pdb_dir"": ""../phase1_data_generation/data/pdbs""}",32.00,1,solved,84,,220,705,221,485,0.0390,0.0563,1
347,0b936f7c24de581a,,gbfs,{},pdb,"{""pdb_dir"": ""../phase1_data_generation/data/pdbs""}",42.00,1,solved,118,,363,1147,364,778,0.0633,0.0921,1
348,bfe4a0263c751d89,,gbfs,{},pdb,"{""pdb_dir"": ""../phase1_data_generation/data/pdbs""}",38.00,1,solved,88,,138,443,138,305,0.0240,0.0351,1
349,0bc971d5f86ea324,,gbfs,{},pdb,"{""pdb_dir"": ""../phase1_data_generation/data/pdbs""}",32.00,1,solved,64,,80,252,81,173,0.0139,0.0201,1
350,f84ce01d9673b2a5,,gbfs,{},pdb,"{""pdb_dir"": ""../phase1_data_generation/data/pdbs""}",38.00,1,solved,74,,157,508,158,352,0.0277,0.0402,1
351,78a1c64be309f2d5,,gbfs,{},pdb,"{""pdb_dir"": ""../phase1_data_generation/data/pdbs""}",42.00,1,solved,62,,82,269,83,188,0.0145,0.0210,1
352,e9dc23680f14ba57,,gbfs,{},pdb,"{""pdb_dir"": ""../phase1_data_generation/data/pdbs""}",28.00,1,solved,48,,92,304,93,213,0.0158,0.0230,1
353,6e9c30b87df5214a,,gbfs,{},pdb,"{""pdb_dir"": ""../phase1_data_generation/data/pdbs""}",28.00,1,solved,54,,88,276,89,189,0.0151,0.0219,1
354,a902efc34b681d57,,gbfs,{},pdb,"{""pdb_dir"": ""../phase1_data_generation/data/pdbs""}",48.00,1,solved,64,,68,223,69,156,0.0123,0.0176,1
355,cf48ab61de972530,,gbfs,{},pdb,"{""pdb_dir"": ""../phase1_data_generation/data/pdbs""}",42.00,1,solved,88,,135,429,136,295,0.0243,0.0352,1
356,e39da6c10487fb52,,gbfs,{},pdb,"{""pdb_dir"": ""../phase1_data_generation/data/pdbs""}",38.00,1,solved,110,,384,1214,352,756,0.0609,0.0902,1
357,0fa429bce658713d,,gbfs,{},pdb,"{""pdb_dir"": ""../phase1_data_generation/data/pdbs""}",36.00,1,solved,94,,298,954,283,615,0.0486,0.0715,1
358,ae7c406b281d3f95,,gbfs,{},pdb,"{""pdb_dir"": ""../phase1_data_generation/data/pdbs""}",36.00,1,solved,60,,81,266,82,186,0.0137,0.0199,1
359,dc32b850e6a19f47,,gbfs,{},pdb,"{""pdb_dir"": ""../phase1_data_generation/data/pdbs""}",42.00,1,solved,60,,67,206,68,140,0.0118,0.0169,1
360,e297f0658cd4a31b,,gbfs,{},pdb,"{""pdb_dir"": ""../phase1_data_generation/data/pdbs""}",38.00,1,solved,88,,234,744,235,509,0.0414,0.0599,1
361,6d8791fce4a320b5,,gbfs,{},pdb,"{""pdb_dir"": ""../phase1_data_generation/data/pdbs""}",42.00,1,solved,46,,56,189,57,134,0.0101,0.0144,1
362,b4fce2687d05a319,,gbfs,{},pdb,"{""pdb_dir"": ""../phase1_data_generation/data/pdbs""}",30.00,1,solved,84,,184,608,181,411,0.0310,0.0452,1
363,7e25cbd09a8436f1,,gbfs,{},pdb,"{""pdb_dir"": ""../phase1_data_generation/data/pdbs""}",38.00,1,solved,118,,254,830,255,575,0.0432,0.0629,1
364,eadf473c510b2698,,gbfs,{},pdb,"{""pdb_dir"": ""../phase1_data_generation/data/pdbs""}",40.00,1,solved,60,,72,230,73,159,0.0124,0.0179,1
365,785debf93c06a214,,gbfs,{},pdb,"{""pdb_dir"": ""../phase1_data_generation/data/pdbs""}",30.00,1,solved,76,,208,677,209,466,0.0356,0.0518,1
366,721a30896eb45fdc,,gbfs,{},pdb,"{""pdb_dir"": ""../phase1_data_generation/data/pdbs""}",48.00,1,solved,94,,171,533,172,361,0.0305,0.0441,1
367,7eb536cd0149af82,,gbfs,{},pdb,"{""pdb_dir"": ""../phase1_data_generation/data/pdbs""}",36.00,1,solved,82,,209,668,210,459,0.0368,0.0531,1
368,0d29fa81c5473eb6,,gbfs,{},pdb,"{""pdb_dir"": ""../phase1_data_generation/data/pdbs""}",42.00,1,solved,86,,143,458,143,315,0.0252,0.0370,1
369,9438ebdca5f16072,,gbfs,{},pdb,"{""pdb_dir"": ""../phase1_data_generation/data/pdbs""}",40.00,1,solved,60,,96,311,97,215,0.0166,0.0241,1
370,3fbe6819572ad4c0,,gbfs,{},pdb,"{""pdb_dir"": ""../phase1_data_generation/data/pdbs""}",42.00,1,solved,124,,310,980,310,668,0.0552,0.0800,1
371,dfc8a095712e36b4,,gbfs,{},pdb,"{""pdb_dir"": ""../phase1_data_generation/data/pdbs""}",26.00,1,solved,86,,188,606,189,419,0.0331,0.0479,1
372,d859aec23b67f041,,gbfs,{},pdb,"{""pdb_dir"": ""../phase1_data_generation/data/pdbs""}",38.00,1,solved,96,,328,1035,320,685,0.0562,0.0821,1
373,ce687f3402b1a5d9,,gbfs,{},pdb,"{""pdb_dir"": ""../phase1_data_generation/data/pdbs""}",36.00,1,solved,56,,90,287,91,198,0.0161,0.0232,1
374,2eb8795ac10d36f4,,gbfs,{},pdb,"{""pdb_dir"": ""../phase1_data_generation/data/pdbs""}",36.00,1,solved,44,,51,167,52,117,0.0095,0.0136,1
375,82fcb09e135764ad,,gbfs,{},pdb,"{""pdb_dir"": ""../phase1_data_generation/data/pdbs""}",38.00,1,solved,110,,322,1029,289,633,0.0523,0.0779,1
376,8f51da6379bc24e0,,gbfs,{},pdb,"{""pdb_dir"": ""../phase1_data_generation/data/pdbs""}",44.00,1,solved,162,,346,1091,344,731,0.0629,0.0910,1
377,fec5a21609d3b748,,gbfs,{},pdb,"{""pdb_dir"": ""../phase1_data_generation/data/pdbs""}",28.00,1,solved,52,,196,626,196,426,0.0351,0.0508,1
378,bd837f956ca1402e,,gbfs,{},pdb,"{""pdb_dir"": ""../phase1_data_generation/data/pdbs""}",42.00,1,solved,68,,126,394,127,269,0.0231,0.0333,1
379,6de7c085f1b293a4,,gbfs,{},pdb,"{""pdb_dir"": ""../phase1_data_generation/data/pdbs""}",42.00,1,solved,122,,275,855,276,580,0.0496,0.0719,1
380,86c1fde4b9357a20,,gbfs,{},pdb,"{""pdb_dir"": ""../phase1_data_generation/data/pdbs""}",34.00,1,solved,64,,91,300,92,210,0.0161,0.0233,1
381,af2ce9b806d45173,,gbfs,{},pdb,"{""pdb_dir"": ""../phase1_data_generation/data/pdbs""}",36.00,1,solved,80,,109,363,110,255,0.0191,0.0277,1
382,6bdca09e4f351728,,gbfs,{},pdb,"{""pdb_dir"": ""../phase1_data_generation/data/pdbs""}",36.00,1,solved,56,,76,244,77,169,0.0137,0.0197,1
383,ef786ab19405c32d,,gbfs,{},pdb,"{""pdb_dir"": ""../phase1_data_generation/data/pdbs""}",42.00,1,solved,124,,514,1638,449,966,0.0803,0.1207,1
384,6ca9bdf4021e7358,,gbfs,{},pdb,"{""pdb_dir"": ""../phase1_data_generation/data/pdbs""}",34.00,1,solved,66,,89,285,90,197,0.0164,0.0236,1
385,4f0a31ed78c96b52,,gbfs,{},pdb,"{""pdb_dir"": ""../phase1_data_generation/data/pdbs""}",40.00,1,solved,50,,60,195,61,136,0.0107,0.0154,1
386,591afe680bd43c72,,gbfs,{},pdb,"{""pdb_dir"": ""../phase1_data_generation/data/pdbs""}",38.00,1,solved,120,,445,1413,417,904,0.0752,0.1109,1
387,fe8d2b40a6c93571,,gbfs,{},pdb,"{""pdb_dir"": ""../phase1_data_generation/data/pdbs""}",24.00,1,solved,44,,75,239,76,165,0.0138,0.0198,1
388,ea086b5f394712dc,,gbfs,{},pdb,"{""pdb_dir"": ""../phase1_data_generation/data/pdbs""}",38.00,1,solved,96,,272,861,273,582,0.0495,0.0717,1
389,f39c6a75ed0b2841,,gbfs,{},pdb,"{""pdb_dir"": ""../phase1_data_generation/data/pdbs""}",36.00,1,solved,80,,114,367,115,254,0.0202,0.0292,1
390,a65f2d7c13e9b048,,gbfs,{},pdb,"{""pdb_dir"": ""../phase1_data_generation/data/pdbs""}",34.00,1,solved,60,,94,307,95,214,0.0166,0.0239,1
391,5c3a20bef918d467,,gbfs,{},pdb,"{""pdb_dir"": ""../phase1_data_generation/data/pdbs""}",48.00,1,solved,124,,221,737,208,481,0.0363,0.0536,1
392,69d12f50bec3a748,,gbfs,{},pdb,"{""pdb_dir"": ""../phase1_data_generation/data/pdbs""}",38.00,1,solved,74,,100,314,101,215,0.0183,0.0264,1
393,f69cb1372a8ed045,,gbfs,{},pdb,"{""pdb_dir"": ""../phase1_data_generation/data/pdbs""}",36.00,1,solved,120,,299,957,290,631,0.0515,0.0753,1
394,fade7865140c93b2,,gbfs,{},pdb,"{""pdb_dir"": ""../phase1_data_generation/data/pdbs""}",34.00,1,solved,88,,156,515,157,359,0.0276,0.0400,1
395,dbfc354806a9e217,,gbfs,{},pdb,"{""pdb_dir"": ""../phase1_data_generation/data/pdbs""}",36.00,1,solved,68,,115,364,116,250,0.0206,0.0297,1
396,f2a467db59ec3081,,gbfs,{},pdb,"{""pdb_dir"": ""../phase1_data_generation/data/pdbs""}",34.00,1,solved,72,,115,375,116,261,0.0204,0.0294,1
397,b4fd503a2c89e671,,gbfs,{},pdb,"{""pdb_dir"": ""../phase1_data_generation/data/pdbs""}",44.00,1,solved,66,,126,400,127,274,0.0228,0.0331,1
398,adcf3e482609751b,,gbfs,{},pdb,"{""pdb_dir"": ""../phase1_data_generation/data/pdbs""}",36.00,1,solved,138,,454,1465,421,934,0.0757,0.1119,1
399,719fb5e0ca34d268,,gbfs,{},pdb,"{""pdb_dir"": ""../phase1_data_generation/data/pdbs""}",44.00,1,solved,132,,559,1815,537,1180,0.0993,0.1464,1
400,6d03249f5e18ca7b,,gbfs,{},pdb,"{""pdb_dir"": ""../phase1_data_generation/data/pdbs""}",54.00,1,solved,164,,419,1313,420,889,0.0730,0.1059,1
401,bd146f235c0e8a79,,gbfs,{},pdb,"{""pdb_dir"": ""../phase1_data_generation/data/pdbs""}",48.00,1,solved,88,,138,457,139,320,0.0234,0.0341,1
402,984731e0fa2cb6d5,,gbfs,{},pdb,"{""pdb_dir"": ""../phase1_data_generation/data/pdbs""}",44.00,1,solved,110,,260,830,261,569,0.0464,0.0670,1
403,4b0d6ae2fc913785,,gbfs,{},pdb,"{""pdb_dir"": ""../phase1_data_generation/data/pdbs""}",38.00,1,solved,92,,145,483,146,337,0.0255,0.0368,1
404,c4865d9ef102b3a7,,gbfs,{},pdb,"{""pdb_dir"": ""../phase1_data_generation/data/pdbs""}",44.00,1,solved,80,,117,380,118,264,0.0203,0.0294,1
405,1fbed6c90345a728,,gbfs,{},pdb,"{""pdb_dir"": ""../phase1_data_generation/data/pdbs""}",36.00,1,solved,110,,202,645,203,441,0.0354,0.0514,1
406,03fb29ea81765c4d,,gbfs,{},pdb,"{""pdb_dir"": ""../phase1_data_generation/data/pdbs""}",48.00,1,solved,62,,73,236,74,164,0.0131,0.0190,1
407,d60cf79e24b83a51,,gbfs,{},pdb,"{""pdb_dir"": ""../phase1_data_generation/data/pdbs""}",26.00,1,solved,116,,576,1823,577,1243,0.1016,0.1474,1
408,5d93aeb0728f61c4,,gbfs,{},pdb,"{""pdb_dir"": ""../phase1_data_generation/data/pdbs""}",44.00,1,solved,100,,354,1124,326,707,0.0586,0.0868,1
409,3e5f60ad28c9b741,,gbfs,{},pdb,"{""pdb_dir"": ""../phase1_data_generation/data/pdbs""}",36.00,1,solved,68,,90,301,91,212,0.0158,0.0228,1
410,5a0e87cf4923b6d1,,gbfs,{},pdb,"{""pdb_dir"": ""../phase1_data_generation/data/pdbs""}",44.00,1,solved,138,,238,753,237,514,0.0407,0.0593,1
411,cbf940e827563ad1,,gbfs,{},pdb,"{""pdb_dir"": ""../phase1_data_generation/data/pdbs""}",36.00,1,solved,44,,48,160,49,113,0.0083,0.0119,1
412,fa2d3198b70c65e4,,gbfs,{},pdb,"{""pdb_dir"": ""../phase1_data_generation/data/pdbs""}",36.00,1,solved,94,,339,1085,316,695,0.0539,0.0799,1
413,5a4cde82b713609f,,gbfs,{},pdb,"{""pdb_dir"": ""../phase1_data_generation/data/pdbs""}",44.00,1,solved,74,,210,655,200,423,0.0340,0.0501,1
414,e91d5f80b2a4736c,,gbfs,{},pdb,"{""pdb_dir"": ""../phase1_data_generation/data/pdbs""}",30.00,1,solved,74,,190,602,191,412,0.0318,0.0462,1
415,753819cb2a0d6e4f,,gbfs,{},pdb,"{""pdb_dir"": ""../phase1_data_generation/data/pdbs""}",46.00,1,solved,90,,139,439,140,301,0.0232,0.0336,1
416,a6097bf14c3d285e,,gbfs,{},pdb,"{""pdb_dir"": ""../phase1_data_generation/data/pdbs""}",44.00,1,solved,108,,345,1105,344,751,0.0579,0.0844,1
417,740e3dcb89f12a65,,gbfs,{},pdb,"{""pdb_dir"": ""../phase1_data_generation/data/pdbs""}",40.00,1,solved,80,,119,395,120,277,0.0206,0.0301,1
418,2ec8d5af079634b1,,gbfs,{},pdb,"{""pdb_dir"": ""../phase1_data_generation/data/pdbs""}",34.00,1,solved,90,,180,574,181,395,0.0315,0.0456,1
419,0f48e6ac719d3b52,,gbfs,{},pdb,"{""pdb_dir"": ""../phase1_data_generation/data/pdbs""}",32.00,1,solved,106,,365,1157,338,727,0.0573,0.0852,1
420,e95d1ac2f80467b3,,gbfs,{},pdb,"{""pdb_dir"": ""../phase1_data_generation/data/pdbs""}",34.00,1,solved,74,,134,437,133,301,0.0226,0.0330,1
421,0e91f6d8b4c5732a,,gbfs,{},pdb,"{""pdb_dir"": ""../phase1_data_generation/data/pdbs""}",32.00,1,solved,42,,125,395,126,266,0.0221,0.0319,1
422,2fb576ea084d3c19,,gbfs,{},pdb,"{""pdb_dir"": ""../phase1_data_generation/data/pdbs""}",38.00,1,solved,84,,273,873,240,527,0.0432,0.0650,1
423,efc1bad482037596,,gbfs,{},pdb,"{""pdb_dir"": ""../phase1_data_generation/data/pdbs""}",38.00,1,solved,62,,78,250,79,173,0.0140,0.0201,1
424,bf873e10a5942dc6,,gbfs,{},pdb,"{""pdb_dir"": ""../phase1_data_generation/data/pdbs""}",36.00,1,solved,72,,216,684,216,464,0.0388,0.0561,1
425,7f0d6e89ba3c1245,,gbfs,{},pdb,"{""pdb_dir"": ""../phase1_data_generation/data/pdbs""}",30.00,1,solved,130,,272,877,272,602,0.0479,0.0693,1
426,b9f75ed342ac6180,,gbfs,{},pdb,"{""pdb_dir"": ""../phase1_data_generation/data/pdbs""}",42.00,1,solved,102,,439,1384,424,905,0.0750,0.1094,1
427,b91c7820eaf4365d,,gbfs,{},pdb,"{""pdb_dir"": ""../phase1_data_generation/data/pdbs""}",36.00,1,solved,84,,191,612,192,422,0.0343,0.0496,1
428,d812ec37f4ba9650,,gbfs,{},pdb,"{""pdb_dir"": ""../phase1_data_generation/data/pdbs""}",48.00,1,solved,106,,210,674,211,465,0.0378,0.0548,1
429,2f69c0e47b81a3d5,,gbfs,{},pdb,"{""pdb_dir"": ""../phase1_data_generation/data/pdbs""}",34.00,1,solved,110,,331,1070,298,664,0.0529,0.0787,1
430,6a52b0789ce4f3d1,,gbfs,{},pdb,"{""pdb_dir"": ""../phase1_data_generation/data/pdbs""}",44.00,1,solved,122,,341,1091,308,676,0.0542,0.0805,1
431,e8dc26147f0593ab,,gbfs,{},pdb,"{""pdb_dir"": ""../phase1_data_generation/data/pdbs""}",36.00,1,solved,84,,153,492,154,340,0.0272,0.0391,1
432,0b3c845da97162ef,,gbfs,{},pdb,"{""pdb_dir"": ""../phase1_data_generation/data/pdbs""}",44.00,1,solved,138,,264,843,265,580,0.0471,0.0682,1
433,dfe240ac9813b756,,gbfs,{},pdb,"{""pdb_dir"": ""../phase1_data_generation/data/pdbs""}",42.00,1,solved,94,,147,499,148,351,0.0259,0.0374,1
434,1b4965df87a2ec30,,gbfs,{},pdb,"{""pdb_dir"": ""../phase1_data_generation/data/pdbs""}",50.00,1,solved,120,,194,629,195,435,0.0350,0.0505,1
435,b3a59812e6c4fd70,,gbfs,{},pdb,"{""pdb_dir"": ""../phase1_data_generation/data/pdbs""}",44.00,1,solved,116,,224,707,225,484,0.0390,0.0564,1
436,7acb35e92df61048,,gbfs,{},pdb,"{""pdb_dir"": ""../phase1_data_generation/data/pdbs""}",36.00,1,solved,50,,64,206,65,143,0.0116,0.0167,1
437,85fc4031b92d6a7e,,gbfs,{},pdb,"{""pdb_dir"": ""../phase1_data_generation/data/pdbs""}",46.00,1,solved,82,,130,421,131,290,0.0227,0.0327,1
438,780acdb5e94126f3,,gbfs,{},pdb,"{""pdb_dir"": ""../phase1_data_generation/data/pdbs""}",42.00,1,solved,102,,317,991,293,618,0.0508,0.0749,1
439,08d12bac7e39654f,,gbfs,{},pdb,"{""pdb_dir"": ""../phase1_data_generation/data/pdbs""}",42.00,1,solved,80,,136,435,137,300,0.0237,0.0340,1
440,1f08d3e7245cab96,,gbfs,{},pdb,"{""pdb_dir"": ""../phase1_data_generation/data/pdbs""}",42.00,1,solved,110,,227,720,228,493,0.0396,0.0571,1
441,6e8cad970b52f314,,gbfs,{},pdb,"{""pdb_dir"": ""../phase1_data_generation/data/pdbs""}",30.00,1,solved,44,,66,215,67,150,0.0114,0.0164,1
442,0cb861d54723af9e,,gbfs,{},pdb,"{""pdb_dir"": ""../phase1_data_generation/data/pdbs""}",46.00,1,solved,122,,304,947,305,643,0.0539,0.0779,1
443,bf6ea5207d4c3819,,gbfs,{},pdb,"{""pdb_dir"": ""../phase1_data_generation/data/pdbs""}",30.00,1,solved,66,,93,318,94,226,0.0165,0.0238,1
444,37bae04c85f1d692,,gbfs,{},pdb,"{""pdb_dir"": ""../phase1_data_generation/data/pdbs""}",42.00,1,solved,64,,74,240,75,167,0.0132,0.0190,1
445,f9c8abe67d453210,,gbfs,{},pdb,"{""pdb_dir"": ""../phase1_data_generation/data/pdbs""}",24.00,1,solved,44,,198,624,183,393,0.0326,0.0480,1
446,f65eb274839dc01a,,gbfs,{},pdb,"{""pdb_dir"": ""../phase1_data_generation/data/pdbs""}",40.00,1,solved,98,,300,955,277,603,0.0500,0.0740,1
447,a8ed6bf9345c7021,,gbfs,{},pdb,"{""pdb_dir"": ""../phase1_data_generation/data/pdbs""}",32.00,1,solved,56,,121,387,122,266,0.0217,0.0313,1
448,d672e3195f0cab48,,gbfs,{},pdb,"{""pdb_dir"": ""../phase1_data_generation/data/pdbs""}",44.00,1,solved,64,,92,296,93,205,0.0168,0.0243,1
449,e6fd294c0b58713a,,gbfs,{},pdb,"{""pdb_dir"": ""../phase1_data_generation/data/pdbs""}",32.00,1,solved,90,,378,1180,350,740,0.0630,0.0930,1
450,7eb4235c0a8f1d69,,gbfs,{},pdb,"{""pdb_dir"": ""../phase1_data_generation/data/pdbs""}",38.00,1,solved,84,,179,590,179,411,0.0321,0.0465,1
451,dfe8601954c2ba37,,gbfs,{},pdb,"{""pdb_dir"": ""../phase1_data_generation/data/pdbs""}",40.00,1,solved,116,,341,1088,336,731,0.0606,0.0880,1
452,ae1c90d8b5f26734,,gbfs,{},pdb,"{""pdb_dir"": ""../phase1_data_generation/data/pdbs""}",30.00,1,solved,94,,406,1266,382,804,0.0683,0.1004,1
453,af6850bd34c271e9,,gbfs,{},pdb,"{""pdb_dir"": ""../phase1_data_generation/data/pdbs""}",42.00,1,solved,92,,159,516,160,358,0.0285,0.0411,1
454,ea56fbdc73814920,,gbfs,{},pdb,"{""pdb_dir"": ""../phase1_data_generation/data/pdbs""}",34.00,1,solved,84,,207,672,208,464,0.0369,0.0537,1
455,b87c3a940d6521ef,,gbfs,{},pdb,"{""pdb_dir"": ""../phase1_data_generation/data/pdbs""}",40.00,1,solved,80,,125,411,126,287,0.0224,0.0323,1
456,d3ba92807e1cf456,,gbfs,{},pdb,"{""pdb_dir"": ""../phase1_data_generation/data/pdbs""}",44.00,1,solved,80,,133,428,134,296,0.0242,0.0348,1
457,138d4f7905ec6b2a,,gbfs,{},pdb,"{""pdb_dir"": ""../phase1_data_generation/data/pdbs""}",44.00,1,solved,64,,80,258,81,179,0.0143,0.0207,1
458,a526103d7b9ec4f8,,gbfs,{},pdb,"{""pdb_dir"": ""../phase1_data_generation/data/pdbs""}",50.00,1,solved,106,,190,608,191,418,0.0339,0.0490,1
459,8651c790e2bdfa43,,gbfs,{},pdb,"{""pdb_dir"": ""../phase1_data_generation/data/pdbs""}",46.00,1,solved,92,,202,636,203,434,0.0361,0.0521,1
460,9a07ce146bd8f352,,gbfs,{},pdb,"{""pdb_dir"": ""../phase1_data_generation/data/pdbs""}",40.00,1,solved,86,,341,1070,294,624,0.0524,0.0790,1
461,7bfce34da6912850,,gbfs,{},pdb,"{""pdb_dir"": ""../phase1_data_generation/data/pdbs""}",30.00,1,solved,74,,127,415,128,288,0.0226,0.0327,1
462,ef25ca789b1d3046,,gbfs,{},pdb,"{""pdb_dir"": ""../phase1_data_generation/data/pdbs""}",40.00,1,solved,104,,195,640,196,445,0.0346,0.0501,1
463,a2d4b9ef370c1658,,gbfs,{},pdb,"{""pdb_dir"": ""../phase1_data_generation/data/pdbs""}",36.00,1,solved,116,,208,684,209,474,0.0369,0.0533,1
464,a76280c4f9d5be13,,gbfs,{},pdb,"{""pdb_dir"": ""../phase1_data_generation/data/pdbs""}",46.00,1,solved,140,,472,1513,425,931,0.0756,0.1129,1
465,8a6e4fd1037529bc,,gbfs,{},pdb,"{""pdb_dir"": ""../phase1_data_generation/data/pdbs""}",42.00,1,solved,148,,475,1512,455,983,0.0826,0.1210,1
466,a8fd3c541e27b069,,gbfs,{},pdb,"{""pdb_dir"": ""../phase1_data_generation/data/pdbs""}",40.00,1,solved,78,,273,854,250,530,0.0450,0.0665,1
467,fd9cb568ea713420,,gbfs,{},pdb,"{""pdb_dir"": ""../phase1_data_generation/data/pdbs""}",24.00,1,solved,38,,57,182,58,126,0.0102,0.0146,1
468,b2e930f875cd61a4,,gbfs,{},pdb,"{""pdb_dir"": ""../phase1_data_generation/data/pdbs""}",38.00,1,solved,62,,104,330,105,227,0.0186,0.0268,1
469,ac7910fdeb583462,,gbfs,{},pdb,"{""pdb_dir"": ""../phase1_data_generation/data/pdbs""}",36.00,1,solved,62,,249,781,225,477,0.0398,0.0590,1
470,746dbfc0519e3a82,,gbfs,{},pdb,"{""pdb_dir"": ""../phase1_data_generation/data/pdbs""}",36.00,1,solved,98,,190,610,191,421,0.0347,0.0501,1
471,07bd65842caf39e1,,gbfs,{},pdb,"{""pdb_dir"": ""../phase1_data_generation/data/pdbs""}",38.00,1,solved,56,,108,345,109,238,0.0198,0.0285,1
472,830c5db172fe694a,,gbfs,{},pdb,"{""pdb_dir"": ""../phase1_data_generation/data/pdbs""}",44.00,1,solved,60,,102,326,103,225,0.0187,0.0270,1
473,2ac8f13e94db7065,,gbfs,{},pdb,"{""pdb_dir"": ""../phase1_data_generation/data/pdbs""}",38.00,1,solved,52,,201,634,196,420,0.0347,0.0504,1
474,6b1ce0df59a23487,,gbfs,{},pdb,"{""pdb_dir"": ""../phase1_data_generation/data/pdbs""}",38.00,1,solved,100,,294,961,259,590,0.0457,0.0687,1
475,bd8cfe713605924a,,gbfs,{},pdb,"{""pdb_dir"": ""../phase1_data_generation/data/pdbs""}",32.00,1,solved,140,,477,1519,430,931,0.0766,0.1143,1
476,6a3d5bfe940c8271,,gbfs,{},pdb,"{""pdb_dir"": ""../phase1_data_generation/data/pdbs""}",44.00,1,solved,68,,97,315,98,219,0.0174,0.0254,1
477,53bced89fa162740,,gbfs,{},pdb,"{""pdb_dir"": ""../phase1_data_generation/data/pdbs""}",30.00,1,solved,52,,72,237,73,166,0.0129,0.0185,1
478,6e5b2f907841ca3d,,gbfs,{},pdb,"{""pdb_dir"": ""../phase1_data_generation/data/pdbs""}",44.00,1,solved,132,,309,991,296,651,0.0508,0.0748,1
479,3f649d8a0b1c2e75,,gbfs,{},pdb,"{""pdb_dir"": ""../phase1_data_generation/data/pdbs""}",38.00,1,solved,68,,92,295,93,203,0.0163,0.0235,1
480,e8519ca6f40d3b72,,gbfs,{},pdb,"{""pdb_dir"": ""../phase1_data_generation/data/pdbs""}",38.00,1,solved,90,,266,854,267,586,0.0472,0.0689,1
481,ec81a025f7bd4693,,gbfs,{},pdb,"{""pdb_dir"": ""../phase1_data_generation/data/pdbs""}",40.00,1,solved,114,,223,717,224,493,0.0393,0.0571,1
482,8fe9d56174acb023,,gbfs,{},pdb,"{""pdb_dir"": ""../phase1_data_generation/data/pdbs""}",40.00,1,solved,122,,326,1026,327,698,0.0565,0.0820,1
483,bf9de47c3601a582,,gbfs,{},pdb,"{""pdb_dir"": ""../phase1_data_generation/data/pdbs""}",30.00,1,solved,90,,268,844,269,576,0.0473,0.0684,1
484,d5c4e182b907f63a,,gbfs,{},pdb,"{""pdb_dir"": ""../phase1_data_generation/data/pdbs""}",40.00,1,solved,76,,137,432,138,296,0.0246,0.0355,1
485,a602581dbc937ef4,,gbfs,{},pdb,"{""pdb_dir"": ""../phase1_data_generation/data/pdbs""}",44.00,1,solved,112,,248,805,244,543,0.0444,0.0645,1
486,c47930d2b816fae5,,gbfs,{},pdb,"{""pdb_dir"": ""../phase1_data_generation/data/pdbs""}",48.00,1,solved,104,,196,614,197,418,0.0350,0.0505,1
487,3b0de89f15c472a6,,gbfs,{},pdb,"{""pdb_dir"": ""../phase1_data_generation/data/pdbs""}",42.00,1,solved,96,,225,727,226,502,0.0405,0.0587,1
488,140cbaf9e6853d27,,gbfs,{},pdb,"{""pdb_dir"": ""../phase1_data_generation/data/pdbs""}",40.00,1,solved,108,,217,713,218,496,0.0393,0.0569,1
489,3e2586cdba714f90,,gbfs,{},pdb,"{""pdb_dir"": ""../phase1_data_generation/data/pdbs""}",42.00,1,solved,102,,218,689,219,471,0.0400,0.0579,1
490,06d9bc2af71e3854,,gbfs,{},pdb,"{""pdb_dir"": ""../phase1_data_generation/data/pdbs""}",36.00,1,solved,108,,242,793,243,550,0.0437,0.0635,1
491,6ef9b4ca0d138572,,gbfs,{},pdb,"{""pdb_dir"": ""../phase1_data_generation/data/pdbs""}",42.00,1,solved,60,,72,230,73,159,0.0134,0.0194,1
492,a86be5fc413927d0,,gbfs,{},pdb,"{""pdb_dir"": ""../phase1_data_generation/data/pdbs""}",44.00,1,solved,118,,177,583,178,407,0.0319,0.0463,1
493,fde9304276ac581b,,gbfs,{},pdb,"{""pdb_dir"": ""../phase1_data_generation/data/pdbs""}",36.00,1,solved,82,,370,1163,342,731,0.0624,0.0921,1
494,3fd9a16042c85eb7,,gbfs,{},pdb,"{""pdb_dir"": ""../phase1_data_generation/data/pdbs""}",40.00,1,solved,118,,249,808,250,558,0.0453,0.0655,1
495,e2c8f150b937a64d,,gbfs,{},pdb,"{""pdb_dir"": ""../phase1_data_generation/data/pdbs""}",32.00,1,solved,118,,440,1399,406,881,0.0736,0.1087,1
496,f90e2b761a8d3c54,,gbfs,{},pdb,"{""pdb_dir"": ""../phase1_data_generation/data/pdbs""}",34.00,1,solved,74,,121,386,122,266,0.0221,0.0319,1
497,f79d2bce3605184a,,gbfs,{},pdb,"{""pdb_dir"": ""../phase1_data_generation/data/pdbs""}",34.00,1,solved,68,,434,1373,392,835,0.0713,0.1060,1
498,28d17eb90fac6345,,gbfs,{},pdb,"{""pdb_dir"": ""../phase1_data_generation/data/pdbs""}",38.00,1,solved,54,,68,223,68,155,0.0123,0.0178,1
499,a7edfb60189c2534,,gbfs,{},pdb,"{""pdb_dir"": ""../phase1_data_generation/data/pdbs""}",30.00,1,solved,52,,79,255,80,177,0.0145,0.0209,1
500,de5a6fc03241789b,,gbfs,{},pdb,"{""pdb_dir"": ""../phase1_data_generation/data/pdbs""}",36.00,1,solved,52,,56,184,57,129,0.0104,0.0149,1
501,6281cfe94d05ba73,,gbfs,{},pdb,"{""pdb_dir"": ""../phase1_data_generation/data/pdbs""}",44.00,1,solved,60,,65,208,66,144,0.0120,0.0172,1
502,2b8ef0d597a6431c,,gbfs,{},pdb,"{""pdb_dir"": ""../phase1_data_generation/data/pdbs""}",40.00,1,solved,82,,163,520,164,358,0.0298,0.0430,1
503,1f694d8e5b2c70a3,,gbfs,{},pdb,"{""pdb_dir"": ""../phase1_data_generation/data/pdbs""}",42.00,1,solved,140,,266,844,267,578,0.0484,0.0699,1
504,7ca5f06e3d19b428,,gbfs,{},pdb,"{""pdb_dir"": ""../phase1_data_generation/data/pdbs""}",36.00,1,solved,78,,166,549,158,363,0.0285,0.0418,1
505,736cb58d1e49a2f0,,gbfs,{},pdb,"{""pdb_dir"": ""../phase1_data_generation/data/pdbs""}",40.00,1,solved,118,,326,1045,327,717,0.0591,0.0855,1
506,01d2afc8eb357649,,gbfs,{},pdb,"{""pdb_dir"": ""../phase1_data_generation/data/pdbs""}",36.00,1,solved,42,,44,142,45,99,0.0081,0.0117,1
507,586ecf91ab2743d0,,gbfs,{},pdb,"{""pdb_dir"": ""../phase1_data_generation/data/pdbs""}",46.00,1,solved,82,,110,349,111,240,0.0202,0.0291,1
508,5f8ce740b2d6a139,,gbfs,{},pdb,"{""pdb_dir"": ""../phase1_data_generation/data/pdbs""}",40.00,1,solved,76,,123,403,124,280,0.0218,0.0315,1
509,68dc7e51f39ab042,,gbfs,{},pdb,"{""pdb_dir"": ""../phase1_data_generation/data/pdbs""}",32.00,1,solved,64,,491,1560,377,806,0.0674,0.1054,1
510,eafc7928b50d3146,,gbfs,{},pdb,"{""pdb_dir"": ""../phase1_data_generation/data/pdbs""}",28.00,1,solved,48,,69,232,70,164,0.0123,0.0178,1
511,aeb8dc4079516f32,,gbfs,{},pdb,"{""pdb_dir"": ""../phase1_data_generation/data/pdbs""}",34.00,1,solved,86,,179,575,180,396,0.0317,0.0459,1
512,4c7eb5893fda1260,,gbfs,{},pdb,"{""pdb_dir"": ""../phase1_data_generation/data/pdbs""}",44.00,1,solved,72,,87,269,88,183,0.0161,0.0232,1
513,4af91c20b8ed7653,,gbfs,{},pdb,"{""pdb_dir"": ""../phase1_data_generation/data/pdbs""}",42.00,1,solved,70,,101,329,102,229,0.0187,0.0270,1
514,fa8b29ec16045d37,,gbfs,{},pdb,"{""pdb_dir"": ""../phase1_data_generation/data/pdbs""}",42.00,1,solved,90,,183,584,184,402,0.0337,0.0486,1
515,fad1e95c376840b2,,gbfs,{},pdb,"{""pdb_dir"": ""../phase1_data_generation/data/pdbs""}",32.00,1,solved,100,,265,858,266,593,0.0501,0.0726,1
516,ce0f7a9d8614b352,,gbfs,{},pdb,"{""pdb_dir"": ""../phase1_data_generation/data/pdbs""}",36.00,1,solved,102,,206,666,207,460,0.0371,0.0537,1
517,f7d8519c03a6b2e4,,gbfs,{},pdb,"{""pdb_dir"": ""../phase1_data_generation/data/pdbs""}",34.00,1,solved,54,,168,529,157,326,0.0288,0.0423,1
518,7e0386c9a2f5d41b,,gbfs,{},pdb,"{""pdb_dir"": ""../phase1_data_generation/data/pdbs""}",50.00,1,solved,82,,105,363,106,259,0.0190,0.0276,1
519,5df8391ac204e7b6,,gbfs,{},pdb,"{""pdb_dir"": ""../phase1_data_generation/data/pdbs""}",42.00,1,solved,74,,115,371,116,257,0.0213,0.0307,1
520,e79fbda5c3186042,,gbfs,{},pdb,"{""pdb_dir"": ""../phase1_data_generation/data/pdbs""}",40.00,1,solved,84,,376,1184,348,742,0.0626,0.0922,1
521,dac6f5890241be73,,gbfs,{},pdb,"{""pdb_dir"": ""../phase1_data_generation/data/pdbs""}",34.00,1,solved,78,,169,530,170,361,0.0301,0.0433,1
522,c63ab2f01e94d758,,gbfs,{},pdb,"{""pdb_dir"": ""../phase1_data_generation/data/pdbs""}",42.00,1,solved,88,,116,361,117,246,0.0204,0.0294,1
523,bd97e8f0a61c5432,,gbfs,{},pdb,"{""pdb_dir"": ""../phase1_data_generation/data/pdbs""}",40.00,1,solved,148,,454,1435,447,956,0.0770,0.1120,1
524,562b10e8fdc4a379,,gbfs,{},pdb,"{""pdb_dir"": ""../phase1_data_generation/data/pdbs""}",42.00,1,solved,112,,335,1071,302,662,0.0539,0.0804,1
525,f1de89bc056473a2,,gbfs,{},pdb,"{""pdb_dir"": ""../phase1_data_generation/data/pdbs""}",32.00,1,solved,88,,204,648,205,445,0.0360,0.0519,1
526,610f7ecb59d34a28,,gbfs,{},pdb,"{""pdb_dir"": ""../phase1_data_generation/data/pdbs""}",42.00,1,solved,134,,204,659,205,456,0.0345,0.0500,1
527,12bdc7ef0598a643,,gbfs,{},pdb,"{""pdb_dir"": ""../phase1_data_generation/data/pdbs""}",48.00,1,solved,132,,331,1056,332,724,0.0561,0.0814,1
528,9a78f154bc02de63,,gbfs,{},pdb,"{""pdb_dir"": ""../phase1_data_generation/data/pdbs""}",46.00,1,solved,90,,162,517,163,356,0.0276,0.0399,1
529,efac175b620d3894,,gbfs,{},pdb,"{""pdb_dir"": ""../phase1_data_generation/data/pdbs""}",34.00,1,solved,204,,517,1658,517,1135,0.0893,0.1297,1
530,29dcb075fa463e81,,gbfs,{},pdb,"{""pdb_dir"": ""../phase1_data_generation/data/pdbs""}",36.00,1,solved,68,,98,315,99,218,0.0171,0.0248,1
531,f3e6d2ac1789b054,,gbfs,{},pdb,"{""pdb_dir"": ""../phase1_data_generation/data/pdbs""}",34.00,1,solved,94,,194,624,195,429,0.0342,0.0498,1
532,b7e5f8a103cd6429,,gbfs,{},pdb,"{""pdb_dir"": ""../phase1_data_generation/data/pdbs""}",38.00,1,solved,88,,204,650,204,443,0.0345,0.0499,1
533,be6cfda184073925,,gbfs,{},pdb,"{""pdb_dir"": ""../phase1_data_generation/data/pdbs""}",36.00,1,solved,102,,319,1034,286,642,0.0491,0.0739,1
534,c905b1edaf647283,,gbfs,{},pdb,"{""pdb_dir"": ""../phase1_data_generation/data/pdbs""}",38.00,1,solved,62,,96,304,97,209,0.0173,0.0249,1
535,e7b8c610afd53492,,gbfs,{},pdb,"{""pdb_dir"": ""../phase1_data_generation/data/pdbs""}",36.00,1,solved,68,,130,425,131,296,0.0229,0.0337,1
536,b7c89d6023541fea,,gbfs,{},pdb,"{""pdb_dir"": ""../phase1_data_generation/data/pdbs""}",34.00,1,solved,90,,261,819,251,532,0.0434,0.0637,1
537,f689db4ca721e053,,gbfs,{},pdb,"{""pdb_dir"": ""../phase1_data_generation/data/pdbs""}",38.00,1,solved,142,,533,1716,500,1101,0.0867,0.1284,1
538,7468b9edf102a35c,,gbfs,{},pdb,"{""pdb_dir"": ""../phase1_data_generation/data/pdbs""}",42.00,1,solved,108,,333,1087,334,752,0.0570,0.0827,1
539,75dce9a6b103f428,,gbfs,{},pdb,"{""pdb_dir"": ""../phase1_data_generation/data/pdbs""}",38.00,1,solved,138,,656,2120,655,1444,0.1150,0.1674,1
540,06e4f5812b37d9ca,,gbfs,{},pdb,"{""pdb_dir"": ""../phase1_data_generation/data/pdbs""}",42.00,1,solved,98,,168,550,168,378,0.0294,0.0427,1
541,c39ef01a78b524d6,,gbfs,{},pdb,"{""pdb_dir"": ""../phase1_data_generation/data/pdbs""}",42.00,1,solved,74,,129,419,130,291,0.0233,0.0336,1
542,bc9de5f0214a6783,,gbfs,{},pdb,"{""pdb_dir"": ""../phase1_data_generation/data/pdbs""}",38.00,1,solved,42,,45,146,46,102,0.0084,0.0121,1
543,5dfe61b93a0827c4,,gbfs,{},pdb,"{""pdb_dir"": ""../phase1_data_generation/data/pdbs""}",38.00,1,solved,78,,372,1171,344,736,0.0624,0.0923,1
544,d68cfb970354a2e1,,gbfs,{},pdb,"{""pdb_dir"": ""../phase1_data_generation/data/pdbs""}",28.00,1,solved,154,,467,1489,434,947,0.0788,0.1163,1
545,d54b7efa01362c98,,gbfs,{},pdb,"{""pdb_dir"": ""../phase1_data_generation/data/pdbs""}",44.00,1,solved,110,,201,642,202,441,0.0366,0.0528,1
546,adcf73e06b891452,,gbfs,{},pdb,"{""pdb_dir"": ""../phase1_data_generation/data/pdbs""}",40.00,1,solved,76,,352,1113,321,687,0.0584,0.0865,1
547,5e4b70a96fdc3821,,gbfs,{},pdb,"{""pdb_dir"": ""../phase1_data_generation/data/pdbs""}",36.00,1,solved,74,,130,423,131,293,0.0234,0.0337,1
548,bac87d9632e4501f,,gbfs,{},pdb,"{""pdb_dir"": ""../phase1_data_generation/data/pdbs""}",32.00,1,solved,46,,51,162,52,112,0.0092,0.0133,1
549,e78da95b431f60c2,,gbfs,{},pdb,"{""pdb_dir"": ""../phase1_data_generation/data/pdbs""}",40.00,1,solved,86,,167,522,168,356,0.0298,0.0429,1
550,d80f913cb6e57a24,,gbfs,{},pdb,"{""pdb_dir"": ""../phase1_data_generation/data/pdbs""}",36.00,1,solved,90,,141,461,142,321,0.0253,0.0364,1
551,7f098c6423d5ba1e,,gbfs,{},pdb,"{""pdb_dir"": ""../phase1_data_generation/data/pdbs""}",38.00,1,solved,78,,128,413,129,286,0.0231,0.0333,1
552,aed578c20f1396b4,,gbfs,{},pdb,"{""pdb_dir"": ""../phase1_data_generation/data/pdbs""}",40.00,1,solved,90,,145,470,146,326,0.0262,0.0378,1
553,fea147cb350962d8,,gbfs,{},pdb,"{""pdb_dir"": ""../phase1_data_generation/data/pdbs""}",36.00,1,solved,96,,200,645,201,444,0.0361,0.0522,1
554,f7e9b0cd2a183546,,gbfs,{},pdb,"{""pdb_dir"": ""../phase1_data_generation/data/pdbs""}",24.00,1,solved,54,,100,320,101,220,0.0182,0.0262,1
555,5639fbc4e201ad78,,gbfs,{},pdb,"{""pdb_dir"": ""../phase1_data_generation/data/pdbs""}",38.00,1,solved,70,,82,263,83,182,0.0146,0.0210,1
556,ec89ad576f031b42,,gbfs,{},pdb,"{""pdb_dir"": ""../phase1_data_generation/data/pdbs""}",36.00,1,solved,98,,243,787,244,540,0.0431,0.0623,1
557,de94f85106273bac,,gbfs,{},pdb,"{""pdb_dir"": ""../phase1_data_generation/data/pdbs""}",34.00,1,solved,92,,145,462,146,318,0.0257,0.0371,1
558,eac9b7612f08d345,,gbfs,{},pdb,"{""pdb_dir"": ""../phase1_data_generation/data/pdbs""}",32.00,1,solved,36,,41,136,42,96,0.0074,0.0106,1
559,f528b47a3e0c16d9,,gbfs,{},pdb,"{""pdb_dir"": ""../phase1_data_generation/data/pdbs""}",40.00,1,solved,74,,122,394,123,273,0.0216,0.0312,1
560,37ed6a94fcb82051,,gbfs,{},pdb,"{""pdb_dir"": ""../phase1_data_generation/data/pdbs""}",32.00,1,solved,126,,326,1034,327,706,0.0576,0.0833,1
561,7c9a65b2e308f4d1,,gbfs,{},pdb,"{""pdb_dir"": ""../phase1_data_generation/data/pdbs""}",40.00,1,solved,148,,324,1063,321,726,0.0571,0.0833,1
562,43c6ef29b805d7a1,,gbfs,{},pdb,"{""pdb_dir"": ""../phase1_data_generation/data/pdbs""}",42.00,1,solved,84,,144,449,145,306,0.0258,0.0371,1
563,f394b1d07e26a8c5,,gbfs,{},pdb,"{""pdb_dir"": ""../phase1_data_generation/data/pdbs""}",40.00,1,solved,68,,91,295,92,205,0.0163,0.0234,1
564,8f47ebc1da653029,,gbfs,{},pdb,"{""pdb_dir"": ""../phase1_data_generation/data/pdbs""}",40.00,1,solved,56,,80,257,81,177,0.0142,0.0205,1
565,c3b967d4210a85fe,,gbfs,{},pdb,"{""pdb_dir"": ""../phase1_data_generation/data/pdbs""}",48.00,1,solved,114,,232,759,221,500,0.0387,0.0569,1
566,62bacfd0e3189475,,gbfs,{},pdb,"{""pdb_dir"": ""../phase1_data_generation/data/pdbs""}",42.00,1,solved,70,,138,445,139,308,0.0243,0.0352,1
567,01edfa9b623c7584,,gbfs,{},pdb,"{""pdb_dir"": ""../phase1_data_generation/data/pdbs""}",32.00,1,solved,106,,318,1013,319,690,0.0554,0.0802,1
568,a4ced986bf257310,,gbfs,{},pdb,"{""pdb_dir"": ""../phase1_data_generation/data/pdbs""}",34.00,1,solved,54,,69,223,70,155,0.0119,0.0172,1
569,dea579b62f4c3810,,gbfs,{},pdb,"{""pdb_dir"": ""../phase1_data_generation/data/pdbs""}",38.00,1,solved,94,,252,798,229,492,0.0405,0.0601,1
570,a2fcd379be548016,,gbfs,{},pdb,"{""pdb_dir"": ""../phase1_data_generation/data/pdbs""}",34.00,1,solved,70,,108,360,109,253,0.0187,0.0270,1
571,ef4973805cdab261,,gbfs,{},pdb,"{""pdb_dir"": ""../phase1_data_generation/data/pdbs""}",40.00,1,solved,64,,80,259,81,180,0.0137,0.0197,1
572,ea19bdc87305f246,,gbfs,{},pdb,"{""pdb_dir"": ""../phase1_data_generation/data/pdbs""}",34.00,1,solved,76,,479,1523,393,840,0.0683,0.1049,1
573,5d68ec2f79043ab1,,gbfs,{},pdb,"{""pdb_dir"": ""../phase1_data_generation/data/pdbs""}",34.00,1,solved,100,,203,644,204,442,0.0358,0.0523,1
574,91c5f6a807d2b3e4,,gbfs,{},pdb,"{""pdb_dir"": ""../phase1_data_generation/data/pdbs""}",32.00,1,solved,60,,166,525,167,360,0.0284,0.0411,1
575,e8094b7f6c51d2a3,,gbfs,{},pdb,"{""pdb_dir"": ""../phase1_data_generation/data/pdbs""}",44.00,1,solved,108,,181,574,182,393,0.0316,0.0457,1
576,abec603df8497251,,gbfs,{},pdb,"{""pdb_dir"": ""../phase1_data_generation/data/pdbs""}",26.00,1,solved,36,,44,145,45,102,0.0079,0.0115,1
577,b98eaf10d6732c45,,gbfs,{},pdb,"{""pdb_dir"": ""../phase1_data_generation/data/pdbs""}",40.00,1,solved,86,,221,711,222,491,0.0390,0.0565,1
578,0126ac5ed937fb84,,gbfs,{},pdb,"{""pdb_dir"": ""../phase1_data_generation/data/pdbs""}",46.00,1,solved,82,,163,521,164,357,0.0282,0.0408,1
579,8aec7bd943f51620,,gbfs,{},pdb,"{""pdb_dir"": ""../phase1_data_generation/data/pdbs""}",40.00,1,solved,100,,170,564,171,395,0.0292,0.0424,1
580,8d6459e0af13b27c,,gbfs,{},pdb,"{""pdb_dir"": ""../phase1_data_generation/data/pdbs""}",46.00,1,solved,108,,402,1260,378,799,0.0656,0.0968,1
581,b5f410ade6837c92,,gbfs,{},pdb,"{""pdb_dir"": ""../phase1_data_generation/data/pdbs""}",42.00,1,solved,60,,68,222,69,155,0.0122,0.0176,1
582,86cfb01e379d245a,,gbfs,{},pdb,"{""pdb_dir"": ""../phase1_data_generation/data/pdbs""}",38.00,1,solved,120,,288,904,289,615,0.0500,0.0725,1
583,78e9cfb15d6a2340,,gbfs,{},pdb,"{""pdb_dir"": ""../phase1_data_generation/data/pdbs""}",40.00,1,solved,66,,93,294,94,202,0.0158,0.0229,1
584,b846d05721cfa3e9,,gbfs,{},pdb,"{""pdb_dir"": ""../phase1_data_generation/data/pdbs""}",46.00,1,solved,138,,300,941,301,641,0.0526,0.0760,1
585,fdc9b63a28e47150,,gbfs,{},pdb,"{""pdb_dir"": ""../phase1_data_generation/data/pdbs""}",26.00,1,solved,50,,90,296,91,207,0.0161,0.0232,1
586,9c2f7a51b408d3e6,,gbfs,{},pdb,"{""pdb_dir"": ""../phase1_data_generation/data/pdbs""}",42.00,1,solved,78,,144,459,145,316,0.0259,0.0373,1
587,ab0c6f739e2514d8,,gbfs,{},pdb,"{""pdb_dir"": ""../phase1_data_generation/data/pdbs""}",42.00,1,solved,102,,269,851,264,568,0.0470,0.0685,1
588,ec4da6f1b3789052,,gbfs,{},pdb,"{""pdb_dir"": ""../phase1_data_generation/data/pdbs""}",36.00,1,solved,52,,60,197,61,138,0.0108,0.0155,1
589,d7ec6ab8510234f9,,gbfs,{},pdb,"{""pdb_dir"": ""../phase1_data_generation/data/pdbs""}",34.00,1,solved,76,,126,400,127,275,0.0224,0.0323,1
590,e30facd6149527b8,,gbfs,{},pdb,"{""pdb_dir"": ""../phase1_data_generation/data/pdbs""}",42.00,1,solved,86,,332,1048,328,698,0.0591,0.0858,1
591,85af2db4e13697c0,,gbfs,{},pdb,"{""pdb_dir"": ""../phase1_data_generation/data/pdbs""}",48.00,1,solved,78,,138,436,139,299,0.0246,0.0354,1
592,a30e9c5627f4b18d,,gbfs,{},pdb,"{""pdb_dir"": ""../phase1_data_generation/data/pdbs""}",38.00,1,solved,94,,146,469,147,324,0.0258,0.0373,1
593,2caef0b14356987d,,gbfs,{},pdb,"{""pdb_dir"": ""../phase1_data_generation/data/pdbs""}",44.00,1,solved,82,,127,400,128,273,0.0226,0.0326,1
594,a45d6bf9872ce031,,gbfs,{},pdb,"{""pdb_dir"": ""../phase1_data_generation/data/pdbs""}",36.00,1,solved,54,,70,229,71,160,0.0124,0.0179,1
595,6de9fa4c05b82713,,gbfs,{},pdb,"{""pdb_dir"": ""../phase1_data_generation/data/pdbs""}",32.00,1,solved,80,,187,611,187,423,0.0338,0.0489,1
596,7ea9825dbcf41360,,gbfs,{},pdb,"{""pdb_dir"": ""../phase1_data_generation/data/pdbs""}",38.00,1,solved,102,,606,1926,577,1247,0.1041,0.1527,1
597,2c89de610f547ba3,,gbfs,{},pdb,"{""pdb_dir"": ""../phase1_data_generation/data/pdbs""}",40.00,1,solved,78,,138,442,139,305,0.0249,0.0360,1
598,12c6b0a5efd83479,,gbfs,{},pdb,"{""pdb_dir"": ""../phase1_data_generation/data/pdbs""}",40.00,1,solved,92,,125,401,126,277,0.0228,0.0331,1
599,f68edbc4231a5097,,gbfs,{},pdb,"{""pdb_dir"": ""../phase1_data_generation/data/pdbs""}",34.00,1,solved,94,,244,795,245,550,0.0439,0.0634,1
600,dcef27658941a03b,,gbfs,{},pdb,"{""pdb_dir"": ""../phase1_data_generation/data/pdbs""}",44.00,1,solved,134,,818,2598,425,908,0.0764,0.1365,1
601,8dc629540a17fb3e,,gbfs,{},pdb,"{""pdb_dir"": ""../phase1_data_generation/data/pdbs""}",44.00,1,solved,104,,242,785,243,544,0.0428,0.0619,1
602,3eac6f9db2815470,,gbfs,{},pdb,"{""pdb_dir"": ""../phase1_data_generation/data/pdbs""}",34.00,1,solved,82,,180,573,181,394,0.0320,0.0462,1
603,b3c6e074912df5a8,,gbfs,{},pdb,"{""pdb_dir"": ""../phase1_data_generation/data/pdbs""}",42.00,1,solved,110,,556,1756,555,1192,0.0982,0.1422,1
604,ade9b7f1c5843026,,gbfs,{},pdb,"{""pdb_dir"": ""../phase1_data_generation/data/pdbs""}",38.00,1,solved,60,,65,209,66,145,0.0116,0.0167,1
605,d904f65c8a3127be,,gbfs,{},pdb,"{""pdb_dir"": ""../phase1_data_generation/data/pdbs""}",36.00,1,solved,162,,625,2009,573,1264,0.1026,0.1523,1
606,2a69b3edcf081754,,gbfs,{},pdb,"{""pdb_dir"": ""../phase1_data_generation/data/pdbs""}",36.00,1,solved,40,,43,139,44,97,0.0076,0.0110,1
607,17b9ad5e2c03f468,,gbfs,{},pdb,"{""pdb_dir"": ""../phase1_data_generation/data/pdbs""}",44.00,1,solved,78,,117,373,118,256,0.0201,0.0291,1
608,0fc987ed5b32a641,,gbfs,{},pdb,"{""pdb_dir"": ""../phase1_data_generation/data/pdbs""}",36.00,1,solved,122,,391,1241,386,828,0.0668,0.0977,1
609,9c527640bf13ed8a,,gbfs,{},pdb,"{""pdb_dir"": ""../phase1_data_generation/data/pdbs""}",48.00,1,solved,92,,114,370,115,256,0.0200,0.0290,1
610,37fbe8ad9204c651,,gbfs,{},pdb,"{""pdb_dir"": ""../phase1_data_generation/data/pdbs""}",42.00,1,solved,68,,172,542,144,308,0.0260,0.0394,1
611,2a76394c1f05be8d,,gbfs,{},pdb,"{""pdb_dir"": ""../phase1_data_generation/data/pdbs""}",46.00,1,solved,82,,122,384,123,263,0.0214,0.0311,1
612,d2ec9ba8f3046571,,gbfs,{},pdb,"{""pdb_dir"": ""../phase1_data_generation/data/pdbs""}",32.00,1,solved,44,,51,172,52,122,0.0090,0.0130,1
613,af0cd14973e6b285,,gbfs,{},pdb,"{""pdb_dir"": ""../phase1_data_generation/data/pdbs""}",32.00,1,solved,42,,46,155,47,110,0.0079,0.0115,1
614,81c5f9de6b0734a2,,gbfs,{},pdb,"{""pdb_dir"": ""../phase1_data_generation/data/pdbs""}",40.00,1,solved,90,,385,1225,362,786,0.0632,0.0933,1
615,aef5679c823410bd,,gbfs,{},pdb,"{""pdb_dir"": ""../phase1_data_generation/data/pdbs""}",38.00,1,solved,94,,161,507,162,346,0.0290,0.0421,1
616,f14a70c6be23859d,,gbfs,{},pdb,"{""pdb_dir"": ""../phase1_data_generation/data/pdbs""}",46.00,1,solved,150,,721,2343,642,1410,0.1128,0.1695,1
617,a72c39b0e4f6d518,,gbfs,{},pdb,"{""pdb_dir"": ""../phase1_data_generation/data/pdbs""}",44.00,1,solved,72,,88,289,89,202,0.0155,0.0224,1
618,e269b5c10f487ad3,,gbfs,{},pdb,"{""pdb_dir"": ""../phase1_data_generation/data/pdbs""}",36.00,1,solved,76,,177,566,178,389,0.0309,0.0449,1
619,ecd19f58a6243b70,,gbfs,{},pdb,"{""pdb_dir"": ""../phase1_data_generation/data/pdbs""}",32.00,1,solved,46,,49,154,50,106,0.0088,0.0126,1
620,c295d47fb8013e6a,,gbfs,{},pdb,"{""pdb_dir"": ""../phase1_data_generation/data/pdbs""}",42.00,1,solved,102,,209,663,210,454,0.0378,0.0546,1
621,afd9bc562e413780,,gbfs,{},pdb,"{""pdb_dir"": ""../phase1_data_generation/data/pdbs""}",34.00,1,solved,62,,81,267,82,187,0.0143,0.0207,1
622,dce8a459b672f310,,gbfs,{},pdb,"{""pdb_dir"": ""../phase1_data_generation/data/pdbs""}",32.00,1,solved,60,,251,786,228,484,0.0386,0.0575,1
623,aef8943d6c01527b,,gbfs,{},pdb,"{""pdb_dir"": ""../phase1_data_generation/data/pdbs""}",42.00,1,solved,92,,179,594,176,403,0.0295,0.0431,1
624,ca58bf9107e2364d,,gbfs,{},pdb,"{""pdb_dir"": ""../phase1_data_generation/data/pdbs""}",32.00,1,solved,86,,156,500,157,345,0.0264,0.0383,1
625,2f16e8a0d94c73b5,,gbfs,{},pdb,"{""pdb_dir"": ""../phase1_data_generation/data/pdbs""}",40.00,1,solved,86,,242,755,241,506,0.0409,0.0592,1
626,be0adc693f415728,,gbfs,{},pdb,"{""pdb_dir"": ""../phase1_data_generation/data/pdbs""}",36.00,1,solved,50,,71,226,72,156,0.0123,0.0179,1
627,84b5dc9fe1027a36,,gbfs,{},pdb,"{""pdb_dir"": ""../phase1_data_generation/data/pdbs""}",44.00,1,solved,110,,158,504,159,347,0.0276,0.0397,1
628,a7c43f520896edb1,,gbfs,{},pdb,"{""pdb_dir"": ""../phase1_data_generation/data/pdbs""}",38.00,1,solved,50,,53,169,54,117,0.0093,0.0133,1
629,f89c2d50ab14e736,,gbfs,{},pdb,"{""pdb_dir"": ""../phase1_data_generation/data/pdbs""}",34.00,1,solved,78,,206,662,207,456,0.0360,0.0523,1
630,a3d8f6c97b21e540,,gbfs,{},pdb,"{""pdb_dir"": ""../phase1_data_generation/data/pdbs""}",36.00,1,solved,62,,122,397,123,276,0.0222,0.0322,1
631,a90e2d6b4fc13875,,gbfs,{},pdb,"{""pdb_dir"": ""../phase1_data_generation/data/pdbs""}",42.00,1,solved,78,,96,310,97,215,0.0173,0.0248,1
632,f7ed402c9b83a516,,gbfs,{},pdb,"{""pdb_dir"": ""../phase1_data_generation/data/pdbs""}",34.00,1,solved,66,,115,366,116,252,0.0207,0.0299,1
633,76a4ed120b95cf38,,gbfs,{},pdb,"{""pdb_dir"": ""../phase1_data_generation/data/pdbs""}",44.00,1,solved,80,,122,392,123,271,0.0225,0.0325,1
634,ead673c29b85f410,,gbfs,{},pdb,"{""pdb_dir"": ""../phase1_data_generation/data/pdbs""}",40.00,1,solved,68,,295,937,272,591,0.0488,0.0722,1
635,b83d6c2a0f7e9415,,gbfs,{},pdb,"{""pdb_dir"": ""../phase1_data_generation/data/pdbs""}",46.00,1,solved,74,,123,400,124,278,0.0220,0.0317,1
636,74bce26f0a39d518,,gbfs,{},pdb,"{""pdb_dir"": ""../phase1_data_generation/data/pdbs""}",36.00,1,solved,88,,192,605,193,413,0.0344,0.0496,1
637,26ecd9a807f53b14,,gbfs,{},pdb,"{""pdb_dir"": ""../phase1_data_generation/data/pdbs""}",32.00,1,solved,60,,82,270,83,189,0.0146,0.0210,1
638,a7364890bdcef251,,gbfs,{},pdb,"{""pdb_dir"": ""../phase1_data_generation/data/pdbs""}",44.00,1,solved,68,,112,357,113,245,0.0199,0.0287,1
639,0fac8e59b3d17462,,gbfs,{},pdb,"{""pdb_dir"": ""../phase1_data_generation/data/pdbs""}",28.00,1,solved,98,,224,734,213,483,0.0374,0.0549,1
640,87e9ac12d5f4b360,,gbfs,{},pdb,"{""pdb_dir"": ""../phase1_data_generation/data/pdbs""}",42.00,1,solved,90,,190,599,191,409,0.0336,0.0485,1
641,082cad15ef64b379,,gbfs,{},pdb,"{""pdb_dir"": ""../phase1_data_generation/data/pdbs""}",38.00,1,solved,44,,45,149,46,105,0.0079,0.0115,1
642,682ce0b374f951ad,,gbfs,{},pdb,"{""pdb_dir"": ""../phase1_data_generation/data/pdbs""}",46.00,1,solved,76,,127,406,128,280,0.0226,0.0324,1
643,e78cd0231b54f96a,,gbfs,{},pdb,"{""pdb_dir"": ""../phase1_data_generation/data/pdbs""}",42.00,1,solved,102,,269,848,270,578,0.0476,0.0686,1
644,9bfc3ea042671d58,,gbfs,{},pdb,"{""pdb_dir"": ""../phase1_data_generation/data/pdbs""}",40.00,1,solved,90,,213,678,214,465,0.0376,0.0543,1
645,be298f43015cd7a6,,gbfs,{},pdb,"{""pdb_dir"": ""../phase1_data_generation/data/pdbs""}",44.00,1,solved,72,,88,286,89,199,0.0156,0.0224,1
646,cd0e8591f7a4632b,,gbfs,{},pdb,"{""pdb_dir"": ""../phase1_data_generation/data/pdbs""}",42.00,1,solved,108,,233,731,234,498,0.0415,0.0599,1
647,086df9bc5ea47231,,gbfs,{},pdb,"{""pdb_dir"": ""../phase1_data_generation/data/pdbs""}",32.00,1,solved,74,,169,545,170,377,0.0300,0.0433,1
648,b4086eda95c2f371,,gbfs,{},pdb,"{""pdb_dir"": ""../phase1_data_generation/data/pdbs""}",38.00,1,solved,60,,101,321,102,221,0.0179,0.0258,1
649,a4e138c5bd0726f9,,gbfs,{},pdb,"{""pdb_dir"": ""../phase1_data_generation/data/pdbs""}",42.00,1,solved,72,,94,301,95,207,0.0167,0.0239,1
650,8c9da146372eb05f,,gbfs,{},pdb,"{""pdb_dir"": ""../phase1_data_generation/data/pdbs""}",44.00,1,solved,90,,305,973,282,617,0.0496,0.0733,1
651,e65d9fa07421b38c,,gbfs,{},pdb,"{""pdb_dir"": ""../phase1_data_generation/data/pdbs""}",32.00,1,solved,72,,218,693,219,474,0.0391,0.0565,1
652,ab6d2ce31f849750,,gbfs,{},pdb,"{""pdb_dir"": ""../phase1_data_generation/data/pdbs""}",38.00,1,solved,68,,184,573,185,388,0.0336,0.0484,1
653,bf9e67c82453a01d,,gbfs,{},pdb,"{""pdb_dir"": ""../phase1_data_generation/data/pdbs""}",38.00,1,solved,128,,218,726,219,506,0.0388,0.0562,1
654,753ce4a012f8b96d,,gbfs,{},pdb,"{""pdb_dir"": ""../phase1_data_generation/data/pdbs""}",42.00,1,solved,132,,319,1030,320,710,0.0576,0.0833,1
655,defc79a03b814256,,gbfs,{},pdb,"{""pdb_dir"": ""../phase1_data_generation/data/pdbs""}",36.00,1,solved,72,,142,455,143,314,0.0255,0.0369,1
656,c48feda263057b19,,gbfs,{},pdb,"{""pdb_dir"": ""../phase1_data_generation/data/pdbs""}",40.00,1,solved,130,,301,968,302,666,0.0568,0.0822,1
657,3bdae71896c420f5,,gbfs,{},pdb,"{""pdb_dir"": ""../phase1_data_generation/data/pdbs""}",38.00,1,solved,52,,60,188,61,129,0.0109,0.0156,1
658,c70e1d245ab83f96,,gbfs,{},pdb,"{""pdb_dir"": ""../phase1_data_generation/data/pdbs""}",44.00,1,solved,120,,354,1135,321,707,0.0571,0.0851,1
659,8e0d7bc23f5a4619,,gbfs,{},pdb,"{""pdb_dir"": ""../phase1_data_generation/data/pdbs""}",38.00,1,solved,56,,95,300,96,206,0.0171,0.0247,1
660,b7e8fc9d04a26135,,gbfs,{},pdb,"{""pdb_dir"": ""../phase1_data_generation/data/pdbs""}",34.00,1,solved,80,,179,570,180,392,0.0317,0.0458,1
661,04dce5ab9f286371,,gbfs,{},pdb,"{""pdb_dir"": ""../phase1_data_generation/data/pdbs""}",32.00,1,solved,72,,142,459,143,317,0.0253,0.0365,1
662,7203dfa4b1e96c58,,gbfs,{},pdb,"{""pdb_dir"": ""../phase1_data_generation/data/pdbs""}",42.00,1,solved,106,,147,487,148,341,0.0266,0.0387,1
663,b2f8c3de71065a94,,gbfs,{},pdb,"{""pdb_dir"": ""../phase1_data_generation/data/pdbs""}",36.00,1,solved,46,,50,163,51,114,0.0090,0.0130,1
664,e217468bda0f539c,,gbfs,{},pdb,"{""pdb_dir"": ""../phase1_data_generation/data/pdbs""}",50.00,1,solved,126,,414,1369,398,906,0.0710,0.1042,1
665,bd6a27f953ce1840,,gbfs,{},pdb,"{""pdb_dir"": ""../phase1_data_generation/data/pdbs""}",40.00,1,solved,72,,122,392,123,271,0.0224,0.0324,1
666,bec2763df8a14095,,gbfs,{},pdb,"{""pdb_dir"": ""../phase1_data_generation/data/pdbs""}",40.00,1,solved,138,,255,817,256,562,0.0459,0.0663,1
667,2e5cd96f813ab740,,gbfs,{},pdb,"{""pdb_dir"": ""../phase1_data_generation/data/pdbs""}",40.00,1,solved,70,,113,359,114,247,0.0208,0.0300,1
668,653f709d148eba2c,,gbfs,{},pdb,"{""pdb_dir"": ""../phase1_data_generation/data/pdbs""}",44.00,1,solved,70,,137,421,138,285,0.0246,0.0353,1
669,c2a9ed517b3460f8,,gbfs,{},pdb,"{""pdb_dir"": ""../phase1_data_generation/data/pdbs""}",40.00,1,solved,60,,81,262,82,182,0.0144,0.0208,1
670,4a81fdc2370be569,,gbfs,{},pdb,"{""pdb_dir"": ""../phase1_data_generation/data/pdbs""}",40.00,1,solved,80,,120,398,121,279,0.0219,0.0317,1
671,0e68f9a513d47b2c,,gbfs,{},pdb,"{""pdb_dir"": ""../phase1_data_generation/data/pdbs""}",36.00,1,solved,114,,234,745,235,512,0.0422,0.0610,1
672,f9a628ec4bd73150,,gbfs,{},pdb,"{""pdb_dir"": ""../phase1_data_generation/data/pdbs""}",38.00,1,solved,98,,218,708,219,490,0.0396,0.0573,1
673,ac8db094ef615237,,gbfs,{},pdb,"{""pdb_dir"": ""../phase1_data_generation/data/pdbs""}",38.00,1,solved,82,,175,558,176,383,0.0321,0.0463,1
674,7a9cf0b6e85234d1,,gbfs,{},pdb,"{""pdb_dir"": ""../phase1_data_generation/data/pdbs""}",36.00,1,solved,76,,124,408,125,285,0.0226,0.0327,1
675,f70bec8d41a53269,,gbfs,{},pdb,"{""pdb_dir"": ""../phase1_data_generation/data/pdbs""}",36.00,1,solved,98,,130,420,131,291,0.0239,0.0343,1
676,27ca91d0e856fb34,,gbfs,{},pdb,"{""pdb_dir"": ""../phase1_data_generation/data/pdbs""}",38.00,1,solved,66,,77,246,78,170,0.0143,0.0205,1
677,aec7f98631bd5024,,gbfs,{},pdb,"{""pdb_dir"": ""../phase1_data_generation/data/pdbs""}",34.00,1,solved,114,,190,607,191,418,0.0348,0.0502,1
678,7b0d3f1ea9c52648,,gbfs,{},pdb,"{""pdb_dir"": ""../phase1_data_generation/data/pdbs""}",32.00,1,solved,34,,35,108,36,74,0.0066,0.0094,1
679,2fde705b36a8194c,,gbfs,{},pdb,"{""pdb_dir"": ""../phase1_data_generation/data/pdbs""}",32.00,1,solved,118,,371,1186,338,738,0.0620,0.0919,1
680,d38c90aef6517b42,,gbfs,{},pdb,"{""pdb_dir"": ""../phase1_data_generation/data/pdbs""}",36.00,1,solved,60,,69,223,70,155,0.0128,0.0184,1
681,f9c6345d7a81b02e,,gbfs,{},pdb,"{""pdb_dir"": ""../phase1_data_generation/data/pdbs""}",38.00,1,solved,64,,78,254,79,177,0.0140,0.0201,1
682,0fc18be57296ad34,,gbfs,{},pdb,"{""pdb_dir"": ""../phase1_data_generation/data/pdbs""}",34.00,1,solved,50,,76,240,77,165,0.0137,0.0196,1
683,9f6cd0a175483be2,,gbfs,{},pdb,"{""pdb_dir"": ""../phase1_data_generation/data/pdbs""}",32.00,1,solved,84,,181,588,182,408,0.0328,0.0473,1
684,3f0924a7bc85d6e1,,gbfs,{},pdb,"{""pdb_dir"": ""../phase1_data_generation/data/pdbs""}",44.00,1,solved,88,,104,329,105,226,0.0186,0.0268,1
685,abdef08471c96523,,gbfs,{},pdb,"{""pdb_dir"": ""../phase1_data_generation/data/pdbs""}",36.00,1,solved,60,,90,283,91,194,0.0161,0.0232,1
686,72f963be584c10ad,,gbfs,{},pdb,"{""pdb_dir"": ""../phase1_data_generation/data/pdbs""}",42.00,1,solved,60,,105,325,106,221,0.0190,0.0273,1
687,b32d78e094ca6f15,,gbfs,{},pdb,"{""pdb_dir"": ""../phase1_data_generation/data/pdbs""}",42.00,1,solved,138,,247,803,248,556,0.0439,0.0635,1
688,e6d289bc1a54f037,,gbfs,{},pdb,"{""pdb_dir"": ""../phase1_data_generation/data/pdbs""}",38.00,1,solved,204,,499,1603,497,1093,0.0879,0.1278,1
689,5fc46d30e789b2a1,,gbfs,{},pdb,"{""pdb_dir"": ""../phase1_data_generation/data/pdbs""}",34.00,1,solved,124,,267,843,268,577,0.0454,0.0656,1
690,df9c80e147a62b53,,gbfs,{},pdb,"{""pdb_dir"": ""../phase1_data_generation/data/pdbs""}",40.00,1,solved,110,,180,590,181,411,0.0309,0.0447,1
691,9401f87c3e6d2ab5,,gbfs,{},pdb,"{""pdb_dir"": ""../phase1_data_generation/data/pdbs""}",36.00,1,solved,62,,148,473,149,324,0.0266,0.0381,1
692,a3e8bc192f5760d4,,gbfs,{},pdb,"{""pdb_dir"": ""../phase1_data_generation/data/pdbs""}",36.00,1,solved,80,,149,487,150,339,0.0265,0.0382,1
693,e7df281a6953b4c0,,gbfs,{},pdb,"{""pdb_dir"": ""../phase1_data_generation/data/pdbs""}",44.00,1,solved,84,,269,858,244,522,0.0422,0.0627,1
694,3849572d06ebaf1c,,gbfs,{},pdb,"{""pdb_dir"": ""../phase1_data_generation/data/pdbs""}",46.00,1,solved,72,,81,260,82,180,0.0140,0.0201,1
695,eba5703d14f869c2,,gbfs,{},pdb,"{""pdb_dir"": ""../phase1_data_generation/data/pdbs""}",40.00,1,solved,80,,143,467,144,325,0.0245,0.0355,1
696,4f1eadbc52396870,,gbfs,{},pdb,"{""pdb_dir"": ""../phase1_data_generation/data/pdbs""}",42.00,1,solved,122,,336,1077,303,665,0.0525,0.0787,1
697,13adf06cb7952e84,,gbfs,{},pdb,"{""pdb_dir"": ""../phase1_data_generation/data/pdbs""}",34.00,1,solved,78,,144,466,145,322,0.0253,0.0370,1
698,ebc6d1a98524f037,,gbfs,{},pdb,"{""pdb_dir"": ""../phase1_data_generation/data/pdbs""}",40.00,1,solved,90,,145,480,146,336,0.0252,0.0365,1
699,b4fc3d60e7189a25,,gbfs,{},pdb,"{""pdb_dir"": ""../phase1_data_generation/data/pdbs""}",34.00,1,solved,88,,259,827,260,567,0.0441,0.0643,1
700,d403e1c5ab276f98,,gbfs,{},pdb,"{""pdb_dir"": ""../phase1_data_generation/data/pdbs""}",48.00,1,solved,94,,150,486,151,337,0.0263,0.0378,1
701,0658ca2d791efb43,,gbfs,{},pdb,"{""pdb_dir"": ""../phase1_data_generation/data/pdbs""}",40.00,1,solved,88,,158,513,159,356,0.0278,0.0403,1
702,49edcb2af7586031,,gbfs,{},pdb,"{""pdb_dir"": ""../phase1_data_generation/data/pdbs""}",38.00,1,solved,62,,140,443,141,304,0.0251,0.0363,1
703,3b9810fec65d7a42,,gbfs,{},pdb,"{""pdb_dir"": ""../phase1_data_generation/data/pdbs""}",42.00,1,solved,102,,216,680,216,463,0.0372,0.0539,1
704,e93f6a80b5d4172c,,gbfs,{},pdb,"{""pdb_dir"": ""../phase1_data_generation/data/pdbs""}",42.00,1,solved,90,,226,714,214,460,0.0376,0.0552,1
705,ebd436c59f78a210,,gbfs,{},pdb,"{""pdb_dir"": ""../phase1_data_generation/data/pdbs""}",32.00,1,solved,108,,213,693,213,479,0.0376,0.0545,1
706,0c269ef13db87a45,,gbfs,{},pdb,"{""pdb_dir"": ""../phase1_data_generation/data/pdbs""}",38.00,1,solved,46,,55,173,56,119,0.0098,0.0141,1
707,ce0af64875d321b9,,gbfs,{},pdb,"{""pdb_dir"": ""../phase1_data_generation/data/pdbs""}",36.00,1,solved,50,,56,180,57,125,0.0098,0.0142,1
708,cd5a19837b4ef026,,gbfs,{},pdb,"{""pdb_dir"": ""../phase1_data_generation/data/pdbs""}",46.00,1,solved,104,,214,683,215,470,0.0375,0.0541,1
709,e59ad4b2710cf638,,gbfs,{},pdb,"{""pdb_dir"": ""../phase1_data_generation/data/pdbs""}",42.00,1,solved,154,,617,1989,612,1350,0.1056,0.1535,1
710,067e3bad2c4f8591,,gbfs,{},pdb,"{""pdb_dir"": ""../phase1_data_generation/data/pdbs""}",40.00,1,solved,80,,118,380,119,262,0.0203,0.0294,1
711,df2c1a7836b5e049,,gbfs,{},pdb,"{""pdb_dir"": ""../phase1_data_generation/data/pdbs""}",38.00,1,solved,96,,191,613,192,422,0.0335,0.0485,1
712,f649b57c0ed8312a,,gbfs,{},pdb,"{""pdb_dir"": ""../phase1_data_generation/data/pdbs""}",32.00,1,solved,74,,122,392,123,271,0.0214,0.0309,1
713,a9dc78e03521fb64,,gbfs,{},pdb,"{""pdb_dir"": ""../phase1_data_generation/data/pdbs""}",30.00,1,solved,98,,174,570,175,395,0.0314,0.0454,1
714,fe8960c1ba7523d4,,gbfs,{},pdb,"{""pdb_dir"": ""../phase1_data_generation/data/pdbs""}",30.00,1,solved,48,,70,229,71,160,0.0119,0.0173,1
715,1fdc60e834b5972a,,gbfs,{},pdb,"{""pdb_dir"": ""../phase1_data_generation/data/pdbs""}",32.00,1,solved,84,,184,585,185,401,0.0316,0.0456,1
716,061389dcba54f27e,,gbfs,{},pdb,"{""pdb_dir"": ""../phase1_data_generation/data/pdbs""}",46.00,1,solved,126,,286,898,287,612,0.0492,0.0710,1
717,bc69e315daf48270,,gbfs,{},pdb,"{""pdb_dir"": ""../phase1_data_generation/data/pdbs""}",40.00,1,solved,164,,435,1420,407,913,0.0702,0.1042,1
718,9308754b12d6efca,,gbfs,{},pdb,"{""pdb_dir"": ""../phase1_data_generation/data/pdbs""}",48.00,1,solved,132,,209,669,210,461,0.0369,0.0536,1
719,f28a705e1bc4936d,,gbfs,{},pdb,"{""pdb_dir"": ""../phase1_data_generation/data/pdbs""}",34.00,1,solved,76,,212,657,189,395,0.0328,0.0488,1
720,a4ef1c7b38d96025,,gbfs,{},pdb,"{""pdb_dir"": ""../phase1_data_generation/data/pdbs""}",44.00,1,solved,84,,242,759,237,504,0.0418,0.0612,1
721,647f5c9eb30a281d,,gbfs,{},pdb,"{""pdb_dir"": ""../phase1_data_generation/data/pdbs""}",46.00,1,solved,110,,178,567,179,390,0.0313,0.0454,1
722,219dc06fe385a4b7,,gbfs,{},pdb,"{""pdb_dir"": ""../phase1_data_generation/data/pdbs""}",48.00,1,solved,108,,178,580,179,402,0.0311,0.0451,1
723,689ab4defc137520,,gbfs,{},pdb,"{""pdb_dir"": ""../phase1_data_generation/data/pdbs""}",44.00,1,solved,74,,138,433,139,296,0.0240,0.0348,1
724,9d4c70f2b681a3e5,,gbfs,{},pdb,"{""pdb_dir"": ""../phase1_data_generation/data/pdbs""}",36.00,1,solved,120,,360,1161,352,774,0.0605,0.0884,1
725,ae973fdc65082b14,,gbfs,{},pdb,"{""pdb_dir"": ""../phase1_data_generation/data/pdbs""}",32.00,1,solved,50,,218,686,206,440,0.0361,0.0534,1
726,aebdf176230c4985,,gbfs,{},pdb,"{""pdb_dir"": ""../phase1_data_generation/data/pdbs""}",36.00,1,solved,42,,50,162,51,113,0.0090,0.0130,1
727,76d834b0cafe9215,,gbfs,{},pdb,"{""pdb_dir"": ""../phase1_data_generation/data/pdbs""}",44.00,1,solved,54,,71,228,72,158,0.0127,0.0185,1
728,95fca8ed0672134b,,gbfs,{},pdb,"{""pdb_dir"": ""../phase1_data_generation/data/pdbs""}",38.00,1,solved,64,,212,658,197,413,0.0343,0.0508,1
729,f9deb23a750c8614,,gbfs,{},pdb,"{""pdb_dir"": ""../phase1_data_generation/data/pdbs""}",34.00,1,solved,48,,62,207,63,146,0.0111,0.0160,1
730,6fec9830bd427a51,,gbfs,{},pdb,"{""pdb_dir"": ""../phase1_data_generation/data/pdbs""}",32.00,1,solved,108,,268,849,269,580,0.0479,0.0692,1
731,e6c4d5807a319bf2,,gbfs,{},pdb,"{""pdb_dir"": ""../phase1_data_generation/data/pdbs""}",36.00,1,solved,124,,320,1020,321,697,0.0583,0.0843,1
732,b5172adf360ce498,,gbfs,{},pdb,"{""pdb_dir"": ""../phase1_data_generation/data/pdbs""}",40.00,1,solved,96,,164,533,165,370,0.0299,0.0431,1
733,75c63da4e219b08f,,gbfs,{},pdb,"{""pdb_dir"": ""../phase1_data_generation/data/pdbs""}",40.00,1,solved,112,,342,1070,317,671,0.0577,0.0851,1
734,fb0a3794e865c12d,,gbfs,{},pdb,"{""pdb_dir"": ""../phase1_data_generation/data/pdbs""}",42.00,1,solved,108,,824,2726,776,1754,0.1408,0.2079,1
735,fe0a2cd395b76481,,gbfs,{},pdb,"{""pdb_dir"": ""../phase1_data_generation/data/pdbs""}",40.00,1,solved,134,,250,801,251,549,0.0451,0.0650,1
736,0ec1f596237a4bd8,,gbfs,{},pdb,"{""pdb_dir"": ""../phase1_data_generation/data/pdbs""}",34.00,1,solved,86,,178,570,179,392,0.0316,0.0458,1
737,e9683fd17ac5b024,,gbfs,{},pdb,"{""pdb_dir"": ""../phase1_data_generation/data/pdbs""}",32.00,1,solved,44,,51,163,52,113,0.0092,0.0131,1
738,8f721cad6e05439b,,gbfs,{},pdb,"{""pdb_dir"": ""../phase1_data_generation/data/pdbs""}",48.00,1,solved,146,,786,2541,768,1678,0.1391,0.2032,1
739,eb21c08d6f75943a,,gbfs,{},pdb,"{""pdb_dir"": ""../phase1_data_generation/data/pdbs""}",46.00,1,solved,114,,292,924,293,630,0.0527,0.0764,1
740,697cfd824b5a30e1,,gbfs,{},pdb,"{""pdb_dir"": ""../phase1_data_generation/data/pdbs""}",34.00,1,solved,100,,257,825,258,566,0.0456,0.0658,1
741,d94c7f2106a8be35,,gbfs,{},pdb,"{""pdb_dir"": ""../phase1_data_generation/data/pdbs""}",32.00,1,solved,86,,163,525,164,363,0.0295,0.0426,1
742,6d54ec217a09bf83,,gbfs,{},pdb,"{""pdb_dir"": ""../phase1_data_generation/data/pdbs""}",42.00,1,solved,106,,193,628,194,435,0.0352,0.0510,1
743,b8d4c091e6537af2,,gbfs,{},pdb,"{""pdb_dir"": ""../phase1_data_generation/data/pdbs""}",40.00,1,solved,76,,102,326,103,224,0.0183,0.0263,1
744,210dcf946b38ea75,,gbfs,{},pdb,"{""pdb_dir"": ""../phase1_data_generation/data/pdbs""}",44.00,1,solved,96,,250,782,251,531,0.0442,0.0638,1
745,9fec624805a71d3b,,gbfs,{},pdb,"{""pdb_dir"": ""../phase1_data_generation/data/pdbs""}",38.00,1,solved,90,,130,416,131,287,0.0233,0.0335,1
746,93085fdc74612bea,,gbfs,{},pdb,"{""pdb_dir"": ""../phase1_data_generation/data/pdbs""}",42.00,1,solved,92,,230,721,231,491,0.0406,0.0586,1
747,f98461d2ab7ce035,,gbfs,{},pdb,"{""pdb_dir"": ""../phase1_data_generation/data/pdbs""}",38.00,1,solved,66,,299,937,271,576,0.0484,0.0718,1
748,d632cf495b8e701a,,gbfs,{},pdb,"{""pdb_dir"": ""../phase1_data_generation/data/pdbs""}",46.00,1,solved,104,,169,526,170,358,0.0301,0.0434,1
749,937cfd1e0286ba45,,gbfs,{},pdb,"{""pdb_dir"": ""../phase1_data_generation/data/pdbs""}",38.00,1,solved,118,,290,926,291,635,0.0517,0.0749,1
750,6f7c831b42095ade,,gbfs,{},pdb,"{""pdb_dir"": ""../phase1_data_generation/data/pdbs""}",46.00,1,solved,144,,341,1068,342,726,0.0617,0.0893,1
751,06c35a79deb4218f,,gbfs,{},pdb,"{""pdb_dir"": ""../phase1_data_generation/data/pdbs""}",44.00,1,solved,92,,275,869,267,574,0.0487,0.0710,1
752,ba0fc6492d5317e8,,gbfs,{},pdb,"{""pdb_dir"": ""../phase1_data_generation/data/pdbs""}",42.00,1,solved,78,,111,358,112,248,0.0207,0.0298,1
753,ae0d32756b941fc8,,gbfs,{},pdb,"{""pdb_dir"": ""../phase1_data_generation/data/pdbs""}",40.00,1,solved,74,,136,429,137,294,0.0247,0.0357,1
754,d7591860c2b3afe4,,gbfs,{},pdb,"{""pdb_dir"": ""../phase1_data_generation/data/pdbs""}",46.00,1,solved,90,,355,1121,327,703,0.0595,0.0885,1
755,b5e9cf4a0168273d,,gbfs,{},pdb,"{""pdb_dir"": ""../phase1_data_generation/data/pdbs""}",40.00,1,solved,62,,93,301,94,209,0.0170,0.0245,1
756,7a683c91fe0d254b,,gbfs,{},pdb,"{""pdb_dir"": ""../phase1_data_generation/data/pdbs""}",40.00,1,solved,64,,221,695,213,453,0.0385,0.0563,1
757,630e79c8fbda2145,,gbfs,{},pdb,"{""pdb_dir"": ""../phase1_data_generation/data/pdbs""}",36.00,1,solved,66,,234,732,226,477,0.0393,0.0576,1
758,0e68cda572943f1b,,gbfs,{},pdb,"{""pdb_dir"": ""../phase1_data_generation/data/pdbs""}",34.00,1,solved,80,,173,545,174,373,0.0293,0.0424,1
759,683bf9d7ace51024,,gbfs,{},pdb,"{""pdb_dir"": ""../phase1_data_generation/data/pdbs""}",42.00,1,solved,162,,323,1038,324,715,0.0569,0.0827,1
760,7fedb5c80231a496,,gbfs,{},pdb,"{""pdb_dir"": ""../phase1_data_generation/data/pdbs""}",32.00,1,solved,58,,98,309,99,212,0.0173,0.0249,1
761,834f96dc57be20a1,,gbfs,{},pdb,"{""pdb_dir"": ""../phase1_data_generation/data/pdbs""}",44.00,1,solved,100,,172,562,173,390,0.0292,0.0424,1
762,7df345cabe086291,,gbfs,{},pdb,"{""pdb_dir"": ""../phase1_data_generation/data/pdbs""}",38.00,1,solved,126,,497,1583,475,1020,0.0824,0.1213,1
763,fbd96ce23518a740,,gbfs,{},pdb,"{""pdb_dir"": ""../phase1_data_generation/data/pdbs""}",32.00,1,solved,50,,117,378,118,262,0.0204,0.0296,1
764,6cb9a3df418e5072,,gbfs,{},pdb,"{""pdb_dir"": ""../phase1_data_generation/data/pdbs""}",46.00,1,solved,96,,136,435,137,300,0.0235,0.0339,1
765,ef9d4ab805c61327,,gbfs,{},pdb,"{""pdb_dir"": ""../phase1_data_generation/data/pdbs""}",42.00,1,solved,98,,155,497,156,343,0.0280,0.0406,1
766,a258eb1c9704f63d,,gbfs,{},pdb,"{""pdb_dir"": ""../phase1_data_generation/data/pdbs""}",38.00,1,solved,84,,169,542,170,373,0.0303,0.0438,1
767,37ba8092c14df65e,,gbfs,{},pdb,"{""pdb_dir"": ""../phase1_data_generation/data/pdbs""}",50.00,1,solved,134,,206,675,207,470,0.0368,0.0534,1
768,1e09a458df27cb63,,gbfs,{},pdb,"{""pdb_dir"": ""../phase1_data_generation/data/pdbs""}",52.00,1,solved,130,,347,1121,314,701,0.0556,0.0830,1
769,9d6872b4cf1530ae,,gbfs,{},pdb,"{""pdb_dir"": ""../phase1_data_generation/data/pdbs""}",38.00,1,solved,64,,87,274,88,188,0.0159,0.0228,1
770,c14abf8e2d093657,,gbfs,{},pdb,"{""pdb_dir"": ""../phase1_data_generation/data/pdbs""}",42.00,1,solved,144,,499,1594,452,983,0.0805,0.1202,1
771,29ae3bf805714d6c,,gbfs,{},pdb,"{""pdb_dir"": ""../phase1_data_generation/data/pdbs""}",44.00,1,solved,70,,85,276,86,192,0.0156,0.0226,1
772,c9761efb034a285d,,gbfs,{},pdb,"{""pdb_dir"": ""../phase1_data_generation/data/pdbs""}",48.00,1,solved,126,,373,1175,353,755,0.0624,0.0919,1
773,ecb9608721a543df,,gbfs,{},pdb,"{""pdb_dir"": ""../phase1_data_generation/data/pdbs""}",44.00,1,solved,76,,272,851,249,527,0.0447,0.0666,1
774,789d6a10bfe23c54,,gbfs,{},pdb,"{""pdb_dir"": ""../phase1_data_generation/data/pdbs""}",38.00,1,solved,50,,55,179,56,125,0.0099,0.0143,1
775,aef8907d4bc56321,,gbfs,{},pdb,"{""pdb_dir"": ""../phase1_data_generation/data/pdbs""}",34.00,1,solved,62,,88,278,89,191,0.0153,0.0221,1
776,a56230ed7489bfc1,,gbfs,{},pdb,"{""pdb_dir"": ""../phase1_data_generation/data/pdbs""}",42.00,1,solved,102,,166,532,167,367,0.0281,0.0408,1
777,d68ce420f57a3b91,,gbfs,{},pdb,"{""pdb_dir"": ""../phase1_data_generation/data/pdbs""}",30.00,1,solved,106,,309,975,310,664,0.0529,0.0767,1
778,bc14d5f086a9723e,,gbfs,{},pdb,"{""pdb_dir"": ""../phase1_data_generation/data/pdbs""}",42.00,1,solved,68,,81,258,82,178,0.0143,0.0210,1
779,360cb7df98ae5124,,gbfs,{},pdb,"{""pdb_dir"": ""../phase1_data_generation/data/pdbs""}",40.00,1,solved,86,,265,857,266,590,0.0475,0.0689,1
780,8b3f524c0d19ea76,,gbfs,{},pdb,"{""pdb_dir"": ""../phase1_data_generation/data/pdbs""}",46.00,1,solved,94,,129,422,130,294,0.0233,0.0337,1
781,a6bce5d0729f3184,,gbfs,{},pdb,"{""pdb_dir"": ""../phase1_data_generation/data/pdbs""}",26.00,1,solved,62,,108,348,109,241,0.0197,0.0285,1
782,cb94afe27168d350,,gbfs,{},pdb,"{""pdb_dir"": ""../phase1_data_generation/data/pdbs""}",40.00,1,solved,114,,175,575,176,399,0.0318,0.0460,1
783,052ca369db78ef41,,gbfs,{},pdb,"{""pdb_dir"": ""../phase1_data_generation/data/pdbs""}",36.00,1,solved,52,,63,199,64,137,0.0113,0.0161,1
784,06e834d75b2c91fa,,gbfs,{},pdb,"{""pdb_dir"": ""../phase1_data_generation/data/pdbs""}",44.00,1,solved,80,,106,336,107,231,0.0190,0.0274,1
785,3f197dbe620c58a4,,gbfs,{},pdb,"{""pdb_dir"": ""../phase1_data_generation/data/pdbs""}",38.00,1,solved,48,,51,165,52,115,0.0096,0.0139,1
786,eac8df51730b2694,,gbfs,{},pdb,"{""pdb_dir"": ""../phase1_data_generation/data/pdbs""}",30.00,1,solved,60,,257,799,233,487,0.0425,0.0628,1
787,fa94b760e31c25d8,,gbfs,{},pdb,"{""pdb_dir"": ""../phase1_data_generation/data/pdbs""}",32.00,1,solved,108,,184,594,185,410,0.0341,0.0494,1
788,3d975f180e6ca4b2,,gbfs,{},pdb,"{""pdb_dir"": ""../phase1_data_generation/data/pdbs""}",44.00,1,solved,52,,58,191,59,134,0.0109,0.0157,1
789,7c025648eb9daf13,,gbfs,{},pdb,"{""pdb_dir"": ""../phase1_data_generation/data/pdbs""}",46.00,1,solved,134,,290,949,291,656,0.0542,0.0787,1
790,d75af8492e0c36b1,,gbfs,{},pdb,"{""pdb_dir"": ""../phase1_data_generation/data/pdbs""}",34.00,1,solved,62,,137,439,130,284,0.0243,0.0358,1
791,c49aebf18236d075,,gbfs,{},pdb,"{""pdb_dir"": ""../phase1_data_generation/data/pdbs""}",44.00,1,solved,88,,153,492,154,340,0.0291,0.0424,1
792,c5f937e68402ba1d,,gbfs,{},pdb,"{""pdb_dir"": ""../phase1_data_generation/data/pdbs""}",42.00,1,solved,102,,216,697,217,481,0.0396,0.0574,1
793,36b2aecf578d1490,,gbfs,{},pdb,"{""pdb_dir"": ""../phase1_data_generation/data/pdbs""}",42.00,1,solved,124,,290,919,291,628,0.0526,0.0762,1
794,9ce82b31fd06457a,,gbfs,{},pdb,"{""pdb_dir"": ""../phase1_data_generation/data/pdbs""}",42.00,1,solved,132,,242,756,232,489,0.0425,0.0621,1
795,df56907cb81a32e4,,gbfs,{},pdb,"{""pdb_dir"": ""../phase1_data_generation/data/pdbs""}",32.00,1,solved,112,,325,1034,326,705,0.0587,0.0852,1
796,560ca94ed1283f7b,,gbfs,{},pdb,"{""pdb_dir"": ""../phase1_data_generation/data/pdbs""}",42.00,1,solved,116,,218,701,219,484,0.0394,0.0571,1
797,08ebc915df73624a,,gbfs,{},pdb,"{""pdb_dir"": ""../phase1_data_generation/data/pdbs""}",46.00,1,solved,156,,634,2005,565,1208,0.1028,0.1536,1
798,e825f7910bdc4a36,,gbfs,{},pdb,"{""pdb_dir"": ""../phase1_data_generation/data/pdbs""}",40.00,1,solved,56,,64,201,65,138,0.0118,0.0170,1
799,b2089dc735a1ef64,,gbfs,{},pdb,"{""pdb_dir"": ""../phase1_data_generation/data/pdbs""}",38.00,1,solved,76,,123,399,124,277,0.0224,0.0323,1
800,5d0ba6c7e3142f89,,gbfs,{},pdb,"{""pdb_dir"": ""../phase1_data_generation/data/pdbs""}",38.00,1,solved,108,,200,645,201,446,0.0364,0.0526,1
801,dc89a720f1e4b356,,gbfs,{},pdb,"{""pdb_dir"": ""../phase1_data_generation/data/pdbs""}",34.00,1,solved,64,,115,370,116,256,0.0210,0.0303,1
802,b3ace6f9d1457082,,gbfs,{},pdb,"{""pdb_dir"": ""../phase1_data_generation/data/pdbs""}",38.00,1,solved,50,,52,170,53,119,0.0096,0.0138,1
803,03ab6dfe2741589c,,gbfs,{},pdb,"{""pdb_dir"": ""../phase1_data_generation/data/pdbs""}",44.00,1,solved,100,,173,550,174,378,0.0316,0.0456,1
804,fc79b0835e4a621d,,gbfs,{},pdb,"{""pdb_dir"": ""../phase1_data_generation/data/pdbs""}",34.00,1,solved,208,,899,2954,880,1982,0.1591,0.2322,1
805,6fa174c90e2d38b5,,gbfs,{},pdb,"{""pdb_dir"": ""../phase1_data_generation/data/pdbs""}",38.00,1,solved,76,,139,450,140,312,0.0253,0.0365,1
806,ce67b9da83f14520,,gbfs,{},pdb,"{""pdb_dir"": ""../phase1_data_generation/data/pdbs""}",46.00,1,solved,74,,111,358,112,248,0.0202,0.0292,1
807,0f8512c3de7ab694,,gbfs,{},pdb,"{""pdb_dir"": ""../phase1_data_generation/data/pdbs""}",40.00,1,solved,60,,75,241,76,167,0.0137,0.0197,1
808,8e0d9a6c7f12b534,,gbfs,{},pdb,"{""pdb_dir"": ""../phase1_data_generation/data/pdbs""}",34.00,1,solved,50,,57,185,58,129,0.0105,0.0151,1
809,dc2ebf80a5697431,,gbfs,{},pdb,"{""pdb_dir"": ""../phase1_data_generation/data/pdbs""}",36.00,1,solved,46,,56,183,57,128,0.0103,0.0148,1
810,cadf31908e7b2546,,gbfs,{},pdb,"{""pdb_dir"": ""../phase1_data_generation/data/pdbs""}",46.00,1,solved,108,,365,1179,332,739,0.0601,0.0896,1
811,320a67ec4b589f1d,,gbfs,{},pdb,"{""pdb_dir"": ""../phase1_data_generation/data/pdbs""}",46.00,1,solved,80,,252,791,244,518,0.0432,0.0632,1
812,cfd7501eba642938,,gbfs,{},pdb,"{""pdb_dir"": ""../phase1_data_generation/data/pdbs""}",40.00,1,solved,112,,273,896,274,620,0.0493,0.0713,1
813,d691b7c03ae5284f,,gbfs,{},pdb,"{""pdb_dir"": ""../phase1_data_generation/data/pdbs""}",38.00,1,solved,94,,340,1064,312,662,0.0556,0.0825,1
814,ac6d741b0e385f92,,gbfs,{},pdb,"{""pdb_dir"": ""../phase1_data_generation/data/pdbs""}",40.00,1,solved,164,,545,1751,540,1189,0.0928,0.1355,1
815,0b1763afe2954cd8,,gbfs,{},pdb,"{""pdb_dir"": ""../phase1_data_generation/data/pdbs""}",50.00,1,solved,106,,322,1029,289,633,0.0508,0.0758,1
816,1ca9de38570b62f4,,gbfs,{},pdb,"{""pdb_dir"": ""../phase1_data_generation/data/pdbs""}",42.00,1,solved,86,,381,1219,369,803,0.0650,0.0949,1
817,08d4ecf593b267a1,,gbfs,{},pdb,"{""pdb_dir"": ""../phase1_data_generation/data/pdbs""}",38.00,1,solved,46,,67,214,68,147,0.0119,0.0173,1
818,2c9763df1e4ab085,,gbfs,{},pdb,"{""pdb_dir"": ""../phase1_data_generation/data/pdbs""}",44.00,1,solved,94,,183,581,183,397,0.0323,0.0471,1
819,7efd80ca915b6342,,gbfs,{},pdb,"{""pdb_dir"": ""../phase1_data_generation/data/pdbs""}",38.00,1,solved,100,,278,872,270,573,0.0482,0.0706,1
820,bec730d92685f1a4,,gbfs,{},pdb,"{""pdb_dir"": ""../phase1_data_generation/data/pdbs""}",28.00,1,solved,60,,174,567,172,384,0.0305,0.0444,1
821,a3f7c5d01b8692e4,,gbfs,{},pdb,"{""pdb_dir"": ""../phase1_data_generation/data/pdbs""}",42.00,1,solved,102,,384,1209,361,774,0.0657,0.0969,1
822,bc0a62fe85347d91,,gbfs,{},pdb,"{""pdb_dir"": ""../phase1_data_generation/data/pdbs""}",34.00,1,solved,84,,195,616,195,418,0.0354,0.0512,1
823,8401fcb3a2ed9675,,gbfs,{},pdb,"{""pdb_dir"": ""../phase1_data_generation/data/pdbs""}",46.00,1,solved,80,,125,402,126,278,0.0228,0.0329,1
824,abd9f08e263c4751,,gbfs,{},pdb,"{""pdb_dir"": ""../phase1_data_generation/data/pdbs""}",34.00,1,solved,74,,136,432,137,297,0.0249,0.0359,1
825,76dae08cf394152b,,gbfs,{},pdb,"{""pdb_dir"": ""../phase1_data_generation/data/pdbs""}",36.00,1,solved,84,,188,595,189,406,0.0343,0.0495,1
826,eacd7fb041965283,,gbfs,{},pdb,"{""pdb_dir"": ""../phase1_data_generation/data/pdbs""}",40.00,1,solved,62,,84,266,85,182,0.0155,0.0224,1
827,e9bc3f7d62085a14,,gbfs,{},pdb,"{""pdb_dir"": ""../phase1_data_generation/data/pdbs""}",28.00,1,solved,32,,34,110,35,77,0.0063,0.0091,1
828,26de97b5a3f8c140,,gbfs,{},pdb,"{""pdb_dir"": ""../phase1_data_generation/data/pdbs""}",44.00,1,solved,98,,204,651,205,447,0.0371,0.0537,1
829,fa7d268c0b19453e,,gbfs,{},pdb,"{""pdb_dir"": ""../phase1_data_generation/data/pdbs""}",40.00,1,solved,74,,124,402,125,279,0.0227,0.0328,1
830,7cd4f6e8ba053192,,gbfs,{},pdb,"{""pdb_dir"": ""../phase1_data_generation/data/pdbs""}",30.00,1,solved,112,,259,828,260,568,0.0475,0.0688,1
831,b2da91ec8f047653,,gbfs,{},pdb,"{""pdb_dir"": ""../phase1_data_generation/data/pdbs""}",40.00,1,solved,92,,283,895,263,564,0.0468,0.0692,1
832,5f9cbea2017d6843,,gbfs,{},pdb,"{""pdb_dir"": ""../phase1_data_generation/data/pdbs""}",40.00,1,solved,90,,116,383,117,268,0.0205,0.0298,1
833,c548bf620d1e7a93,,gbfs,{},pdb,"{""pdb_dir"": ""../phase1_data_generation/data/pdbs""}",38.00,1,solved,68,,89,290,90,202,0.0158,0.0228,1
834,6fe3b7901da8254c,,gbfs,{},pdb,"{""pdb_dir"": ""../phase1_data_generation/data/pdbs""}",42.00,1,solved,92,,168,532,169,365,0.0304,0.0438,1
835,a984ef271cbd5360,,gbfs,{},pdb,"{""pdb_dir"": ""../phase1_data_generation/data/pdbs""}",44.00,1,solved,108,,200,651,201,452,0.0353,0.0512,1
836,e6f4751328cdb9a0,,gbfs,{},pdb,"{""pdb_dir"": ""../phase1_data_generation/data/pdbs""}",42.00,1,solved,158,,395,1259,388,850,0.0693,0.1010,1
837,6d1ce85f0794a32b,,gbfs,{},pdb,"{""pdb_dir"": ""../phase1_data_generation/data/pdbs""}",36.00,1,solved,134,,275,888,276,611,0.0493,0.0714,1
838,7e1c2d50abf96384,,gbfs,{},pdb,"{""pdb_dir"": ""../phase1_data_generation/data/pdbs""}",34.00,1,solved,86,,248,780,240,511,0.0429,0.0628,1
839,95418dafbe32607c,,gbfs,{},pdb,"{""pdb_dir"": ""../phase1_data_generation/data/pdbs""}",46.00,1,solved,70,,82,266,83,185,0.0145,0.0210,1
840,26b813cf9704dea5,,gbfs,{},pdb,"{""pdb_dir"": ""../phase1_data_generation/data/pdbs""}",44.00,1,solved,76,,101,327,102,227,0.0186,0.0268,1
841,079ecbf436a8d125,,gbfs,{},pdb,"{""pdb_dir"": ""../phase1_data_generation/data/pdbs""}",40.00,1,solved,134,,450,1454,407,902,0.0727,0.1084,1
842,e1c4a968f70b532d,,gbfs,{},pdb,"{""pdb_dir"": ""../phase1_data_generation/data/pdbs""}",40.00,1,solved,86,,128,410,129,283,0.0232,0.0334,1
843,cd483769f501ae2b,,gbfs,{},pdb,"{""pdb_dir"": ""../phase1_data_generation/data/pdbs""}",36.00,1,solved,88,,211,697,202,454,0.0362,0.0530,1
844,57ba2f963c01d48e,,gbfs,{},pdb,"{""pdb_dir"": ""../phase1_data_generation/data/pdbs""}",48.00,1,solved,76,,100,322,101,223,0.0178,0.0257,1
845,cbeaf2586d193470,,gbfs,{},pdb,"{""pdb_dir"": ""../phase1_data_generation/data/pdbs""}",34.00,1,solved,114,,174,549,175,376,0.0307,0.0444,1
846,bad260ec37149f58,,gbfs,{},pdb,"{""pdb_dir"": ""../phase1_data_generation/data/pdbs""}",36.00,1,solved,96,,178,565,179,387,0.0325,0.0469,1
847,d1489cf0b2ea6537,,gbfs,{},pdb,"{""pdb_dir"": ""../phase1_data_generation/data/pdbs""}",46.00,1,solved,122,,223,718,224,495,0.0405,0.0587,1
848,1d096aec25b47f83,,gbfs,{},pdb,"{""pdb_dir"": ""../phase1_data_generation/data/pdbs""}",42.00,1,solved,100,,195,636,196,442,0.0352,0.0511,1
849,632de4f17c5a9b80,,gbfs,{},pdb,"{""pdb_dir"": ""../phase1_data_generation/data/pdbs""}",46.00,1,solved,70,,132,416,133,285,0.0244,0.0353,1
850,0e2f9dbc7154a368,,gbfs,{},pdb,"{""pdb_dir"": ""../phase1_data_generation/data/pdbs""}",36.00,1,solved,66,,113,360,114,247,0.0207,0.0300,1
851,85e1fc2674bd309a,,gbfs,{},pdb,"{""pdb_dir"": ""../phase1_data_generation/data/pdbs""}",38.00,1,solved,100,,227,731,228,504,0.0410,0.0594,1
852,c8194eaf7b62d035,,gbfs,{},pdb,"{""pdb_dir"": ""../phase1_data_generation/data/pdbs""}",46.00,1,solved,74,,96,313,97,217,0.0171,0.0248,1
853,0f124e7d65cb3a89,,gbfs,{},pdb,"{""pdb_dir"": ""../phase1_data_generation/data/pdbs""}",40.00,1,solved,78,,137,435,138,297,0.0244,0.0351,1
854,e78df2c10439a5b6,,gbfs,{},pdb,"{""pdb_dir"": ""../phase1_data_generation/data/pdbs""}",36.00,1,solved,50,,54,171,55,118,0.0099,0.0144,1
855,2bfce7ad06935148,,gbfs,{},pdb,"{""pdb_dir"": ""../phase1_data_generation/data/pdbs""}",34.00,1,solved,88,,191,618,192,427,0.0342,0.0498,1
856,c584fe90bda62371,,gbfs,{},pdb,"{""pdb_dir"": ""../phase1_data_generation/data/pdbs""}",32.00,1,solved,54,,86,276,87,190,0.0150,0.0219,1
857,29f8a4e17d635cb0,,gbfs,{},pdb,"{""pdb_dir"": ""../phase1_data_generation/data/pdbs""}",46.00,1,solved,102,,181,586,182,406,0.0319,0.0462,1
858,7c0931bef6a8d452,,gbfs,{},pdb,"{""pdb_dir"": ""../phase1_data_generation/data/pdbs""}",38.00,1,solved,146,,269,892,267,615,0.0452,0.0662,1
859,3fdc9eb80671a542,,gbfs,{},pdb,"{""pdb_dir"": ""../phase1_data_generation/data/pdbs""}",30.00,1,solved,48,,221,699,198,426,0.0341,0.0513,1
860,87d9c4f2eb05a163,,gbfs,{},pdb,"{""pdb_dir"": ""../phase1_data_generation/data/pdbs""}",50.00,1,solved,132,,358,1128,335,718,0.0590,0.0873,1
861,a48d9e15bf3726c0,,gbfs,{},pdb,"{""pdb_dir"": ""../phase1_data_generation/data/pdbs""}",40.00,1,solved,78,,151,486,152,335,0.0266,0.0386,1
862,2f4b30ec7d15a968,,gbfs,{},pdb,"{""pdb_dir"": ""../phase1_data_generation/data/pdbs""}",40.00,1,solved,80,,147,465,148,319,0.0258,0.0374,1
863,ab0638ed9451f72c,,gbfs,{},pdb,"{""pdb_dir"": ""../phase1_data_generation/data/pdbs""}",40.00,1,solved,84,,452,1475,402,893,0.0705,0.1059,1
864,3ad4e6bf2c987051,,gbfs,{},pdb,"{""pdb_dir"": ""../phase1_data_generation/data/pdbs""}",36.00,1,solved,98,,174,561,175,388,0.0312,0.0452,1
865,a2f83b6d790c14e5,,gbfs,{},pdb,"{""pdb_dir"": ""../phase1_data_generation/data/pdbs""}",36.00,1,solved,88,,136,436,137,301,0.0248,0.0358,1
866,6eba439d78512fc0,,gbfs,{},pdb,"{""pdb_dir"": ""../phase1_data_generation/data/pdbs""}",40.00,1,solved,88,,300,952,272,589,0.0493,0.0735,1
867,93fca0675be2814d,,gbfs,{},pdb,"{""pdb_dir"": ""../phase1_data_generation/data/pdbs""}",42.00,1,solved,132,,730,2301,671,1416,0.1177,0.1747,1
868,0c6fd582eb9a4731,,gbfs,{},pdb,"{""pdb_dir"": ""../phase1_data_generation/data/pdbs""}",40.00,1,solved,88,,182,573,183,391,0.0311,0.0451,1
869,deac50b649f87231,,gbfs,{},pdb,"{""pdb_dir"": ""../phase1_data_generation/data/pdbs""}",36.00,1,solved,62,,174,554,175,380,0.0302,0.0436,1
870,eca8f64079d5b312,,gbfs,{},pdb,"{""pdb_dir"": ""../phase1_data_generation/data/pdbs""}",28.00,1,solved,32,,33,107,34,75,0.0058,0.0082,1
871,bcd7a980456ef132,,gbfs,{},pdb,"{""pdb_dir"": ""../phase1_data_generation/data/pdbs""}",46.00,1,solved,90,,125,399,126,275,0.0213,0.0309,1
872,bd082654ecaf7931,,gbfs,{},pdb,"{""pdb_dir"": ""../phase1_data_generation/data/pdbs""}",38.00,1,solved,74,,96,321,97,226,0.0168,0.0244,1
873,b5dfea9c71043286,,gbfs,{},pdb,"{""pdb_dir"": ""../phase1_data_generation/data/pdbs""}",32.00,1,solved,36,,37,122,38,86,0.0068,0.0097,1
874,0951ebd437f8a2c6,,gbfs,{},pdb,"{""pdb_dir"": ""../phase1_data_generation/data/pdbs""}",40.00,1,solved,94,,203,638,204,435,0.0351,0.0509,1
875,0bac345df76892e1,,gbfs,{},pdb,"{""pdb_dir"": ""../phase1_data_generation/data/pdbs""}",32.00,1,solved,106,,321,1029,322,705,0.0554,0.0805,1
876,380c2e6a5f1d7b49,,gbfs,{},pdb,"{""pdb_dir"": ""../phase1_data_generation/data/pdbs""}",38.00,1,solved,70,,218,684,210,445,0.0367,0.0539,1
877,327d895c0bfa6e41,,gbfs,{},pdb,"{""pdb_dir"": ""../phase1_data_generation/data/pdbs""}",40.00,1,solved,68,,82,273,83,192,0.0151,0.0218,1
878,985df1c074ea362b,,gbfs,{},pdb,"{""pdb_dir"": ""../phase1_data_generation/data/pdbs""}",36.00,1,solved,94,,186,592,187,407,0.0331,0.0479,1
879,f659d0c2b8e3714a,,gbfs,{},pdb,"{""pdb_dir"": ""../phase1_data_generation/data/pdbs""}",34.00,1,solved,82,,141,463,142,322,0.0248,0.0359,1
880,271fae8c45b936d0,,gbfs,{},pdb,"{""pdb_dir"": ""../phase1_data_generation/data/pdbs""}",40.00,1,solved,84,,133,433,134,301,0.0234,0.0339,1
881,97eaf3408612c5bd,,gbfs,{},pdb,"{""pdb_dir"": ""../phase1_data_generation/data/pdbs""}",48.00,1,solved,102,,334,1060,306,664,0.0548,0.0813,1
882,78f914ea3b05c62d,,gbfs,{},pdb,"{""pdb_dir"": ""../phase1_data_generation/data/pdbs""}",42.00,1,solved,90,,160,524,161,365,0.0291,0.0420,1
883,fcb14a293e0d7856,,gbfs,{},pdb,"{""pdb_dir"": ""../phase1_data_generation/data/pdbs""}",42.00,1,solved,104,,160,534,161,373,0.0285,0.0413,1
884,f9c4e0752a163d8b,,gbfs,{},pdb,"{""pdb_dir"": ""../phase1_data_generation/data/pdbs""}",38.00,1,solved,114,,416,1328,417,908,0.0748,0.1081,1
885,03be6c98f571a4d2,,gbfs,{},pdb,"{""pdb_dir"": ""../phase1_data_generation/data/pdbs""}",42.00,1,solved,110,,254,832,252,569,0.0448,0.0652,1
886,0dc4ef39b7a82651,,gbfs,{},pdb,"{""pdb_dir"": ""../phase1_data_generation/data/pdbs""}",24.00,1,solved,78,,180,572,181,391,0.0332,0.0478,1
887,9dabe2850f463c71,,gbfs,{},pdb,"{""pdb_dir"": ""../phase1_data_generation/data/pdbs""}",42.00,1,solved,44,,47,155,48,109,0.0088,0.0128,1
888,0583e19bfc6d7a42,,gbfs,{},pdb,"{""pdb_dir"": ""../phase1_data_generation/data/pdbs""}",42.00,1,solved,84,,123,397,124,274,0.0221,0.0319,1
889,bc09752e6af8314d,,gbfs,{},pdb,"{""pdb_dir"": ""../phase1_data_generation/data/pdbs""}",30.00,1,solved,72,,103,340,104,238,0.0190,0.0275,1
890,9aef1630cb4d7258,,gbfs,{},pdb,"{""pdb_dir"": ""../phase1_data_generation/data/pdbs""}",42.00,1,solved,84,,107,348,108,242,0.0197,0.0283,1
891,0e6c1849af723bd5,,gbfs,{},pdb,"{""pdb_dir"": ""../phase1_data_generation/data/pdbs""}",36.00,1,solved,80,,298,936,275,587,0.0494,0.0733,1
892,bf0d254a387c9e61,,gbfs,{},pdb,"{""pdb_dir"": ""../phase1_data_generation/data/pdbs""}",32.00,1,solved,106,,306,971,304,657,0.0547,0.0795,1
893,a6fd73ecb5982014,,gbfs,{},pdb,"{""pdb_dir"": ""../phase1_data_generation/data/pdbs""}",22.00,1,solved,46,,95,297,96,202,0.0174,0.0252,1
894,e7f982ba510c6d34,,gbfs,{},pdb,"{""pdb_dir"": ""../phase1_data_generation/data/pdbs""}",38.00,1,solved,106,,146,479,147,334,0.0267,0.0387,1
895,ba0cd49e6538271f,,gbfs,{},pdb,"{""pdb_dir"": ""../phase1_data_generation/data/pdbs""}",40.00,1,solved,82,,155,498,156,342,0.0276,0.0398,1
896,48ecda31b52967f0,,gbfs,{},pdb,"{""pdb_dir"": ""../phase1_data_generation/data/pdbs""}",42.00,1,solved,96,,168,545,169,378,0.0306,0.0442,1
897,8a749dec3501bf62,,gbfs,{},pdb,"{""pdb_dir"": ""../phase1_data_generation/data/pdbs""}",38.00,1,solved,88,,147,482,148,336,0.0266,0.0386,1
898,769d1045fbcae823,,gbfs,{},pdb,"{""pdb_dir"": ""../phase1_data_generation/data/pdbs""}",44.00,1,solved,112,,205,654,206,450,0.0370,0.0536,1
899,45fca697238ebd10,,gbfs,{},pdb,"{""pdb_dir"": ""../phase1_data_generation/data/pdbs""}",40.00,1,solved,70,,82,268,83,187,0.0149,0.0216,1
900,2efc408d7b1a5693,,gbfs,{},pdb,"{""pdb_dir"": ""../phase1_data_generation/data/pdbs""}",40.00,1,solved,110,,220,700,221,480,0.0402,0.0581,1
901,689d7ecf3b5a2140,,gbfs,{},pdb,"{""pdb_dir"": ""../phase1_data_generation/data/pdbs""}",34.00,1,solved,58,,118,367,119,250,0.0218,0.0313,1
902,79cd602afb85e143,,gbfs,{},pdb,"{""pdb_dir"": ""../phase1_data_generation/data/pdbs""}",42.00,1,solved,112,,590,1926,559,1239,0.1012,0.1489,1
903,e40cf7962d85ab13,,gbfs,{},pdb,"{""pdb_dir"": ""../phase1_data_generation/data/pdbs""}",36.00,1,solved,84,,244,778,245,533,0.0444,0.0641,1
904,6abfe0937d412c58,,gbfs,{},pdb,"{""pdb_dir"": ""../phase1_data_generation/data/pdbs""}",40.00,1,solved,84,,132,426,133,295,0.0241,0.0347,1
905,13b5e029a7fd64c8,,gbfs,{},pdb,"{""pdb_dir"": ""../phase1_data_generation/data/pdbs""}",46.00,1,solved,100,,131,424,132,294,0.0240,0.0348,1
906,b53cf4e0718a26d9,,gbfs,{},pdb,"{""pdb_dir"": ""../phase1_data_generation/data/pdbs""}",36.00,1,solved,46,,49,160,50,112,0.0090,0.0130,1
907,bed859f4a302c671,,gbfs,{},pdb,"{""pdb_dir"": ""../phase1_data_generation/data/pdbs""}",38.00,1,solved,54,,65,207,66,143,0.0120,0.0173,1
908,b9fed06825c3417a,,gbfs,{},pdb,"{""pdb_dir"": ""../phase1_data_generation/data/pdbs""}",40.00,1,solved,92,,156,493,157,338,0.0281,0.0405,1
909,e6a71d523c0f4b89,,gbfs,{},pdb,"{""pdb_dir"": ""../phase1_data_generation/data/pdbs""}",44.00,1,solved,88,,182,582,183,399,0.0330,0.0478,1
910,21abf36c479de580,,gbfs,{},pdb,"{""pdb_dir"": ""../phase1_data_generation/data/pdbs""}",44.00,1,solved,134,,503,1596,466,1004,0.0842,0.1246,1
911,32e57cfa68d410b9,,gbfs,{},pdb,"{""pdb_dir"": ""../phase1_data_generation/data/pdbs""}",46.00,1,solved,118,,518,1617,490,1032,0.0885,0.1301,1
912,bf3d794a2c08e615,,gbfs,{},pdb,"{""pdb_dir"": ""../phase1_data_generation/data/pdbs""}",38.00,1,solved,142,,394,1277,361,808,0.0648,0.0963,1
913,df87c3b6a219e054,,gbfs,{},pdb,"{""pdb_dir"": ""../phase1_data_generation/data/pdbs""}",42.00,1,solved,96,,187,599,188,412,0.0335,0.0485,1
914,7cf83e950adb2164,,gbfs,{},pdb,"{""pdb_dir"": ""../phase1_data_generation/data/pdbs""}",32.00,1,solved,106,,325,1047,292,648,0.0527,0.0787,1
915,0d1f96a58b7c32e4,,gbfs,{},pdb,"{""pdb_dir"": ""../phase1_data_generation/data/pdbs""}",36.00,1,solved,64,,86,277,87,192,0.0158,0.0229,1
916,b925fe187c64d03a,,gbfs,{},pdb,"{""pdb_dir"": ""../phase1_data_generation/data/pdbs""}",42.00,1,solved,76,,136,430,137,295,0.0246,0.0355,1
917,ac68903db2f1574e,,gbfs,{},pdb,"{""pdb_dir"": ""../phase1_data_generation/data/pdbs""}",40.00,1,solved,70,,119,377,120,259,0.0211,0.0304,1
918,dc09b5e4238a761f,,gbfs,{},pdb,"{""pdb_dir"": ""../phase1_data_generation/data/pdbs""}",40.00,1,solved,104,,199,636,200,437,0.0349,0.0505,1
919,df1eb4c82a093765,,gbfs,{},pdb,"{""pdb_dir"": ""../phase1_data_generation/data/pdbs""}",36.00,1,solved,76,,149,477,150,329,0.0260,0.0375,1
920,a6cef579028d43b1,,gbfs,{},pdb,"{""pdb_dir"": ""../phase1_data_generation/data/pdbs""}",38.00,1,solved,80,,138,443,139,305,0.0236,0.0341,1
921,461afd987302b5ec,,gbfs,{},pdb,"{""pdb_dir"": ""../phase1_data_generation/data/pdbs""}",44.00,1,solved,88,,115,369,116,255,0.0197,0.0284,1
922,5b9ac04f83de2167,,gbfs,{},pdb,"{""pdb_dir"": ""../phase1_data_generation/data/pdbs""}",46.00,1,solved,92,,207,658,207,446,0.0355,0.0515,1
923,7e8f5ac0b3412d96,,gbfs,{},pdb,"{""pdb_dir"": ""../phase1_data_generation/data/pdbs""}",38.00,1,solved,68,,103,337,104,235,0.0179,0.0257,1
924,3c0689a2bf1de745,,gbfs,{},pdb,"{""pdb_dir"": ""../phase1_data_generation/data/pdbs""}",46.00,1,solved,90,,255,811,256,555,0.0444,0.0641,1
925,fb41c028ed36a597,,gbfs,{},pdb,"{""pdb_dir"": ""../phase1_data_generation/data/pdbs""}",44.00,1,solved,114,,223,708,224,485,0.0380,0.0550,1
926,6dc81fe2a70345b9,,gbfs,{},pdb,"{""pdb_dir"": ""../phase1_data_generation/data/pdbs""}",40.00,1,solved,66,,86,277,87,192,0.0146,0.0211,1
927,f38b9c40ade76251,,gbfs,{},pdb,"{""pdb_dir"": ""../phase1_data_generation/data/pdbs""}",36.00,1,solved,70,,274,869,246,533,0.0426,0.0640,1
928,7f81c03eba542d96,,gbfs,{},pdb,"{""pdb_dir"": ""../phase1_data_generation/data/pdbs""}",38.00,1,solved,96,,200,651,201,451,0.0346,0.0499,1
929,b385d091ef7c42a6,,gbfs,{},pdb,"{""pdb_dir"": ""../phase1_data_generation/data/pdbs""}",42.00,1,solved,138,,330,1035,330,704,0.0581,0.0839,1
930,6e4750fbda193c82,,gbfs,{},pdb,"{""pdb_dir"": ""../phase1_data_generation/data/pdbs""}",48.00,1,solved,156,,471,1518,424,938,0.0727,0.1084,1
931,9d0f7ba834561ce2,,gbfs,{},pdb,"{""pdb_dir"": ""../phase1_data_generation/data/pdbs""}",44.00,1,solved,70,,82,256,83,175,0.0140,0.0202,1
932,738e6cdb0214af59,,gbfs,{},pdb,"{""pdb_dir"": ""../phase1_data_generation/data/pdbs""}",44.00,1,solved,98,,173,553,174,381,0.0296,0.0427,1
933,fe7c16b52a3490d8,,gbfs,{},pdb,"{""pdb_dir"": ""../phase1_data_generation/data/pdbs""}",36.00,1,solved,120,,539,1721,479,1031,0.0825,0.1240,1
934,bf0a358e67c9214d,,gbfs,{},pdb,"{""pdb_dir"": ""../phase1_data_generation/data/pdbs""}",32.00,1,solved,48,,74,242,75,169,0.0131,0.0189,1
935,0daeb148f95c7632,,gbfs,{},pdb,"{""pdb_dir"": ""../phase1_data_generation/data/pdbs""}",38.00,1,solved,50,,54,172,55,119,0.0097,0.0138,1
936,fe0d5b8c2a941736,,gbfs,{},pdb,"{""pdb_dir"": ""../phase1_data_generation/data/pdbs""}",26.00,1,solved,40,,56,178,57,123,0.0100,0.0144,1
937,4fc3a7d0561e298b,,gbfs,{},pdb,"{""pdb_dir"": ""../phase1_data_generation/data/pdbs""}",44.00,1,solved,140,,290,935,291,644,0.0513,0.0741,1
938,e8d4205691a7cbf3,,gbfs,{},pdb,"{""pdb_dir"": ""../phase1_data_generation/data/pdbs""}",48.00,1,solved,74,,90,288,91,199,0.0158,0.0230,1
939,59bdc06ae734f281,,gbfs,{},pdb,"{""pdb_dir"": ""../phase1_data_generation/data/pdbs""}",38.00,1,solved,56,,234,726,210,437,0.0373,0.0552,1
940,0dc2af1857496be3,,gbfs,{},pdb,"{""pdb_dir"": ""../phase1_data_generation/data/pdbs""}",36.00,1,solved,82,,138,443,139,306,0.0243,0.0351,1
941,0ec6a5df837b2149,,gbfs,{},pdb,"{""pdb_dir"": ""../phase1_data_generation/data/pdbs""}",36.00,1,solved,84,,145,461,146,317,0.0266,0.0384,1
942,cef8d560a12974b3,,gbfs,{},pdb,"{""pdb_dir"": ""../phase1_data_generation/data/pdbs""}",42.00,1,solved,106,,317,998,318,681,0.0575,0.0832,1
943,7f1e84d0a5263bc9,,gbfs,{},pdb,"{""pdb_dir"": ""../phase1_data_generation/data/pdbs""}",40.00,1,solved,68,,107,349,108,243,0.0188,0.0273,1
944,ab05fe82c73916d4,,gbfs,{},pdb,"{""pdb_dir"": ""../phase1_data_generation/data/pdbs""}",42.00,1,solved,72,,84,270,85,187,0.0143,0.0206,1
945,bf9a561e230c748d,,gbfs,{},pdb,"{""pdb_dir"": ""../phase1_data_generation/data/pdbs""}",34.00,1,solved,54,,154,481,155,328,0.0266,0.0384,1
946,cad5e7630b89f241,,gbfs,{},pdb,"{""pdb_dir"": ""../phase1_data_generation/data/pdbs""}",40.00,1,solved,66,,105,331,106,227,0.0185,0.0268,1
947,69dfcab52748e310,,gbfs,{},pdb,"{""pdb_dir"": ""../phase1_data_generation/data/pdbs""}",42.00,1,solved,102,,142,448,141,304,0.0249,0.0360,1
948,fbad98610e453c27,,gbfs,{},pdb,"{""pdb_dir"": ""../phase1_data_generation/data/pdbs""}",38.00,1,solved,110,,245,798,246,553,0.0428,0.0621,1
949,ef2cb0d19a647358,,gbfs,{},pdb,"{""pdb_dir"": ""../phase1_data_generation/data/pdbs""}",32.00,1,solved,68,,95,305,96,211,0.0161,0.0232,1
950,9f16428cbad370e5,,gbfs,{},pdb,"{""pdb_dir"": ""../phase1_data_generation/data/pdbs""}",42.00,1,solved,96,,194,625,186,407,0.0327,0.0478,1
951,6baf9d30e4c15782,,gbfs,{},pdb,"{""pdb_dir"": ""../phase1_data_generation/data/pdbs""}",40.00,1,solved,88,,272,848,273,573,0.0467,0.0676,1
952,ae0c916827d43bf5,,gbfs,{},pdb,"{""pdb_dir"": ""../phase1_data_generation/data/pdbs""}",34.00,1,solved,66,,115,370,116,254,0.0197,0.0283,1
953,fa64508b723ed9c1,,gbfs,{},pdb,"{""pdb_dir"": ""../phase1_data_generation/data/pdbs""}",40.00,1,solved,52,,73,240,74,168,0.0125,0.0180,1
954,2cf813bd7e06954a,,gbfs,{},pdb,"{""pdb_dir"": ""../phase1_data_generation/data/pdbs""}",44.00,1,solved,126,,186,606,187,420,0.0315,0.0456,1
955,c8b2e93ad5417f60,,gbfs,{},pdb,"{""pdb_dir"": ""../phase1_data_generation/data/pdbs""}",42.00,1,solved,114,,238,770,239,531,0.0410,0.0595,1
956,ef08c7a2395d146b,,gbfs,{},pdb,"{""pdb_dir"": ""../phase1_data_generation/data/pdbs""}",38.00,1,solved,58,,83,272,84,190,0.0147,0.0213,1
957,b916f2a7548dc3e0,,gbfs,{},pdb,"{""pdb_dir"": ""../phase1_data_generation/data/pdbs""}",46.00,1,solved,138,,511,1610,482,1031,0.0815,0.1204,1
958,01db52efa3c67894,,gbfs,{},pdb,"{""pdb_dir"": ""../phase1_data_generation/data/pdbs""}",42.00,1,solved,106,,233,740,234,507,0.0394,0.0569,1
959,f6c1b0783dae4529,,gbfs,{},pdb,"{""pdb_dir"": ""../phase1_data_generation/data/pdbs""}",38.00,1,solved,78,,245,779,246,533,0.0435,0.0632,1
960,e128904cd73afb65,,gbfs,{},pdb,"{""pdb_dir"": ""../phase1_data_generation/data/pdbs""}",42.00,1,solved,90,,581,1876,564,1227,0.1014,0.1483,1
961,afb9318e750c246d,,gbfs,{},pdb,"{""pdb_dir"": ""../phase1_data_generation/data/pdbs""}",38.00,1,solved,48,,65,205,66,141,0.0119,0.0171,1
962,e4d876359f0ba12c,,gbfs,{},pdb,"{""pdb_dir"": ""../phase1_data_generation/data/pdbs""}",44.00,1,solved,152,,557,1831,505,1145,0.0901,0.1345,1
963,67b92f3c5da1e048,,gbfs,{},pdb,"{""pdb_dir"": ""../phase1_data_generation/data/pdbs""}",38.00,1,solved,102,,359,1130,331,708,0.0594,0.0880,1
964,4ae1c7b8fd596320,,gbfs,{},pdb,"{""pdb_dir"": ""../phase1_data_generation/data/pdbs""}",40.00,1,solved,100,,164,531,165,368,0.0303,0.0438,1
965,bf9d20315ac87e46,,gbfs,{},pdb,"{""pdb_dir"": ""../phase1_data_generation/data/pdbs""}",36.00,1,solved,80,,127,395,128,268,0.0233,0.0335,1
966,bf71c4d9368a2e50,,gbfs,{},pdb,"{""pdb_dir"": ""../phase1_data_generation/data/pdbs""}",36.00,1,solved,94,,296,940,297,643,0.0538,0.0778,1
967,b586702e3caf1d94,,gbfs,{},pdb,"{""pdb_dir"": ""../phase1_data_generation/data/pdbs""}",40.00,1,solved,118,,202,662,203,458,0.0366,0.0528,1
968,da6218ce9f0b4753,,gbfs,{},pdb,"{""pdb_dir"": ""../phase1_data_generation/data/pdbs""}",48.00,1,solved,178,,378,1202,370,804,0.0669,0.0972,1
969,da5270f86c4eb193,,gbfs,{},pdb,"{""pdb_dir"": ""../phase1_data_generation/data/pdbs""}",42.00,1,solved,68,,80,260,81,181,0.0146,0.0211,1
970,5bfd76ea839c2014,,gbfs,{},pdb,"{""pdb_dir"": ""../phase1_data_generation/data/pdbs""}",26.00,1,solved,38,,91,299,92,209,0.0165,0.0238,1
971,b90dcf84a752e316,,gbfs,{},pdb,"{""pdb_dir"": ""../phase1_data_generation/data/pdbs""}",34.00,1,solved,66,,88,300,89,213,0.0160,0.0231,1
972,b6ad78f10ec53942,,gbfs,{},pdb,"{""pdb_dir"": ""../phase1_data_generation/data/pdbs""}",32.00,1,solved,128,,237,776,238,538,0.0429,0.0621,1
973,8fed907c2b635a41,,gbfs,{},pdb,"{""pdb_dir"": ""../phase1_data_generation/data/pdbs""}",34.00,1,solved,100,,196,638,197,442,0.0356,0.0515,1
974,be5c109327af684d,,gbfs,{},pdb,"{""pdb_dir"": ""../phase1_data_generation/data/pdbs""}",40.00,1,solved,66,,114,364,115,251,0.0208,0.0300,1
975,da7b165f0ec93284,,gbfs,{},pdb,"{""pdb_dir"": ""../phase1_data_generation/data/pdbs""}",38.00,1,solved,80,,107,339,108,233,0.0194,0.0280,1
976,f69b1ced7a382045,,gbfs,{},pdb,"{""pdb_dir"": ""../phase1_data_generation/data/pdbs""}",32.00,1,solved,52,,73,235,74,163,0.0132,0.0190,1
977,9adebc65f8032174,,gbfs,{},pdb,"{""pdb_dir"": ""../phase1_data_generation/data/pdbs""}",36.00,1,solved,90,,233,761,234,524,0.0406,0.0588,1
978,f7c8249e650dab31,,gbfs,{},pdb,"{""pdb_dir"": ""../phase1_data_generation/data/pdbs""}",36.00,1,solved,84,,165,530,166,365,0.0282,0.0407,1
979,cb74d390f8526ea1,,gbfs,{},pdb,"{""pdb_dir"": ""../phase1_data_generation/data/pdbs""}",38.00,1,solved,68,,97,317,98,221,0.0169,0.0244,1
980,5f0cea18d6497b23,,gbfs,{},pdb,"{""pdb_dir"": ""../phase1_data_generation/data/pdbs""}",34.00,1,solved,140,,494,1594,455,1004,0.0783,0.1170,1
981,5bc264e01fa8379d,,gbfs,{},pdb,"{""pdb_dir"": ""../phase1_data_generation/data/pdbs""}",42.00,1,solved,84,,148,461,149,314,0.0257,0.0368,1
982,eb87c39afd641250,,gbfs,{},pdb,"{""pdb_dir"": ""../phase1_data_generation/data/pdbs""}",40.00,1,solved,148,,475,1525,461,1000,0.0795,0.1166,1
983,c2de8f14ab057963,,gbfs,{},pdb,"{""pdb_dir"": ""../phase1_data_generation/data/pdbs""}",42.00,1,solved,74,,106,340,107,235,0.0191,0.0275,1
984,6ce39f71a20db845,,gbfs,{},pdb,"{""pdb_dir"": ""../phase1_data_generation/data/pdbs""}",42.00,1,solved,126,,533,1695,505,1098,0.0906,0.1332,1
985,b835fadc0149e267,,gbfs,{},pdb,"{""pdb_dir"": ""../phase1_data_generation/data/pdbs""}",42.00,1,solved,120,,408,1300,375,817,0.0683,0.1013,1
986,32bf615a8d04e7c9,,gbfs,{},pdb,"{""pdb_dir"": ""../phase1_data_generation/data/pdbs""}",48.00,1,solved,70,,75,235,76,161,0.0133,0.0192,1
987,7bedfc80641a2935,,gbfs,{},pdb,"{""pdb_dir"": ""../phase1_data_generation/data/pdbs""}",34.00,1,solved,84,,278,890,245,538,0.0430,0.0645,1
988,fec8a9543d71206b,,gbfs,{},pdb,"{""pdb_dir"": ""../phase1_data_generation/data/pdbs""}",24.00,1,solved,38,,41,136,42,96,0.0075,0.0108,1
989,c458a39d2701ebf6,,gbfs,{},pdb,"{""pdb_dir"": ""../phase1_data_generation/data/pdbs""}",42.00,1,solved,60,,101,327,102,227,0.0184,0.0267,1
990,e581d046ba932f7c,,gbfs,{},pdb,"{""pdb_dir"": ""../phase1_data_generation/data/pdbs""}",46.00,1,solved,122,,256,803,257,547,0.0457,0.0660,1
991,efd157c08a2b3964,,gbfs,{},pdb,"{""pdb_dir"": ""../phase1_data_generation/data/pdbs""}",36.00,1,solved,122,,352,1095,353,737,0.0629,0.0908,1
992,7be5a4801cfd2369,,gbfs,{},pdb,"{""pdb_dir"": ""../phase1_data_generation/data/pdbs""}",44.00,1,solved,66,,73,237,74,165,0.0135,0.0195,1
993,de95f81072b6c34a,,gbfs,{},pdb,"{""pdb_dir"": ""../phase1_data_generation/data/pdbs""}",34.00,1,solved,94,,269,844,270,576,0.0493,0.0713,1
994,87bdc26a0451ef39,,gbfs,{},pdb,"{""pdb_dir"": ""../phase1_data_generation/data/pdbs""}",44.00,1,solved,50,,93,302,94,210,0.0171,0.0245,1
995,0bed7fac45692183,,gbfs,{},pdb,"{""pdb_dir"": ""../phase1_data_generation/data/pdbs""}",34.00,1,solved,52,,55,170,56,116,0.0100,0.0144,1
996,6edc7fba21053894,,gbfs,{},pdb,"{""pdb_dir"": ""../phase1_data_generation/data/pdbs""}",26.00,1,solved,62,,561,1795,528,1148,0.0953,0.1401,1
997,0f4eb56138acd792,,gbfs,{},pdb,"{""pdb_dir"": ""../phase1_data_generation/data/pdbs""}",38.00,1,solved,70,,87,279,88,193,0.0159,0.0229,1
998,be87cad5169f3240,,gbfs,{},pdb,"{""pdb_dir"": ""../phase1_data_generation/data/pdbs""}",36.00,1,solved,76,,315,989,287,612,0.0522,0.0774,1
999,c80942a1f6b5de73,,gbfs,{},pdb,"{""pdb_dir"": ""../phase1_data_generation/data/pdbs""}",44.00,1,solved,70,,89,285,90,197,0.0163,0.0235,1
