instance_id,state_hex,optimal_cost,algorithm,algo_params,heuristic,heuristic_params,h_start,solved,termination,solution_cost,suboptimality,nodes_expanded,nodes_generated,h_batches,h_states,h_time_s,wall_time_s,batch_size
0,8ab57e3c01296df4,,idastar,"{""w"": 1.0}",pdb,"{""pdb_dir"": ""../phase1_data_generation/data/pdbs""}",42.00,1,solved,46,,479,1054,385,821,0.0284,0.0298,1
1,8f4a75ed326cb091,,idastar,"{""w"": 1.0}",pdb,"{""pdb_dir"": ""../phase1_data_generation/data/pdbs""}",32.00,1,solved,44,,55782,123209,23645,49076,1.7069,1.8458,1
2,8c0edb4f792536a1,,idastar,"{""w"": 1.0}",pdb,"{""pdb_dir"": ""../phase1_data_generation/data/pdbs""}",32.00,1,solved,40,,1795,3872,987,2077,0.0690,0.0734,1
3,5e692f8d0c43ab17,,idastar,"{""w"": 1.0}",pdb,"{""pdb_dir"": ""../phase1_data_generation/data/pdbs""}",44.00,1,solved,46,,496,1030,447,918,0.0315,0.0328,1
4,01d46fe2bac57398,,idastar,"{""w"": 1.0}",pdb,"{""pdb_dir"": ""../phase1_data_generation/data/pdbs""}",38.00,1,solved,44,,3500,7544,2726,5753,0.1897,0.1987,1
5,ebc8f514da296370,,idastar,"{""w"": 1.0}",pdb,"{""pdb_dir"": ""../phase1_data_generation/data/pdbs""}",32.00,1,solved,40,,5266,11399,3147,6526,0.2210,0.2341,1
6,87c53fbd2e0614a9,,idastar,"{""w"": 1.0}",pdb,"{""pdb_dir"": ""../phase1_data_generation/data/pdbs""}",38.00,1,solved,40,,214,449,197,412,0.0138,0.0144,1
7,bc9eaf64035d2178,,idastar,"{""w"": 1.0}",pdb,"{""pdb_dir"": ""../phase1_data_generation/data/pdbs""}",32.00,1,solved,36,,160,345,118,244,0.0083,0.0087,1
8,d957c832a46be0f1,,idastar,"{""w"": 1.0}",pdb,"{""pdb_dir"": ""../phase1_data_generation/data/pdbs""}",48.00,1,solved,52,,670,1405,603,1250,0.0418,0.0435,1
9,a49e3db67f05281c,,idastar,"{""w"": 1.0}",pdb,"{""pdb_dir"": ""../phase1_data_generation/data/pdbs""}",40.00,1,solved,46,,4105,8944,2957,6261,0.2067,0.2173,1
10,fc0b42a5378e619d,,idastar,"{""w"": 1.0}",pdb,"{""pdb_dir"": ""../phase1_data_generation/data/pdbs""}",40.00,1,solved,50,,99903,213845,41461,83896,2.9143,3.1544,1
11,c2b1ea483f95d760,,idastar,"{""w"": 1.0}",pdb,"{""pdb_dir"": ""../phase1_data_generation/data/pdbs""}",42.00,1,solved,50,,4586,9911,3205,6695,0.2230,0.2348,1
12,c25d10e873ab96f4,,idastar,"{""w"": 1.0}",pdb,"{""pdb_dir"": ""../phase1_data_generation/data/pdbs""}",44.00,1,solved,52,,80677,169429,39656,79351,2.7509,2.9439,1
13,e8f470ab21dc5693,,idastar,"{""w"": 1.0}",pdb,"{""pdb_dir"": ""../phase1_data_generation/data/pdbs""}",42.00,1,solved,48,,5915,12618,3617,7482,0.2538,0.2685,1
14,72596c10aedf3b84,,idastar,"{""w"": 1.0}",pdb,"{""pdb_dir"": ""../phase1_data_generation/data/pdbs""}",40.00,1,solved,48,,69493,150184,30554,62372,2.1617,2.3305,1
15,ef2d501b867a934c,,idastar,"{""w"": 1.0}",pdb,"{""pdb_dir"": ""../phase1_data_generation/data/pdbs""}",40.00,1,solved,48,,21568,45236,13880,28254,0.9721,1.0267,1
16,ad84c615be0239f7,,idastar,"{""w"": 1.0}",pdb,"{""pdb_dir"": ""../phase1_data_generation/data/pdbs""}",40.00,1,solved,44,,398,825,326,676,0.0225,0.0236,1
17,bf4dac98560e3217,,idastar,"{""w"": 1.0}",pdb,"{""pdb_dir"": ""../phase1_data_generation/data/pdbs""}",32.00,1,solved,40,,3434,7699,2420,5220,0.1680,0.1771,1
18,bd08947ce6a1f352,,idastar,"{""w"": 1.0}",pdb,"{""pdb_dir"": ""../phase1_data_generation/data/pdbs""}",32.00,1,solved,36,,100,217,85,182,0.0068,0.0071,1
19,3ea4bcdf75069218,,idastar,"{""w"": 1.0}",pdb,"{""pdb_dir"": ""../phase1_data_generation/data/pdbs""}",40.00,1,solved,46,,7931,17297,4426,9359,0.3107,0.3302,1
20,2b8d1e3c590476af,,idastar,"{""w"": 1.0}",pdb,"{""pdb_dir"": ""../phase1_data_generation/data/pdbs""}",42.00,1,solved,50,,34432,75538,16290,33762,1.1700,1.2545,1
21,8fc2a069d1eb3754,,idastar,"{""w"": 1.0}",pdb,"{""pdb_dir"": ""../phase1_data_generation/data/pdbs""}",40.00,1,solved,46,,7144,15156,4731,9740,0.3365,0.3546,1
22,fc5ae0d17324b986,,idastar,"{""w"": 1.0}",pdb,"{""pdb_dir"": ""../phase1_data_generation/data/pdbs""}",34.00,1,solved,42,,12741,27490,6061,12358,0.4338,0.4658,1
23,afb57e4608cd3291,,idastar,"{""w"": 1.0}",pdb,"{""pdb_dir"": ""../phase1_data_generation/data/pdbs""}",32.00,1,solved,38,,4023,8853,2106,4444,0.1465,0.1561,1
24,bdcea7f506482931,,idastar,"{""w"": 1.0}",pdb,"{""pdb_dir"": ""../phase1_data_generation/data/pdbs""}",32.00,1,solved,38,,2499,5273,1522,3090,0.1060,0.1121,1
25,06cd48791ef5b3a2,,idastar,"{""w"": 1.0}",pdb,"{""pdb_dir"": ""../phase1_data_generation/data/pdbs""}",42.00,1,solved,50,,5030,10474,3887,7977,0.2736,0.3049,1
26,af0e769c1d28b345,,idastar,"{""w"": 1.0}",pdb,"{""pdb_dir"": ""../phase1_data_generation/data/pdbs""}",26.00,1,solved,30,,283,647,206,456,0.0148,0.0157,1
27,da5c9164037feb82,,idastar,"{""w"": 1.0}",pdb,"{""pdb_dir"": ""../phase1_data_generation/data/pdbs""}",38.00,1,solved,46,,7765,16612,5639,11795,0.3966,0.4167,1
28,f9ce7168d34520ba,,idastar,"{""w"": 1.0}",pdb,"{""pdb_dir"": ""../phase1_data_generation/data/pdbs""}",36.00,1,solved,42,,7524,15948,4812,9869,0.3393,0.3581,1
29,8c94bef105d2a673,,idastar,"{""w"": 1.0}",pdb,"{""pdb_dir"": ""../phase1_data_generation/data/pdbs""}",40.00,1,solved,42,,949,1930,536,1073,0.0397,0.0420,1
30,b65e19da284cf073,,idastar,"{""w"": 1.0}",pdb,"{""pdb_dir"": ""../phase1_data_generation/data/pdbs""}",42.00,1,solved,52,,18508,38515,12004,24075,0.8467,0.8931,1
31,fbe97065dc813a24,,idastar,"{""w"": 1.0}",pdb,"{""pdb_dir"": ""../phase1_data_generation/data/pdbs""}",28.00,1,solved,34,,503,1109,386,827,0.0282,0.0296,1
32,f9b47de035a216c8,,idastar,"{""w"": 1.0}",pdb,"{""pdb_dir"": ""../phase1_data_generation/data/pdbs""}",38.00,1,solved,44,,14717,32202,8671,18247,0.6057,0.6421,1
33,b7da6045ce19f238,,idastar,"{""w"": 1.0}",pdb,"{""pdb_dir"": ""../phase1_data_generation/data/pdbs""}",40.00,1,solved,44,,274,575,234,477,0.0164,0.0171,1
34,6ecab52037d8f419,,idastar,"{""w"": 1.0}",pdb,"{""pdb_dir"": ""../phase1_data_generation/data/pdbs""}",34.00,1,solved,44,,6968,14651,4437,9065,0.3150,0.3322,1
35,91b6308e25fdac74,,idastar,"{""w"": 1.0}",pdb,"{""pdb_dir"": ""../phase1_data_generation/data/pdbs""}",44.00,1,solved,46,,256,567,208,439,0.0146,0.0153,1
36,b1fcda64e3092758,,idastar,"{""w"": 1.0}",pdb,"{""pdb_dir"": ""../phase1_data_generation/data/pdbs""}",32.00,1,solved,40,,1133,2507,787,1683,0.0555,0.0584,1
37,db85639caf47e012,,idastar,"{""w"": 1.0}",pdb,"{""pdb_dir"": ""../phase1_data_generation/data/pdbs""}",40.00,1,solved,46,,7701,16397,4593,9336,0.3218,0.3402,1
38,8baef09374dc1625,,idastar,"{""w"": 1.0}",pdb,"{""pdb_dir"": ""../phase1_data_generation/data/pdbs""}",40.00,1,solved,46,,4105,8936,2071,4302,0.1594,0.1702,1
39,59c6e830fb2a741d,,idastar,"{""w"": 1.0}",pdb,"{""pdb_dir"": ""../phase1_data_generation/data/pdbs""}",40.00,1,solved,46,,466,995,410,867,0.0291,0.0303,1
40,8dfce0a92b453671,,idastar,"{""w"": 1.0}",pdb,"{""pdb_dir"": ""../phase1_data_generation/data/pdbs""}",34.00,1,solved,40,,3711,8157,2215,4598,0.1578,0.1671,1
41,9f7385debc64a021,,idastar,"{""w"": 1.0}",pdb,"{""pdb_dir"": ""../phase1_data_generation/data/pdbs""}",40.00,1,solved,50,,76732,165857,36649,74878,2.5626,2.7480,1
42,4ec8b659d3f17a20,,idastar,"{""w"": 1.0}",pdb,"{""pdb_dir"": ""../phase1_data_generation/data/pdbs""}",34.00,1,solved,42,,6485,13877,4193,8717,0.2952,0.3116,1
43,d908e16ca7b5f324,,idastar,"{""w"": 1.0}",pdb,"{""pdb_dir"": ""../phase1_data_generation/data/pdbs""}",30.00,1,solved,38,,8426,18212,4210,8712,0.2952,0.3152,1
44,fea98d5432c6b170,,idastar,"{""w"": 1.0}",pdb,"{""pdb_dir"": ""../phase1_data_generation/data/pdbs""}",34.00,1,solved,42,,1787,3977,1374,2964,0.0961,0.1008,1
45,c9bd74f50e6132a8,,idastar,"{""w"": 1.0}",pdb,"{""pdb_dir"": ""../phase1_data_generation/data/pdbs""}",34.00,1,solved,44,,13039,28234,7125,14721,0.5025,0.5347,1
46,658b1f7cad0e9324,,idastar,"{""w"": 1.0}",pdb,"{""pdb_dir"": ""../phase1_data_generation/data/pdbs""}",38.00,1,solved,50,,293881,631498,104554,209617,7.3135,7.9939,1
47,cb03ad8e497652f1,,idastar,"{""w"": 1.0}",pdb,"{""pdb_dir"": ""../phase1_data_generation/data/pdbs""}",50.00,1,solved,58,,209668,452792,94012,192913,6.5408,7.0478,1
48,ab09c538e671f24d,,idastar,"{""w"": 1.0}",pdb,"{""pdb_dir"": ""../phase1_data_generation/data/pdbs""}",42.00,1,solved,48,,4420,9625,2862,5932,0.1983,0.2094,1
49,bd2cf64a35e71098,,idastar,"{""w"": 1.0}",pdb,"{""pdb_dir"": ""../phase1_data_generation/data/pdbs""}",34.00,1,solved,44,,6561,14008,4658,9678,0.3243,0.3408,1
50,da627fbe01c83954,,idastar,"{""w"": 1.0}",pdb,"{""pdb_dir"": ""../phase1_data_generation/data/pdbs""}",34.00,1,solved,38,,613,1356,400,867,0.0279,0.0295,1
51,ed2810493f567bca,,idastar,"{""w"": 1.0}",pdb,"{""pdb_dir"": ""../phase1_data_generation/data/pdbs""}",42.00,1,solved,50,,17050,36168,10779,22112,0.7546,0.7968,1
52,abf68d190c32745e,,idastar,"{""w"": 1.0}",pdb,"{""pdb_dir"": ""../phase1_data_generation/data/pdbs""}",44.00,1,solved,52,,20998,44858,9172,18740,0.6401,0.6883,1
53,e9c8f52b0137a4d6,,idastar,"{""w"": 1.0}",pdb,"{""pdb_dir"": ""../phase1_data_generation/data/pdbs""}",38.00,1,solved,44,,14021,30438,4398,8843,0.3072,0.3375,1
54,1c563a8de704fb92,,idastar,"{""w"": 1.0}",pdb,"{""pdb_dir"": ""../phase1_data_generation/data/pdbs""}",38.00,1,solved,50,,25127,53576,14421,29559,1.0084,1.0689,1
55,e35cfa28791b6d40,,idastar,"{""w"": 1.0}",pdb,"{""pdb_dir"": ""../phase1_data_generation/data/pdbs""}",36.00,1,solved,42,,8193,18412,4270,9041,0.2960,0.3155,1
56,c2a4f1798d05eb36,,idastar,"{""w"": 1.0}",pdb,"{""pdb_dir"": ""../phase1_data_generation/data/pdbs""}",44.00,1,solved,48,,554,1148,461,948,0.0325,0.0339,1
57,e628f0da179b3c54,,idastar,"{""w"": 1.0}",pdb,"{""pdb_dir"": ""../phase1_data_generation/data/pdbs""}",38.00,1,solved,46,,30758,67034,17091,35543,1.1884,1.2633,1
58,1a7df295b6048ec3,,idastar,"{""w"": 1.0}",pdb,"{""pdb_dir"": ""../phase1_data_generation/data/pdbs""}",44.00,1,solved,50,,25343,55230,14040,29170,0.9793,1.0405,1
59,afd862537be491c0,,idastar,"{""w"": 1.0}",pdb,"{""pdb_dir"": ""../phase1_data_generation/data/pdbs""}",36.00,1,solved,44,,1603,3411,1147,2380,0.0799,0.0839,1
60,9a7cdb682e31f450,,idastar,"{""w"": 1.0}",pdb,"{""pdb_dir"": ""../phase1_data_generation/data/pdbs""}",36.00,1,solved,40,,295,653,257,563,0.0179,0.0187,1
61,dc1875fea6023b49,,idastar,"{""w"": 1.0}",pdb,"{""pdb_dir"": ""../phase1_data_generation/data/pdbs""}",34.00,1,solved,42,,17418,37715,7139,14738,0.4979,0.5372,1
62,15fd76b2ea0948c3,,idastar,"{""w"": 1.0}",pdb,"{""pdb_dir"": ""../phase1_data_generation/data/pdbs""}",48.00,1,solved,56,,41923,83877,26245,51015,1.8385,1.9393,1
63,bf8e9a62d4051c73,,idastar,"{""w"": 1.0}",pdb,"{""pdb_dir"": ""../phase1_data_generation/data/pdbs""}",42.00,1,solved,46,,2689,5740,1746,3599,0.1215,0.1280,1
64,eac510fd29b83674,,idastar,"{""w"": 1.0}",pdb,"{""pdb_dir"": ""../phase1_data_generation/data/pdbs""}",32.00,1,solved,42,,56766,124548,20801,41911,1.4482,1.5755,1
65,7ea81b3504cf296d,,idastar,"{""w"": 1.0}",pdb,"{""pdb_dir"": ""../phase1_data_generation/data/pdbs""}",42.00,1,solved,50,,8964,18881,6042,12373,0.4230,0.4740,1
66,f68c9eb03475a12d,,idastar,"{""w"": 1.0}",pdb,"{""pdb_dir"": ""../phase1_data_generation/data/pdbs""}",34.00,1,solved,46,,17226,36335,11378,23359,0.7952,0.8385,1
67,3f75e0a4169bdc28,,idastar,"{""w"": 1.0}",pdb,"{""pdb_dir"": ""../phase1_data_generation/data/pdbs""}",46.00,1,solved,56,,214593,458548,72087,144520,5.0353,5.5133,1
68,cbf92d316805ea47,,idastar,"{""w"": 1.0}",pdb,"{""pdb_dir"": ""../phase1_data_generation/data/pdbs""}",46.00,1,solved,52,,7510,15692,5341,10836,0.3733,0.3921,1
69,4fec5a10728db963,,idastar,"{""w"": 1.0}",pdb,"{""pdb_dir"": ""../phase1_data_generation/data/pdbs""}",38.00,1,solved,46,,49889,108668,17868,36448,1.2448,1.3554,1
70,b9da7f813e0c2465,,idastar,"{""w"": 1.0}",pdb,"{""pdb_dir"": ""../phase1_data_generation/data/pdbs""}",30.00,1,solved,32,,112,240,100,211,0.0071,0.0074,1
71,2edc9386f70a41b5,,idastar,"{""w"": 1.0}",pdb,"{""pdb_dir"": ""../phase1_data_generation/data/pdbs""}",36.00,1,solved,44,,15932,34602,5665,11699,0.3980,0.4330,1
72,671d98a0fe4cb325,,idastar,"{""w"": 1.0}",pdb,"{""pdb_dir"": ""../phase1_data_generation/data/pdbs""}",36.00,1,solved,42,,4753,10376,3440,7341,0.2407,0.2530,1
73,b7f9e0a23c46d815,,idastar,"{""w"": 1.0}",pdb,"{""pdb_dir"": ""../phase1_data_generation/data/pdbs""}",40.00,1,solved,50,,64180,141603,26271,54434,1.8316,1.9805,1
74,a68fd5c09eb23714,,idastar,"{""w"": 1.0}",pdb,"{""pdb_dir"": ""../phase1_data_generation/data/pdbs""}",34.00,1,solved,38,,1007,2244,441,914,0.0308,0.0331,1
75,bea52019df867c34,,idastar,"{""w"": 1.0}",pdb,"{""pdb_dir"": ""../phase1_data_generation/data/pdbs""}",38.00,1,solved,42,,294,639,270,578,0.0188,0.0196,1
76,d7cab1940f82635e,,idastar,"{""w"": 1.0}",pdb,"{""pdb_dir"": ""../phase1_data_generation/data/pdbs""}",38.00,1,solved,44,,2347,5137,1680,3544,0.1168,0.1228,1
77,c30b52d479a8ef16,,idastar,"{""w"": 1.0}",pdb,"{""pdb_dir"": ""../phase1_data_generation/data/pdbs""}",44.00,1,solved,56,,117600,249155,64084,130234,4.4719,4.7634,1
78,278cef9d0b64a135,,idastar,"{""w"": 1.0}",pdb,"{""pdb_dir"": ""../phase1_data_generation/data/pdbs""}",38.00,1,solved,46,,13089,27804,8466,17324,0.5894,0.6217,1
79,ac09f2d1b38645e7,,idastar,"{""w"": 1.0}",pdb,"{""pdb_dir"": ""../phase1_data_generation/data/pdbs""}",42.00,1,solved,44,,410,858,377,777,0.0261,0.0272,1
80,bde8a0c963247f15,,idastar,"{""w"": 1.0}",pdb,"{""pdb_dir"": ""../phase1_data_generation/data/pdbs""}",30.00,1,solved,38,,632,1380,450,950,0.0313,0.0329,1
81,27c619a8b3e54df0,,idastar,"{""w"": 1.0}",pdb,"{""pdb_dir"": ""../phase1_data_generation/data/pdbs""}",46.00,1,solved,54,,6611,13775,5379,11036,0.3761,0.3936,1
82,faec9d106b584723,,idastar,"{""w"": 1.0}",pdb,"{""pdb_dir"": ""../phase1_data_generation/data/pdbs""}",32.00,1,solved,40,,8864,19320,4609,9534,0.3203,0.3412,1
83,bae9c12534d786f0,,idastar,"{""w"": 1.0}",pdb,"{""pdb_dir"": ""../phase1_data_generation/data/pdbs""}",44.00,1,solved,52,,5933,12444,3983,8125,0.2770,0.2915,1
84,0fb47a9d86ec5321,,idastar,"{""w"": 1.0}",pdb,"{""pdb_dir"": ""../phase1_data_generation/data/pdbs""}",30.00,1,solved,42,,7373,16454,4507,9634,0.3157,0.3343,1
85,af059bd6e14c2738,,idastar,"{""w"": 1.0}",pdb,"{""pdb_dir"": ""../phase1_data_generation/data/pdbs""}",36.00,1,solved,42,,10297,23156,4801,10167,0.3342,0.3585,1
86,ef046b9ca3d27581,,idastar,"{""w"": 1.0}",pdb,"{""pdb_dir"": ""../phase1_data_generation/data/pdbs""}",30.00,1,solved,42,,33836,73640,16262,33789,1.1359,1.2168,1
87,e357d4bc8106f9a2,,idastar,"{""w"": 1.0}",pdb,"{""pdb_dir"": ""../phase1_data_generation/data/pdbs""}",46.00,1,solved,56,,94454,196224,54688,108876,3.8174,4.0476,1
88,1d59203e7fbca648,,idastar,"{""w"": 1.0}",pdb,"{""pdb_dir"": ""../phase1_data_generation/data/pdbs""}",42.00,1,solved,50,,69097,148326,36561,75246,2.5491,2.7166,1
89,fed8bc9016a37425,,idastar,"{""w"": 1.0}",pdb,"{""pdb_dir"": ""../phase1_data_generation/data/pdbs""}",30.00,1,solved,32,,59,131,55,119,0.0038,0.0040,1
90,f2ad168c9e0b7534,,idastar,"{""w"": 1.0}",pdb,"{""pdb_dir"": ""../phase1_data_generation/data/pdbs""}",32.00,1,solved,40,,1660,3568,1207,2536,0.0843,0.0886,1
91,72ecf9a1b5864d30,,idastar,"{""w"": 1.0}",pdb,"{""pdb_dir"": ""../phase1_data_generation/data/pdbs""}",36.00,1,solved,46,,17396,37646,10070,20848,0.7033,0.7455,1
92,f3cd20e98b45671a,,idastar,"{""w"": 1.0}",pdb,"{""pdb_dir"": ""../phase1_data_generation/data/pdbs""}",38.00,1,solved,44,,9512,20511,5334,11007,0.3720,0.3950,1
93,5fd43029be618ac7,,idastar,"{""w"": 1.0}",pdb,"{""pdb_dir"": ""../phase1_data_generation/data/pdbs""}",42.00,1,solved,50,,32175,69918,14738,30081,1.0253,1.0991,1
94,c2ed4f9a057168b3,,idastar,"{""w"": 1.0}",pdb,"{""pdb_dir"": ""../phase1_data_generation/data/pdbs""}",44.00,1,solved,50,,2258,4820,1631,3389,0.1135,0.1193,1
95,9f6e7358ab1d204c,,idastar,"{""w"": 1.0}",pdb,"{""pdb_dir"": ""../phase1_data_generation/data/pdbs""}",34.00,1,solved,40,,1180,2464,856,1744,0.0598,0.0628,1
96,b15afc3472e8d096,,idastar,"{""w"": 1.0}",pdb,"{""pdb_dir"": ""../phase1_data_generation/data/pdbs""}",42.00,1,solved,52,,29244,61749,17035,34718,1.1840,1.2541,1
97,efdc2943a75860b1,,idastar,"{""w"": 1.0}",pdb,"{""pdb_dir"": ""../phase1_data_generation/data/pdbs""}",34.00,1,solved,40,,2655,5978,1801,3852,0.1267,0.1337,1
98,aec2d5f90b861734,,idastar,"{""w"": 1.0}",pdb,"{""pdb_dir"": ""../phase1_data_generation/data/pdbs""}",34.00,1,solved,44,,3062,6752,2146,4604,0.1493,0.1570,1
99,1ac2906e53b7df48,,idastar,"{""w"": 1.0}",pdb,"{""pdb_dir"": ""../phase1_data_generation/data/pdbs""}",48.00,1,solved,54,,30078,63575,16266,32897,1.1299,1.2001,1
0,8ab57e3c01296df4,,wastar,"{""w"": 1.0}",pdb,"{""pdb_dir"": ""../phase1_data_generation/data/pdbs""}",42.00,1,solved,46,,164,523,165,356,0.0118,0.0376,1
1,8f4a75ed326cb091,,wastar,"{""w"": 1.0}",pdb,"{""pdb_dir"": ""../phase1_data_generation/data/pdbs""}",32.00,1,solved,44,,16331,51933,15879,33253,1.1236,1.4523,1
2,8c0edb4f792536a1,,wastar,"{""w"": 1.0}",pdb,"{""pdb_dir"": ""../phase1_data_generation/data/pdbs""}",32.00,1,solved,40,,645,2026,636,1340,0.0450,0.0576,1
3,5e692f8d0c43ab17,,wastar,"{""w"": 1.0}",pdb,"{""pdb_dir"": ""../phase1_data_generation/data/pdbs""}",44.00,1,solved,46,,1174,3650,1163,2426,0.0824,0.1054,1
4,01d46fe2bac57398,,wastar,"{""w"": 1.0}",pdb,"{""pdb_dir"": ""../phase1_data_generation/data/pdbs""}",38.00,1,solved,44,,1317,4160,1316,2791,0.0937,0.1197,1
5,ebc8f514da296370,,wastar,"{""w"": 1.0}",pdb,"{""pdb_dir"": ""../phase1_data_generation/data/pdbs""}",32.00,1,solved,40,,1252,3920,1228,2579,0.0870,0.1115,1
6,87c53fbd2e0614a9,,wastar,"{""w"": 1.0}",pdb,"{""pdb_dir"": ""../phase1_data_generation/data/pdbs""}",38.00,1,solved,40,,103,319,104,216,0.0075,0.0095,1
7,bc9eaf64035d2178,,wastar,"{""w"": 1.0}",pdb,"{""pdb_dir"": ""../phase1_data_generation/data/pdbs""}",32.00,1,solved,36,,61,191,62,131,0.0044,0.0056,1
8,d957c832a46be0f1,,wastar,"{""w"": 1.0}",pdb,"{""pdb_dir"": ""../phase1_data_generation/data/pdbs""}",48.00,1,solved,52,,441,1371,442,928,0.0314,0.0399,1
9,a49e3db67f05281c,,wastar,"{""w"": 1.0}",pdb,"{""pdb_dir"": ""../phase1_data_generation/data/pdbs""}",40.00,1,solved,46,,965,3066,945,2022,0.0668,0.0856,1
10,fc0b42a5378e619d,,wastar,"{""w"": 1.0}",pdb,"{""pdb_dir"": ""../phase1_data_generation/data/pdbs""}",40.00,1,solved,50,,26161,81125,25639,52015,1.8290,2.3682,1
11,c2b1ea483f95d760,,wastar,"{""w"": 1.0}",pdb,"{""pdb_dir"": ""../phase1_data_generation/data/pdbs""}",42.00,1,solved,50,,2149,6783,2120,4452,0.1499,0.1923,1
12,c25d10e873ab96f4,,wastar,"{""w"": 1.0}",pdb,"{""pdb_dir"": ""../phase1_data_generation/data/pdbs""}",44.00,1,solved,52,,16217,50246,15931,32398,1.1258,1.4504,1
13,e8f470ab21dc5693,,wastar,"{""w"": 1.0}",pdb,"{""pdb_dir"": ""../phase1_data_generation/data/pdbs""}",42.00,1,solved,48,,1378,4360,1361,2886,0.0964,0.1235,1
14,72596c10aedf3b84,,wastar,"{""w"": 1.0}",pdb,"{""pdb_dir"": ""../phase1_data_generation/data/pdbs""}",40.00,1,solved,48,,6939,21758,6863,14149,0.4850,0.6232,1
15,ef2d501b867a934c,,wastar,"{""w"": 1.0}",pdb,"{""pdb_dir"": ""../phase1_data_generation/data/pdbs""}",40.00,1,solved,48,,4198,13030,4170,8630,0.2944,0.3769,1
16,ad84c615be0239f7,,wastar,"{""w"": 1.0}",pdb,"{""pdb_dir"": ""../phase1_data_generation/data/pdbs""}",40.00,1,solved,44,,491,1507,491,1012,0.0348,0.0443,1
17,bf4dac98560e3217,,wastar,"{""w"": 1.0}",pdb,"{""pdb_dir"": ""../phase1_data_generation/data/pdbs""}",32.00,1,solved,40,,2525,8079,2491,5330,0.1758,0.2257,1
18,bd08947ce6a1f352,,wastar,"{""w"": 1.0}",pdb,"{""pdb_dir"": ""../phase1_data_generation/data/pdbs""}",32.00,1,solved,36,,78,247,79,170,0.0057,0.0072,1
19,3ea4bcdf75069218,,wastar,"{""w"": 1.0}",pdb,"{""pdb_dir"": ""../phase1_data_generation/data/pdbs""}",40.00,1,solved,46,,4393,13933,4314,9165,0.3056,0.3928,1
20,2b8d1e3c590476af,,wastar,"{""w"": 1.0}",pdb,"{""pdb_dir"": ""../phase1_data_generation/data/pdbs""}",42.00,1,solved,50,,9495,30066,9242,19407,0.6529,0.8418,1
21,8fc2a069d1eb3754,,wastar,"{""w"": 1.0}",pdb,"{""pdb_dir"": ""../phase1_data_generation/data/pdbs""}",40.00,1,solved,46,,3324,10346,3288,6799,0.2327,0.2983,1
22,fc5ae0d17324b986,,wastar,"{""w"": 1.0}",pdb,"{""pdb_dir"": ""../phase1_data_generation/data/pdbs""}",34.00,1,solved,42,,3289,10299,3239,6642,0.2296,0.2945,1
23,afb57e4608cd3291,,wastar,"{""w"": 1.0}",pdb,"{""pdb_dir"": ""../phase1_data_generation/data/pdbs""}",32.00,1,solved,38,,2104,6696,2074,4372,0.1465,0.1878,1
24,bdcea7f506482931,,wastar,"{""w"": 1.0}",pdb,"{""pdb_dir"": ""../phase1_data_generation/data/pdbs""}",32.00,1,solved,38,,690,2132,683,1391,0.0482,0.0616,1
25,06cd48791ef5b3a2,,wastar,"{""w"": 1.0}",pdb,"{""pdb_dir"": ""../phase1_data_generation/data/pdbs""}",42.00,1,solved,50,,2127,6641,2109,4409,0.1492,0.1907,1
26,af0e769c1d28b345,,wastar,"{""w"": 1.0}",pdb,"{""pdb_dir"": ""../phase1_data_generation/data/pdbs""}",26.00,1,solved,30,,62,204,63,143,0.0045,0.0057,1
27,da5c9164037feb82,,wastar,"{""w"": 1.0}",pdb,"{""pdb_dir"": ""../phase1_data_generation/data/pdbs""}",38.00,1,solved,46,,1429,4460,1428,2992,0.1008,0.1287,1
28,f9ce7168d34520ba,,wastar,"{""w"": 1.0}",pdb,"{""pdb_dir"": ""../phase1_data_generation/data/pdbs""}",36.00,1,solved,42,,1229,3822,1214,2535,0.0860,0.1100,1
29,8c94bef105d2a673,,wastar,"{""w"": 1.0}",pdb,"{""pdb_dir"": ""../phase1_data_generation/data/pdbs""}",40.00,1,solved,42,,234,725,226,466,0.0160,0.0206,1
30,b65e19da284cf073,,wastar,"{""w"": 1.0}",pdb,"{""pdb_dir"": ""../phase1_data_generation/data/pdbs""}",42.00,1,solved,52,,11615,35688,11468,23079,0.8118,1.0433,1
31,fbe97065dc813a24,,wastar,"{""w"": 1.0}",pdb,"{""pdb_dir"": ""../phase1_data_generation/data/pdbs""}",28.00,1,solved,34,,286,921,287,629,0.0203,0.0259,1
32,f9b47de035a216c8,,wastar,"{""w"": 1.0}",pdb,"{""pdb_dir"": ""../phase1_data_generation/data/pdbs""}",38.00,1,solved,44,,1788,5681,1775,3764,0.1252,0.1605,1
33,b7da6045ce19f238,,wastar,"{""w"": 1.0}",pdb,"{""pdb_dir"": ""../phase1_data_generation/data/pdbs""}",40.00,1,solved,44,,288,892,262,541,0.0185,0.0241,1
34,6ecab52037d8f419,,wastar,"{""w"": 1.0}",pdb,"{""pdb_dir"": ""../phase1_data_generation/data/pdbs""}",34.00,1,solved,44,,3716,11537,3650,7516,0.2575,0.3303,1
35,91b6308e25fdac74,,wastar,"{""w"": 1.0}",pdb,"{""pdb_dir"": ""../phase1_data_generation/data/pdbs""}",44.00,1,solved,46,,207,660,208,439,0.0147,0.0188,1
36,b1fcda64e3092758,,wastar,"{""w"": 1.0}",pdb,"{""pdb_dir"": ""../phase1_data_generation/data/pdbs""}",32.00,1,solved,40,,501,1602,492,1059,0.0347,0.0445,1
37,db85639caf47e012,,wastar,"{""w"": 1.0}",pdb,"{""pdb_dir"": ""../phase1_data_generation/data/pdbs""}",40.00,1,solved,46,,2399,7496,2346,4836,0.1693,0.2170,1
38,8baef09374dc1625,,wastar,"{""w"": 1.0}",pdb,"{""pdb_dir"": ""../phase1_data_generation/data/pdbs""}",40.00,1,solved,46,,915,2891,893,1890,0.0633,0.0812,1
39,59c6e830fb2a741d,,wastar,"{""w"": 1.0}",pdb,"{""pdb_dir"": ""../phase1_data_generation/data/pdbs""}",40.00,1,solved,46,,585,1854,580,1238,0.0486,0.0610,1
40,8dfce0a92b453671,,wastar,"{""w"": 1.0}",pdb,"{""pdb_dir"": ""../phase1_data_generation/data/pdbs""}",34.00,1,solved,40,,498,1587,499,1057,0.0420,0.0536,1
41,9f7385debc64a021,,wastar,"{""w"": 1.0}",pdb,"{""pdb_dir"": ""../phase1_data_generation/data/pdbs""}",40.00,1,solved,50,,14357,45190,14084,29253,0.9945,1.2819,1
42,4ec8b659d3f17a20,,wastar,"{""w"": 1.0}",pdb,"{""pdb_dir"": ""../phase1_data_generation/data/pdbs""}",34.00,1,solved,42,,3503,11051,3445,7247,0.2426,0.3114,1
43,d908e16ca7b5f324,,wastar,"{""w"": 1.0}",pdb,"{""pdb_dir"": ""../phase1_data_generation/data/pdbs""}",30.00,1,solved,38,,2777,8818,2701,5725,0.1922,0.2472,1
44,fea98d5432c6b170,,wastar,"{""w"": 1.0}",pdb,"{""pdb_dir"": ""../phase1_data_generation/data/pdbs""}",34.00,1,solved,42,,991,3201,983,2152,0.0695,0.0889,1
45,c9bd74f50e6132a8,,wastar,"{""w"": 1.0}",pdb,"{""pdb_dir"": ""../phase1_data_generation/data/pdbs""}",34.00,1,solved,44,,5456,17140,5411,11209,0.3822,0.4909,1
46,658b1f7cad0e9324,,wastar,"{""w"": 1.0}",pdb,"{""pdb_dir"": ""../phase1_data_generation/data/pdbs""}",38.00,1,solved,50,,65353,202884,64292,129365,4.5785,5.9370,1
47,cb03ad8e497652f1,,wastar,"{""w"": 1.0}",pdb,"{""pdb_dir"": ""../phase1_data_generation/data/pdbs""}",50.00,1,solved,58,,45714,143486,44948,92870,3.1938,4.1392,1
48,ab09c538e671f24d,,wastar,"{""w"": 1.0}",pdb,"{""pdb_dir"": ""../phase1_data_generation/data/pdbs""}",42.00,1,solved,48,,1842,5824,1816,3811,0.1278,0.1637,1
49,bd2cf64a35e71098,,wastar,"{""w"": 1.0}",pdb,"{""pdb_dir"": ""../phase1_data_generation/data/pdbs""}",34.00,1,solved,44,,3596,11263,3546,7372,0.2536,0.3262,1
50,da627fbe01c83954,,wastar,"{""w"": 1.0}",pdb,"{""pdb_dir"": ""../phase1_data_generation/data/pdbs""}",34.00,1,solved,38,,171,553,171,381,0.0124,0.0159,1
51,ed2810493f567bca,,wastar,"{""w"": 1.0}",pdb,"{""pdb_dir"": ""../phase1_data_generation/data/pdbs""}",42.00,1,solved,50,,6731,20899,6595,13470,0.4709,0.6063,1
52,abf68d190c32745e,,wastar,"{""w"": 1.0}",pdb,"{""pdb_dir"": ""../phase1_data_generation/data/pdbs""}",44.00,1,solved,52,,7118,22081,6957,14182,0.4950,0.6373,1
53,e9c8f52b0137a4d6,,wastar,"{""w"": 1.0}",pdb,"{""pdb_dir"": ""../phase1_data_generation/data/pdbs""}",38.00,1,solved,44,,3005,9361,2937,5969,0.2073,0.2665,1
54,1c563a8de704fb92,,wastar,"{""w"": 1.0}",pdb,"{""pdb_dir"": ""../phase1_data_generation/data/pdbs""}",38.00,1,solved,50,,9908,30823,9732,19897,0.6983,0.8983,1
55,e35cfa28791b6d40,,wastar,"{""w"": 1.0}",pdb,"{""pdb_dir"": ""../phase1_data_generation/data/pdbs""}",36.00,1,solved,42,,1297,4179,1294,2796,0.0915,0.1171,1
56,c2a4f1798d05eb36,,wastar,"{""w"": 1.0}",pdb,"{""pdb_dir"": ""../phase1_data_generation/data/pdbs""}",44.00,1,solved,48,,210,663,211,454,0.0152,0.0193,1
57,e628f0da179b3c54,,wastar,"{""w"": 1.0}",pdb,"{""pdb_dir"": ""../phase1_data_generation/data/pdbs""}",38.00,1,solved,46,,8192,25870,8090,16892,0.5752,0.7411,1
58,1a7df295b6048ec3,,wastar,"{""w"": 1.0}",pdb,"{""pdb_dir"": ""../phase1_data_generation/data/pdbs""}",44.00,1,solved,50,,11882,37456,11751,24523,0.8408,1.0831,1
59,afd862537be491c0,,wastar,"{""w"": 1.0}",pdb,"{""pdb_dir"": ""../phase1_data_generation/data/pdbs""}",36.00,1,solved,44,,756,2361,755,1579,0.0537,0.0686,1
60,9a7cdb682e31f450,,wastar,"{""w"": 1.0}",pdb,"{""pdb_dir"": ""../phase1_data_generation/data/pdbs""}",36.00,1,solved,40,,194,622,195,426,0.0139,0.0177,1
61,dc1875fea6023b49,,wastar,"{""w"": 1.0}",pdb,"{""pdb_dir"": ""../phase1_data_generation/data/pdbs""}",34.00,1,solved,42,,1875,5884,1819,3827,0.1293,0.1665,1
62,15fd76b2ea0948c3,,wastar,"{""w"": 1.0}",pdb,"{""pdb_dir"": ""../phase1_data_generation/data/pdbs""}",48.00,1,solved,56,,21808,65853,21593,42225,1.5390,1.9749,1
63,bf8e9a62d4051c73,,wastar,"{""w"": 1.0}",pdb,"{""pdb_dir"": ""../phase1_data_generation/data/pdbs""}",42.00,1,solved,46,,2047,6433,2022,4263,0.1429,0.1831,1
64,eac510fd29b83674,,wastar,"{""w"": 1.0}",pdb,"{""pdb_dir"": ""../phase1_data_generation/data/pdbs""}",32.00,1,solved,42,,10211,32146,9876,20076,0.6978,0.9011,1
65,7ea81b3504cf296d,,wastar,"{""w"": 1.0}",pdb,"{""pdb_dir"": ""../phase1_data_generation/data/pdbs""}",42.00,1,solved,50,,4010,12458,3976,8184,0.2805,0.3589,1
66,f68c9eb03475a12d,,wastar,"{""w"": 1.0}",pdb,"{""pdb_dir"": ""../phase1_data_generation/data/pdbs""}",34.00,1,solved,46,,10137,31533,10008,20604,0.7108,0.9140,1
67,3f75e0a4169bdc28,,wastar,"{""w"": 1.0}",pdb,"{""pdb_dir"": ""../phase1_data_generation/data/pdbs""}",46.00,1,solved,56,,58391,180935,57285,115718,4.0672,5.2713,1
68,cbf92d316805ea47,,wastar,"{""w"": 1.0}",pdb,"{""pdb_dir"": ""../phase1_data_generation/data/pdbs""}",46.00,1,solved,52,,8478,26230,8400,17122,0.5947,0.7624,1
69,4fec5a10728db963,,wastar,"{""w"": 1.0}",pdb,"{""pdb_dir"": ""../phase1_data_generation/data/pdbs""}",38.00,1,solved,46,,8835,27740,8734,17874,0.6194,0.7960,1
70,b9da7f813e0c2465,,wastar,"{""w"": 1.0}",pdb,"{""pdb_dir"": ""../phase1_data_generation/data/pdbs""}",30.00,1,solved,32,,99,309,100,211,0.0072,0.0092,1
71,2edc9386f70a41b5,,wastar,"{""w"": 1.0}",pdb,"{""pdb_dir"": ""../phase1_data_generation/data/pdbs""}",36.00,1,solved,44,,4602,14471,4459,9198,0.3169,0.4080,1
72,671d98a0fe4cb325,,wastar,"{""w"": 1.0}",pdb,"{""pdb_dir"": ""../phase1_data_generation/data/pdbs""}",36.00,1,solved,42,,1175,3778,1171,2547,0.0832,0.1065,1
73,b7f9e0a23c46d815,,wastar,"{""w"": 1.0}",pdb,"{""pdb_dir"": ""../phase1_data_generation/data/pdbs""}",40.00,1,solved,50,,23192,73500,22721,47108,1.6046,2.0730,1
74,a68fd5c09eb23714,,wastar,"{""w"": 1.0}",pdb,"{""pdb_dir"": ""../phase1_data_generation/data/pdbs""}",34.00,1,solved,38,,210,672,206,453,0.0146,0.0188,1
75,bea52019df867c34,,wastar,"{""w"": 1.0}",pdb,"{""pdb_dir"": ""../phase1_data_generation/data/pdbs""}",38.00,1,solved,42,,335,1063,336,722,0.0238,0.0303,1
76,d7cab1940f82635e,,wastar,"{""w"": 1.0}",pdb,"{""pdb_dir"": ""../phase1_data_generation/data/pdbs""}",38.00,1,solved,44,,1317,4183,1302,2783,0.0921,0.1178,1
77,c30b52d479a8ef16,,wastar,"{""w"": 1.0}",pdb,"{""pdb_dir"": ""../phase1_data_generation/data/pdbs""}",44.00,1,solved,56,,31584,98042,30908,63274,2.1964,2.8390,1
78,278cef9d0b64a135,,wastar,"{""w"": 1.0}",pdb,"{""pdb_dir"": ""../phase1_data_generation/data/pdbs""}",38.00,1,solved,46,,11550,36041,11407,23575,0.8091,1.0417,1
79,ac09f2d1b38645e7,,wastar,"{""w"": 1.0}",pdb,"{""pdb_dir"": ""../phase1_data_generation/data/pdbs""}",42.00,1,solved,44,,151,472,152,321,0.0108,0.0137,1
80,bde8a0c963247f15,,wastar,"{""w"": 1.0}",pdb,"{""pdb_dir"": ""../phase1_data_generation/data/pdbs""}",30.00,1,solved,38,,487,1524,481,999,0.0340,0.0435,1
81,27c619a8b3e54df0,,wastar,"{""w"": 1.0}",pdb,"{""pdb_dir"": ""../phase1_data_generation/data/pdbs""}",46.00,1,solved,54,,3304,10121,3292,6674,0.2336,0.2986,1
82,faec9d106b584723,,wastar,"{""w"": 1.0}",pdb,"{""pdb_dir"": ""../phase1_data_generation/data/pdbs""}",32.00,1,solved,40,,2997,9411,2978,6087,0.2109,0.2700,1
83,bae9c12534d786f0,,wastar,"{""w"": 1.0}",pdb,"{""pdb_dir"": ""../phase1_data_generation/data/pdbs""}",44.00,1,solved,52,,4339,13421,4310,8829,0.3049,0.3908,1
84,0fb47a9d86ec5321,,wastar,"{""w"": 1.0}",pdb,"{""pdb_dir"": ""../phase1_data_generation/data/pdbs""}",30.00,1,solved,42,,4423,14194,4371,9355,0.3105,0.3986,1
85,af059bd6e14c2738,,wastar,"{""w"": 1.0}",pdb,"{""pdb_dir"": ""../phase1_data_generation/data/pdbs""}",36.00,1,solved,42,,6352,20262,6147,13002,0.4368,0.5640,1
86,ef046b9ca3d27581,,wastar,"{""w"": 1.0}",pdb,"{""pdb_dir"": ""../phase1_data_generation/data/pdbs""}",30.00,1,solved,42,,10131,31878,9902,20522,0.6980,0.8991,1
87,e357d4bc8106f9a2,,wastar,"{""w"": 1.0}",pdb,"{""pdb_dir"": ""../phase1_data_generation/data/pdbs""}",46.00,1,solved,56,,33370,102584,32919,65725,2.3339,3.0089,1
88,1d59203e7fbca648,,wastar,"{""w"": 1.0}",pdb,"{""pdb_dir"": ""../phase1_data_generation/data/pdbs""}",42.00,1,solved,50,,23588,73924,23101,47832,1.6334,2.1119,1
89,fed8bc9016a37425,,wastar,"{""w"": 1.0}",pdb,"{""pdb_dir"": ""../phase1_data_generation/data/pdbs""}",30.00,1,solved,32,,46,151,47,106,0.0034,0.0043,1
90,f2ad168c9e0b7534,,wastar,"{""w"": 1.0}",pdb,"{""pdb_dir"": ""../phase1_data_generation/data/pdbs""}",32.00,1,solved,40,,731,2293,730,1534,0.0516,0.0659,1
91,72ecf9a1b5864d30,,wastar,"{""w"": 1.0}",pdb,"{""pdb_dir"": ""../phase1_data_generation/data/pdbs""}",36.00,1,solved,46,,5984,18795,5935,12361,0.4180,0.5361,1
92,f3cd20e98b45671a,,wastar,"{""w"": 1.0}",pdb,"{""pdb_dir"": ""../phase1_data_generation/data/pdbs""}",38.00,1,solved,44,,3145,9904,3116,6422,0.2202,0.2822,1
93,5fd43029be618ac7,,wastar,"{""w"": 1.0}",pdb,"{""pdb_dir"": ""../phase1_data_generation/data/pdbs""}",42.00,1,solved,50,,11710,36562,11427,23244,0.8071,1.0402,1
94,c2ed4f9a057168b3,,wastar,"{""w"": 1.0}",pdb,"{""pdb_dir"": ""../phase1_data_generation/data/pdbs""}",44.00,1,solved,50,,1043,3259,1041,2188,0.0734,0.0937,1
95,9f6e7358ab1d204c,,wastar,"{""w"": 1.0}",pdb,"{""pdb_dir"": ""../phase1_data_generation/data/pdbs""}",34.00,1,solved,40,,660,2038,654,1354,0.0464,0.0592,1
96,b15afc3472e8d096,,wastar,"{""w"": 1.0}",pdb,"{""pdb_dir"": ""../phase1_data_generation/data/pdbs""}",42.00,1,solved,52,,6382,19862,6294,12905,0.4431,0.5685,1
97,efdc2943a75860b1,,wastar,"{""w"": 1.0}",pdb,"{""pdb_dir"": ""../phase1_data_generation/data/pdbs""}",34.00,1,solved,40,,1378,4433,1359,2911,0.0957,0.1230,1
98,aec2d5f90b861734,,wastar,"{""w"": 1.0}",pdb,"{""pdb_dir"": ""../phase1_data_generation/data/pdbs""}",34.00,1,solved,44,,1242,3952,1222,2617,0.0863,0.1106,1
99,1ac2906e53b7df48,,wastar,"{""w"": 1.0}",pdb,"{""pdb_dir"": ""../phase1_data_generation/data/pdbs""}",48.00,1,solved,54,,4230,13060,4162,8482,0.2935,0.3762,1
0,8ab57e3c01296df4,,wastar,"{""w"": 2.0}",pdb,"{""pdb_dir"": ""../phase1_data_generation/data/pdbs""}",42.00,1,solved,64,,635,2034,623,1364,0.0447,0.0573,1
1,8f4a75ed326cb091,,wastar,"{""w"": 2.0}",pdb,"{""pdb_dir"": ""../phase1_data_generation/data/pdbs""}",32.00,1,solved,50,,212,683,213,471,0.0151,0.0192,1
2,8c0edb4f792536a1,,wastar,"{""w"": 2.0}",pdb,"{""pdb_dir"": ""../phase1_data_generation/data/pdbs""}",32.00,1,solved,50,,134,425,135,288,0.0095,0.0121,1
3,5e692f8d0c43ab17,,wastar,"{""w"": 2.0}",pdb,"{""pdb_dir"": ""../phase1_data_generation/data/pdbs""}",44.00,1,solved,58,,130,412,131,283,0.0093,0.0118,1
4,01d46fe2bac57398,,wastar,"{""w"": 2.0}",pdb,"{""pdb_dir"": ""../phase1_data_generation/data/pdbs""}",38.00,1,solved,50,,88,282,89,195,0.0063,0.0080,1
5,ebc8f514da296370,,wastar,"{""w"": 2.0}",pdb,"{""pdb_dir"": ""../phase1_data_generation/data/pdbs""}",32.00,1,solved,48,,604,1914,594,1267,0.0419,0.0536,1
6,87c53fbd2e0614a9,,wastar,"{""w"": 2.0}",pdb,"{""pdb_dir"": ""../phase1_data_generation/data/pdbs""}",38.00,1,solved,46,,55,177,56,123,0.0040,0.0051,1
7,bc9eaf64035d2178,,wastar,"{""w"": 2.0}",pdb,"{""pdb_dir"": ""../phase1_data_generation/data/pdbs""}",32.00,1,solved,36,,43,136,44,94,0.0031,0.0039,1
8,d957c832a46be0f1,,wastar,"{""w"": 2.0}",pdb,"{""pdb_dir"": ""../phase1_data_generation/data/pdbs""}",48.00,1,solved,66,,542,1741,543,1194,0.0381,0.0487,1
9,a49e3db67f05281c,,wastar,"{""w"": 2.0}",pdb,"{""pdb_dir"": ""../phase1_data_generation/data/pdbs""}",40.00,1,solved,60,,288,951,286,656,0.0201,0.0257,1
10,fc0b42a5378e619d,,wastar,"{""w"": 2.0}",pdb,"{""pdb_dir"": ""../phase1_data_generation/data/pdbs""}",40.00,1,solved,56,,1564,4976,1472,3100,0.1037,0.1343,1
11,c2b1ea483f95d760,,wastar,"{""w"": 2.0}",pdb,"{""pdb_dir"": ""../phase1_data_generation/data/pdbs""}",42.00,1,solved,52,,198,613,182,382,0.0129,0.0168,1
12,c25d10e873ab96f4,,wastar,"{""w"": 2.0}",pdb,"{""pdb_dir"": ""../phase1_data_generation/data/pdbs""}",44.00,1,solved,54,,268,850,267,574,0.0190,0.0242,1
13,e8f470ab21dc5693,,wastar,"{""w"": 2.0}",pdb,"{""pdb_dir"": ""../phase1_data_generation/data/pdbs""}",42.00,1,solved,62,,221,701,222,481,0.0157,0.0201,1
14,72596c10aedf3b84,,wastar,"{""w"": 2.0}",pdb,"{""pdb_dir"": ""../phase1_data_generation/data/pdbs""}",40.00,1,solved,54,,546,1725,493,1055,0.0347,0.0452,1
15,ef2d501b867a934c,,wastar,"{""w"": 2.0}",pdb,"{""pdb_dir"": ""../phase1_data_generation/data/pdbs""}",40.00,1,solved,68,,811,2549,776,1620,0.0548,0.0706,1
16,ad84c615be0239f7,,wastar,"{""w"": 2.0}",pdb,"{""pdb_dir"": ""../phase1_data_generation/data/pdbs""}",40.00,1,solved,56,,101,325,102,225,0.0072,0.0092,1
17,bf4dac98560e3217,,wastar,"{""w"": 2.0}",pdb,"{""pdb_dir"": ""../phase1_data_generation/data/pdbs""}",32.00,1,solved,50,,970,3073,924,1960,0.0652,0.0843,1
18,bd08947ce6a1f352,,wastar,"{""w"": 2.0}",pdb,"{""pdb_dir"": ""../phase1_data_generation/data/pdbs""}",32.00,1,solved,52,,143,465,144,323,0.0101,0.0129,1
19,3ea4bcdf75069218,,wastar,"{""w"": 2.0}",pdb,"{""pdb_dir"": ""../phase1_data_generation/data/pdbs""}",40.00,1,solved,54,,439,1424,421,937,0.0296,0.0381,1
20,2b8d1e3c590476af,,wastar,"{""w"": 2.0}",pdb,"{""pdb_dir"": ""../phase1_data_generation/data/pdbs""}",42.00,1,solved,58,,364,1125,360,750,0.0253,0.0324,1
21,8fc2a069d1eb3754,,wastar,"{""w"": 2.0}",pdb,"{""pdb_dir"": ""../phase1_data_generation/data/pdbs""}",40.00,1,solved,50,,284,898,251,533,0.0177,0.0232,1
22,fc5ae0d17324b986,,wastar,"{""w"": 2.0}",pdb,"{""pdb_dir"": ""../phase1_data_generation/data/pdbs""}",34.00,1,solved,50,,363,1171,343,750,0.0262,0.0334,1
23,afb57e4608cd3291,,wastar,"{""w"": 2.0}",pdb,"{""pdb_dir"": ""../phase1_data_generation/data/pdbs""}",32.00,1,solved,46,,563,1796,502,1077,0.0357,0.0466,1
24,bdcea7f506482931,,wastar,"{""w"": 2.0}",pdb,"{""pdb_dir"": ""../phase1_data_generation/data/pdbs""}",32.00,1,solved,44,,183,580,184,398,0.0130,0.0166,1
25,06cd48791ef5b3a2,,wastar,"{""w"": 2.0}",pdb,"{""pdb_dir"": ""../phase1_data_generation/data/pdbs""}",42.00,1,solved,62,,125,407,124,278,0.0088,0.0112,1
26,af0e769c1d28b345,,wastar,"{""w"": 2.0}",pdb,"{""pdb_dir"": ""../phase1_data_generation/data/pdbs""}",26.00,1,solved,34,,56,182,57,127,0.0041,0.0052,1
27,da5c9164037feb82,,wastar,"{""w"": 2.0}",pdb,"{""pdb_dir"": ""../phase1_data_generation/data/pdbs""}",38.00,1,solved,56,,1734,5551,1484,3120,0.1044,0.1383,1
28,f9ce7168d34520ba,,wastar,"{""w"": 2.0}",pdb,"{""pdb_dir"": ""../phase1_data_generation/data/pdbs""}",36.00,1,solved,58,,260,807,257,540,0.0182,0.0232,1
29,8c94bef105d2a673,,wastar,"{""w"": 2.0}",pdb,"{""pdb_dir"": ""../phase1_data_generation/data/pdbs""}",40.00,1,solved,48,,270,859,271,586,0.0191,0.0243,1
30,b65e19da284cf073,,wastar,"{""w"": 2.0}",pdb,"{""pdb_dir"": ""../phase1_data_generation/data/pdbs""}",42.00,1,solved,54,,105,335,106,231,0.0075,0.0095,1
31,fbe97065dc813a24,,wastar,"{""w"": 2.0}",pdb,"{""pdb_dir"": ""../phase1_data_generation/data/pdbs""}",28.00,1,solved,42,,124,397,125,274,0.0088,0.0112,1
32,f9b47de035a216c8,,wastar,"{""w"": 2.0}",pdb,"{""pdb_dir"": ""../phase1_data_generation/data/pdbs""}",38.00,1,solved,58,,187,588,184,390,0.0129,0.0166,1
33,b7da6045ce19f238,,wastar,"{""w"": 2.0}",pdb,"{""pdb_dir"": ""../phase1_data_generation/data/pdbs""}",40.00,1,solved,62,,314,995,277,583,0.0195,0.0256,1
34,6ecab52037d8f419,,wastar,"{""w"": 2.0}",pdb,"{""pdb_dir"": ""../phase1_data_generation/data/pdbs""}",34.00,1,solved,50,,205,633,203,420,0.0143,0.0183,1
35,91b6308e25fdac74,,wastar,"{""w"": 2.0}",pdb,"{""pdb_dir"": ""../phase1_data_generation/data/pdbs""}",44.00,1,solved,56,,227,733,227,502,0.0160,0.0204,1
36,b1fcda64e3092758,,wastar,"{""w"": 2.0}",pdb,"{""pdb_dir"": ""../phase1_data_generation/data/pdbs""}",32.00,1,solved,52,,479,1567,462,1040,0.0323,0.0416,1
37,db85639caf47e012,,wastar,"{""w"": 2.0}",pdb,"{""pdb_dir"": ""../phase1_data_generation/data/pdbs""}",40.00,1,solved,50,,95,305,96,211,0.0068,0.0086,1
38,8baef09374dc1625,,wastar,"{""w"": 2.0}",pdb,"{""pdb_dir"": ""../phase1_data_generation/data/pdbs""}",40.00,1,solved,52,,156,512,153,347,0.0107,0.0138,1
39,59c6e830fb2a741d,,wastar,"{""w"": 2.0}",pdb,"{""pdb_dir"": ""../phase1_data_generation/data/pdbs""}",40.00,1,solved,62,,181,574,182,394,0.0127,0.0162,1
40,8dfce0a92b453671,,wastar,"{""w"": 2.0}",pdb,"{""pdb_dir"": ""../phase1_data_generation/data/pdbs""}",34.00,1,solved,46,,78,255,79,176,0.0056,0.0071,1
41,9f7385debc64a021,,wastar,"{""w"": 2.0}",pdb,"{""pdb_dir"": ""../phase1_data_generation/data/pdbs""}",40.00,1,solved,66,,908,2894,821,1760,0.0574,0.0748,1
42,4ec8b659d3f17a20,,wastar,"{""w"": 2.0}",pdb,"{""pdb_dir"": ""../phase1_data_generation/data/pdbs""}",34.00,1,solved,54,,892,2805,880,1846,0.0619,0.0793,1
43,d908e16ca7b5f324,,wastar,"{""w"": 2.0}",pdb,"{""pdb_dir"": ""../phase1_data_generation/data/pdbs""}",30.00,1,solved,44,,144,463,143,310,0.0101,0.0129,1
44,fea98d5432c6b170,,wastar,"{""w"": 2.0}",pdb,"{""pdb_dir"": ""../phase1_data_generation/data/pdbs""}",34.00,1,solved,44,,70,230,71,161,0.0051,0.0065,1
45,c9bd74f50e6132a8,,wastar,"{""w"": 2.0}",pdb,"{""pdb_dir"": ""../phase1_data_generation/data/pdbs""}",34.00,1,solved,54,,196,622,196,425,0.0138,0.0176,1
46,658b1f7cad0e9324,,wastar,"{""w"": 2.0}",pdb,"{""pdb_dir"": ""../phase1_data_generation/data/pdbs""}",38.00,1,solved,58,,212,663,210,440,0.0148,0.0189,1
47,cb03ad8e497652f1,,wastar,"{""w"": 2.0}",pdb,"{""pdb_dir"": ""../phase1_data_generation/data/pdbs""}",50.00,1,solved,72,,443,1383,327,689,0.0230,0.0315,1
48,ab09c538e671f24d,,wastar,"{""w"": 2.0}",pdb,"{""pdb_dir"": ""../phase1_data_generation/data/pdbs""}",42.00,1,solved,56,,210,676,209,460,0.0148,0.0189,1
49,bd2cf64a35e71098,,wastar,"{""w"": 2.0}",pdb,"{""pdb_dir"": ""../phase1_data_generation/data/pdbs""}",34.00,1,solved,52,,162,519,163,358,0.0114,0.0146,1
50,da627fbe01c83954,,wastar,"{""w"": 2.0}",pdb,"{""pdb_dir"": ""../phase1_data_generation/data/pdbs""}",34.00,1,solved,50,,256,805,248,522,0.0175,0.0226,1
51,ed2810493f567bca,,wastar,"{""w"": 2.0}",pdb,"{""pdb_dir"": ""../phase1_data_generation/data/pdbs""}",42.00,1,solved,56,,191,602,183,386,0.0130,0.0167,1
52,abf68d190c32745e,,wastar,"{""w"": 2.0}",pdb,"{""pdb_dir"": ""../phase1_data_generation/data/pdbs""}",44.00,1,solved,56,,178,575,171,377,0.0121,0.0155,1
53,e9c8f52b0137a4d6,,wastar,"{""w"": 2.0}",pdb,"{""pdb_dir"": ""../phase1_data_generation/data/pdbs""}",38.00,1,solved,50,,738,2324,720,1524,0.0507,0.0652,1
54,1c563a8de704fb92,,wastar,"{""w"": 2.0}",pdb,"{""pdb_dir"": ""../phase1_data_generation/data/pdbs""}",38.00,1,solved,54,,84,270,85,187,0.0061,0.0077,1
55,e35cfa28791b6d40,,wastar,"{""w"": 2.0}",pdb,"{""pdb_dir"": ""../phase1_data_generation/data/pdbs""}",36.00,1,solved,50,,72,234,73,163,0.0052,0.0066,1
56,c2a4f1798d05eb36,,wastar,"{""w"": 2.0}",pdb,"{""pdb_dir"": ""../phase1_data_generation/data/pdbs""}",44.00,1,solved,68,,152,486,153,335,0.0108,0.0137,1
57,e628f0da179b3c54,,wastar,"{""w"": 2.0}",pdb,"{""pdb_dir"": ""../phase1_data_generation/data/pdbs""}",38.00,1,solved,62,,366,1184,362,799,0.0255,0.0326,1
58,1a7df295b6048ec3,,wastar,"{""w"": 2.0}",pdb,"{""pdb_dir"": ""../phase1_data_generation/data/pdbs""}",44.00,1,solved,66,,208,670,207,459,0.0147,0.0187,1
59,afd862537be491c0,,wastar,"{""w"": 2.0}",pdb,"{""pdb_dir"": ""../phase1_data_generation/data/pdbs""}",36.00,1,solved,58,,384,1215,384,821,0.0270,0.0344,1
60,9a7cdb682e31f450,,wastar,"{""w"": 2.0}",pdb,"{""pdb_dir"": ""../phase1_data_generation/data/pdbs""}",36.00,1,solved,48,,1137,3628,1075,2281,0.0752,0.0972,1
61,dc1875fea6023b49,,wastar,"{""w"": 2.0}",pdb,"{""pdb_dir"": ""../phase1_data_generation/data/pdbs""}",34.00,1,solved,58,,629,1993,607,1296,0.0428,0.0550,1
62,15fd76b2ea0948c3,,wastar,"{""w"": 2.0}",pdb,"{""pdb_dir"": ""../phase1_data_generation/data/pdbs""}",48.00,1,solved,68,,243,761,244,519,0.0172,0.0219,1
63,bf8e9a62d4051c73,,wastar,"{""w"": 2.0}",pdb,"{""pdb_dir"": ""../phase1_data_generation/data/pdbs""}",42.00,1,solved,56,,134,433,135,298,0.0095,0.0121,1
64,eac510fd29b83674,,wastar,"{""w"": 2.0}",pdb,"{""pdb_dir"": ""../phase1_data_generation/data/pdbs""}",32.00,1,solved,48,,680,2126,620,1297,0.0435,0.0567,1
65,7ea81b3504cf296d,,wastar,"{""w"": 2.0}",pdb,"{""pdb_dir"": ""../phase1_data_generation/data/pdbs""}",42.00,1,solved,68,,226,721,222,484,0.0156,0.0200,1
66,f68c9eb03475a12d,,wastar,"{""w"": 2.0}",pdb,"{""pdb_dir"": ""../phase1_data_generation/data/pdbs""}",34.00,1,solved,58,,348,1098,345,738,0.0243,0.0310,1
67,3f75e0a4169bdc28,,wastar,"{""w"": 2.0}",pdb,"{""pdb_dir"": ""../phase1_data_generation/data/pdbs""}",46.00,1,solved,58,,79,251,80,173,0.0056,0.0071,1
68,cbf92d316805ea47,,wastar,"{""w"": 2.0}",pdb,"{""pdb_dir"": ""../phase1_data_generation/data/pdbs""}",46.00,1,solved,60,,429,1346,430,911,0.0302,0.0385,1
69,4fec5a10728db963,,wastar,"{""w"": 2.0}",pdb,"{""pdb_dir"": ""../phase1_data_generation/data/pdbs""}",38.00,1,solved,52,,320,1043,305,684,0.0214,0.0276,1
70,b9da7f813e0c2465,,wastar,"{""w"": 2.0}",pdb,"{""pdb_dir"": ""../phase1_data_generation/data/pdbs""}",30.00,1,solved,48,,172,565,172,385,0.0121,0.0154,1
71,2edc9386f70a41b5,,wastar,"{""w"": 2.0}",pdb,"{""pdb_dir"": ""../phase1_data_generation/data/pdbs""}",36.00,1,solved,50,,931,2980,854,1828,0.0599,0.0779,1
72,671d98a0fe4cb325,,wastar,"{""w"": 2.0}",pdb,"{""pdb_dir"": ""../phase1_data_generation/data/pdbs""}",36.00,1,solved,42,,54,174,55,121,0.0039,0.0049,1
73,b7f9e0a23c46d815,,wastar,"{""w"": 2.0}",pdb,"{""pdb_dir"": ""../phase1_data_generation/data/pdbs""}",40.00,1,solved,56,,1292,4072,1191,2521,0.0832,0.1080,1
74,a68fd5c09eb23714,,wastar,"{""w"": 2.0}",pdb,"{""pdb_dir"": ""../phase1_data_generation/data/pdbs""}",34.00,1,solved,40,,45,150,46,106,0.0032,0.0041,1
75,bea52019df867c34,,wastar,"{""w"": 2.0}",pdb,"{""pdb_dir"": ""../phase1_data_generation/data/pdbs""}",38.00,1,solved,58,,114,368,115,255,0.0081,0.0103,1
76,d7cab1940f82635e,,wastar,"{""w"": 2.0}",pdb,"{""pdb_dir"": ""../phase1_data_generation/data/pdbs""}",38.00,1,solved,44,,106,337,107,232,0.0075,0.0095,1
77,c30b52d479a8ef16,,wastar,"{""w"": 2.0}",pdb,"{""pdb_dir"": ""../phase1_data_generation/data/pdbs""}",44.00,1,solved,66,,770,2425,742,1563,0.0523,0.0673,1
78,278cef9d0b64a135,,wastar,"{""w"": 2.0}",pdb,"{""pdb_dir"": ""../phase1_data_generation/data/pdbs""}",38.00,1,solved,64,,1177,3686,1140,2353,0.0804,0.1034,1
79,ac09f2d1b38645e7,,wastar,"{""w"": 2.0}",pdb,"{""pdb_dir"": ""../phase1_data_generation/data/pdbs""}",42.00,1,solved,62,,353,1124,324,689,0.0227,0.0296,1
80,bde8a0c963247f15,,wastar,"{""w"": 2.0}",pdb,"{""pdb_dir"": ""../phase1_data_generation/data/pdbs""}",30.00,1,solved,40,,193,602,194,402,0.0136,0.0174,1
81,27c619a8b3e54df0,,wastar,"{""w"": 2.0}",pdb,"{""pdb_dir"": ""../phase1_data_generation/data/pdbs""}",46.00,1,solved,66,,197,619,194,411,0.0137,0.0175,1
82,faec9d106b584723,,wastar,"{""w"": 2.0}",pdb,"{""pdb_dir"": ""../phase1_data_generation/data/pdbs""}",32.00,1,solved,46,,146,461,147,316,0.0104,0.0132,1
83,bae9c12534d786f0,,wastar,"{""w"": 2.0}",pdb,"{""pdb_dir"": ""../phase1_data_generation/data/pdbs""}",44.00,1,solved,54,,95,298,96,204,0.0068,0.0086,1
84,0fb47a9d86ec5321,,wastar,"{""w"": 2.0}",pdb,"{""pdb_dir"": ""../phase1_data_generation/data/pdbs""}",30.00,1,solved,52,,342,1085,343,742,0.0241,0.0307,1
85,af059bd6e14c2738,,wastar,"{""w"": 2.0}",pdb,"{""pdb_dir"": ""../phase1_data_generation/data/pdbs""}",36.00,1,solved,52,,4814,15548,4061,8794,0.2868,0.3821,1
86,ef046b9ca3d27581,,wastar,"{""w"": 2.0}",pdb,"{""pdb_dir"": ""../phase1_data_generation/data/pdbs""}",30.00,1,solved,44,,114,363,115,250,0.0081,0.0103,1
87,e357d4bc8106f9a2,,wastar,"{""w"": 2.0}",pdb,"{""pdb_dir"": ""../phase1_data_generation/data/pdbs""}",46.00,1,solved,62,,230,728,231,498,0.0163,0.0207,1
88,1d59203e7fbca648,,wastar,"{""w"": 2.0}",pdb,"{""pdb_dir"": ""../phase1_data_generation/data/pdbs""}",42.00,1,solved,62,,159,508,157,344,0.0111,0.0141,1
89,fed8bc9016a37425,,wastar,"{""w"": 2.0}",pdb,"{""pdb_dir"": ""../phase1_data_generation/data/pdbs""}",30.00,1,solved,34,,47,151,48,105,0.0034,0.0043,1
90,f2ad168c9e0b7534,,wastar,"{""w"": 2.0}",pdb,"{""pdb_dir"": ""../phase1_data_generation/data/pdbs""}",32.00,1,solved,44,,476,1524,450,977,0.0317,0.0409,1
91,72ecf9a1b5864d30,,wastar,"{""w"": 2.0}",pdb,"{""pdb_dir"": ""../phase1_data_generation/data/pdbs""}",36.00,1,solved,58,,451,1419,439,928,0.0308,0.0394,1
92,f3cd20e98b45671a,,wastar,"{""w"": 2.0}",pdb,"{""pdb_dir"": ""../phase1_data_generation/data/pdbs""}",38.00,1,solved,56,,284,897,268,572,0.0188,0.0243,1
93,5fd43029be618ac7,,wastar,"{""w"": 2.0}",pdb,"{""pdb_dir"": ""../phase1_data_generation/data/pdbs""}",42.00,1,solved,64,,920,2918,796,1705,0.0559,0.0735,1
94,c2ed4f9a057168b3,,wastar,"{""w"": 2.0}",pdb,"{""pdb_dir"": ""../phase1_data_generation/data/pdbs""}",44.00,1,solved,66,,537,1730,507,1096,0.0354,0.0457,1
95,9f6e7358ab1d204c,,wastar,"{""w"": 2.0}",pdb,"{""pdb_dir"": ""../phase1_data_generation/data/pdbs""}",34.00,1,solved,48,,131,425,131,290,0.0092,0.0117,1
96,b15afc3472e8d096,,wastar,"{""w"": 2.0}",pdb,"{""pdb_dir"": ""../phase1_data_generation/data/pdbs""}",42.00,1,solved,62,,170,548,171,379,0.0120,0.0152,1
97,efdc2943a75860b1,,wastar,"{""w"": 2.0}",pdb,"{""pdb_dir"": ""../phase1_data_generation/data/pdbs""}",34.00,1,solved,42,,76,246,77,171,0.0054,0.0068,1
98,aec2d5f90b861734,,wastar,"{""w"": 2.0}",pdb,"{""pdb_dir"": ""../phase1_data_generation/data/pdbs""}",34.00,1,solved,56,,112,366,113,255,0.0079,0.0100,1
99,1ac2906e53b7df48,,wastar,"{""w"": 2.0}",pdb,"{""pdb_dir"": ""../phase1_data_generation/data/pdbs""}",48.00,1,solved,74,,1374,4333,1185,2471,0.0833,0.1100,1
0,8ab57e3c01296df4,,gbfs,{},pdb,"{""pdb_dir"": ""../phase1_data_generation/data/pdbs""}",42.00,1,solved,116,,274,879,275,604,0.0192,0.0245,1
1,8f4a75ed326cb091,,gbfs,{},pdb,"{""pdb_dir"": ""../phase1_data_generation/data/pdbs""}",32.00,1,solved,64,,126,414,127,288,0.0089,0.0114,1
2,8c0edb4f792536a1,,gbfs,{},pdb,"{""pdb_dir"": ""../phase1_data_generation/data/pdbs""}",32.00,1,solved,66,,82,270,83,189,0.0058,0.0074,1
3,5e692f8d0c43ab17,,gbfs,{},pdb,"{""pdb_dir"": ""../phase1_data_generation/data/pdbs""}",44.00,1,solved,92,,123,392,124,269,0.0087,0.0111,1
4,01d46fe2bac57398,,gbfs,{},pdb,"{""pdb_dir"": ""../phase1_data_generation/data/pdbs""}",38.00,1,solved,108,,268,860,269,590,0.0189,0.0240,1
5,ebc8f514da296370,,gbfs,{},pdb,"{""pdb_dir"": ""../phase1_data_generation/data/pdbs""}",32.00,1,solved,68,,243,758,223,467,0.0157,0.0204,1
6,87c53fbd2e0614a9,,gbfs,{},pdb,"{""pdb_dir"": ""../phase1_data_generation/data/pdbs""}",38.00,1,solved,46,,54,173,55,120,0.0039,0.0049,1
7,bc9eaf64035d2178,,gbfs,{},pdb,"{""pdb_dir"": ""../phase1_data_generation/data/pdbs""}",32.00,1,solved,60,,151,474,152,324,0.0107,0.0136,1
8,d957c832a46be0f1,,gbfs,{},pdb,"{""pdb_dir"": ""../phase1_data_generation/data/pdbs""}",48.00,1,solved,222,,790,2583,753,1683,0.0530,0.0685,1
9,a49e3db67f05281c,,gbfs,{},pdb,"{""pdb_dir"": ""../phase1_data_generation/data/pdbs""}",40.00,1,solved,96,,288,904,273,583,0.0193,0.0249,1
10,fc0b42a5378e619d,,gbfs,{},pdb,"{""pdb_dir"": ""../phase1_data_generation/data/pdbs""}",40.00,1,solved,136,,383,1226,350,767,0.0246,0.0319,1
11,c2b1ea483f95d760,,gbfs,{},pdb,"{""pdb_dir"": ""../phase1_data_generation/data/pdbs""}",42.00,1,solved,144,,457,1484,448,990,0.0315,0.0404,1
12,c25d10e873ab96f4,,gbfs,{},pdb,"{""pdb_dir"": ""../phase1_data_generation/data/pdbs""}",44.00,1,solved,74,,94,300,95,207,0.0067,0.0085,1
13,e8f470ab21dc5693,,gbfs,{},pdb,"{""pdb_dir"": ""../phase1_data_generation/data/pdbs""}",42.00,1,solved,78,,123,399,124,277,0.0087,0.0111,1
14,72596c10aedf3b84,,gbfs,{},pdb,"{""pdb_dir"": ""../phase1_data_generation/data/pdbs""}",40.00,1,solved,74,,271,851,247,524,0.0174,0.0226,1
15,ef2d501b867a934c,,gbfs,{},pdb,"{""pdb_dir"": ""../phase1_data_generation/data/pdbs""}",40.00,1,solved,102,,301,967,268,593,0.0188,0.0246,1
16,ad84c615be0239f7,,gbfs,{},pdb,"{""pdb_dir"": ""../phase1_data_generation/data/pdbs""}",40.00,1,solved,86,,115,374,116,260,0.0081,0.0103,1
17,bf4dac98560e3217,,gbfs,{},pdb,"{""pdb_dir"": ""../phase1_data_generation/data/pdbs""}",32.00,1,solved,60,,108,351,109,244,0.0076,0.0097,1
18,bd08947ce6a1f352,,gbfs,{},pdb,"{""pdb_dir"": ""../phase1_data_generation/data/pdbs""}",32.00,1,solved,86,,174,557,175,384,0.0123,0.0156,1
19,3ea4bcdf75069218,,gbfs,{},pdb,"{""pdb_dir"": ""../phase1_data_generation/data/pdbs""}",40.00,1,solved,94,,281,903,266,581,0.0186,0.0240,1
20,2b8d1e3c590476af,,gbfs,{},pdb,"{""pdb_dir"": ""../phase1_data_generation/data/pdbs""}",42.00,1,solved,68,,82,269,83,188,0.0059,0.0075,1
21,8fc2a069d1eb3754,,gbfs,{},pdb,"{""pdb_dir"": ""../phase1_data_generation/data/pdbs""}",40.00,1,solved,100,,359,1135,336,723,0.0236,0.0306,1
22,fc5ae0d17324b986,,gbfs,{},pdb,"{""pdb_dir"": ""../phase1_data_generation/data/pdbs""}",34.00,1,solved,84,,160,514,161,355,0.0113,0.0144,1
23,afb57e4608cd3291,,gbfs,{},pdb,"{""pdb_dir"": ""../phase1_data_generation/data/pdbs""}",32.00,1,solved,82,,157,506,158,350,0.0111,0.0141,1
24,bdcea7f506482931,,gbfs,{},pdb,"{""pdb_dir"": ""../phase1_data_generation/data/pdbs""}",32.00,1,solved,60,,162,506,163,345,0.0115,0.0146,1
25,06cd48791ef5b3a2,,gbfs,{},pdb,"{""pdb_dir"": ""../phase1_data_generation/data/pdbs""}",42.00,1,solved,128,,318,1005,296,637,0.0208,0.0268,1
26,af0e769c1d28b345,,gbfs,{},pdb,"{""pdb_dir"": ""../phase1_data_generation/data/pdbs""}",26.00,1,solved,38,,45,151,46,107,0.0032,0.0041,1
27,da5c9164037feb82,,gbfs,{},pdb,"{""pdb_dir"": ""../phase1_data_generation/data/pdbs""}",38.00,1,solved,80,,176,552,177,376,0.0125,0.0159,1
28,f9ce7168d34520ba,,gbfs,{},pdb,"{""pdb_dir"": ""../phase1_data_generation/data/pdbs""}",36.00,1,solved,108,,204,650,204,445,0.0144,0.0183,1
29,8c94bef105d2a673,,gbfs,{},pdb,"{""pdb_dir"": ""../phase1_data_generation/data/pdbs""}",40.00,1,solved,76,,114,369,115,255,0.0081,0.0103,1
30,b65e19da284cf073,,gbfs,{},pdb,"{""pdb_dir"": ""../phase1_data_generation/data/pdbs""}",42.00,1,solved,78,,129,409,130,281,0.0091,0.0116,1
31,fbe97065dc813a24,,gbfs,{},pdb,"{""pdb_dir"": ""../phase1_data_generation/data/pdbs""}",28.00,1,solved,112,,305,966,306,660,0.0214,0.0273,1
32,f9b47de035a216c8,,gbfs,{},pdb,"{""pdb_dir"": ""../phase1_data_generation/data/pdbs""}",38.00,1,solved,66,,245,772,237,507,0.0166,0.0214,1
33,b7da6045ce19f238,,gbfs,{},pdb,"{""pdb_dir"": ""../phase1_data_generation/data/pdbs""}",40.00,1,solved,62,,89,289,90,201,0.0063,0.0081,1
34,6ecab52037d8f419,,gbfs,{},pdb,"{""pdb_dir"": ""../phase1_data_generation/data/pdbs""}",34.00,1,solved,82,,170,553,171,383,0.0120,0.0153,1
35,91b6308e25fdac74,,gbfs,{},pdb,"{""pdb_dir"": ""../phase1_data_generation/data/pdbs""}",44.00,1,solved,110,,180,589,181,410,0.0127,0.0162,1
36,b1fcda64e3092758,,gbfs,{},pdb,"{""pdb_dir"": ""../phase1_data_generation/data/pdbs""}",32.00,1,solved,58,,88,292,89,205,0.0062,0.0079,1
37,db85639caf47e012,,gbfs,{},pdb,"{""pdb_dir"": ""../phase1_data_generation/data/pdbs""}",40.00,1,solved,98,,219,688,220,468,0.0154,0.0197,1
38,8baef09374dc1625,,gbfs,{},pdb,"{""pdb_dir"": ""../phase1_data_generation/data/pdbs""}",40.00,1,solved,78,,113,377,114,265,0.0080,0.0102,1
39,59c6e830fb2a741d,,gbfs,{},pdb,"{""pdb_dir"": ""../phase1_data_generation/data/pdbs""}",40.00,1,solved,122,,231,731,232,500,0.0163,0.0208,1
40,8dfce0a92b453671,,gbfs,{},pdb,"{""pdb_dir"": ""../phase1_data_generation/data/pdbs""}",34.00,1,solved,48,,62,205,63,144,0.0044,0.0056,1
41,9f7385debc64a021,,gbfs,{},pdb,"{""pdb_dir"": ""../phase1_data_generation/data/pdbs""}",40.00,1,solved,56,,68,228,69,161,0.0048,0.0062,1
42,4ec8b659d3f17a20,,gbfs,{},pdb,"{""pdb_dir"": ""../phase1_data_generation/data/pdbs""}",34.00,1,solved,100,,351,1097,336,710,0.0235,0.0302,1
43,d908e16ca7b5f324,,gbfs,{},pdb,"{""pdb_dir"": ""../phase1_data_generation/data/pdbs""}",30.00,1,solved,50,,281,882,252,535,0.0176,0.0230,1
44,fea98d5432c6b170,,gbfs,{},pdb,"{""pdb_dir"": ""../phase1_data_generation/data/pdbs""}",34.00,1,solved,112,,480,1555,337,751,0.0237,0.0328,1
45,c9bd74f50e6132a8,,gbfs,{},pdb,"{""pdb_dir"": ""../phase1_data_generation/data/pdbs""}",34.00,1,solved,52,,66,210,67,145,0.0047,0.0060,1
46,658b1f7cad0e9324,,gbfs,{},pdb,"{""pdb_dir"": ""../phase1_data_generation/data/pdbs""}",38.00,1,solved,76,,140,452,141,313,0.0099,0.0125,1
47,cb03ad8e497652f1,,gbfs,{},pdb,"{""pdb_dir"": ""../phase1_data_generation/data/pdbs""}",50.00,1,solved,114,,188,603,189,416,0.0133,0.0169,1
48,ab09c538e671f24d,,gbfs,{},pdb,"{""pdb_dir"": ""../phase1_data_generation/data/pdbs""}",42.00,1,solved,84,,286,896,249,531,0.0175,0.0229,1
49,bd2cf64a35e71098,,gbfs,{},pdb,"{""pdb_dir"": ""../phase1_data_generation/data/pdbs""}",34.00,1,solved,58,,98,324,99,227,0.0069,0.0088,1
50,da627fbe01c83954,,gbfs,{},pdb,"{""pdb_dir"": ""../phase1_data_generation/data/pdbs""}",34.00,1,solved,72,,290,906,266,561,0.0187,0.0242,1
51,ed2810493f567bca,,gbfs,{},pdb,"{""pdb_dir"": ""../phase1_data_generation/data/pdbs""}",42.00,1,solved,80,,104,337,105,234,0.0074,0.0095,1
52,abf68d190c32745e,,gbfs,{},pdb,"{""pdb_dir"": ""../phase1_data_generation/data/pdbs""}",44.00,1,solved,96,,301,970,268,596,0.0189,0.0247,1
53,e9c8f52b0137a4d6,,gbfs,{},pdb,"{""pdb_dir"": ""../phase1_data_generation/data/pdbs""}",38.00,1,solved,80,,198,643,199,446,0.0140,0.0178,1
54,1c563a8de704fb92,,gbfs,{},pdb,"{""pdb_dir"": ""../phase1_data_generation/data/pdbs""}",38.00,1,solved,56,,103,333,104,229,0.0082,0.0103,1
55,e35cfa28791b6d40,,gbfs,{},pdb,"{""pdb_dir"": ""../phase1_data_generation/data/pdbs""}",36.00,1,solved,62,,126,413,127,286,0.0107,0.0143,1
56,c2a4f1798d05eb36,,gbfs,{},pdb,"{""pdb_dir"": ""../phase1_data_generation/data/pdbs""}",44.00,1,solved,120,,282,917,268,599,0.0250,0.0330,1
57,e628f0da179b3c54,,gbfs,{},pdb,"{""pdb_dir"": ""../phase1_data_generation/data/pdbs""}",38.00,1,solved,116,,228,738,229,509,0.0184,0.0235,1
58,1a7df295b6048ec3,,gbfs,{},pdb,"{""pdb_dir"": ""../phase1_data_generation/data/pdbs""}",44.00,1,solved,144,,278,887,279,607,0.0198,0.0253,1
59,afd862537be491c0,,gbfs,{},pdb,"{""pdb_dir"": ""../phase1_data_generation/data/pdbs""}",36.00,1,solved,88,,146,462,147,317,0.0104,0.0133,1
60,9a7cdb682e31f450,,gbfs,{},pdb,"{""pdb_dir"": ""../phase1_data_generation/data/pdbs""}",36.00,1,solved,120,,293,946,293,649,0.0207,0.0265,1
61,dc1875fea6023b49,,gbfs,{},pdb,"{""pdb_dir"": ""../phase1_data_generation/data/pdbs""}",34.00,1,solved,82,,216,681,217,462,0.0155,0.0198,1
62,15fd76b2ea0948c3,,gbfs,{},pdb,"{""pdb_dir"": ""../phase1_data_generation/data/pdbs""}",48.00,1,solved,118,,247,784,248,538,0.0183,0.0233,1
63,bf8e9a62d4051c73,,gbfs,{},pdb,"{""pdb_dir"": ""../phase1_data_generation/data/pdbs""}",42.00,1,solved,66,,145,471,146,327,0.0103,0.0132,1
64,eac510fd29b83674,,gbfs,{},pdb,"{""pdb_dir"": ""../phase1_data_generation/data/pdbs""}",32.00,1,solved,72,,310,966,286,601,0.0202,0.0261,1
65,7ea81b3504cf296d,,gbfs,{},pdb,"{""pdb_dir"": ""../phase1_data_generation/data/pdbs""}",42.00,1,solved,90,,336,1063,313,675,0.0220,0.0284,1
66,f68c9eb03475a12d,,gbfs,{},pdb,"{""pdb_dir"": ""../phase1_data_generation/data/pdbs""}",34.00,1,solved,66,,97,305,98,209,0.0070,0.0088,1
67,3f75e0a4169bdc28,,gbfs,{},pdb,"{""pdb_dir"": ""../phase1_data_generation/data/pdbs""}",46.00,1,solved,120,,243,770,244,525,0.0172,0.0219,1
68,cbf92d316805ea47,,gbfs,{},pdb,"{""pdb_dir"": ""../phase1_data_generation/data/pdbs""}",46.00,1,solved,102,,152,497,153,346,0.0108,0.0137,1
69,4fec5a10728db963,,gbfs,{},pdb,"{""pdb_dir"": ""../phase1_data_generation/data/pdbs""}",38.00,1,solved,64,,107,350,108,244,0.0076,0.0097,1
70,b9da7f813e0c2465,,gbfs,{},pdb,"{""pdb_dir"": ""../phase1_data_generation/data/pdbs""}",30.00,1,solved,84,,176,566,177,391,0.0124,0.0159,1
71,2edc9386f70a41b5,,gbfs,{},pdb,"{""pdb_dir"": ""../phase1_data_generation/data/pdbs""}",36.00,1,solved,94,,547,1746,473,1021,0.0333,0.0438,1
72,671d98a0fe4cb325,,gbfs,{},pdb,"{""pdb_dir"": ""../phase1_data_generation/data/pdbs""}",36.00,1,solved,42,,52,168,53,117,0.0038,0.0048,1
73,b7f9e0a23c46d815,,gbfs,{},pdb,"{""pdb_dir"": ""../phase1_data_generation/data/pdbs""}",40.00,1,solved,90,,352,1116,324,701,0.0227,0.0295,1
74,a68fd5c09eb23714,,gbfs,{},pdb,"{""pdb_dir"": ""../phase1_data_generation/data/pdbs""}",34.00,1,solved,40,,44,148,45,105,0.0032,0.0040,1
75,bea52019df867c34,,gbfs,{},pdb,"{""pdb_dir"": ""../phase1_data_generation/data/pdbs""}",38.00,1,solved,64,,79,254,80,176,0.0056,0.0071,1
76,d7cab1940f82635e,,gbfs,{},pdb,"{""pdb_dir"": ""../phase1_data_generation/data/pdbs""}",38.00,1,solved,52,,101,320,102,220,0.0072,0.0091,1
77,c30b52d479a8ef16,,gbfs,{},pdb,"{""pdb_dir"": ""../phase1_data_generation/data/pdbs""}",44.00,1,solved,90,,277,864,253,531,0.0178,0.0232,1
78,278cef9d0b64a135,,gbfs,{},pdb,"{""pdb_dir"": ""../phase1_data_generation/data/pdbs""}",38.00,1,solved,94,,143,456,144,314,0.0101,0.0129,1
79,ac09f2d1b38645e7,,gbfs,{},pdb,"{""pdb_dir"": ""../phase1_data_generation/data/pdbs""}",42.00,1,solved,108,,270,863,271,592,0.0190,0.0243,1
80,bde8a0c963247f15,,gbfs,{},pdb,"{""pdb_dir"": ""../phase1_data_generation/data/pdbs""}",30.00,1,solved,74,,111,358,112,248,0.0079,0.0100,1
81,27c619a8b3e54df0,,gbfs,{},pdb,"{""pdb_dir"": ""../phase1_data_generation/data/pdbs""}",46.00,1,solved,92,,270,842,258,544,0.0181,0.0233,1
82,faec9d106b584723,,gbfs,{},pdb,"{""pdb_dir"": ""../phase1_data_generation/data/pdbs""}",32.00,1,solved,56,,93,295,94,203,0.0066,0.0084,1
83,bae9c12534d786f0,,gbfs,{},pdb,"{""pdb_dir"": ""../phase1_data_generation/data/pdbs""}",44.00,1,solved,114,,217,711,199,446,0.0140,0.0182,1
84,0fb47a9d86ec5321,,gbfs,{},pdb,"{""pdb_dir"": ""../phase1_data_generation/data/pdbs""}",30.00,1,solved,90,,197,629,198,432,0.0139,0.0177,1
85,af059bd6e14c2738,,gbfs,{},pdb,"{""pdb_dir"": ""../phase1_data_generation/data/pdbs""}",36.00,1,solved,106,,247,851,228,543,0.0159,0.0208,1
86,ef046b9ca3d27581,,gbfs,{},pdb,"{""pdb_dir"": ""../phase1_data_generation/data/pdbs""}",30.00,1,solved,106,,222,706,222,482,0.0158,0.0202,1
87,e357d4bc8106f9a2,,gbfs,{},pdb,"{""pdb_dir"": ""../phase1_data_generation/data/pdbs""}",46.00,1,solved,112,,193,614,194,422,0.0139,0.0177,1
88,1d59203e7fbca648,,gbfs,{},pdb,"{""pdb_dir"": ""../phase1_data_generation/data/pdbs""}",42.00,1,solved,54,,65,222,66,158,0.0046,0.0059,1
89,fed8bc9016a37425,,gbfs,{},pdb,"{""pdb_dir"": ""../phase1_data_generation/data/pdbs""}",30.00,1,solved,66,,132,415,133,284,0.0095,0.0120,1
90,f2ad168c9e0b7534,,gbfs,{},pdb,"{""pdb_dir"": ""../phase1_data_generation/data/pdbs""}",32.00,1,solved,66,,128,412,129,285,0.0092,0.0118,1
91,72ecf9a1b5864d30,,gbfs,{},pdb,"{""pdb_dir"": ""../phase1_data_generation/data/pdbs""}",36.00,1,solved,68,,404,1295,323,699,0.0228,0.0307,1
92,f3cd20e98b45671a,,gbfs,{},pdb,"{""pdb_dir"": ""../phase1_data_generation/data/pdbs""}",38.00,1,solved,98,,231,745,232,514,0.0163,0.0208,1
93,5fd43029be618ac7,,gbfs,{},pdb,"{""pdb_dir"": ""../phase1_data_generation/data/pdbs""}",42.00,1,solved,96,,142,474,143,331,0.0101,0.0129,1
94,c2ed4f9a057168b3,,gbfs,{},pdb,"{""pdb_dir"": ""../phase1_data_generation/data/pdbs""}",44.00,1,solved,96,,134,429,135,296,0.0095,0.0121,1
95,9f6e7358ab1d204c,,gbfs,{},pdb,"{""pdb_dir"": ""../phase1_data_generation/data/pdbs""}",34.00,1,solved,94,,184,596,185,413,0.0129,0.0165,1
96,b15afc3472e8d096,,gbfs,{},pdb,"{""pdb_dir"": ""../phase1_data_generation/data/pdbs""}",42.00,1,solved,130,,266,858,266,591,0.0188,0.0239,1
97,efdc2943a75860b1,,gbfs,{},pdb,"{""pdb_dir"": ""../phase1_data_generation/data/pdbs""}",34.00,1,solved,78,,211,678,212,467,0.0149,0.0190,1
98,aec2d5f90b861734,,gbfs,{},pdb,"{""pdb_dir"": ""../phase1_data_generation/data/pdbs""}",34.00,1,solved,92,,161,518,162,358,0.0114,0.0145,1
99,1ac2906e53b7df48,,gbfs,{},pdb,"{""pdb_dir"": ""../phase1_data_generation/data/pdbs""}",48.00,1,solved,94,,169,536,170,367,0.0119,0.0152,1
0,8ab57e3c01296df4,,idastar,"{""w"": 1.0}",classifier,"{""checkpoint"": ""../phase2_model_training/checkpoints/classifier/best_model.pt"", ""device"": ""mps"", ""temperature"": 1.0, ""threshold"": 0.5}",48.00,1,solved,50,,647,1447,409,895,1.0823,1.0868,1
1,8f4a75ed326cb091,,idastar,"{""w"": 1.0}",classifier,"{""checkpoint"": ""../phase2_model_training/checkpoints/classifier/best_model.pt"", ""device"": ""mps"", ""temperature"": 1.0, ""threshold"": 0.5}",42.00,1,solved,46,,302,665,268,580,0.7328,0.7365,1
2,8c0edb4f792536a1,,idastar,"{""w"": 1.0}",classifier,"{""checkpoint"": ""../phase2_model_training/checkpoints/classifier/best_model.pt"", ""device"": ""mps"", ""temperature"": 1.0, ""threshold"": 0.5}",40.00,1,solved,44,,157,357,145,327,0.3500,0.3518,1
3,5e692f8d0c43ab17,,idastar,"{""w"": 1.0}",classifier,"{""checkpoint"": ""../phase2_model_training/checkpoints/classifier/best_model.pt"", ""device"": ""mps"", ""temperature"": 1.0, ""threshold"": 0.5}",50.00,1,solved,52,,88,199,87,195,0.2377,0.2389,1
4,01d46fe2bac57398,,idastar,"{""w"": 1.0}",classifier,"{""checkpoint"": ""../phase2_model_training/checkpoints/classifier/best_model.pt"", ""device"": ""mps"", ""temperature"": 1.0, ""threshold"": 0.5}",44.00,1,solved,44,,99,230,85,193,0.2430,0.2443,1
5,ebc8f514da296370,,idastar,"{""w"": 1.0}",classifier,"{""checkpoint"": ""../phase2_model_training/checkpoints/classifier/best_model.pt"", ""device"": ""mps"", ""temperature"": 1.0, ""threshold"": 0.5}",40.00,1,solved,40,,51,112,52,112,0.1456,0.1463,1
6,87c53fbd2e0614a9,,idastar,"{""w"": 1.0}",classifier,"{""checkpoint"": ""../phase2_model_training/checkpoints/classifier/best_model.pt"", ""device"": ""mps"", ""temperature"": 1.0, ""threshold"": 0.5}",38.00,1,solved,42,,316,712,230,502,0.6168,0.6200,1
7,bc9eaf64035d2178,,idastar,"{""w"": 1.0}",classifier,"{""checkpoint"": ""../phase2_model_training/checkpoints/classifier/best_model.pt"", ""device"": ""mps"", ""temperature"": 1.0, ""threshold"": 0.5}",36.00,1,solved,36,,78,176,77,168,0.1819,0.1830,1
8,d957c832a46be0f1,,idastar,"{""w"": 1.0}",classifier,"{""checkpoint"": ""../phase2_model_training/checkpoints/classifier/best_model.pt"", ""device"": ""mps"", ""temperature"": 1.0, ""threshold"": 0.5}",56.00,1,solved,52,,116,257,117,257,0.3198,0.3213,1
9,a49e3db67f05281c,,idastar,"{""w"": 1.0}",classifier,"{""checkpoint"": ""../phase2_model_training/checkpoints/classifier/best_model.pt"", ""device"": ""mps"", ""temperature"": 1.0, ""threshold"": 0.5}",46.00,1,solved,48,,188,424,165,361,0.4186,0.4207,1
10,fc0b42a5378e619d,,idastar,"{""w"": 1.0}",classifier,"{""checkpoint"": ""../phase2_model_training/checkpoints/classifier/best_model.pt"", ""device"": ""mps"", ""temperature"": 1.0, ""threshold"": 0.5}",48.00,1,solved,50,,252,574,238,534,0.6566,0.6598,1
11,c2b1ea483f95d760,,idastar,"{""w"": 1.0}",classifier,"{""checkpoint"": ""../phase2_model_training/checkpoints/classifier/best_model.pt"", ""device"": ""mps"", ""temperature"": 1.0, ""threshold"": 0.5}",50.00,1,solved,50,,103,228,97,212,0.2657,0.2670,1
12,c25d10e873ab96f4,,idastar,"{""w"": 1.0}",classifier,"{""checkpoint"": ""../phase2_model_training/checkpoints/classifier/best_model.pt"", ""device"": ""mps"", ""temperature"": 1.0, ""threshold"": 0.5}",52.00,1,solved,54,,347,817,316,726,0.9318,0.9380,1
13,e8f470ab21dc5693,,idastar,"{""w"": 1.0}",classifier,"{""checkpoint"": ""../phase2_model_training/checkpoints/classifier/best_model.pt"", ""device"": ""mps"", ""temperature"": 1.0, ""threshold"": 0.5}",50.00,1,solved,50,,131,294,108,238,0.2383,0.2396,1
14,72596c10aedf3b84,,idastar,"{""w"": 1.0}",classifier,"{""checkpoint"": ""../phase2_model_training/checkpoints/classifier/best_model.pt"", ""device"": ""mps"", ""temperature"": 1.0, ""threshold"": 0.5}",48.00,1,solved,52,,134,320,116,270,0.3027,0.3041,1
15,ef2d501b867a934c,,idastar,"{""w"": 1.0}",classifier,"{""checkpoint"": ""../phase2_model_training/checkpoints/classifier/best_model.pt"", ""device"": ""mps"", ""temperature"": 1.0, ""threshold"": 0.5}",48.00,1,solved,50,,304,687,286,631,0.8152,0.8192,1
16,ad84c615be0239f7,,idastar,"{""w"": 1.0}",classifier,"{""checkpoint"": ""../phase2_model_training/checkpoints/classifier/best_model.pt"", ""device"": ""mps"", ""temperature"": 1.0, ""threshold"": 0.5}",44.00,1,solved,44,,89,202,79,174,0.2332,0.2344,1
17,bf4dac98560e3217,,idastar,"{""w"": 1.0}",classifier,"{""checkpoint"": ""../phase2_model_training/checkpoints/classifier/best_model.pt"", ""device"": ""mps"", ""temperature"": 1.0, ""threshold"": 0.5}",40.00,1,solved,40,,213,495,172,385,0.4353,0.4378,1
18,bd08947ce6a1f352,,idastar,"{""w"": 1.0}",classifier,"{""checkpoint"": ""../phase2_model_training/checkpoints/classifier/best_model.pt"", ""device"": ""mps"", ""temperature"": 1.0, ""threshold"": 0.5}",38.00,1,solved,40,,67,148,64,140,0.1478,0.1486,1
19,3ea4bcdf75069218,,idastar,"{""w"": 1.0}",classifier,"{""checkpoint"": ""../phase2_model_training/checkpoints/classifier/best_model.pt"", ""device"": ""mps"", ""temperature"": 1.0, ""threshold"": 0.5}",48.00,1,solved,50,,592,1336,501,1097,1.3941,1.4014,1
20,2b8d1e3c590476af,,idastar,"{""w"": 1.0}",classifier,"{""checkpoint"": ""../phase2_model_training/checkpoints/classifier/best_model.pt"", ""device"": ""mps"", ""temperature"": 1.0, ""threshold"": 0.5}",48.00,1,solved,50,,376,859,347,784,0.9576,0.9624,1
21,8fc2a069d1eb3754,,idastar,"{""w"": 1.0}",classifier,"{""checkpoint"": ""../phase2_model_training/checkpoints/classifier/best_model.pt"", ""device"": ""mps"", ""temperature"": 1.0, ""threshold"": 0.5}",46.00,1,solved,50,,100,241,97,227,0.2641,0.2655,1
22,fc5ae0d17324b986,,idastar,"{""w"": 1.0}",classifier,"{""checkpoint"": ""../phase2_model_training/checkpoints/classifier/best_model.pt"", ""device"": ""mps"", ""temperature"": 1.0, ""threshold"": 0.5}",44.00,1,solved,42,,70,168,68,159,0.1910,0.1920,1
23,afb57e4608cd3291,,idastar,"{""w"": 1.0}",classifier,"{""checkpoint"": ""../phase2_model_training/checkpoints/classifier/best_model.pt"", ""device"": ""mps"", ""temperature"": 1.0, ""threshold"": 0.5}",40.00,1,solved,42,,84,189,72,163,0.2003,0.2014,1
24,bdcea7f506482931,,idastar,"{""w"": 1.0}",classifier,"{""checkpoint"": ""../phase2_model_training/checkpoints/classifier/best_model.pt"", ""device"": ""mps"", ""temperature"": 1.0, ""threshold"": 0.5}",40.00,1,solved,40,,52,116,53,116,0.0942,0.0949,1
25,06cd48791ef5b3a2,,idastar,"{""w"": 1.0}",classifier,"{""checkpoint"": ""../phase2_model_training/checkpoints/classifier/best_model.pt"", ""device"": ""mps"", ""temperature"": 1.0, ""threshold"": 0.5}",50.00,1,solved,50,,142,328,140,320,0.3082,0.3102,1
26,af0e769c1d28b345,,idastar,"{""w"": 1.0}",classifier,"{""checkpoint"": ""../phase2_model_training/checkpoints/classifier/best_model.pt"", ""device"": ""mps"", ""temperature"": 1.0, ""threshold"": 0.5}",32.00,1,solved,30,,86,194,82,179,0.2306,0.2317,1
27,da5c9164037feb82,,idastar,"{""w"": 1.0}",classifier,"{""checkpoint"": ""../phase2_model_training/checkpoints/classifier/best_model.pt"", ""device"": ""mps"", ""temperature"": 1.0, ""threshold"": 0.5}",44.00,1,solved,48,,221,511,194,446,0.5487,0.5516,1
28,f9ce7168d34520ba,,idastar,"{""w"": 1.0}",classifier,"{""checkpoint"": ""../phase2_model_training/checkpoints/classifier/best_model.pt"", ""device"": ""mps"", ""temperature"": 1.0, ""threshold"": 0.5}",42.00,1,solved,46,,530,1166,388,851,1.0426,1.0483,1
29,8c94bef105d2a673,,idastar,"{""w"": 1.0}",classifier,"{""checkpoint"": ""../phase2_model_training/checkpoints/classifier/best_model.pt"", ""device"": ""mps"", ""temperature"": 1.0, ""threshold"": 0.5}",44.00,1,solved,42,,77,166,78,166,0.2347,0.2358,1
30,b65e19da284cf073,,idastar,"{""w"": 1.0}",classifier,"{""checkpoint"": ""../phase2_model_training/checkpoints/classifier/best_model.pt"", ""device"": ""mps"", ""temperature"": 1.0, ""threshold"": 0.5}",50.00,1,solved,52,,256,566,243,534,0.6763,0.6797,1
31,fbe97065dc813a24,,idastar,"{""w"": 1.0}",classifier,"{""checkpoint"": ""../phase2_model_training/checkpoints/classifier/best_model.pt"", ""device"": ""mps"", ""temperature"": 1.0, ""threshold"": 0.5}",34.00,1,solved,34,,42,106,43,106,0.1200,0.1206,1
32,f9b47de035a216c8,,idastar,"{""w"": 1.0}",classifier,"{""checkpoint"": ""../phase2_model_training/checkpoints/classifier/best_model.pt"", ""device"": ""mps"", ""temperature"": 1.0, ""threshold"": 0.5}",42.00,1,solved,44,,459,1030,405,896,1.0152,1.0203,1
33,b7da6045ce19f238,,idastar,"{""w"": 1.0}",classifier,"{""checkpoint"": ""../phase2_model_training/checkpoints/classifier/best_model.pt"", ""device"": ""mps"", ""temperature"": 1.0, ""threshold"": 0.5}",48.00,1,solved,50,,117,260,105,228,0.2774,0.2787,1
34,6ecab52037d8f419,,idastar,"{""w"": 1.0}",classifier,"{""checkpoint"": ""../phase2_model_training/checkpoints/classifier/best_model.pt"", ""device"": ""mps"", ""temperature"": 1.0, ""threshold"": 0.5}",44.00,1,solved,44,,125,293,97,215,0.2710,0.2725,1
35,91b6308e25fdac74,,idastar,"{""w"": 1.0}",classifier,"{""checkpoint"": ""../phase2_model_training/checkpoints/classifier/best_model.pt"", ""device"": ""mps"", ""temperature"": 1.0, ""threshold"": 0.5}",50.00,1,solved,48,,91,207,89,199,0.2688,0.2702,1
36,b1fcda64e3092758,,idastar,"{""w"": 1.0}",classifier,"{""checkpoint"": ""../phase2_model_training/checkpoints/classifier/best_model.pt"", ""device"": ""mps"", ""temperature"": 1.0, ""threshold"": 0.5}",40.00,1,solved,42,,180,409,163,369,0.4267,0.4288,1
37,db85639caf47e012,,idastar,"{""w"": 1.0}",classifier,"{""checkpoint"": ""../phase2_model_training/checkpoints/classifier/best_model.pt"", ""device"": ""mps"", ""temperature"": 1.0, ""threshold"": 0.5}",48.00,1,solved,48,,273,597,230,489,0.6097,0.6128,1
38,8baef09374dc1625,,idastar,"{""w"": 1.0}",classifier,"{""checkpoint"": ""../phase2_model_training/checkpoints/classifier/best_model.pt"", ""device"": ""mps"", ""temperature"": 1.0, ""threshold"": 0.5}",44.00,1,solved,46,,709,1625,455,1010,1.2744,1.2819,1
39,59c6e830fb2a741d,,idastar,"{""w"": 1.0}",classifier,"{""checkpoint"": ""../phase2_model_training/checkpoints/classifier/best_model.pt"", ""device"": ""mps"", ""temperature"": 1.0, ""threshold"": 0.5}",46.00,1,solved,48,,71,159,66,145,0.1600,0.1608,1
40,8dfce0a92b453671,,idastar,"{""w"": 1.0}",classifier,"{""checkpoint"": ""../phase2_model_training/checkpoints/classifier/best_model.pt"", ""device"": ""mps"", ""temperature"": 1.0, ""threshold"": 0.5}",40.00,1,solved,44,,293,668,246,537,0.6143,0.6174,1
41,9f7385debc64a021,,idastar,"{""w"": 1.0}",classifier,"{""checkpoint"": ""../phase2_model_training/checkpoints/classifier/best_model.pt"", ""device"": ""mps"", ""temperature"": 1.0, ""threshold"": 0.5}",50.00,1,solved,52,,122,288,116,270,0.3523,0.3540,1
42,4ec8b659d3f17a20,,idastar,"{""w"": 1.0}",classifier,"{""checkpoint"": ""../phase2_model_training/checkpoints/classifier/best_model.pt"", ""device"": ""mps"", ""temperature"": 1.0, ""threshold"": 0.5}",44.00,1,solved,44,,89,197,90,197,0.2434,0.2446,1
43,d908e16ca7b5f324,,idastar,"{""w"": 1.0}",classifier,"{""checkpoint"": ""../phase2_model_training/checkpoints/classifier/best_model.pt"", ""device"": ""mps"", ""temperature"": 1.0, ""threshold"": 0.5}",36.00,1,solved,38,,200,446,183,404,0.5176,0.5202,1
44,fea98d5432c6b170,,idastar,"{""w"": 1.0}",classifier,"{""checkpoint"": ""../phase2_model_training/checkpoints/classifier/best_model.pt"", ""device"": ""mps"", ""temperature"": 1.0, ""threshold"": 0.5}",42.00,1,solved,42,,124,275,92,202,0.2559,0.2573,1
45,c9bd74f50e6132a8,,idastar,"{""w"": 1.0}",classifier,"{""checkpoint"": ""../phase2_model_training/checkpoints/classifier/best_model.pt"", ""device"": ""mps"", ""temperature"": 1.0, ""threshold"": 0.5}",42.00,1,solved,46,,254,577,243,550,0.5836,0.5865,1
46,658b1f7cad0e9324,,idastar,"{""w"": 1.0}",classifier,"{""checkpoint"": ""../phase2_model_training/checkpoints/classifier/best_model.pt"", ""device"": ""mps"", ""temperature"": 1.0, ""threshold"": 0.5}",48.00,1,solved,50,,669,1494,580,1257,1.6696,1.6784,1
47,cb03ad8e497652f1,,idastar,"{""w"": 1.0}",classifier,"{""checkpoint"": ""../phase2_model_training/checkpoints/classifier/best_model.pt"", ""device"": ""mps"", ""temperature"": 1.0, ""threshold"": 0.5}",58.00,1,solved,60,,475,1062,433,938,1.1443,1.1500,1
48,ab09c538e671f24d,,idastar,"{""w"": 1.0}",classifier,"{""checkpoint"": ""../phase2_model_training/checkpoints/classifier/best_model.pt"", ""device"": ""mps"", ""temperature"": 1.0, ""threshold"": 0.5}",48.00,1,solved,50,,191,446,173,396,0.4400,0.4423,1
49,bd2cf64a35e71098,,idastar,"{""w"": 1.0}",classifier,"{""checkpoint"": ""../phase2_model_training/checkpoints/classifier/best_model.pt"", ""device"": ""mps"", ""temperature"": 1.0, ""threshold"": 0.5}",42.00,1,solved,46,,109,254,106,242,0.2967,0.2982,1
50,da627fbe01c83954,,idastar,"{""w"": 1.0}",classifier,"{""checkpoint"": ""../phase2_model_training/checkpoints/classifier/best_model.pt"", ""device"": ""mps"", ""temperature"": 1.0, ""threshold"": 0.5}",40.00,1,solved,40,,120,274,108,238,0.2883,0.2899,1
51,ed2810493f567bca,,idastar,"{""w"": 1.0}",classifier,"{""checkpoint"": ""../phase2_model_training/checkpoints/classifier/best_model.pt"", ""device"": ""mps"", ""temperature"": 1.0, ""threshold"": 0.5}",48.00,1,solved,50,,348,782,316,698,0.9031,0.9075,1
52,abf68d190c32745e,,idastar,"{""w"": 1.0}",classifier,"{""checkpoint"": ""../phase2_model_training/checkpoints/classifier/best_model.pt"", ""device"": ""mps"", ""temperature"": 1.0, ""threshold"": 0.5}",50.00,1,solved,52,,847,1909,579,1290,1.5605,1.5689,1
53,e9c8f52b0137a4d6,,idastar,"{""w"": 1.0}",classifier,"{""checkpoint"": ""../phase2_model_training/checkpoints/classifier/best_model.pt"", ""device"": ""mps"", ""temperature"": 1.0, ""threshold"": 0.5}",44.00,1,solved,44,,193,450,140,311,0.3862,0.3885,1
54,1c563a8de704fb92,,idastar,"{""w"": 1.0}",classifier,"{""checkpoint"": ""../phase2_model_training/checkpoints/classifier/best_model.pt"", ""device"": ""mps"", ""temperature"": 1.0, ""threshold"": 0.5}",48.00,1,solved,52,,768,1675,575,1233,1.6131,1.6233,1
55,e35cfa28791b6d40,,idastar,"{""w"": 1.0}",classifier,"{""checkpoint"": ""../phase2_model_training/checkpoints/classifier/best_model.pt"", ""device"": ""mps"", ""temperature"": 1.0, ""threshold"": 0.5}",42.00,1,solved,44,,108,256,93,218,0.1775,0.1784,1
56,c2a4f1798d05eb36,,idastar,"{""w"": 1.0}",classifier,"{""checkpoint"": ""../phase2_model_training/checkpoints/classifier/best_model.pt"", ""device"": ""mps"", ""temperature"": 1.0, ""threshold"": 0.5}",48.00,1,solved,50,,653,1511,419,923,1.1498,1.1566,1
57,e628f0da179b3c54,,idastar,"{""w"": 1.0}",classifier,"{""checkpoint"": ""../phase2_model_training/checkpoints/classifier/best_model.pt"", ""device"": ""mps"", ""temperature"": 1.0, ""threshold"": 0.5}",44.00,1,solved,46,,483,1106,410,923,1.0999,1.1057,1
58,1a7df295b6048ec3,,idastar,"{""w"": 1.0}",classifier,"{""checkpoint"": ""../phase2_model_training/checkpoints/classifier/best_model.pt"", ""device"": ""mps"", ""temperature"": 1.0, ""threshold"": 0.5}",50.00,1,solved,52,,958,2172,784,1702,2.1596,2.1712,1
59,afd862537be491c0,,idastar,"{""w"": 1.0}",classifier,"{""checkpoint"": ""../phase2_model_training/checkpoints/classifier/best_model.pt"", ""device"": ""mps"", ""temperature"": 1.0, ""threshold"": 0.5}",46.00,1,solved,44,,73,164,74,163,0.2215,0.2226,1
60,9a7cdb682e31f450,,idastar,"{""w"": 1.0}",classifier,"{""checkpoint"": ""../phase2_model_training/checkpoints/classifier/best_model.pt"", ""device"": ""mps"", ""temperature"": 1.0, ""threshold"": 0.5}",40.00,1,solved,40,,106,233,84,181,0.2719,0.2734,1
61,dc1875fea6023b49,,idastar,"{""w"": 1.0}",classifier,"{""checkpoint"": ""../phase2_model_training/checkpoints/classifier/best_model.pt"", ""device"": ""mps"", ""temperature"": 1.0, ""threshold"": 0.5}",42.00,1,solved,44,,440,1010,275,609,0.8430,0.8478,1
62,15fd76b2ea0948c3,,idastar,"{""w"": 1.0}",classifier,"{""checkpoint"": ""../phase2_model_training/checkpoints/classifier/best_model.pt"", ""device"": ""mps"", ""temperature"": 1.0, ""threshold"": 0.5}",56.00,1,solved,60,,523,1213,483,1119,1.3593,1.3659,1
63,bf8e9a62d4051c73,,idastar,"{""w"": 1.0}",classifier,"{""checkpoint"": ""../phase2_model_training/checkpoints/classifier/best_model.pt"", ""device"": ""mps"", ""temperature"": 1.0, ""threshold"": 0.5}",48.00,1,solved,48,,158,361,142,318,0.3940,0.3961,1
64,eac510fd29b83674,,idastar,"{""w"": 1.0}",classifier,"{""checkpoint"": ""../phase2_model_training/checkpoints/classifier/best_model.pt"", ""device"": ""mps"", ""temperature"": 1.0, ""threshold"": 0.5}",40.00,1,solved,42,,225,514,210,467,0.5025,0.5059,1
65,7ea81b3504cf296d,,idastar,"{""w"": 1.0}",classifier,"{""checkpoint"": ""../phase2_model_training/checkpoints/classifier/best_model.pt"", ""device"": ""mps"", ""temperature"": 1.0, ""threshold"": 0.5}",50.00,1,solved,50,,157,342,148,318,0.2781,0.2794,1
66,f68c9eb03475a12d,,idastar,"{""w"": 1.0}",classifier,"{""checkpoint"": ""../phase2_model_training/checkpoints/classifier/best_model.pt"", ""device"": ""mps"", ""temperature"": 1.0, ""threshold"": 0.5}",46.00,1,solved,48,,240,554,221,500,0.5682,0.5709,1
67,3f75e0a4169bdc28,,idastar,"{""w"": 1.0}",classifier,"{""checkpoint"": ""../phase2_model_training/checkpoints/classifier/best_model.pt"", ""device"": ""mps"", ""temperature"": 1.0, ""threshold"": 0.5}",56.00,1,solved,56,,374,867,327,745,0.8115,0.8162,1
68,cbf92d316805ea47,,idastar,"{""w"": 1.0}",classifier,"{""checkpoint"": ""../phase2_model_training/checkpoints/classifier/best_model.pt"", ""device"": ""mps"", ""temperature"": 1.0, ""threshold"": 0.5}",52.00,1,solved,56,,734,1637,606,1336,0.9691,0.9756,1
69,4fec5a10728db963,,idastar,"{""w"": 1.0}",classifier,"{""checkpoint"": ""../phase2_model_training/checkpoints/classifier/best_model.pt"", ""device"": ""mps"", ""temperature"": 1.0, ""threshold"": 0.5}",46.00,1,solved,48,,209,460,165,360,0.3464,0.3498,1
70,b9da7f813e0c2465,,idastar,"{""w"": 1.0}",classifier,"{""checkpoint"": ""../phase2_model_training/checkpoints/classifier/best_model.pt"", ""device"": ""mps"", ""temperature"": 1.0, ""threshold"": 0.5}",32.00,1,solved,34,,328,713,260,552,0.5932,0.5991,1
71,2edc9386f70a41b5,,idastar,"{""w"": 1.0}",classifier,"{""checkpoint"": ""../phase2_model_training/checkpoints/classifier/best_model.pt"", ""device"": ""mps"", ""temperature"": 1.0, ""threshold"": 0.5}",42.00,1,solved,44,,525,1183,404,890,0.6319,0.6358,1
72,671d98a0fe4cb325,,idastar,"{""w"": 1.0}",classifier,"{""checkpoint"": ""../phase2_model_training/checkpoints/classifier/best_model.pt"", ""device"": ""mps"", ""temperature"": 1.0, ""threshold"": 0.5}",40.00,1,solved,42,,459,1043,362,798,0.6065,0.6111,1
73,b7f9e0a23c46d815,,idastar,"{""w"": 1.0}",classifier,"{""checkpoint"": ""../phase2_model_training/checkpoints/classifier/best_model.pt"", ""device"": ""mps"", ""temperature"": 1.0, ""threshold"": 0.5}",48.00,1,solved,52,,510,1169,409,913,0.6617,0.6660,1
74,a68fd5c09eb23714,,idastar,"{""w"": 1.0}",classifier,"{""checkpoint"": ""../phase2_model_training/checkpoints/classifier/best_model.pt"", ""device"": ""mps"", ""temperature"": 1.0, ""threshold"": 0.5}",42.00,1,solved,40,,75,175,72,165,0.1098,0.1103,1
75,bea52019df867c34,,idastar,"{""w"": 1.0}",classifier,"{""checkpoint"": ""../phase2_model_training/checkpoints/classifier/best_model.pt"", ""device"": ""mps"", ""temperature"": 1.0, ""threshold"": 0.5}",44.00,1,solved,42,,211,493,167,371,0.2700,0.2715,1
76,d7cab1940f82635e,,idastar,"{""w"": 1.0}",classifier,"{""checkpoint"": ""../phase2_model_training/checkpoints/classifier/best_model.pt"", ""device"": ""mps"", ""temperature"": 1.0, ""threshold"": 0.5}",44.00,1,solved,44,,130,298,129,294,0.2171,0.2184,1
77,c30b52d479a8ef16,,idastar,"{""w"": 1.0}",classifier,"{""checkpoint"": ""../phase2_model_training/checkpoints/classifier/best_model.pt"", ""device"": ""mps"", ""temperature"": 1.0, ""threshold"": 0.5}",56.00,1,solved,56,,148,333,111,243,0.2620,0.2636,1
78,278cef9d0b64a135,,idastar,"{""w"": 1.0}",classifier,"{""checkpoint"": ""../phase2_model_training/checkpoints/classifier/best_model.pt"", ""device"": ""mps"", ""temperature"": 1.0, ""threshold"": 0.5}",44.00,1,solved,48,,427,923,372,791,0.9111,0.9160,1
79,ac09f2d1b38645e7,,idastar,"{""w"": 1.0}",classifier,"{""checkpoint"": ""../phase2_model_training/checkpoints/classifier/best_model.pt"", ""device"": ""mps"", ""temperature"": 1.0, ""threshold"": 0.5}",46.00,1,solved,44,,97,214,98,214,0.2624,0.2636,1
80,bde8a0c963247f15,,idastar,"{""w"": 1.0}",classifier,"{""checkpoint"": ""../phase2_model_training/checkpoints/classifier/best_model.pt"", ""device"": ""mps"", ""temperature"": 1.0, ""threshold"": 0.5}",38.00,1,solved,40,,116,270,108,246,0.3008,0.3023,1
81,27c619a8b3e54df0,,idastar,"{""w"": 1.0}",classifier,"{""checkpoint"": ""../phase2_model_training/checkpoints/classifier/best_model.pt"", ""device"": ""mps"", ""temperature"": 1.0, ""threshold"": 0.5}",54.00,1,solved,54,,290,649,258,571,0.6772,0.6807,1
82,faec9d106b584723,,idastar,"{""w"": 1.0}",classifier,"{""checkpoint"": ""../phase2_model_training/checkpoints/classifier/best_model.pt"", ""device"": ""mps"", ""temperature"": 1.0, ""threshold"": 0.5}",38.00,1,solved,42,,1245,2794,678,1491,1.8810,1.8929,1
83,bae9c12534d786f0,,idastar,"{""w"": 1.0}",classifier,"{""checkpoint"": ""../phase2_model_training/checkpoints/classifier/best_model.pt"", ""device"": ""mps"", ""temperature"": 1.0, ""threshold"": 0.5}",52.00,1,solved,56,,508,1136,459,1011,1.1254,1.1309,1
84,0fb47a9d86ec5321,,idastar,"{""w"": 1.0}",classifier,"{""checkpoint"": ""../phase2_model_training/checkpoints/classifier/best_model.pt"", ""device"": ""mps"", ""temperature"": 1.0, ""threshold"": 0.5}",40.00,1,solved,44,,213,495,180,414,0.5055,0.5081,1
85,af059bd6e14c2738,,idastar,"{""w"": 1.0}",classifier,"{""checkpoint"": ""../phase2_model_training/checkpoints/classifier/best_model.pt"", ""device"": ""mps"", ""temperature"": 1.0, ""threshold"": 0.5}",42.00,1,solved,42,,227,510,164,351,0.4349,0.4373,1
86,ef046b9ca3d27581,,idastar,"{""w"": 1.0}",classifier,"{""checkpoint"": ""../phase2_model_training/checkpoints/classifier/best_model.pt"", ""device"": ""mps"", ""temperature"": 1.0, ""threshold"": 0.5}",38.00,1,solved,42,,577,1255,495,1061,0.9339,0.9385,1
87,e357d4bc8106f9a2,,idastar,"{""w"": 1.0}",classifier,"{""checkpoint"": ""../phase2_model_training/checkpoints/classifier/best_model.pt"", ""device"": ""mps"", ""temperature"": 1.0, ""threshold"": 0.5}",54.00,1,solved,58,,258,579,230,506,0.5656,0.5684,1
88,1d59203e7fbca648,,idastar,"{""w"": 1.0}",classifier,"{""checkpoint"": ""../phase2_model_training/checkpoints/classifier/best_model.pt"", ""device"": ""mps"", ""temperature"": 1.0, ""threshold"": 0.5}",46.00,1,solved,50,,451,1014,412,907,1.1140,1.1196,1
89,fed8bc9016a37425,,idastar,"{""w"": 1.0}",classifier,"{""checkpoint"": ""../phase2_model_training/checkpoints/classifier/best_model.pt"", ""device"": ""mps"", ""temperature"": 1.0, ""threshold"": 0.5}",34.00,1,solved,32,,164,372,129,288,0.3546,0.3564,1
90,f2ad168c9e0b7534,,idastar,"{""w"": 1.0}",classifier,"{""checkpoint"": ""../phase2_model_training/checkpoints/classifier/best_model.pt"", ""device"": ""mps"", ""temperature"": 1.0, ""threshold"": 0.5}",40.00,1,solved,42,,117,274,103,234,0.3157,0.3173,1
91,72ecf9a1b5864d30,,idastar,"{""w"": 1.0}",classifier,"{""checkpoint"": ""../phase2_model_training/checkpoints/classifier/best_model.pt"", ""device"": ""mps"", ""temperature"": 1.0, ""threshold"": 0.5}",46.00,1,solved,48,,206,467,186,415,0.5660,0.5689,1
92,f3cd20e98b45671a,,idastar,"{""w"": 1.0}",classifier,"{""checkpoint"": ""../phase2_model_training/checkpoints/classifier/best_model.pt"", ""device"": ""mps"", ""temperature"": 1.0, ""threshold"": 0.5}",42.00,1,solved,48,,660,1479,546,1193,1.5187,1.5265,1
93,5fd43029be618ac7,,idastar,"{""w"": 1.0}",classifier,"{""checkpoint"": ""../phase2_model_training/checkpoints/classifier/best_model.pt"", ""device"": ""mps"", ""temperature"": 1.0, ""threshold"": 0.5}",50.00,1,solved,52,,152,352,148,340,0.4483,0.4505,1
94,c2ed4f9a057168b3,,idastar,"{""w"": 1.0}",classifier,"{""checkpoint"": ""../phase2_model_training/checkpoints/classifier/best_model.pt"", ""device"": ""mps"", ""temperature"": 1.0, ""threshold"": 0.5}",52.00,1,solved,50,,131,285,111,240,0.3085,0.3100,1
95,9f6e7358ab1d204c,,idastar,"{""w"": 1.0}",classifier,"{""checkpoint"": ""../phase2_model_training/checkpoints/classifier/best_model.pt"", ""device"": ""mps"", ""temperature"": 1.0, ""threshold"": 0.5}",40.00,1,solved,40,,104,234,77,165,0.1163,0.1169,1
96,b15afc3472e8d096,,idastar,"{""w"": 1.0}",classifier,"{""checkpoint"": ""../phase2_model_training/checkpoints/classifier/best_model.pt"", ""device"": ""mps"", ""temperature"": 1.0, ""threshold"": 0.5}",52.00,1,solved,52,,294,666,249,538,0.3697,0.3714,1
97,efdc2943a75860b1,,idastar,"{""w"": 1.0}",classifier,"{""checkpoint"": ""../phase2_model_training/checkpoints/classifier/best_model.pt"", ""device"": ""mps"", ""temperature"": 1.0, ""threshold"": 0.5}",38.00,1,solved,40,,98,226,98,223,0.1449,0.1456,1
98,aec2d5f90b861734,,idastar,"{""w"": 1.0}",classifier,"{""checkpoint"": ""../phase2_model_training/checkpoints/classifier/best_model.pt"", ""device"": ""mps"", ""temperature"": 1.0, ""threshold"": 0.5}",44.00,1,solved,44,,50,116,51,116,0.0747,0.0751,1
99,1ac2906e53b7df48,,idastar,"{""w"": 1.0}",classifier,"{""checkpoint"": ""../phase2_model_training/checkpoints/classifier/best_model.pt"", ""device"": ""mps"", ""temperature"": 1.0, ""threshold"": 0.5}",54.00,1,solved,58,,501,1148,485,1094,0.9172,0.9215,1
0,8ab57e3c01296df4,,wastar,"{""w"": 1.0}",classifier,"{""checkpoint"": ""../phase2_model_training/checkpoints/classifier/best_model.pt"", ""device"": ""mps"", ""temperature"": 1.0, ""threshold"": 0.5}",48.00,1,solved,50,,292,928,286,607,0.8027,0.8274,1
1,8f4a75ed326cb091,,wastar,"{""w"": 1.0}",classifier,"{""checkpoint"": ""../phase2_model_training/checkpoints/classifier/best_model.pt"", ""device"": ""mps"", ""temperature"": 1.0, ""threshold"": 0.5}",42.00,1,solved,46,,118,387,119,269,0.2588,0.2653,1
2,8c0edb4f792536a1,,wastar,"{""w"": 1.0}",classifier,"{""checkpoint"": ""../phase2_model_training/checkpoints/classifier/best_model.pt"", ""device"": ""mps"", ""temperature"": 1.0, ""threshold"": 0.5}",40.00,1,solved,42,,130,421,131,292,0.2688,0.2753,1
3,5e692f8d0c43ab17,,wastar,"{""w"": 1.0}",classifier,"{""checkpoint"": ""../phase2_model_training/checkpoints/classifier/best_model.pt"", ""device"": ""mps"", ""temperature"": 1.0, ""threshold"": 0.5}",50.00,1,solved,50,,71,232,72,162,0.1885,0.1926,1
4,01d46fe2bac57398,,wastar,"{""w"": 1.0}",classifier,"{""checkpoint"": ""../phase2_model_training/checkpoints/classifier/best_model.pt"", ""device"": ""mps"", ""temperature"": 1.0, ""threshold"": 0.5}",44.00,1,solved,44,,62,201,62,138,0.1767,0.1810,1
5,ebc8f514da296370,,wastar,"{""w"": 1.0}",classifier,"{""checkpoint"": ""../phase2_model_training/checkpoints/classifier/best_model.pt"", ""device"": ""mps"", ""temperature"": 1.0, ""threshold"": 0.5}",40.00,1,solved,40,,49,156,50,108,0.1446,0.1480,1
6,87c53fbd2e0614a9,,wastar,"{""w"": 1.0}",classifier,"{""checkpoint"": ""../phase2_model_training/checkpoints/classifier/best_model.pt"", ""device"": ""mps"", ""temperature"": 1.0, ""threshold"": 0.5}",38.00,1,solved,40,,158,510,156,344,0.4483,0.4592,1
7,bc9eaf64035d2178,,wastar,"{""w"": 1.0}",classifier,"{""checkpoint"": ""../phase2_model_training/checkpoints/classifier/best_model.pt"", ""device"": ""mps"", ""temperature"": 1.0, ""threshold"": 0.5}",36.00,1,solved,36,,41,131,42,91,0.1143,0.1170,1
8,d957c832a46be0f1,,wastar,"{""w"": 1.0}",classifier,"{""checkpoint"": ""../phase2_model_training/checkpoints/classifier/best_model.pt"", ""device"": ""mps"", ""temperature"": 1.0, ""threshold"": 0.5}",56.00,1,solved,52,,56,177,57,122,0.1566,0.1603,1
9,a49e3db67f05281c,,wastar,"{""w"": 1.0}",classifier,"{""checkpoint"": ""../phase2_model_training/checkpoints/classifier/best_model.pt"", ""device"": ""mps"", ""temperature"": 1.0, ""threshold"": 0.5}",46.00,1,solved,48,,106,349,107,244,0.3349,0.3430,1
10,fc0b42a5378e619d,,wastar,"{""w"": 1.0}",classifier,"{""checkpoint"": ""../phase2_model_training/checkpoints/classifier/best_model.pt"", ""device"": ""mps"", ""temperature"": 1.0, ""threshold"": 0.5}",48.00,1,solved,50,,222,738,221,511,0.6224,0.6378,1
11,c2b1ea483f95d760,,wastar,"{""w"": 1.0}",classifier,"{""checkpoint"": ""../phase2_model_training/checkpoints/classifier/best_model.pt"", ""device"": ""mps"", ""temperature"": 1.0, ""threshold"": 0.5}",50.00,1,solved,50,,125,401,126,275,0.3419,0.3503,1
12,c25d10e873ab96f4,,wastar,"{""w"": 1.0}",classifier,"{""checkpoint"": ""../phase2_model_training/checkpoints/classifier/best_model.pt"", ""device"": ""mps"", ""temperature"": 1.0, ""threshold"": 0.5}",52.00,1,solved,54,,339,1128,338,786,0.8783,0.9033,1
13,e8f470ab21dc5693,,wastar,"{""w"": 1.0}",classifier,"{""checkpoint"": ""../phase2_model_training/checkpoints/classifier/best_model.pt"", ""device"": ""mps"", ""temperature"": 1.0, ""threshold"": 0.5}",50.00,1,solved,50,,97,314,98,217,0.2003,0.2058,1
14,72596c10aedf3b84,,wastar,"{""w"": 1.0}",classifier,"{""checkpoint"": ""../phase2_model_training/checkpoints/classifier/best_model.pt"", ""device"": ""mps"", ""temperature"": 1.0, ""threshold"": 0.5}",48.00,1,solved,50,,109,360,109,248,0.2280,0.2342,1
15,ef2d501b867a934c,,wastar,"{""w"": 1.0}",classifier,"{""checkpoint"": ""../phase2_model_training/checkpoints/classifier/best_model.pt"", ""device"": ""mps"", ""temperature"": 1.0, ""threshold"": 0.5}",48.00,1,solved,50,,262,847,260,573,0.6226,0.6372,1
16,ad84c615be0239f7,,wastar,"{""w"": 1.0}",classifier,"{""checkpoint"": ""../phase2_model_training/checkpoints/classifier/best_model.pt"", ""device"": ""mps"", ""temperature"": 1.0, ""threshold"": 0.5}",44.00,1,solved,44,,47,152,48,106,0.1366,0.1398,1
17,bf4dac98560e3217,,wastar,"{""w"": 1.0}",classifier,"{""checkpoint"": ""../phase2_model_training/checkpoints/classifier/best_model.pt"", ""device"": ""mps"", ""temperature"": 1.0, ""threshold"": 0.5}",40.00,1,solved,40,,151,493,151,335,0.4336,0.4439,1
18,bd08947ce6a1f352,,wastar,"{""w"": 1.0}",classifier,"{""checkpoint"": ""../phase2_model_training/checkpoints/classifier/best_model.pt"", ""device"": ""mps"", ""temperature"": 1.0, ""threshold"": 0.5}",38.00,1,solved,36,,38,120,39,83,0.1201,0.1228,1
19,3ea4bcdf75069218,,wastar,"{""w"": 1.0}",classifier,"{""checkpoint"": ""../phase2_model_training/checkpoints/classifier/best_model.pt"", ""device"": ""mps"", ""temperature"": 1.0, ""threshold"": 0.5}",48.00,1,solved,46,,213,680,211,453,0.6023,0.6172,1
20,2b8d1e3c590476af,,wastar,"{""w"": 1.0}",classifier,"{""checkpoint"": ""../phase2_model_training/checkpoints/classifier/best_model.pt"", ""device"": ""mps"", ""temperature"": 1.0, ""threshold"": 0.5}",48.00,1,solved,50,,176,582,175,402,0.4394,0.4502,1
21,8fc2a069d1eb3754,,wastar,"{""w"": 1.0}",classifier,"{""checkpoint"": ""../phase2_model_training/checkpoints/classifier/best_model.pt"", ""device"": ""mps"", ""temperature"": 1.0, ""threshold"": 0.5}",46.00,1,solved,46,,122,410,122,286,0.3433,0.3514,1
22,fc5ae0d17324b986,,wastar,"{""w"": 1.0}",classifier,"{""checkpoint"": ""../phase2_model_training/checkpoints/classifier/best_model.pt"", ""device"": ""mps"", ""temperature"": 1.0, ""threshold"": 0.5}",44.00,1,solved,42,,49,164,50,116,0.1427,0.1461,1
23,afb57e4608cd3291,,wastar,"{""w"": 1.0}",classifier,"{""checkpoint"": ""../phase2_model_training/checkpoints/classifier/best_model.pt"", ""device"": ""mps"", ""temperature"": 1.0, ""threshold"": 0.5}",40.00,1,solved,42,,54,175,53,117,0.1552,0.1589,1
24,bdcea7f506482931,,wastar,"{""w"": 1.0}",classifier,"{""checkpoint"": ""../phase2_model_training/checkpoints/classifier/best_model.pt"", ""device"": ""mps"", ""temperature"": 1.0, ""threshold"": 0.5}",40.00,1,solved,38,,45,148,46,104,0.1409,0.1441,1
25,06cd48791ef5b3a2,,wastar,"{""w"": 1.0}",classifier,"{""checkpoint"": ""../phase2_model_training/checkpoints/classifier/best_model.pt"", ""device"": ""mps"", ""temperature"": 1.0, ""threshold"": 0.5}",50.00,1,solved,50,,182,599,182,415,0.6050,0.6194,1
26,af0e769c1d28b345,,wastar,"{""w"": 1.0}",classifier,"{""checkpoint"": ""../phase2_model_training/checkpoints/classifier/best_model.pt"", ""device"": ""mps"", ""temperature"": 1.0, ""threshold"": 0.5}",32.00,1,solved,30,,70,227,67,146,0.2274,0.2330,1
27,da5c9164037feb82,,wastar,"{""w"": 1.0}",classifier,"{""checkpoint"": ""../phase2_model_training/checkpoints/classifier/best_model.pt"", ""device"": ""mps"", ""temperature"": 1.0, ""threshold"": 0.5}",44.00,1,solved,46,,94,313,95,218,0.2572,0.2647,1
28,f9ce7168d34520ba,,wastar,"{""w"": 1.0}",classifier,"{""checkpoint"": ""../phase2_model_training/checkpoints/classifier/best_model.pt"", ""device"": ""mps"", ""temperature"": 1.0, ""threshold"": 0.5}",42.00,1,solved,46,,351,1143,344,763,0.9158,0.9384,1
29,8c94bef105d2a673,,wastar,"{""w"": 1.0}",classifier,"{""checkpoint"": ""../phase2_model_training/checkpoints/classifier/best_model.pt"", ""device"": ""mps"", ""temperature"": 1.0, ""threshold"": 0.5}",44.00,1,solved,42,,56,169,57,114,0.1905,0.1949,1
30,b65e19da284cf073,,wastar,"{""w"": 1.0}",classifier,"{""checkpoint"": ""../phase2_model_training/checkpoints/classifier/best_model.pt"", ""device"": ""mps"", ""temperature"": 1.0, ""threshold"": 0.5}",50.00,1,solved,52,,211,671,212,461,0.6385,0.6539,1
31,fbe97065dc813a24,,wastar,"{""w"": 1.0}",classifier,"{""checkpoint"": ""../phase2_model_training/checkpoints/classifier/best_model.pt"", ""device"": ""mps"", ""temperature"": 1.0, ""threshold"": 0.5}",34.00,1,solved,34,,40,140,41,101,0.1223,0.1251,1
32,f9b47de035a216c8,,wastar,"{""w"": 1.0}",classifier,"{""checkpoint"": ""../phase2_model_training/checkpoints/classifier/best_model.pt"", ""device"": ""mps"", ""temperature"": 1.0, ""threshold"": 0.5}",42.00,1,solved,44,,367,1188,368,815,0.9705,0.9946,1
33,b7da6045ce19f238,,wastar,"{""w"": 1.0}",classifier,"{""checkpoint"": ""../phase2_model_training/checkpoints/classifier/best_model.pt"", ""device"": ""mps"", ""temperature"": 1.0, ""threshold"": 0.5}",48.00,1,solved,50,,214,687,214,470,0.6108,0.6261,1
34,6ecab52037d8f419,,wastar,"{""w"": 1.0}",classifier,"{""checkpoint"": ""../phase2_model_training/checkpoints/classifier/best_model.pt"", ""device"": ""mps"", ""temperature"": 1.0, ""threshold"": 0.5}",44.00,1,solved,46,,51,163,52,113,0.1636,0.1674,1
35,91b6308e25fdac74,,wastar,"{""w"": 1.0}",classifier,"{""checkpoint"": ""../phase2_model_training/checkpoints/classifier/best_model.pt"", ""device"": ""mps"", ""temperature"": 1.0, ""threshold"": 0.5}",50.00,1,solved,46,,91,300,90,205,0.2795,0.2862,1
36,b1fcda64e3092758,,wastar,"{""w"": 1.0}",classifier,"{""checkpoint"": ""../phase2_model_training/checkpoints/classifier/best_model.pt"", ""device"": ""mps"", ""temperature"": 1.0, ""threshold"": 0.5}",40.00,1,solved,40,,81,263,82,183,0.2295,0.2353,1
37,db85639caf47e012,,wastar,"{""w"": 1.0}",classifier,"{""checkpoint"": ""../phase2_model_training/checkpoints/classifier/best_model.pt"", ""device"": ""mps"", ""temperature"": 1.0, ""threshold"": 0.5}",48.00,1,solved,46,,100,318,101,219,0.2302,0.2356,1
38,8baef09374dc1625,,wastar,"{""w"": 1.0}",classifier,"{""checkpoint"": ""../phase2_model_training/checkpoints/classifier/best_model.pt"", ""device"": ""mps"", ""temperature"": 1.0, ""threshold"": 0.5}",44.00,1,solved,48,,316,1013,310,674,0.9321,0.9548,1
39,59c6e830fb2a741d,,wastar,"{""w"": 1.0}",classifier,"{""checkpoint"": ""../phase2_model_training/checkpoints/classifier/best_model.pt"", ""device"": ""mps"", ""temperature"": 1.0, ""threshold"": 0.5}",46.00,1,solved,46,,61,194,62,134,0.1940,0.1985,1
40,8dfce0a92b453671,,wastar,"{""w"": 1.0}",classifier,"{""checkpoint"": ""../phase2_model_training/checkpoints/classifier/best_model.pt"", ""device"": ""mps"", ""temperature"": 1.0, ""threshold"": 0.5}",40.00,1,solved,42,,240,785,241,531,0.7155,0.7330,1
41,9f7385debc64a021,,wastar,"{""w"": 1.0}",classifier,"{""checkpoint"": ""../phase2_model_training/checkpoints/classifier/best_model.pt"", ""device"": ""mps"", ""temperature"": 1.0, ""threshold"": 0.5}",50.00,1,solved,50,,104,332,105,227,0.2610,0.2672,1
42,4ec8b659d3f17a20,,wastar,"{""w"": 1.0}",classifier,"{""checkpoint"": ""../phase2_model_training/checkpoints/classifier/best_model.pt"", ""device"": ""mps"", ""temperature"": 1.0, ""threshold"": 0.5}",44.00,1,solved,44,,90,288,91,199,0.2616,0.2678,1
43,d908e16ca7b5f324,,wastar,"{""w"": 1.0}",classifier,"{""checkpoint"": ""../phase2_model_training/checkpoints/classifier/best_model.pt"", ""device"": ""mps"", ""temperature"": 1.0, ""threshold"": 0.5}",36.00,1,solved,38,,170,546,169,370,0.5088,0.5210,1
44,fea98d5432c6b170,,wastar,"{""w"": 1.0}",classifier,"{""checkpoint"": ""../phase2_model_training/checkpoints/classifier/best_model.pt"", ""device"": ""mps"", ""temperature"": 1.0, ""threshold"": 0.5}",42.00,1,solved,42,,49,158,50,110,0.1464,0.1498,1
45,c9bd74f50e6132a8,,wastar,"{""w"": 1.0}",classifier,"{""checkpoint"": ""../phase2_model_training/checkpoints/classifier/best_model.pt"", ""device"": ""mps"", ""temperature"": 1.0, ""threshold"": 0.5}",42.00,1,solved,44,,155,514,155,358,0.4996,0.5115,1
46,658b1f7cad0e9324,,wastar,"{""w"": 1.0}",classifier,"{""checkpoint"": ""../phase2_model_training/checkpoints/classifier/best_model.pt"", ""device"": ""mps"", ""temperature"": 1.0, ""threshold"": 0.5}",48.00,1,solved,50,,318,1039,319,710,0.9262,0.9491,1
47,cb03ad8e497652f1,,wastar,"{""w"": 1.0}",classifier,"{""checkpoint"": ""../phase2_model_training/checkpoints/classifier/best_model.pt"", ""device"": ""mps"", ""temperature"": 1.0, ""threshold"": 0.5}",58.00,1,solved,58,,389,1258,386,851,1.1677,1.1962,1
48,ab09c538e671f24d,,wastar,"{""w"": 1.0}",classifier,"{""checkpoint"": ""../phase2_model_training/checkpoints/classifier/best_model.pt"", ""device"": ""mps"", ""temperature"": 1.0, ""threshold"": 0.5}",48.00,1,solved,50,,125,420,126,296,0.3298,0.3388,1
49,bd2cf64a35e71098,,wastar,"{""w"": 1.0}",classifier,"{""checkpoint"": ""../phase2_model_training/checkpoints/classifier/best_model.pt"", ""device"": ""mps"", ""temperature"": 1.0, ""threshold"": 0.5}",42.00,1,solved,44,,265,876,239,534,0.5877,0.6030,1
50,da627fbe01c83954,,wastar,"{""w"": 1.0}",classifier,"{""checkpoint"": ""../phase2_model_training/checkpoints/classifier/best_model.pt"", ""device"": ""mps"", ""temperature"": 1.0, ""threshold"": 0.5}",40.00,1,solved,38,,52,177,53,126,0.1543,0.1581,1
51,ed2810493f567bca,,wastar,"{""w"": 1.0}",classifier,"{""checkpoint"": ""../phase2_model_training/checkpoints/classifier/best_model.pt"", ""device"": ""mps"", ""temperature"": 1.0, ""threshold"": 0.5}",48.00,1,solved,50,,327,1069,320,717,0.9752,0.9995,1
52,abf68d190c32745e,,wastar,"{""w"": 1.0}",classifier,"{""checkpoint"": ""../phase2_model_training/checkpoints/classifier/best_model.pt"", ""device"": ""mps"", ""temperature"": 1.0, ""threshold"": 0.5}",50.00,1,solved,54,,498,1622,492,1102,1.3762,1.4108,1
53,e9c8f52b0137a4d6,,wastar,"{""w"": 1.0}",classifier,"{""checkpoint"": ""../phase2_model_training/checkpoints/classifier/best_model.pt"", ""device"": ""mps"", ""temperature"": 1.0, ""threshold"": 0.5}",44.00,1,solved,44,,106,352,91,203,0.2949,0.3026,1
54,1c563a8de704fb92,,wastar,"{""w"": 1.0}",classifier,"{""checkpoint"": ""../phase2_model_training/checkpoints/classifier/best_model.pt"", ""device"": ""mps"", ""temperature"": 1.0, ""threshold"": 0.5}",48.00,1,solved,50,,247,782,246,525,0.7691,0.7875,1
55,e35cfa28791b6d40,,wastar,"{""w"": 1.0}",classifier,"{""checkpoint"": ""../phase2_model_training/checkpoints/classifier/best_model.pt"", ""device"": ""mps"", ""temperature"": 1.0, ""threshold"": 0.5}",42.00,1,solved,44,,80,273,80,192,0.1862,0.1909,1
56,c2a4f1798d05eb36,,wastar,"{""w"": 1.0}",classifier,"{""checkpoint"": ""../phase2_model_training/checkpoints/classifier/best_model.pt"", ""device"": ""mps"", ""temperature"": 1.0, ""threshold"": 0.5}",48.00,1,solved,48,,117,389,118,270,0.3215,0.3290,1
57,e628f0da179b3c54,,wastar,"{""w"": 1.0}",classifier,"{""checkpoint"": ""../phase2_model_training/checkpoints/classifier/best_model.pt"", ""device"": ""mps"", ""temperature"": 1.0, ""threshold"": 0.5}",44.00,1,solved,46,,379,1261,378,870,1.0699,1.0969,1
58,1a7df295b6048ec3,,wastar,"{""w"": 1.0}",classifier,"{""checkpoint"": ""../phase2_model_training/checkpoints/classifier/best_model.pt"", ""device"": ""mps"", ""temperature"": 1.0, ""threshold"": 0.5}",50.00,1,solved,52,,269,875,268,590,0.7091,0.7268,1
59,afd862537be491c0,,wastar,"{""w"": 1.0}",classifier,"{""checkpoint"": ""../phase2_model_training/checkpoints/classifier/best_model.pt"", ""device"": ""mps"", ""temperature"": 1.0, ""threshold"": 0.5}",46.00,1,solved,46,,63,207,64,143,0.1517,0.1553,1
60,9a7cdb682e31f450,,wastar,"{""w"": 1.0}",classifier,"{""checkpoint"": ""../phase2_model_training/checkpoints/classifier/best_model.pt"", ""device"": ""mps"", ""temperature"": 1.0, ""threshold"": 0.5}",40.00,1,solved,40,,53,172,54,120,0.1457,0.1492,1
61,dc1875fea6023b49,,wastar,"{""w"": 1.0}",classifier,"{""checkpoint"": ""../phase2_model_training/checkpoints/classifier/best_model.pt"", ""device"": ""mps"", ""temperature"": 1.0, ""threshold"": 0.5}",42.00,1,solved,44,,184,596,183,405,0.5304,0.5433,1
62,15fd76b2ea0948c3,,wastar,"{""w"": 1.0}",classifier,"{""checkpoint"": ""../phase2_model_training/checkpoints/classifier/best_model.pt"", ""device"": ""mps"", ""temperature"": 1.0, ""threshold"": 0.5}",56.00,1,solved,60,,403,1336,403,926,1.0877,1.1153,1
63,bf8e9a62d4051c73,,wastar,"{""w"": 1.0}",classifier,"{""checkpoint"": ""../phase2_model_training/checkpoints/classifier/best_model.pt"", ""device"": ""mps"", ""temperature"": 1.0, ""threshold"": 0.5}",48.00,1,solved,46,,49,161,50,113,0.1018,0.1045,1
64,eac510fd29b83674,,wastar,"{""w"": 1.0}",classifier,"{""checkpoint"": ""../phase2_model_training/checkpoints/classifier/best_model.pt"", ""device"": ""mps"", ""temperature"": 1.0, ""threshold"": 0.5}",40.00,1,solved,44,,177,578,177,395,0.4357,0.4458,1
65,7ea81b3504cf296d,,wastar,"{""w"": 1.0}",classifier,"{""checkpoint"": ""../phase2_model_training/checkpoints/classifier/best_model.pt"", ""device"": ""mps"", ""temperature"": 1.0, ""threshold"": 0.5}",50.00,1,solved,50,,136,438,137,302,0.3964,0.4057,1
66,f68c9eb03475a12d,,wastar,"{""w"": 1.0}",classifier,"{""checkpoint"": ""../phase2_model_training/checkpoints/classifier/best_model.pt"", ""device"": ""mps"", ""temperature"": 1.0, ""threshold"": 0.5}",46.00,1,solved,50,,217,727,218,506,0.6857,0.7021,1
67,3f75e0a4169bdc28,,wastar,"{""w"": 1.0}",classifier,"{""checkpoint"": ""../phase2_model_training/checkpoints/classifier/best_model.pt"", ""device"": ""mps"", ""temperature"": 1.0, ""threshold"": 0.5}",56.00,1,solved,56,,244,797,220,487,0.5952,0.6113,1
68,cbf92d316805ea47,,wastar,"{""w"": 1.0}",classifier,"{""checkpoint"": ""../phase2_model_training/checkpoints/classifier/best_model.pt"", ""device"": ""mps"", ""temperature"": 1.0, ""threshold"": 0.5}",52.00,1,solved,54,,232,751,231,507,0.6210,0.6360,1
69,4fec5a10728db963,,wastar,"{""w"": 1.0}",classifier,"{""checkpoint"": ""../phase2_model_training/checkpoints/classifier/best_model.pt"", ""device"": ""mps"", ""temperature"": 1.0, ""threshold"": 0.5}",46.00,1,solved,46,,109,350,110,240,0.2973,0.3048,1
70,b9da7f813e0c2465,,wastar,"{""w"": 1.0}",classifier,"{""checkpoint"": ""../phase2_model_training/checkpoints/classifier/best_model.pt"", ""device"": ""mps"", ""temperature"": 1.0, ""threshold"": 0.5}",32.00,1,solved,34,,106,334,107,227,0.3222,0.3299,1
71,2edc9386f70a41b5,,wastar,"{""w"": 1.0}",classifier,"{""checkpoint"": ""../phase2_model_training/checkpoints/classifier/best_model.pt"", ""device"": ""mps"", ""temperature"": 1.0, ""threshold"": 0.5}",42.00,1,solved,44,,237,774,229,505,0.7475,0.7661,1
72,671d98a0fe4cb325,,wastar,"{""w"": 1.0}",classifier,"{""checkpoint"": ""../phase2_model_training/checkpoints/classifier/best_model.pt"", ""device"": ""mps"", ""temperature"": 1.0, ""threshold"": 0.5}",40.00,1,solved,42,,140,474,134,314,0.3530,0.3620,1
73,b7f9e0a23c46d815,,wastar,"{""w"": 1.0}",classifier,"{""checkpoint"": ""../phase2_model_training/checkpoints/classifier/best_model.pt"", ""device"": ""mps"", ""temperature"": 1.0, ""threshold"": 0.5}",48.00,1,solved,50,,239,787,240,547,0.6735,0.6902,1
74,a68fd5c09eb23714,,wastar,"{""w"": 1.0}",classifier,"{""checkpoint"": ""../phase2_model_training/checkpoints/classifier/best_model.pt"", ""device"": ""mps"", ""temperature"": 1.0, ""threshold"": 0.5}",42.00,1,solved,38,,62,206,60,137,0.1658,0.1700,1
75,bea52019df867c34,,wastar,"{""w"": 1.0}",classifier,"{""checkpoint"": ""../phase2_model_training/checkpoints/classifier/best_model.pt"", ""device"": ""mps"", ""temperature"": 1.0, ""threshold"": 0.5}",44.00,1,solved,42,,157,525,154,348,0.4228,0.4336,1
76,d7cab1940f82635e,,wastar,"{""w"": 1.0}",classifier,"{""checkpoint"": ""../phase2_model_training/checkpoints/classifier/best_model.pt"", ""device"": ""mps"", ""temperature"": 1.0, ""threshold"": 0.5}",44.00,1,solved,44,,105,348,105,243,0.3092,0.3172,1
77,c30b52d479a8ef16,,wastar,"{""w"": 1.0}",classifier,"{""checkpoint"": ""../phase2_model_training/checkpoints/classifier/best_model.pt"", ""device"": ""mps"", ""temperature"": 1.0, ""threshold"": 0.5}",56.00,1,solved,56,,264,849,264,582,0.6442,0.6606,1
78,278cef9d0b64a135,,wastar,"{""w"": 1.0}",classifier,"{""checkpoint"": ""../phase2_model_training/checkpoints/classifier/best_model.pt"", ""device"": ""mps"", ""temperature"": 1.0, ""threshold"": 0.5}",44.00,1,solved,48,,264,830,260,546,0.7887,0.8081,1
79,ac09f2d1b38645e7,,wastar,"{""w"": 1.0}",classifier,"{""checkpoint"": ""../phase2_model_training/checkpoints/classifier/best_model.pt"", ""device"": ""mps"", ""temperature"": 1.0, ""threshold"": 0.5}",46.00,1,solved,44,,51,167,52,117,0.1639,0.1681,1
80,bde8a0c963247f15,,wastar,"{""w"": 1.0}",classifier,"{""checkpoint"": ""../phase2_model_training/checkpoints/classifier/best_model.pt"", ""device"": ""mps"", ""temperature"": 1.0, ""threshold"": 0.5}",38.00,1,solved,38,,53,170,54,118,0.1730,0.1771,1
81,27c619a8b3e54df0,,wastar,"{""w"": 1.0}",classifier,"{""checkpoint"": ""../phase2_model_training/checkpoints/classifier/best_model.pt"", ""device"": ""mps"", ""temperature"": 1.0, ""threshold"": 0.5}",54.00,1,solved,54,,101,334,102,234,0.3172,0.3250,1
82,faec9d106b584723,,wastar,"{""w"": 1.0}",classifier,"{""checkpoint"": ""../phase2_model_training/checkpoints/classifier/best_model.pt"", ""device"": ""mps"", ""temperature"": 1.0, ""threshold"": 0.5}",38.00,1,solved,40,,441,1434,439,965,1.2035,1.2334,1
83,bae9c12534d786f0,,wastar,"{""w"": 1.0}",classifier,"{""checkpoint"": ""../phase2_model_training/checkpoints/classifier/best_model.pt"", ""device"": ""mps"", ""temperature"": 1.0, ""threshold"": 0.5}",52.00,1,solved,52,,467,1517,465,1032,1.2859,1.3180,1
84,0fb47a9d86ec5321,,wastar,"{""w"": 1.0}",classifier,"{""checkpoint"": ""../phase2_model_training/checkpoints/classifier/best_model.pt"", ""device"": ""mps"", ""temperature"": 1.0, ""threshold"": 0.5}",40.00,1,solved,44,,163,542,164,379,0.4907,0.5023,1
85,af059bd6e14c2738,,wastar,"{""w"": 1.0}",classifier,"{""checkpoint"": ""../phase2_model_training/checkpoints/classifier/best_model.pt"", ""device"": ""mps"", ""temperature"": 1.0, ""threshold"": 0.5}",42.00,1,solved,42,,184,593,167,367,0.5241,0.5376,1
86,ef046b9ca3d27581,,wastar,"{""w"": 1.0}",classifier,"{""checkpoint"": ""../phase2_model_training/checkpoints/classifier/best_model.pt"", ""device"": ""mps"", ""temperature"": 1.0, ""threshold"": 0.5}",38.00,1,solved,42,,177,556,177,374,0.5719,0.5853,1
87,e357d4bc8106f9a2,,wastar,"{""w"": 1.0}",classifier,"{""checkpoint"": ""../phase2_model_training/checkpoints/classifier/best_model.pt"", ""device"": ""mps"", ""temperature"": 1.0, ""threshold"": 0.5}",54.00,1,solved,56,,112,364,113,253,0.2953,0.3026,1
88,1d59203e7fbca648,,wastar,"{""w"": 1.0}",classifier,"{""checkpoint"": ""../phase2_model_training/checkpoints/classifier/best_model.pt"", ""device"": ""mps"", ""temperature"": 1.0, ""threshold"": 0.5}",46.00,1,solved,50,,442,1429,442,976,1.0460,1.0733,1
89,fed8bc9016a37425,,wastar,"{""w"": 1.0}",classifier,"{""checkpoint"": ""../phase2_model_training/checkpoints/classifier/best_model.pt"", ""device"": ""mps"", ""temperature"": 1.0, ""threshold"": 0.5}",34.00,1,solved,32,,46,152,47,107,0.1089,0.1116,1
90,f2ad168c9e0b7534,,wastar,"{""w"": 1.0}",classifier,"{""checkpoint"": ""../phase2_model_training/checkpoints/classifier/best_model.pt"", ""device"": ""mps"", ""temperature"": 1.0, ""threshold"": 0.5}",40.00,1,solved,40,,65,222,66,158,0.1737,0.1777,1
91,72ecf9a1b5864d30,,wastar,"{""w"": 1.0}",classifier,"{""checkpoint"": ""../phase2_model_training/checkpoints/classifier/best_model.pt"", ""device"": ""mps"", ""temperature"": 1.0, ""threshold"": 0.5}",46.00,1,solved,48,,276,914,254,570,0.7447,0.7638,1
92,f3cd20e98b45671a,,wastar,"{""w"": 1.0}",classifier,"{""checkpoint"": ""../phase2_model_training/checkpoints/classifier/best_model.pt"", ""device"": ""mps"", ""temperature"": 1.0, ""threshold"": 0.5}",42.00,1,solved,48,,358,1156,356,778,1.0001,1.0245,1
93,5fd43029be618ac7,,wastar,"{""w"": 1.0}",classifier,"{""checkpoint"": ""../phase2_model_training/checkpoints/classifier/best_model.pt"", ""device"": ""mps"", ""temperature"": 1.0, ""threshold"": 0.5}",50.00,1,solved,50,,483,1592,476,1071,1.3290,1.3623,1
94,c2ed4f9a057168b3,,wastar,"{""w"": 1.0}",classifier,"{""checkpoint"": ""../phase2_model_training/checkpoints/classifier/best_model.pt"", ""device"": ""mps"", ""temperature"": 1.0, ""threshold"": 0.5}",52.00,1,solved,50,,83,266,84,184,0.2524,0.2584,1
95,9f6e7358ab1d204c,,wastar,"{""w"": 1.0}",classifier,"{""checkpoint"": ""../phase2_model_training/checkpoints/classifier/best_model.pt"", ""device"": ""mps"", ""temperature"": 1.0, ""threshold"": 0.5}",40.00,1,solved,40,,65,208,66,144,0.1973,0.2019,1
96,b15afc3472e8d096,,wastar,"{""w"": 1.0}",classifier,"{""checkpoint"": ""../phase2_model_training/checkpoints/classifier/best_model.pt"", ""device"": ""mps"", ""temperature"": 1.0, ""threshold"": 0.5}",52.00,1,solved,52,,431,1391,405,870,1.1812,1.2120,1
97,efdc2943a75860b1,,wastar,"{""w"": 1.0}",classifier,"{""checkpoint"": ""../phase2_model_training/checkpoints/classifier/best_model.pt"", ""device"": ""mps"", ""temperature"": 1.0, ""threshold"": 0.5}",38.00,1,solved,40,,60,197,61,138,0.1547,0.1585,1
98,aec2d5f90b861734,,wastar,"{""w"": 1.0}",classifier,"{""checkpoint"": ""../phase2_model_training/checkpoints/classifier/best_model.pt"", ""device"": ""mps"", ""temperature"": 1.0, ""threshold"": 0.5}",44.00,1,solved,44,,46,151,47,106,0.1105,0.1129,1
99,1ac2906e53b7df48,,wastar,"{""w"": 1.0}",classifier,"{""checkpoint"": ""../phase2_model_training/checkpoints/classifier/best_model.pt"", ""device"": ""mps"", ""temperature"": 1.0, ""threshold"": 0.5}",54.00,1,solved,58,,199,646,199,446,0.5563,0.5699,1
0,8ab57e3c01296df4,,wastar,"{""w"": 2.0}",classifier,"{""checkpoint"": ""../phase2_model_training/checkpoints/classifier/best_model.pt"", ""device"": ""mps"", ""temperature"": 1.0, ""threshold"": 0.5}",48.00,1,solved,54,,64,210,65,147,0.1906,0.1951,1
1,8f4a75ed326cb091,,wastar,"{""w"": 2.0}",classifier,"{""checkpoint"": ""../phase2_model_training/checkpoints/classifier/best_model.pt"", ""device"": ""mps"", ""temperature"": 1.0, ""threshold"": 0.5}",42.00,1,solved,50,,60,194,61,135,0.1886,0.1931,1
2,8c0edb4f792536a1,,wastar,"{""w"": 2.0}",classifier,"{""checkpoint"": ""../phase2_model_training/checkpoints/classifier/best_model.pt"", ""device"": ""mps"", ""temperature"": 1.0, ""threshold"": 0.5}",40.00,1,solved,48,,71,229,72,159,0.2208,0.2260,1
3,5e692f8d0c43ab17,,wastar,"{""w"": 2.0}",classifier,"{""checkpoint"": ""../phase2_model_training/checkpoints/classifier/best_model.pt"", ""device"": ""mps"", ""temperature"": 1.0, ""threshold"": 0.5}",50.00,1,solved,64,,100,330,101,231,0.3016,0.3090,1
4,01d46fe2bac57398,,wastar,"{""w"": 2.0}",classifier,"{""checkpoint"": ""../phase2_model_training/checkpoints/classifier/best_model.pt"", ""device"": ""mps"", ""temperature"": 1.0, ""threshold"": 0.5}",44.00,1,solved,44,,48,155,49,108,0.1446,0.1481,1
5,ebc8f514da296370,,wastar,"{""w"": 2.0}",classifier,"{""checkpoint"": ""../phase2_model_training/checkpoints/classifier/best_model.pt"", ""device"": ""mps"", ""temperature"": 1.0, ""threshold"": 0.5}",40.00,1,solved,40,,49,156,50,108,0.1519,0.1555,1
6,87c53fbd2e0614a9,,wastar,"{""w"": 2.0}",classifier,"{""checkpoint"": ""../phase2_model_training/checkpoints/classifier/best_model.pt"", ""device"": ""mps"", ""temperature"": 1.0, ""threshold"": 0.5}",38.00,1,solved,42,,67,217,68,151,0.1824,0.1870,1
7,bc9eaf64035d2178,,wastar,"{""w"": 2.0}",classifier,"{""checkpoint"": ""../phase2_model_training/checkpoints/classifier/best_model.pt"", ""device"": ""mps"", ""temperature"": 1.0, ""threshold"": 0.5}",36.00,1,solved,36,,40,128,41,89,0.0848,0.0872,1
8,d957c832a46be0f1,,wastar,"{""w"": 2.0}",classifier,"{""checkpoint"": ""../phase2_model_training/checkpoints/classifier/best_model.pt"", ""device"": ""mps"", ""temperature"": 1.0, ""threshold"": 0.5}",56.00,1,solved,52,,56,177,57,122,0.1173,0.1203,1
9,a49e3db67f05281c,,wastar,"{""w"": 2.0}",classifier,"{""checkpoint"": ""../phase2_model_training/checkpoints/classifier/best_model.pt"", ""device"": ""mps"", ""temperature"": 1.0, ""threshold"": 0.5}",46.00,1,solved,52,,63,208,64,146,0.1485,0.1522,1
10,fc0b42a5378e619d,,wastar,"{""w"": 2.0}",classifier,"{""checkpoint"": ""../phase2_model_training/checkpoints/classifier/best_model.pt"", ""device"": ""mps"", ""temperature"": 1.0, ""threshold"": 0.5}",48.00,1,solved,54,,71,233,72,163,0.1954,0.2002,1
11,c2b1ea483f95d760,,wastar,"{""w"": 2.0}",classifier,"{""checkpoint"": ""../phase2_model_training/checkpoints/classifier/best_model.pt"", ""device"": ""mps"", ""temperature"": 1.0, ""threshold"": 0.5}",50.00,1,solved,58,,81,265,82,185,0.2295,0.2350,1
12,c25d10e873ab96f4,,wastar,"{""w"": 2.0}",classifier,"{""checkpoint"": ""../phase2_model_training/checkpoints/classifier/best_model.pt"", ""device"": ""mps"", ""temperature"": 1.0, ""threshold"": 0.5}",52.00,1,solved,62,,112,366,113,255,0.3211,0.3289,1
13,e8f470ab21dc5693,,wastar,"{""w"": 2.0}",classifier,"{""checkpoint"": ""../phase2_model_training/checkpoints/classifier/best_model.pt"", ""device"": ""mps"", ""temperature"": 1.0, ""threshold"": 0.5}",50.00,1,solved,52,,65,215,66,151,0.1855,0.1899,1
14,72596c10aedf3b84,,wastar,"{""w"": 2.0}",classifier,"{""checkpoint"": ""../phase2_model_training/checkpoints/classifier/best_model.pt"", ""device"": ""mps"", ""temperature"": 1.0, ""threshold"": 0.5}",48.00,1,solved,62,,90,298,91,209,0.2627,0.2691,1
15,ef2d501b867a934c,,wastar,"{""w"": 2.0}",classifier,"{""checkpoint"": ""../phase2_model_training/checkpoints/classifier/best_model.pt"", ""device"": ""mps"", ""temperature"": 1.0, ""threshold"": 0.5}",48.00,1,solved,56,,75,246,76,172,0.2107,0.2159,1
16,ad84c615be0239f7,,wastar,"{""w"": 2.0}",classifier,"{""checkpoint"": ""../phase2_model_training/checkpoints/classifier/best_model.pt"", ""device"": ""mps"", ""temperature"": 1.0, ""threshold"": 0.5}",44.00,1,solved,44,,45,145,46,101,0.1493,0.1528,1
17,bf4dac98560e3217,,wastar,"{""w"": 2.0}",classifier,"{""checkpoint"": ""../phase2_model_training/checkpoints/classifier/best_model.pt"", ""device"": ""mps"", ""temperature"": 1.0, ""threshold"": 0.5}",40.00,1,solved,42,,67,224,68,158,0.1857,0.1904,1
18,bd08947ce6a1f352,,wastar,"{""w"": 2.0}",classifier,"{""checkpoint"": ""../phase2_model_training/checkpoints/classifier/best_model.pt"", ""device"": ""mps"", ""temperature"": 1.0, ""threshold"": 0.5}",38.00,1,solved,36,,38,120,39,83,0.0816,0.0836,1
19,3ea4bcdf75069218,,wastar,"{""w"": 2.0}",classifier,"{""checkpoint"": ""../phase2_model_training/checkpoints/classifier/best_model.pt"", ""device"": ""mps"", ""temperature"": 1.0, ""threshold"": 0.5}",48.00,1,solved,52,,62,202,63,141,0.1551,0.1587,1
20,2b8d1e3c590476af,,wastar,"{""w"": 2.0}",classifier,"{""checkpoint"": ""../phase2_model_training/checkpoints/classifier/best_model.pt"", ""device"": ""mps"", ""temperature"": 1.0, ""threshold"": 0.5}",48.00,1,solved,58,,87,287,88,201,0.2048,0.2111,1
21,8fc2a069d1eb3754,,wastar,"{""w"": 2.0}",classifier,"{""checkpoint"": ""../phase2_model_training/checkpoints/classifier/best_model.pt"", ""device"": ""mps"", ""temperature"": 1.0, ""threshold"": 0.5}",46.00,1,solved,58,,90,302,91,213,0.1675,0.1716,1
22,fc5ae0d17324b986,,wastar,"{""w"": 2.0}",classifier,"{""checkpoint"": ""../phase2_model_training/checkpoints/classifier/best_model.pt"", ""device"": ""mps"", ""temperature"": 1.0, ""threshold"": 0.5}",44.00,1,solved,42,,49,164,50,116,0.0955,0.0978,1
23,afb57e4608cd3291,,wastar,"{""w"": 2.0}",classifier,"{""checkpoint"": ""../phase2_model_training/checkpoints/classifier/best_model.pt"", ""device"": ""mps"", ""temperature"": 1.0, ""threshold"": 0.5}",40.00,1,solved,42,,43,138,44,96,0.0921,0.0943,1
24,bdcea7f506482931,,wastar,"{""w"": 2.0}",classifier,"{""checkpoint"": ""../phase2_model_training/checkpoints/classifier/best_model.pt"", ""device"": ""mps"", ""temperature"": 1.0, ""threshold"": 0.5}",40.00,1,solved,42,,50,162,51,113,0.1208,0.1237,1
25,06cd48791ef5b3a2,,wastar,"{""w"": 2.0}",classifier,"{""checkpoint"": ""../phase2_model_training/checkpoints/classifier/best_model.pt"", ""device"": ""mps"", ""temperature"": 1.0, ""threshold"": 0.5}",50.00,1,solved,54,,61,200,62,140,0.1603,0.1640,1
26,af0e769c1d28b345,,wastar,"{""w"": 2.0}",classifier,"{""checkpoint"": ""../phase2_model_training/checkpoints/classifier/best_model.pt"", ""device"": ""mps"", ""temperature"": 1.0, ""threshold"": 0.5}",32.00,1,solved,32,,36,116,37,81,0.0938,0.0959,1
27,da5c9164037feb82,,wastar,"{""w"": 2.0}",classifier,"{""checkpoint"": ""../phase2_model_training/checkpoints/classifier/best_model.pt"", ""device"": ""mps"", ""temperature"": 1.0, ""threshold"": 0.5}",44.00,1,solved,52,,76,247,77,172,0.2048,0.2096,1
28,f9ce7168d34520ba,,wastar,"{""w"": 2.0}",classifier,"{""checkpoint"": ""../phase2_model_training/checkpoints/classifier/best_model.pt"", ""device"": ""mps"", ""temperature"": 1.0, ""threshold"": 0.5}",42.00,1,solved,46,,61,196,62,136,0.1684,0.1724,1
29,8c94bef105d2a673,,wastar,"{""w"": 2.0}",classifier,"{""checkpoint"": ""../phase2_model_training/checkpoints/classifier/best_model.pt"", ""device"": ""mps"", ""temperature"": 1.0, ""threshold"": 0.5}",44.00,1,solved,46,,55,170,56,116,0.1499,0.1534,1
30,b65e19da284cf073,,wastar,"{""w"": 2.0}",classifier,"{""checkpoint"": ""../phase2_model_training/checkpoints/classifier/best_model.pt"", ""device"": ""mps"", ""temperature"": 1.0, ""threshold"": 0.5}",50.00,1,solved,56,,87,280,88,194,0.2288,0.2343,1
31,fbe97065dc813a24,,wastar,"{""w"": 2.0}",classifier,"{""checkpoint"": ""../phase2_model_training/checkpoints/classifier/best_model.pt"", ""device"": ""mps"", ""temperature"": 1.0, ""threshold"": 0.5}",34.00,1,solved,34,,40,140,41,101,0.1065,0.1092,1
32,f9b47de035a216c8,,wastar,"{""w"": 2.0}",classifier,"{""checkpoint"": ""../phase2_model_training/checkpoints/classifier/best_model.pt"", ""device"": ""mps"", ""temperature"": 1.0, ""threshold"": 0.5}",42.00,1,solved,48,,58,189,59,132,0.1190,0.1220,1
33,b7da6045ce19f238,,wastar,"{""w"": 2.0}",classifier,"{""checkpoint"": ""../phase2_model_training/checkpoints/classifier/best_model.pt"", ""device"": ""mps"", ""temperature"": 1.0, ""threshold"": 0.5}",48.00,1,solved,54,,71,233,72,163,0.1664,0.1703,1
34,6ecab52037d8f419,,wastar,"{""w"": 2.0}",classifier,"{""checkpoint"": ""../phase2_model_training/checkpoints/classifier/best_model.pt"", ""device"": ""mps"", ""temperature"": 1.0, ""threshold"": 0.5}",44.00,1,solved,46,,51,163,52,113,0.1283,0.1315,1
35,91b6308e25fdac74,,wastar,"{""w"": 2.0}",classifier,"{""checkpoint"": ""../phase2_model_training/checkpoints/classifier/best_model.pt"", ""device"": ""mps"", ""temperature"": 1.0, ""threshold"": 0.5}",50.00,1,solved,56,,70,233,71,164,0.1862,0.1906,1
36,b1fcda64e3092758,,wastar,"{""w"": 2.0}",classifier,"{""checkpoint"": ""../phase2_model_training/checkpoints/classifier/best_model.pt"", ""device"": ""mps"", ""temperature"": 1.0, ""threshold"": 0.5}",40.00,1,solved,40,,49,162,50,114,0.1343,0.1376,1
37,db85639caf47e012,,wastar,"{""w"": 2.0}",classifier,"{""checkpoint"": ""../phase2_model_training/checkpoints/classifier/best_model.pt"", ""device"": ""mps"", ""temperature"": 1.0, ""threshold"": 0.5}",48.00,1,solved,52,,58,189,59,132,0.1549,0.1588,1
38,8baef09374dc1625,,wastar,"{""w"": 2.0}",classifier,"{""checkpoint"": ""../phase2_model_training/checkpoints/classifier/best_model.pt"", ""device"": ""mps"", ""temperature"": 1.0, ""threshold"": 0.5}",44.00,1,solved,48,,51,168,52,118,0.1339,0.1370,1
39,59c6e830fb2a741d,,wastar,"{""w"": 2.0}",classifier,"{""checkpoint"": ""../phase2_model_training/checkpoints/classifier/best_model.pt"", ""device"": ""mps"", ""temperature"": 1.0, ""threshold"": 0.5}",46.00,1,solved,54,,70,224,71,155,0.1920,0.1966,1
40,8dfce0a92b453671,,wastar,"{""w"": 2.0}",classifier,"{""checkpoint"": ""../phase2_model_training/checkpoints/classifier/best_model.pt"", ""device"": ""mps"", ""temperature"": 1.0, ""threshold"": 0.5}",40.00,1,solved,46,,55,189,56,135,0.1430,0.1466,1
41,9f7385debc64a021,,wastar,"{""w"": 2.0}",classifier,"{""checkpoint"": ""../phase2_model_training/checkpoints/classifier/best_model.pt"", ""device"": ""mps"", ""temperature"": 1.0, ""threshold"": 0.5}",50.00,1,solved,54,,77,252,78,176,0.1962,0.2012,1
42,4ec8b659d3f17a20,,wastar,"{""w"": 2.0}",classifier,"{""checkpoint"": ""../phase2_model_training/checkpoints/classifier/best_model.pt"", ""device"": ""mps"", ""temperature"": 1.0, ""threshold"": 0.5}",44.00,1,solved,46,,55,173,56,119,0.1510,0.1547,1
43,d908e16ca7b5f324,,wastar,"{""w"": 2.0}",classifier,"{""checkpoint"": ""../phase2_model_training/checkpoints/classifier/best_model.pt"", ""device"": ""mps"", ""temperature"": 1.0, ""threshold"": 0.5}",36.00,1,solved,38,,42,131,43,90,0.1103,0.1131,1
44,fea98d5432c6b170,,wastar,"{""w"": 2.0}",classifier,"{""checkpoint"": ""../phase2_model_training/checkpoints/classifier/best_model.pt"", ""device"": ""mps"", ""temperature"": 1.0, ""threshold"": 0.5}",42.00,1,solved,42,,49,158,50,110,0.1346,0.1378,1
45,c9bd74f50e6132a8,,wastar,"{""w"": 2.0}",classifier,"{""checkpoint"": ""../phase2_model_training/checkpoints/classifier/best_model.pt"", ""device"": ""mps"", ""temperature"": 1.0, ""threshold"": 0.5}",42.00,1,solved,44,,53,177,54,125,0.1394,0.1431,1
46,658b1f7cad0e9324,,wastar,"{""w"": 2.0}",classifier,"{""checkpoint"": ""../phase2_model_training/checkpoints/classifier/best_model.pt"", ""device"": ""mps"", ""temperature"": 1.0, ""threshold"": 0.5}",48.00,1,solved,50,,58,191,59,134,0.1156,0.1186,1
47,cb03ad8e497652f1,,wastar,"{""w"": 2.0}",classifier,"{""checkpoint"": ""../phase2_model_training/checkpoints/classifier/best_model.pt"", ""device"": ""mps"", ""temperature"": 1.0, ""threshold"": 0.5}",58.00,1,solved,68,,92,307,93,216,0.1902,0.1966,1
48,ab09c538e671f24d,,wastar,"{""w"": 2.0}",classifier,"{""checkpoint"": ""../phase2_model_training/checkpoints/classifier/best_model.pt"", ""device"": ""mps"", ""temperature"": 1.0, ""threshold"": 0.5}",48.00,1,solved,48,,67,221,68,155,0.1171,0.1199,1
49,bd2cf64a35e71098,,wastar,"{""w"": 2.0}",classifier,"{""checkpoint"": ""../phase2_model_training/checkpoints/classifier/best_model.pt"", ""device"": ""mps"", ""temperature"": 1.0, ""threshold"": 0.5}",42.00,1,solved,48,,59,188,60,130,0.1066,0.1092,1
50,da627fbe01c83954,,wastar,"{""w"": 2.0}",classifier,"{""checkpoint"": ""../phase2_model_training/checkpoints/classifier/best_model.pt"", ""device"": ""mps"", ""temperature"": 1.0, ""threshold"": 0.5}",40.00,1,solved,46,,58,194,59,137,0.1105,0.1132,1
51,ed2810493f567bca,,wastar,"{""w"": 2.0}",classifier,"{""checkpoint"": ""../phase2_model_training/checkpoints/classifier/best_model.pt"", ""device"": ""mps"", ""temperature"": 1.0, ""threshold"": 0.5}",48.00,1,solved,60,,86,278,87,193,0.1661,0.1703,1
52,abf68d190c32745e,,wastar,"{""w"": 2.0}",classifier,"{""checkpoint"": ""../phase2_model_training/checkpoints/classifier/best_model.pt"", ""device"": ""mps"", ""temperature"": 1.0, ""threshold"": 0.5}",50.00,1,solved,54,,59,195,60,137,0.1300,0.1332,1
53,e9c8f52b0137a4d6,,wastar,"{""w"": 2.0}",classifier,"{""checkpoint"": ""../phase2_model_training/checkpoints/classifier/best_model.pt"", ""device"": ""mps"", ""temperature"": 1.0, ""threshold"": 0.5}",44.00,1,solved,56,,77,253,78,177,0.1916,0.1963,1
54,1c563a8de704fb92,,wastar,"{""w"": 2.0}",classifier,"{""checkpoint"": ""../phase2_model_training/checkpoints/classifier/best_model.pt"", ""device"": ""mps"", ""temperature"": 1.0, ""threshold"": 0.5}",48.00,1,solved,54,,64,210,65,147,0.1713,0.1759,1
55,e35cfa28791b6d40,,wastar,"{""w"": 2.0}",classifier,"{""checkpoint"": ""../phase2_model_training/checkpoints/classifier/best_model.pt"", ""device"": ""mps"", ""temperature"": 1.0, ""threshold"": 0.5}",42.00,1,solved,46,,63,207,64,145,0.1693,0.1738,1
56,c2a4f1798d05eb36,,wastar,"{""w"": 2.0}",classifier,"{""checkpoint"": ""../phase2_model_training/checkpoints/classifier/best_model.pt"", ""device"": ""mps"", ""temperature"": 1.0, ""threshold"": 0.5}",48.00,1,solved,48,,56,184,57,129,0.1416,0.1453,1
57,e628f0da179b3c54,,wastar,"{""w"": 2.0}",classifier,"{""checkpoint"": ""../phase2_model_training/checkpoints/classifier/best_model.pt"", ""device"": ""mps"", ""temperature"": 1.0, ""threshold"": 0.5}",44.00,1,solved,50,,69,225,70,157,0.1711,0.1754,1
58,1a7df295b6048ec3,,wastar,"{""w"": 2.0}",classifier,"{""checkpoint"": ""../phase2_model_training/checkpoints/classifier/best_model.pt"", ""device"": ""mps"", ""temperature"": 1.0, ""threshold"": 0.5}",50.00,1,solved,60,,87,297,88,211,0.2196,0.2250,1
59,afd862537be491c0,,wastar,"{""w"": 2.0}",classifier,"{""checkpoint"": ""../phase2_model_training/checkpoints/classifier/best_model.pt"", ""device"": ""mps"", ""temperature"": 1.0, ""threshold"": 0.5}",46.00,1,solved,46,,51,168,52,118,0.1159,0.1190,1
60,9a7cdb682e31f450,,wastar,"{""w"": 2.0}",classifier,"{""checkpoint"": ""../phase2_model_training/checkpoints/classifier/best_model.pt"", ""device"": ""mps"", ""temperature"": 1.0, ""threshold"": 0.5}",40.00,1,solved,40,,52,169,53,118,0.1055,0.1083,1
61,dc1875fea6023b49,,wastar,"{""w"": 2.0}",classifier,"{""checkpoint"": ""../phase2_model_training/checkpoints/classifier/best_model.pt"", ""device"": ""mps"", ""temperature"": 1.0, ""threshold"": 0.5}",42.00,1,solved,46,,59,201,60,143,0.1388,0.1421,1
62,15fd76b2ea0948c3,,wastar,"{""w"": 2.0}",classifier,"{""checkpoint"": ""../phase2_model_training/checkpoints/classifier/best_model.pt"", ""device"": ""mps"", ""temperature"": 1.0, ""threshold"": 0.5}",56.00,1,solved,66,,88,288,89,201,0.2249,0.2306,1
63,bf8e9a62d4051c73,,wastar,"{""w"": 2.0}",classifier,"{""checkpoint"": ""../phase2_model_training/checkpoints/classifier/best_model.pt"", ""device"": ""mps"", ""temperature"": 1.0, ""threshold"": 0.5}",48.00,1,solved,46,,48,158,49,111,0.1110,0.1141,1
64,eac510fd29b83674,,wastar,"{""w"": 2.0}",classifier,"{""checkpoint"": ""../phase2_model_training/checkpoints/classifier/best_model.pt"", ""device"": ""mps"", ""temperature"": 1.0, ""threshold"": 0.5}",40.00,1,solved,44,,52,170,53,119,0.1205,0.1236,1
65,7ea81b3504cf296d,,wastar,"{""w"": 2.0}",classifier,"{""checkpoint"": ""../phase2_model_training/checkpoints/classifier/best_model.pt"", ""device"": ""mps"", ""temperature"": 1.0, ""threshold"": 0.5}",50.00,1,solved,50,,62,196,63,135,0.1597,0.1636,1
66,f68c9eb03475a12d,,wastar,"{""w"": 2.0}",classifier,"{""checkpoint"": ""../phase2_model_training/checkpoints/classifier/best_model.pt"", ""device"": ""mps"", ""temperature"": 1.0, ""threshold"": 0.5}",46.00,1,solved,58,,81,261,82,181,0.2105,0.2158,1
67,3f75e0a4169bdc28,,wastar,"{""w"": 2.0}",classifier,"{""checkpoint"": ""../phase2_model_training/checkpoints/classifier/best_model.pt"", ""device"": ""mps"", ""temperature"": 1.0, ""threshold"": 0.5}",56.00,1,solved,56,,64,212,65,149,0.1557,0.1597,1
68,cbf92d316805ea47,,wastar,"{""w"": 2.0}",classifier,"{""checkpoint"": ""../phase2_model_training/checkpoints/classifier/best_model.pt"", ""device"": ""mps"", ""temperature"": 1.0, ""threshold"": 0.5}",52.00,1,solved,54,,71,229,72,159,0.1844,0.1892,1
69,4fec5a10728db963,,wastar,"{""w"": 2.0}",classifier,"{""checkpoint"": ""../phase2_model_training/checkpoints/classifier/best_model.pt"", ""device"": ""mps"", ""temperature"": 1.0, ""threshold"": 0.5}",46.00,1,solved,46,,62,204,63,143,0.1593,0.1634,1
70,b9da7f813e0c2465,,wastar,"{""w"": 2.0}",classifier,"{""checkpoint"": ""../phase2_model_training/checkpoints/classifier/best_model.pt"", ""device"": ""mps"", ""temperature"": 1.0, ""threshold"": 0.5}",32.00,1,solved,34,,59,188,60,130,0.1490,0.1527,1
71,2edc9386f70a41b5,,wastar,"{""w"": 2.0}",classifier,"{""checkpoint"": ""../phase2_model_training/checkpoints/classifier/best_model.pt"", ""device"": ""mps"", ""temperature"": 1.0, ""threshold"": 0.5}",42.00,1,solved,48,,52,175,53,124,0.1356,0.1391,1
72,671d98a0fe4cb325,,wastar,"{""w"": 2.0}",classifier,"{""checkpoint"": ""../phase2_model_training/checkpoints/classifier/best_model.pt"", ""device"": ""mps"", ""temperature"": 1.0, ""threshold"": 0.5}",40.00,1,solved,44,,55,183,56,129,0.1438,0.1477,1
73,b7f9e0a23c46d815,,wastar,"{""w"": 2.0}",classifier,"{""checkpoint"": ""../phase2_model_training/checkpoints/classifier/best_model.pt"", ""device"": ""mps"", ""temperature"": 1.0, ""threshold"": 0.5}",48.00,1,solved,56,,75,248,76,174,0.1545,0.1597,1
74,a68fd5c09eb23714,,wastar,"{""w"": 2.0}",classifier,"{""checkpoint"": ""../phase2_model_training/checkpoints/classifier/best_model.pt"", ""device"": ""mps"", ""temperature"": 1.0, ""threshold"": 0.5}",42.00,1,solved,44,,50,168,51,119,0.0808,0.0828,1
75,bea52019df867c34,,wastar,"{""w"": 2.0}",classifier,"{""checkpoint"": ""../phase2_model_training/checkpoints/classifier/best_model.pt"", ""device"": ""mps"", ""temperature"": 1.0, ""threshold"": 0.5}",44.00,1,solved,44,,48,166,49,119,0.0722,0.0739,1
76,d7cab1940f82635e,,wastar,"{""w"": 2.0}",classifier,"{""checkpoint"": ""../phase2_model_training/checkpoints/classifier/best_model.pt"", ""device"": ""mps"", ""temperature"": 1.0, ""threshold"": 0.5}",44.00,1,solved,44,,45,145,46,101,0.0719,0.0735,1
77,c30b52d479a8ef16,,wastar,"{""w"": 2.0}",classifier,"{""checkpoint"": ""../phase2_model_training/checkpoints/classifier/best_model.pt"", ""device"": ""mps"", ""temperature"": 1.0, ""threshold"": 0.5}",56.00,1,solved,70,,107,348,108,242,0.1928,0.1979,1
78,278cef9d0b64a135,,wastar,"{""w"": 2.0}",classifier,"{""checkpoint"": ""../phase2_model_training/checkpoints/classifier/best_model.pt"", ""device"": ""mps"", ""temperature"": 1.0, ""threshold"": 0.5}",44.00,1,solved,50,,77,241,78,165,0.1662,0.1706,1
79,ac09f2d1b38645e7,,wastar,"{""w"": 2.0}",classifier,"{""checkpoint"": ""../phase2_model_training/checkpoints/classifier/best_model.pt"", ""device"": ""mps"", ""temperature"": 1.0, ""threshold"": 0.5}",46.00,1,solved,44,,51,167,52,117,0.1281,0.1314,1
80,bde8a0c963247f15,,wastar,"{""w"": 2.0}",classifier,"{""checkpoint"": ""../phase2_model_training/checkpoints/classifier/best_model.pt"", ""device"": ""mps"", ""temperature"": 1.0, ""threshold"": 0.5}",38.00,1,solved,38,,50,158,51,109,0.1304,0.1338,1
81,27c619a8b3e54df0,,wastar,"{""w"": 2.0}",classifier,"{""checkpoint"": ""../phase2_model_training/checkpoints/classifier/best_model.pt"", ""device"": ""mps"", ""temperature"": 1.0, ""threshold"": 0.5}",54.00,1,solved,56,,65,207,66,143,0.1741,0.1786,1
82,faec9d106b584723,,wastar,"{""w"": 2.0}",classifier,"{""checkpoint"": ""../phase2_model_training/checkpoints/classifier/best_model.pt"", ""device"": ""mps"", ""temperature"": 1.0, ""threshold"": 0.5}",38.00,1,solved,42,,51,167,52,117,0.1354,0.1390,1
83,bae9c12534d786f0,,wastar,"{""w"": 2.0}",classifier,"{""checkpoint"": ""../phase2_model_training/checkpoints/classifier/best_model.pt"", ""device"": ""mps"", ""temperature"": 1.0, ""threshold"": 0.5}",52.00,1,solved,64,,83,271,84,189,0.2026,0.2081,1
84,0fb47a9d86ec5321,,wastar,"{""w"": 2.0}",classifier,"{""checkpoint"": ""../phase2_model_training/checkpoints/classifier/best_model.pt"", ""device"": ""mps"", ""temperature"": 1.0, ""threshold"": 0.5}",40.00,1,solved,44,,77,256,78,180,0.1923,0.1974,1
85,af059bd6e14c2738,,wastar,"{""w"": 2.0}",classifier,"{""checkpoint"": ""../phase2_model_training/checkpoints/classifier/best_model.pt"", ""device"": ""mps"", ""temperature"": 1.0, ""threshold"": 0.5}",42.00,1,solved,48,,54,178,55,125,0.1379,0.1414,1
86,ef046b9ca3d27581,,wastar,"{""w"": 2.0}",classifier,"{""checkpoint"": ""../phase2_model_training/checkpoints/classifier/best_model.pt"", ""device"": ""mps"", ""temperature"": 1.0, ""threshold"": 0.5}",38.00,1,solved,46,,50,162,51,113,0.1235,0.1266,1
87,e357d4bc8106f9a2,,wastar,"{""w"": 2.0}",classifier,"{""checkpoint"": ""../phase2_model_training/checkpoints/classifier/best_model.pt"", ""device"": ""mps"", ""temperature"": 1.0, ""threshold"": 0.5}",54.00,1,solved,56,,73,243,74,171,0.1239,0.1269,1
88,1d59203e7fbca648,,wastar,"{""w"": 2.0}",classifier,"{""checkpoint"": ""../phase2_model_training/checkpoints/classifier/best_model.pt"", ""device"": ""mps"", ""temperature"": 1.0, ""threshold"": 0.5}",46.00,1,solved,56,,74,247,75,174,0.1420,0.1461,1
89,fed8bc9016a37425,,wastar,"{""w"": 2.0}",classifier,"{""checkpoint"": ""../phase2_model_training/checkpoints/classifier/best_model.pt"", ""device"": ""mps"", ""temperature"": 1.0, ""threshold"": 0.5}",34.00,1,solved,32,,36,118,37,83,0.0810,0.0830,1
90,f2ad168c9e0b7534,,wastar,"{""w"": 2.0}",classifier,"{""checkpoint"": ""../phase2_model_training/checkpoints/classifier/best_model.pt"", ""device"": ""mps"", ""temperature"": 1.0, ""threshold"": 0.5}",40.00,1,solved,40,,68,231,69,164,0.1271,0.1303,1
91,72ecf9a1b5864d30,,wastar,"{""w"": 2.0}",classifier,"{""checkpoint"": ""../phase2_model_training/checkpoints/classifier/best_model.pt"", ""device"": ""mps"", ""temperature"": 1.0, ""threshold"": 0.5}",46.00,1,solved,52,,58,197,59,140,0.1013,0.1038,1
92,f3cd20e98b45671a,,wastar,"{""w"": 2.0}",classifier,"{""checkpoint"": ""../phase2_model_training/checkpoints/classifier/best_model.pt"", ""device"": ""mps"", ""temperature"": 1.0, ""threshold"": 0.5}",42.00,1,solved,54,,88,279,89,192,0.1727,0.1772,1
93,5fd43029be618ac7,,wastar,"{""w"": 2.0}",classifier,"{""checkpoint"": ""../phase2_model_training/checkpoints/classifier/best_model.pt"", ""device"": ""mps"", ""temperature"": 1.0, ""threshold"": 0.5}",50.00,1,solved,52,,62,200,63,139,0.1490,0.1529,1
94,c2ed4f9a057168b3,,wastar,"{""w"": 2.0}",classifier,"{""checkpoint"": ""../phase2_model_training/checkpoints/classifier/best_model.pt"", ""device"": ""mps"", ""temperature"": 1.0, ""threshold"": 0.5}",52.00,1,solved,58,,110,343,111,234,0.2824,0.2899,1
95,9f6e7358ab1d204c,,wastar,"{""w"": 2.0}",classifier,"{""checkpoint"": ""../phase2_model_training/checkpoints/classifier/best_model.pt"", ""device"": ""mps"", ""temperature"": 1.0, ""threshold"": 0.5}",40.00,1,solved,48,,61,199,62,139,0.1419,0.1454,1
96,b15afc3472e8d096,,wastar,"{""w"": 2.0}",classifier,"{""checkpoint"": ""../phase2_model_training/checkpoints/classifier/best_model.pt"", ""device"": ""mps"", ""temperature"": 1.0, ""threshold"": 0.5}",52.00,1,solved,66,,97,317,98,221,0.2021,0.2073,1
97,efdc2943a75860b1,,wastar,"{""w"": 2.0}",classifier,"{""checkpoint"": ""../phase2_model_training/checkpoints/classifier/best_model.pt"", ""device"": ""mps"", ""temperature"": 1.0, ""threshold"": 0.5}",38.00,1,solved,40,,53,174,54,122,0.0884,0.0906,1
98,aec2d5f90b861734,,wastar,"{""w"": 2.0}",classifier,"{""checkpoint"": ""../phase2_model_training/checkpoints/classifier/best_model.pt"", ""device"": ""mps"", ""temperature"": 1.0, ""threshold"": 0.5}",44.00,1,solved,44,,46,151,47,106,0.0775,0.0794,1
99,1ac2906e53b7df48,,wastar,"{""w"": 2.0}",classifier,"{""checkpoint"": ""../phase2_model_training/checkpoints/classifier/best_model.pt"", ""device"": ""mps"", ""temperature"": 1.0, ""threshold"": 0.5}",54.00,1,solved,64,,80,264,81,185,0.1594,0.1636,1
0,8ab57e3c01296df4,,gbfs,{},classifier,"{""checkpoint"": ""../phase2_model_training/checkpoints/classifier/best_model.pt"", ""device"": ""mps"", ""temperature"": 1.0, ""threshold"": 0.5}",48.00,1,solved,54,,63,207,64,145,0.1537,0.1579,1
1,8f4a75ed326cb091,,gbfs,{},classifier,"{""checkpoint"": ""../phase2_model_training/checkpoints/classifier/best_model.pt"", ""device"": ""mps"", ""temperature"": 1.0, ""threshold"": 0.5}",42.00,1,solved,52,,58,185,59,128,0.1483,0.1521,1
2,8c0edb4f792536a1,,gbfs,{},classifier,"{""checkpoint"": ""../phase2_model_training/checkpoints/classifier/best_model.pt"", ""device"": ""mps"", ""temperature"": 1.0, ""threshold"": 0.5}",40.00,1,solved,58,,78,247,79,170,0.1858,0.1921,1
3,5e692f8d0c43ab17,,gbfs,{},classifier,"{""checkpoint"": ""../phase2_model_training/checkpoints/classifier/best_model.pt"", ""device"": ""mps"", ""temperature"": 1.0, ""threshold"": 0.5}",50.00,1,solved,60,,69,222,70,154,0.1579,0.1624,1
4,01d46fe2bac57398,,gbfs,{},classifier,"{""checkpoint"": ""../phase2_model_training/checkpoints/classifier/best_model.pt"", ""device"": ""mps"", ""temperature"": 1.0, ""threshold"": 0.5}",44.00,1,solved,62,,71,234,72,164,0.1374,0.1410,1
5,ebc8f514da296370,,gbfs,{},classifier,"{""checkpoint"": ""../phase2_model_training/checkpoints/classifier/best_model.pt"", ""device"": ""mps"", ""temperature"": 1.0, ""threshold"": 0.5}",40.00,1,solved,44,,48,159,49,112,0.1053,0.1081,1
6,87c53fbd2e0614a9,,gbfs,{},classifier,"{""checkpoint"": ""../phase2_model_training/checkpoints/classifier/best_model.pt"", ""device"": ""mps"", ""temperature"": 1.0, ""threshold"": 0.5}",38.00,1,solved,48,,53,175,54,123,0.0992,0.1016,1
7,bc9eaf64035d2178,,gbfs,{},classifier,"{""checkpoint"": ""../phase2_model_training/checkpoints/classifier/best_model.pt"", ""device"": ""mps"", ""temperature"": 1.0, ""threshold"": 0.5}",36.00,1,solved,36,,40,128,41,89,0.0696,0.0714,1
8,d957c832a46be0f1,,gbfs,{},classifier,"{""checkpoint"": ""../phase2_model_training/checkpoints/classifier/best_model.pt"", ""device"": ""mps"", ""temperature"": 1.0, ""threshold"": 0.5}",56.00,1,solved,52,,56,177,57,122,0.1040,0.1067,1
9,a49e3db67f05281c,,gbfs,{},classifier,"{""checkpoint"": ""../phase2_model_training/checkpoints/classifier/best_model.pt"", ""device"": ""mps"", ""temperature"": 1.0, ""threshold"": 0.5}",46.00,1,solved,54,,58,191,59,134,0.1117,0.1147,1
10,fc0b42a5378e619d,,gbfs,{},classifier,"{""checkpoint"": ""../phase2_model_training/checkpoints/classifier/best_model.pt"", ""device"": ""mps"", ""temperature"": 1.0, ""threshold"": 0.5}",48.00,1,solved,62,,70,231,71,162,0.1287,0.1323,1
11,c2b1ea483f95d760,,gbfs,{},classifier,"{""checkpoint"": ""../phase2_model_training/checkpoints/classifier/best_model.pt"", ""device"": ""mps"", ""temperature"": 1.0, ""threshold"": 0.5}",50.00,1,solved,54,,57,180,58,124,0.1110,0.1140,1
12,c25d10e873ab96f4,,gbfs,{},classifier,"{""checkpoint"": ""../phase2_model_training/checkpoints/classifier/best_model.pt"", ""device"": ""mps"", ""temperature"": 1.0, ""threshold"": 0.5}",52.00,1,solved,76,,91,302,92,212,0.1854,0.1910,1
13,e8f470ab21dc5693,,gbfs,{},classifier,"{""checkpoint"": ""../phase2_model_training/checkpoints/classifier/best_model.pt"", ""device"": ""mps"", ""temperature"": 1.0, ""threshold"": 0.5}",50.00,1,solved,54,,56,182,57,127,0.1249,0.1283,1
14,72596c10aedf3b84,,gbfs,{},classifier,"{""checkpoint"": ""../phase2_model_training/checkpoints/classifier/best_model.pt"", ""device"": ""mps"", ""temperature"": 1.0, ""threshold"": 0.5}",48.00,1,solved,70,,92,306,93,214,0.2090,0.2147,1
15,ef2d501b867a934c,,gbfs,{},classifier,"{""checkpoint"": ""../phase2_model_training/checkpoints/classifier/best_model.pt"", ""device"": ""mps"", ""temperature"": 1.0, ""threshold"": 0.5}",48.00,1,solved,66,,77,253,78,177,0.1855,0.1903,1
16,ad84c615be0239f7,,gbfs,{},classifier,"{""checkpoint"": ""../phase2_model_training/checkpoints/classifier/best_model.pt"", ""device"": ""mps"", ""temperature"": 1.0, ""threshold"": 0.5}",44.00,1,solved,44,,45,145,46,101,0.1189,0.1220,1
17,bf4dac98560e3217,,gbfs,{},classifier,"{""checkpoint"": ""../phase2_model_training/checkpoints/classifier/best_model.pt"", ""device"": ""mps"", ""temperature"": 1.0, ""threshold"": 0.5}",40.00,1,solved,44,,49,160,50,112,0.1149,0.1180,1
18,bd08947ce6a1f352,,gbfs,{},classifier,"{""checkpoint"": ""../phase2_model_training/checkpoints/classifier/best_model.pt"", ""device"": ""mps"", ""temperature"": 1.0, ""threshold"": 0.5}",38.00,1,solved,36,,37,117,38,81,0.0561,0.0575,1
19,3ea4bcdf75069218,,gbfs,{},classifier,"{""checkpoint"": ""../phase2_model_training/checkpoints/classifier/best_model.pt"", ""device"": ""mps"", ""temperature"": 1.0, ""threshold"": 0.5}",48.00,1,solved,50,,55,177,56,123,0.0819,0.0838,1
20,2b8d1e3c590476af,,gbfs,{},classifier,"{""checkpoint"": ""../phase2_model_training/checkpoints/classifier/best_model.pt"", ""device"": ""mps"", ""temperature"": 1.0, ""threshold"": 0.5}",48.00,1,solved,58,,71,234,72,164,0.1100,0.1126,1
21,8fc2a069d1eb3754,,gbfs,{},classifier,"{""checkpoint"": ""../phase2_model_training/checkpoints/classifier/best_model.pt"", ""device"": ""mps"", ""temperature"": 1.0, ""threshold"": 0.5}",46.00,1,solved,66,,73,242,74,170,0.1243,0.1275,1
22,fc5ae0d17324b986,,gbfs,{},classifier,"{""checkpoint"": ""../phase2_model_training/checkpoints/classifier/best_model.pt"", ""device"": ""mps"", ""temperature"": 1.0, ""threshold"": 0.5}",44.00,1,solved,50,,54,181,55,128,0.0957,0.0981,1
23,afb57e4608cd3291,,gbfs,{},classifier,"{""checkpoint"": ""../phase2_model_training/checkpoints/classifier/best_model.pt"", ""device"": ""mps"", ""temperature"": 1.0, ""threshold"": 0.5}",40.00,1,solved,42,,42,134,43,93,0.0745,0.0765,1
24,bdcea7f506482931,,gbfs,{},classifier,"{""checkpoint"": ""../phase2_model_training/checkpoints/classifier/best_model.pt"", ""device"": ""mps"", ""temperature"": 1.0, ""threshold"": 0.5}",40.00,1,solved,54,,61,198,62,138,0.1153,0.1183,1
25,06cd48791ef5b3a2,,gbfs,{},classifier,"{""checkpoint"": ""../phase2_model_training/checkpoints/classifier/best_model.pt"", ""device"": ""mps"", ""temperature"": 1.0, ""threshold"": 0.5}",50.00,1,solved,60,,68,226,69,159,0.1315,0.1350,1
26,af0e769c1d28b345,,gbfs,{},classifier,"{""checkpoint"": ""../phase2_model_training/checkpoints/classifier/best_model.pt"", ""device"": ""mps"", ""temperature"": 1.0, ""threshold"": 0.5}",32.00,1,solved,34,,36,120,37,85,0.0734,0.0753,1
27,da5c9164037feb82,,gbfs,{},classifier,"{""checkpoint"": ""../phase2_model_training/checkpoints/classifier/best_model.pt"", ""device"": ""mps"", ""temperature"": 1.0, ""threshold"": 0.5}",44.00,1,solved,50,,59,199,60,141,0.1408,0.1446,1
28,f9ce7168d34520ba,,gbfs,{},classifier,"{""checkpoint"": ""../phase2_model_training/checkpoints/classifier/best_model.pt"", ""device"": ""mps"", ""temperature"": 1.0, ""threshold"": 0.5}",42.00,1,solved,46,,55,184,56,130,0.1458,0.1498,1
29,8c94bef105d2a673,,gbfs,{},classifier,"{""checkpoint"": ""../phase2_model_training/checkpoints/classifier/best_model.pt"", ""device"": ""mps"", ""temperature"": 1.0, ""threshold"": 0.5}",44.00,1,solved,46,,71,222,72,152,0.1107,0.1134,1
30,b65e19da284cf073,,gbfs,{},classifier,"{""checkpoint"": ""../phase2_model_training/checkpoints/classifier/best_model.pt"", ""device"": ""mps"", ""temperature"": 1.0, ""threshold"": 0.5}",50.00,1,solved,62,,71,231,72,161,0.1221,0.1253,1
31,fbe97065dc813a24,,gbfs,{},classifier,"{""checkpoint"": ""../phase2_model_training/checkpoints/classifier/best_model.pt"", ""device"": ""mps"", ""temperature"": 1.0, ""threshold"": 0.5}",34.00,1,solved,38,,46,156,47,111,0.0776,0.0796,1
32,f9b47de035a216c8,,gbfs,{},classifier,"{""checkpoint"": ""../phase2_model_training/checkpoints/classifier/best_model.pt"", ""device"": ""mps"", ""temperature"": 1.0, ""threshold"": 0.5}",42.00,1,solved,48,,53,171,54,119,0.0898,0.0921,1
33,b7da6045ce19f238,,gbfs,{},classifier,"{""checkpoint"": ""../phase2_model_training/checkpoints/classifier/best_model.pt"", ""device"": ""mps"", ""temperature"": 1.0, ""threshold"": 0.5}",48.00,1,solved,60,,66,215,67,150,0.1188,0.1220,1
34,6ecab52037d8f419,,gbfs,{},classifier,"{""checkpoint"": ""../phase2_model_training/checkpoints/classifier/best_model.pt"", ""device"": ""mps"", ""temperature"": 1.0, ""threshold"": 0.5}",44.00,1,solved,46,,49,158,50,110,0.0918,0.0943,1
35,91b6308e25fdac74,,gbfs,{},classifier,"{""checkpoint"": ""../phase2_model_training/checkpoints/classifier/best_model.pt"", ""device"": ""mps"", ""temperature"": 1.0, ""threshold"": 0.5}",50.00,1,solved,60,,64,211,65,148,0.1259,0.1293,1
36,b1fcda64e3092758,,gbfs,{},classifier,"{""checkpoint"": ""../phase2_model_training/checkpoints/classifier/best_model.pt"", ""device"": ""mps"", ""temperature"": 1.0, ""threshold"": 0.5}",40.00,1,solved,52,,57,192,58,136,0.1308,0.1344,1
37,db85639caf47e012,,gbfs,{},classifier,"{""checkpoint"": ""../phase2_model_training/checkpoints/classifier/best_model.pt"", ""device"": ""mps"", ""temperature"": 1.0, ""threshold"": 0.5}",48.00,1,solved,54,,64,207,65,144,0.1279,0.1319,1
38,8baef09374dc1625,,gbfs,{},classifier,"{""checkpoint"": ""../phase2_model_training/checkpoints/classifier/best_model.pt"", ""device"": ""mps"", ""temperature"": 1.0, ""threshold"": 0.5}",44.00,1,solved,48,,51,168,52,118,0.1039,0.1067,1
39,59c6e830fb2a741d,,gbfs,{},classifier,"{""checkpoint"": ""../phase2_model_training/checkpoints/classifier/best_model.pt"", ""device"": ""mps"", ""temperature"": 1.0, ""threshold"": 0.5}",46.00,1,solved,54,,56,175,57,120,0.0915,0.0942,1
40,8dfce0a92b453671,,gbfs,{},classifier,"{""checkpoint"": ""../phase2_model_training/checkpoints/classifier/best_model.pt"", ""device"": ""mps"", ""temperature"": 1.0, ""threshold"": 0.5}",40.00,1,solved,42,,43,143,44,101,0.0769,0.0796,1
41,9f7385debc64a021,,gbfs,{},classifier,"{""checkpoint"": ""../phase2_model_training/checkpoints/classifier/best_model.pt"", ""device"": ""mps"", ""temperature"": 1.0, ""threshold"": 0.5}",50.00,1,solved,60,,71,234,72,164,0.1301,0.1348,1
42,4ec8b659d3f17a20,,gbfs,{},classifier,"{""checkpoint"": ""../phase2_model_training/checkpoints/classifier/best_model.pt"", ""device"": ""mps"", ""temperature"": 1.0, ""threshold"": 0.5}",44.00,1,solved,50,,63,196,64,134,0.1182,0.1215,1
43,d908e16ca7b5f324,,gbfs,{},classifier,"{""checkpoint"": ""../phase2_model_training/checkpoints/classifier/best_model.pt"", ""device"": ""mps"", ""temperature"": 1.0, ""threshold"": 0.5}",36.00,1,solved,38,,40,123,41,84,0.0748,0.0768,1
44,fea98d5432c6b170,,gbfs,{},classifier,"{""checkpoint"": ""../phase2_model_training/checkpoints/classifier/best_model.pt"", ""device"": ""mps"", ""temperature"": 1.0, ""threshold"": 0.5}",42.00,1,solved,54,,58,190,59,133,0.1159,0.1191,1
45,c9bd74f50e6132a8,,gbfs,{},classifier,"{""checkpoint"": ""../phase2_model_training/checkpoints/classifier/best_model.pt"", ""device"": ""mps"", ""temperature"": 1.0, ""threshold"": 0.5}",42.00,1,solved,54,,61,197,62,137,0.1152,0.1184,1
46,658b1f7cad0e9324,,gbfs,{},classifier,"{""checkpoint"": ""../phase2_model_training/checkpoints/classifier/best_model.pt"", ""device"": ""mps"", ""temperature"": 1.0, ""threshold"": 0.5}",48.00,1,solved,58,,66,222,67,157,0.1357,0.1395,1
47,cb03ad8e497652f1,,gbfs,{},classifier,"{""checkpoint"": ""../phase2_model_training/checkpoints/classifier/best_model.pt"", ""device"": ""mps"", ""temperature"": 1.0, ""threshold"": 0.5}",58.00,1,solved,68,,77,259,78,183,0.1843,0.1894,1
48,ab09c538e671f24d,,gbfs,{},classifier,"{""checkpoint"": ""../phase2_model_training/checkpoints/classifier/best_model.pt"", ""device"": ""mps"", ""temperature"": 1.0, ""threshold"": 0.5}",48.00,1,solved,54,,58,182,59,125,0.1323,0.1361,1
49,bd2cf64a35e71098,,gbfs,{},classifier,"{""checkpoint"": ""../phase2_model_training/checkpoints/classifier/best_model.pt"", ""device"": ""mps"", ""temperature"": 1.0, ""threshold"": 0.5}",42.00,1,solved,46,,54,171,55,118,0.1302,0.1335,1
50,da627fbe01c83954,,gbfs,{},classifier,"{""checkpoint"": ""../phase2_model_training/checkpoints/classifier/best_model.pt"", ""device"": ""mps"", ""temperature"": 1.0, ""threshold"": 0.5}",40.00,1,solved,44,,46,159,47,114,0.1217,0.1250,1
51,ed2810493f567bca,,gbfs,{},classifier,"{""checkpoint"": ""../phase2_model_training/checkpoints/classifier/best_model.pt"", ""device"": ""mps"", ""temperature"": 1.0, ""threshold"": 0.5}",48.00,1,solved,64,,73,242,74,170,0.1860,0.1908,1
52,abf68d190c32745e,,gbfs,{},classifier,"{""checkpoint"": ""../phase2_model_training/checkpoints/classifier/best_model.pt"", ""device"": ""mps"", ""temperature"": 1.0, ""threshold"": 0.5}",50.00,1,solved,54,,58,192,59,135,0.1857,0.1907,1
53,e9c8f52b0137a4d6,,gbfs,{},classifier,"{""checkpoint"": ""../phase2_model_training/checkpoints/classifier/best_model.pt"", ""device"": ""mps"", ""temperature"": 1.0, ""threshold"": 0.5}",44.00,1,solved,66,,90,294,91,205,0.2072,0.2128,1
54,1c563a8de704fb92,,gbfs,{},classifier,"{""checkpoint"": ""../phase2_model_training/checkpoints/classifier/best_model.pt"", ""device"": ""mps"", ""temperature"": 1.0, ""threshold"": 0.5}",48.00,1,solved,56,,62,200,63,139,0.1309,0.1341,1
55,e35cfa28791b6d40,,gbfs,{},classifier,"{""checkpoint"": ""../phase2_model_training/checkpoints/classifier/best_model.pt"", ""device"": ""mps"", ""temperature"": 1.0, ""threshold"": 0.5}",42.00,1,solved,48,,58,196,59,139,0.1360,0.1393,1
56,c2a4f1798d05eb36,,gbfs,{},classifier,"{""checkpoint"": ""../phase2_model_training/checkpoints/classifier/best_model.pt"", ""device"": ""mps"", ""temperature"": 1.0, ""threshold"": 0.5}",48.00,1,solved,52,,56,184,57,129,0.1371,0.1406,1
57,e628f0da179b3c54,,gbfs,{},classifier,"{""checkpoint"": ""../phase2_model_training/checkpoints/classifier/best_model.pt"", ""device"": ""mps"", ""temperature"": 1.0, ""threshold"": 0.5}",44.00,1,solved,52,,61,204,62,144,0.1525,0.1564,1
58,1a7df295b6048ec3,,gbfs,{},classifier,"{""checkpoint"": ""../phase2_model_training/checkpoints/classifier/best_model.pt"", ""device"": ""mps"", ""temperature"": 1.0, ""threshold"": 0.5}",50.00,1,solved,70,,81,268,82,188,0.2039,0.2092,1
59,afd862537be491c0,,gbfs,{},classifier,"{""checkpoint"": ""../phase2_model_training/checkpoints/classifier/best_model.pt"", ""device"": ""mps"", ""temperature"": 1.0, ""threshold"": 0.5}",46.00,1,solved,54,,58,185,59,128,0.1468,0.1504,1
60,9a7cdb682e31f450,,gbfs,{},classifier,"{""checkpoint"": ""../phase2_model_training/checkpoints/classifier/best_model.pt"", ""device"": ""mps"", ""temperature"": 1.0, ""threshold"": 0.5}",40.00,1,solved,46,,54,178,55,125,0.1362,0.1402,1
61,dc1875fea6023b49,,gbfs,{},classifier,"{""checkpoint"": ""../phase2_model_training/checkpoints/classifier/best_model.pt"", ""device"": ""mps"", ""temperature"": 1.0, ""threshold"": 0.5}",42.00,1,solved,62,,71,234,72,164,0.1428,0.1465,1
62,15fd76b2ea0948c3,,gbfs,{},classifier,"{""checkpoint"": ""../phase2_model_training/checkpoints/classifier/best_model.pt"", ""device"": ""mps"", ""temperature"": 1.0, ""threshold"": 0.5}",56.00,1,solved,72,,84,277,85,194,0.1670,0.1716,1
63,bf8e9a62d4051c73,,gbfs,{},classifier,"{""checkpoint"": ""../phase2_model_training/checkpoints/classifier/best_model.pt"", ""device"": ""mps"", ""temperature"": 1.0, ""threshold"": 0.5}",48.00,1,solved,46,,48,158,49,111,0.1033,0.1063,1
64,eac510fd29b83674,,gbfs,{},classifier,"{""checkpoint"": ""../phase2_model_training/checkpoints/classifier/best_model.pt"", ""device"": ""mps"", ""temperature"": 1.0, ""threshold"": 0.5}",40.00,1,solved,44,,48,159,49,112,0.0961,0.0988,1
65,7ea81b3504cf296d,,gbfs,{},classifier,"{""checkpoint"": ""../phase2_model_training/checkpoints/classifier/best_model.pt"", ""device"": ""mps"", ""temperature"": 1.0, ""threshold"": 0.5}",50.00,1,solved,64,,71,227,72,157,0.1366,0.1403,1
66,f68c9eb03475a12d,,gbfs,{},classifier,"{""checkpoint"": ""../phase2_model_training/checkpoints/classifier/best_model.pt"", ""device"": ""mps"", ""temperature"": 1.0, ""threshold"": 0.5}",46.00,1,solved,56,,64,211,65,148,0.1410,0.1448,1
67,3f75e0a4169bdc28,,gbfs,{},classifier,"{""checkpoint"": ""../phase2_model_training/checkpoints/classifier/best_model.pt"", ""device"": ""mps"", ""temperature"": 1.0, ""threshold"": 0.5}",56.00,1,solved,56,,63,208,64,146,0.1412,0.1450,1
68,cbf92d316805ea47,,gbfs,{},classifier,"{""checkpoint"": ""../phase2_model_training/checkpoints/classifier/best_model.pt"", ""device"": ""mps"", ""temperature"": 1.0, ""threshold"": 0.5}",52.00,1,solved,58,,64,211,65,148,0.1183,0.1215,1
69,4fec5a10728db963,,gbfs,{},classifier,"{""checkpoint"": ""../phase2_model_training/checkpoints/classifier/best_model.pt"", ""device"": ""mps"", ""temperature"": 1.0, ""threshold"": 0.5}",46.00,1,solved,52,,57,188,58,132,0.1074,0.1105,1
70,b9da7f813e0c2465,,gbfs,{},classifier,"{""checkpoint"": ""../phase2_model_training/checkpoints/classifier/best_model.pt"", ""device"": ""mps"", ""temperature"": 1.0, ""threshold"": 0.5}",32.00,1,solved,44,,49,167,50,119,0.0832,0.0858,1
71,2edc9386f70a41b5,,gbfs,{},classifier,"{""checkpoint"": ""../phase2_model_training/checkpoints/classifier/best_model.pt"", ""device"": ""mps"", ""temperature"": 1.0, ""threshold"": 0.5}",42.00,1,solved,48,,50,168,51,119,0.0788,0.0809,1
72,671d98a0fe4cb325,,gbfs,{},classifier,"{""checkpoint"": ""../phase2_model_training/checkpoints/classifier/best_model.pt"", ""device"": ""mps"", ""temperature"": 1.0, ""threshold"": 0.5}",40.00,1,solved,52,,62,205,63,144,0.1008,0.1034,1
73,b7f9e0a23c46d815,,gbfs,{},classifier,"{""checkpoint"": ""../phase2_model_training/checkpoints/classifier/best_model.pt"", ""device"": ""mps"", ""temperature"": 1.0, ""threshold"": 0.5}",48.00,1,solved,54,,56,188,57,133,0.0948,0.0975,1
74,a68fd5c09eb23714,,gbfs,{},classifier,"{""checkpoint"": ""../phase2_model_training/checkpoints/classifier/best_model.pt"", ""device"": ""mps"", ""temperature"": 1.0, ""threshold"": 0.5}",42.00,1,solved,42,,46,154,47,109,0.0982,0.1016,1
75,bea52019df867c34,,gbfs,{},classifier,"{""checkpoint"": ""../phase2_model_training/checkpoints/classifier/best_model.pt"", ""device"": ""mps"", ""temperature"": 1.0, ""threshold"": 0.5}",44.00,1,solved,44,,48,166,49,119,0.1016,0.1048,1
76,d7cab1940f82635e,,gbfs,{},classifier,"{""checkpoint"": ""../phase2_model_training/checkpoints/classifier/best_model.pt"", ""device"": ""mps"", ""temperature"": 1.0, ""threshold"": 0.5}",44.00,1,solved,44,,45,145,46,101,0.1225,0.1261,1
77,c30b52d479a8ef16,,gbfs,{},classifier,"{""checkpoint"": ""../phase2_model_training/checkpoints/classifier/best_model.pt"", ""device"": ""mps"", ""temperature"": 1.0, ""threshold"": 0.5}",56.00,1,solved,62,,71,235,72,165,0.1451,0.1492,1
78,278cef9d0b64a135,,gbfs,{},classifier,"{""checkpoint"": ""../phase2_model_training/checkpoints/classifier/best_model.pt"", ""device"": ""mps"", ""temperature"": 1.0, ""threshold"": 0.5}",44.00,1,solved,48,,52,169,53,118,0.0786,0.0805,1
79,ac09f2d1b38645e7,,gbfs,{},classifier,"{""checkpoint"": ""../phase2_model_training/checkpoints/classifier/best_model.pt"", ""device"": ""mps"", ""temperature"": 1.0, ""threshold"": 0.5}",46.00,1,solved,58,,62,201,63,140,0.1230,0.1266,1
80,bde8a0c963247f15,,gbfs,{},classifier,"{""checkpoint"": ""../phase2_model_training/checkpoints/classifier/best_model.pt"", ""device"": ""mps"", ""temperature"": 1.0, ""threshold"": 0.5}",38.00,1,solved,40,,44,143,45,100,0.0759,0.0781,1
81,27c619a8b3e54df0,,gbfs,{},classifier,"{""checkpoint"": ""../phase2_model_training/checkpoints/classifier/best_model.pt"", ""device"": ""mps"", ""temperature"": 1.0, ""threshold"": 0.5}",54.00,1,solved,64,,69,221,70,153,0.1361,0.1399,1
82,faec9d106b584723,,gbfs,{},classifier,"{""checkpoint"": ""../phase2_model_training/checkpoints/classifier/best_model.pt"", ""device"": ""mps"", ""temperature"": 1.0, ""threshold"": 0.5}",38.00,1,solved,44,,49,160,50,112,0.1187,0.1222,1
83,bae9c12534d786f0,,gbfs,{},classifier,"{""checkpoint"": ""../phase2_model_training/checkpoints/classifier/best_model.pt"", ""device"": ""mps"", ""temperature"": 1.0, ""threshold"": 0.5}",52.00,1,solved,56,,60,199,61,140,0.1084,0.1114,1
84,0fb47a9d86ec5321,,gbfs,{},classifier,"{""checkpoint"": ""../phase2_model_training/checkpoints/classifier/best_model.pt"", ""device"": ""mps"", ""temperature"": 1.0, ""threshold"": 0.5}",40.00,1,solved,44,,47,155,48,109,0.1063,0.1093,1
85,af059bd6e14c2738,,gbfs,{},classifier,"{""checkpoint"": ""../phase2_model_training/checkpoints/classifier/best_model.pt"", ""device"": ""mps"", ""temperature"": 1.0, ""threshold"": 0.5}",42.00,1,solved,48,,54,178,55,125,0.1147,0.1179,1
86,ef046b9ca3d27581,,gbfs,{},classifier,"{""checkpoint"": ""../phase2_model_training/checkpoints/classifier/best_model.pt"", ""device"": ""mps"", ""temperature"": 1.0, ""threshold"": 0.5}",38.00,1,solved,46,,50,162,51,113,0.1199,0.1235,1
87,e357d4bc8106f9a2,,gbfs,{},classifier,"{""checkpoint"": ""../phase2_model_training/checkpoints/classifier/best_model.pt"", ""device"": ""mps"", ""temperature"": 1.0, ""threshold"": 0.5}",54.00,1,solved,56,,63,212,64,150,0.1314,0.1348,1
88,1d59203e7fbca648,,gbfs,{},classifier,"{""checkpoint"": ""../phase2_model_training/checkpoints/classifier/best_model.pt"", ""device"": ""mps"", ""temperature"": 1.0, ""threshold"": 0.5}",46.00,1,solved,70,,102,329,103,228,0.2414,0.2479,1
89,fed8bc9016a37425,,gbfs,{},classifier,"{""checkpoint"": ""../phase2_model_training/checkpoints/classifier/best_model.pt"", ""device"": ""mps"", ""temperature"": 1.0, ""threshold"": 0.5}",34.00,1,solved,32,,34,112,35,79,0.0587,0.0603,1
90,f2ad168c9e0b7534,,gbfs,{},classifier,"{""checkpoint"": ""../phase2_model_training/checkpoints/classifier/best_model.pt"", ""device"": ""mps"", ""temperature"": 1.0, ""threshold"": 0.5}",40.00,1,solved,48,,61,211,62,151,0.1009,0.1035,1
91,72ecf9a1b5864d30,,gbfs,{},classifier,"{""checkpoint"": ""../phase2_model_training/checkpoints/classifier/best_model.pt"", ""device"": ""mps"", ""temperature"": 1.0, ""threshold"": 0.5}",46.00,1,solved,50,,58,195,59,138,0.0997,0.1023,1
92,f3cd20e98b45671a,,gbfs,{},classifier,"{""checkpoint"": ""../phase2_model_training/checkpoints/classifier/best_model.pt"", ""device"": ""mps"", ""temperature"": 1.0, ""threshold"": 0.5}",42.00,1,solved,48,,54,176,55,123,0.0988,0.1015,1
93,5fd43029be618ac7,,gbfs,{},classifier,"{""checkpoint"": ""../phase2_model_training/checkpoints/classifier/best_model.pt"", ""device"": ""mps"", ""temperature"": 1.0, ""threshold"": 0.5}",50.00,1,solved,56,,58,191,59,134,0.1101,0.1130,1
94,c2ed4f9a057168b3,,gbfs,{},classifier,"{""checkpoint"": ""../phase2_model_training/checkpoints/classifier/best_model.pt"", ""device"": ""mps"", ""temperature"": 1.0, ""threshold"": 0.5}",52.00,1,solved,62,,87,276,88,190,0.1853,0.1900,1
95,9f6e7358ab1d204c,,gbfs,{},classifier,"{""checkpoint"": ""../phase2_model_training/checkpoints/classifier/best_model.pt"", ""device"": ""mps"", ""temperature"": 1.0, ""threshold"": 0.5}",40.00,1,solved,46,,50,163,51,114,0.1226,0.1255,1
96,b15afc3472e8d096,,gbfs,{},classifier,"{""checkpoint"": ""../phase2_model_training/checkpoints/classifier/best_model.pt"", ""device"": ""mps"", ""temperature"": 1.0, ""threshold"": 0.5}",52.00,1,solved,66,,71,232,72,162,0.1854,0.1899,1
97,efdc2943a75860b1,,gbfs,{},classifier,"{""checkpoint"": ""../phase2_model_training/checkpoints/classifier/best_model.pt"", ""device"": ""mps"", ""temperature"": 1.0, ""threshold"": 0.5}",38.00,1,solved,60,,63,206,64,144,0.1613,0.1654,1
98,aec2d5f90b861734,,gbfs,{},classifier,"{""checkpoint"": ""../phase2_model_training/checkpoints/classifier/best_model.pt"", ""device"": ""mps"", ""temperature"": 1.0, ""threshold"": 0.5}",44.00,1,solved,44,,46,151,47,106,0.1048,0.1080,1
99,1ac2906e53b7df48,,gbfs,{},classifier,"{""checkpoint"": ""../phase2_model_training/checkpoints/classifier/best_model.pt"", ""device"": ""mps"", ""temperature"": 1.0, ""threshold"": 0.5}",54.00,1,solved,70,,77,255,78,179,0.1486,0.1529,1
0,8ab57e3c01296df4,,idastar,"{""w"": 1.0}",classifier,"{""checkpoint"": ""../phase2_model_training/checkpoints/classifier/best_model.pt"", ""device"": ""mps"", ""temperature"": 2.0, ""threshold"": 0.1}",46.00,1,solved,46,,218,487,206,450,0.3902,0.3927,1
1,8f4a75ed326cb091,,idastar,"{""w"": 1.0}",classifier,"{""checkpoint"": ""../phase2_model_training/checkpoints/classifier/best_model.pt"", ""device"": ""mps"", ""temperature"": 2.0, ""threshold"": 0.1}",38.00,1,solved,46,,3911,8596,1914,4105,3.5759,3.6023,1
2,8c0edb4f792536a1,,idastar,"{""w"": 1.0}",classifier,"{""checkpoint"": ""../phase2_model_training/checkpoints/classifier/best_model.pt"", ""device"": ""mps"", ""temperature"": 2.0, ""threshold"": 0.1}",36.00,1,solved,42,,386,842,317,684,0.6898,0.6940,1
3,5e692f8d0c43ab17,,idastar,"{""w"": 1.0}",classifier,"{""checkpoint"": ""../phase2_model_training/checkpoints/classifier/best_model.pt"", ""device"": ""mps"", ""temperature"": 2.0, ""threshold"": 0.1}",46.00,1,solved,48,,67,148,67,145,0.1680,0.1688,1
4,01d46fe2bac57398,,idastar,"{""w"": 1.0}",classifier,"{""checkpoint"": ""../phase2_model_training/checkpoints/classifier/best_model.pt"", ""device"": ""mps"", ""temperature"": 2.0, ""threshold"": 0.1}",40.00,1,solved,44,,556,1252,429,957,0.9722,0.9782,1
5,ebc8f514da296370,,idastar,"{""w"": 1.0}",classifier,"{""checkpoint"": ""../phase2_model_training/checkpoints/classifier/best_model.pt"", ""device"": ""mps"", ""temperature"": 2.0, ""threshold"": 0.1}",36.00,1,solved,40,,165,365,146,319,0.4066,0.4087,1
6,87c53fbd2e0614a9,,idastar,"{""w"": 1.0}",classifier,"{""checkpoint"": ""../phase2_model_training/checkpoints/classifier/best_model.pt"", ""device"": ""mps"", ""temperature"": 2.0, ""threshold"": 0.1}",36.00,1,solved,42,,776,1717,554,1194,1.1148,1.1240,1
7,bc9eaf64035d2178,,idastar,"{""w"": 1.0}",classifier,"{""checkpoint"": ""../phase2_model_training/checkpoints/classifier/best_model.pt"", ""device"": ""mps"", ""temperature"": 2.0, ""threshold"": 0.1}",34.00,1,solved,38,,310,658,180,375,0.3003,0.3022,1
8,d957c832a46be0f1,,idastar,"{""w"": 1.0}",classifier,"{""checkpoint"": ""../phase2_model_training/checkpoints/classifier/best_model.pt"", ""device"": ""mps"", ""temperature"": 2.0, ""threshold"": 0.1}",52.00,1,solved,52,,103,223,103,220,0.2040,0.2053,1
9,a49e3db67f05281c,,idastar,"{""w"": 1.0}",classifier,"{""checkpoint"": ""../phase2_model_training/checkpoints/classifier/best_model.pt"", ""device"": ""mps"", ""temperature"": 2.0, ""threshold"": 0.1}",42.00,1,solved,48,,2863,6315,2042,4376,4.5501,4.5771,1
10,fc0b42a5378e619d,,idastar,"{""w"": 1.0}",classifier,"{""checkpoint"": ""../phase2_model_training/checkpoints/classifier/best_model.pt"", ""device"": ""mps"", ""temperature"": 2.0, ""threshold"": 0.1}",46.00,1,solved,50,,820,1858,717,1604,1.8252,1.8350,1
11,c2b1ea483f95d760,,idastar,"{""w"": 1.0}",classifier,"{""checkpoint"": ""../phase2_model_training/checkpoints/classifier/best_model.pt"", ""device"": ""mps"", ""temperature"": 2.0, ""threshold"": 0.1}",46.00,1,solved,50,,2613,5766,1215,2617,2.4775,2.4945,1
12,c25d10e873ab96f4,,idastar,"{""w"": 1.0}",classifier,"{""checkpoint"": ""../phase2_model_training/checkpoints/classifier/best_model.pt"", ""device"": ""mps"", ""temperature"": 2.0, ""threshold"": 0.1}",50.00,1,solved,54,,9649,21885,6567,14278,12.3847,12.4659,1
13,e8f470ab21dc5693,,idastar,"{""w"": 1.0}",classifier,"{""checkpoint"": ""../phase2_model_training/checkpoints/classifier/best_model.pt"", ""device"": ""mps"", ""temperature"": 2.0, ""threshold"": 0.1}",46.00,1,solved,48,,213,467,190,405,0.5077,0.5106,1
14,72596c10aedf3b84,,idastar,"{""w"": 1.0}",classifier,"{""checkpoint"": ""../phase2_model_training/checkpoints/classifier/best_model.pt"", ""device"": ""mps"", ""temperature"": 2.0, ""threshold"": 0.1}",46.00,1,solved,50,,292,682,224,518,0.4840,0.4868,1
15,ef2d501b867a934c,,idastar,"{""w"": 1.0}",classifier,"{""checkpoint"": ""../phase2_model_training/checkpoints/classifier/best_model.pt"", ""device"": ""mps"", ""temperature"": 2.0, ""threshold"": 0.1}",46.00,1,solved,48,,2627,5934,2091,4591,4.5041,4.5304,1
16,ad84c615be0239f7,,idastar,"{""w"": 1.0}",classifier,"{""checkpoint"": ""../phase2_model_training/checkpoints/classifier/best_model.pt"", ""device"": ""mps"", ""temperature"": 2.0, ""threshold"": 0.1}",42.00,1,solved,44,,153,345,137,306,0.2371,0.2383,1
17,bf4dac98560e3217,,idastar,"{""w"": 1.0}",classifier,"{""checkpoint"": ""../phase2_model_training/checkpoints/classifier/best_model.pt"", ""device"": ""mps"", ""temperature"": 2.0, ""threshold"": 0.1}",38.00,1,solved,40,,157,363,149,342,0.2948,0.2965,1
18,bd08947ce6a1f352,,idastar,"{""w"": 1.0}",classifier,"{""checkpoint"": ""../phase2_model_training/checkpoints/classifier/best_model.pt"", ""device"": ""mps"", ""temperature"": 2.0, ""threshold"": 0.1}",36.00,1,solved,38,,83,181,80,173,0.1216,0.1224,1
19,3ea4bcdf75069218,,idastar,"{""w"": 1.0}",classifier,"{""checkpoint"": ""../phase2_model_training/checkpoints/classifier/best_model.pt"", ""device"": ""mps"", ""temperature"": 2.0, ""threshold"": 0.1}",44.00,1,solved,46,,988,2180,719,1566,1.4467,1.4564,1
20,2b8d1e3c590476af,,idastar,"{""w"": 1.0}",classifier,"{""checkpoint"": ""../phase2_model_training/checkpoints/classifier/best_model.pt"", ""device"": ""mps"", ""temperature"": 2.0, ""threshold"": 0.1}",46.00,1,solved,52,,4358,9853,1963,4343,3.5282,3.5559,1
21,8fc2a069d1eb3754,,idastar,"{""w"": 1.0}",classifier,"{""checkpoint"": ""../phase2_model_training/checkpoints/classifier/best_model.pt"", ""device"": ""mps"", ""temperature"": 2.0, ""threshold"": 0.1}",44.00,1,solved,48,,471,1073,420,947,0.8707,0.8757,1
22,fc5ae0d17324b986,,idastar,"{""w"": 1.0}",classifier,"{""checkpoint"": ""../phase2_model_training/checkpoints/classifier/best_model.pt"", ""device"": ""mps"", ""temperature"": 2.0, ""threshold"": 0.1}",40.00,1,solved,44,,800,1772,592,1262,1.4222,1.4305,1
23,afb57e4608cd3291,,idastar,"{""w"": 1.0}",classifier,"{""checkpoint"": ""../phase2_model_training/checkpoints/classifier/best_model.pt"", ""device"": ""mps"", ""temperature"": 2.0, ""threshold"": 0.1}",36.00,1,solved,40,,1512,3355,603,1293,1.1410,1.1499,1
24,bdcea7f506482931,,idastar,"{""w"": 1.0}",classifier,"{""checkpoint"": ""../phase2_model_training/checkpoints/classifier/best_model.pt"", ""device"": ""mps"", ""temperature"": 2.0, ""threshold"": 0.1}",38.00,1,solved,38,,63,146,64,146,0.1191,0.1197,1
25,06cd48791ef5b3a2,,idastar,"{""w"": 1.0}",classifier,"{""checkpoint"": ""../phase2_model_training/checkpoints/classifier/best_model.pt"", ""device"": ""mps"", ""temperature"": 2.0, ""threshold"": 0.1}",48.00,1,solved,50,,3174,7035,2020,4308,5.4969,5.5305,1
26,af0e769c1d28b345,,idastar,"{""w"": 1.0}",classifier,"{""checkpoint"": ""../phase2_model_training/checkpoints/classifier/best_model.pt"", ""device"": ""mps"", ""temperature"": 2.0, ""threshold"": 0.1}",28.00,1,solved,30,,375,840,228,488,0.7028,0.7072,1
27,da5c9164037feb82,,idastar,"{""w"": 1.0}",classifier,"{""checkpoint"": ""../phase2_model_training/checkpoints/classifier/best_model.pt"", ""device"": ""mps"", ""temperature"": 2.0, ""threshold"": 0.1}",42.00,1,solved,48,,2569,5767,1060,2304,3.0596,3.0811,1
28,f9ce7168d34520ba,,idastar,"{""w"": 1.0}",classifier,"{""checkpoint"": ""../phase2_model_training/checkpoints/classifier/best_model.pt"", ""device"": ""mps"", ""temperature"": 2.0, ""threshold"": 0.1}",38.00,1,solved,42,,2024,4492,1467,3194,4.3246,4.3482,1
29,8c94bef105d2a673,,idastar,"{""w"": 1.0}",classifier,"{""checkpoint"": ""../phase2_model_training/checkpoints/classifier/best_model.pt"", ""device"": ""mps"", ""temperature"": 2.0, ""threshold"": 0.1}",40.00,1,solved,42,,99,213,99,210,0.2426,0.2438,1
30,b65e19da284cf073,,idastar,"{""w"": 1.0}",classifier,"{""checkpoint"": ""../phase2_model_training/checkpoints/classifier/best_model.pt"", ""device"": ""mps"", ""temperature"": 2.0, ""threshold"": 0.1}",48.00,1,solved,54,,1194,2567,1003,2138,2.8824,2.8970,1
31,fbe97065dc813a24,,idastar,"{""w"": 1.0}",classifier,"{""checkpoint"": ""../phase2_model_training/checkpoints/classifier/best_model.pt"", ""device"": ""mps"", ""temperature"": 2.0, ""threshold"": 0.1}",30.00,1,solved,34,,122,299,98,228,0.3025,0.3042,1
32,f9b47de035a216c8,,idastar,"{""w"": 1.0}",classifier,"{""checkpoint"": ""../phase2_model_training/checkpoints/classifier/best_model.pt"", ""device"": ""mps"", ""temperature"": 2.0, ""threshold"": 0.1}",40.00,1,solved,46,,2148,4789,1056,2304,2.9805,2.9992,1
33,b7da6045ce19f238,,idastar,"{""w"": 1.0}",classifier,"{""checkpoint"": ""../phase2_model_training/checkpoints/classifier/best_model.pt"", ""device"": ""mps"", ""temperature"": 2.0, ""threshold"": 0.1}",44.00,1,solved,46,,210,459,210,455,0.5699,0.5727,1
34,6ecab52037d8f419,,idastar,"{""w"": 1.0}",classifier,"{""checkpoint"": ""../phase2_model_training/checkpoints/classifier/best_model.pt"", ""device"": ""mps"", ""temperature"": 2.0, ""threshold"": 0.1}",40.00,1,solved,44,,230,521,186,422,0.5967,0.5997,1
35,91b6308e25fdac74,,idastar,"{""w"": 1.0}",classifier,"{""checkpoint"": ""../phase2_model_training/checkpoints/classifier/best_model.pt"", ""device"": ""mps"", ""temperature"": 2.0, ""threshold"": 0.1}",46.00,1,solved,46,,754,1709,341,721,1.0136,1.0207,1
36,b1fcda64e3092758,,idastar,"{""w"": 1.0}",classifier,"{""checkpoint"": ""../phase2_model_training/checkpoints/classifier/best_model.pt"", ""device"": ""mps"", ""temperature"": 2.0, ""threshold"": 0.1}",36.00,1,solved,42,,3236,7380,1400,3074,4.2163,4.2455,1
37,db85639caf47e012,,idastar,"{""w"": 1.0}",classifier,"{""checkpoint"": ""../phase2_model_training/checkpoints/classifier/best_model.pt"", ""device"": ""mps"", ""temperature"": 2.0, ""threshold"": 0.1}",44.00,1,solved,46,,412,890,352,751,0.9698,0.9735,1
38,8baef09374dc1625,,idastar,"{""w"": 1.0}",classifier,"{""checkpoint"": ""../phase2_model_training/checkpoints/classifier/best_model.pt"", ""device"": ""mps"", ""temperature"": 2.0, ""threshold"": 0.1}",42.00,1,solved,46,,893,2051,617,1344,1.1418,1.1482,1
39,59c6e830fb2a741d,,idastar,"{""w"": 1.0}",classifier,"{""checkpoint"": ""../phase2_model_training/checkpoints/classifier/best_model.pt"", ""device"": ""mps"", ""temperature"": 2.0, ""threshold"": 0.1}",42.00,1,solved,46,,119,262,111,242,0.1968,0.1978,1
40,8dfce0a92b453671,,idastar,"{""w"": 1.0}",classifier,"{""checkpoint"": ""../phase2_model_training/checkpoints/classifier/best_model.pt"", ""device"": ""mps"", ""temperature"": 2.0, ""threshold"": 0.1}",36.00,1,solved,42,,974,2193,498,1083,0.9645,0.9702,1
41,9f7385debc64a021,,idastar,"{""w"": 1.0}",classifier,"{""checkpoint"": ""../phase2_model_training/checkpoints/classifier/best_model.pt"", ""device"": ""mps"", ""temperature"": 2.0, ""threshold"": 0.1}",46.00,1,solved,50,,484,1102,326,732,0.5971,0.6002,1
42,4ec8b659d3f17a20,,idastar,"{""w"": 1.0}",classifier,"{""checkpoint"": ""../phase2_model_training/checkpoints/classifier/best_model.pt"", ""device"": ""mps"", ""temperature"": 2.0, ""threshold"": 0.1}",40.00,1,solved,42,,143,326,133,301,0.2556,0.2568,1
43,d908e16ca7b5f324,,idastar,"{""w"": 1.0}",classifier,"{""checkpoint"": ""../phase2_model_training/checkpoints/classifier/best_model.pt"", ""device"": ""mps"", ""temperature"": 2.0, ""threshold"": 0.1}",32.00,1,solved,38,,1655,3582,1184,2496,2.2347,2.2472,1
44,fea98d5432c6b170,,idastar,"{""w"": 1.0}",classifier,"{""checkpoint"": ""../phase2_model_training/checkpoints/classifier/best_model.pt"", ""device"": ""mps"", ""temperature"": 2.0, ""threshold"": 0.1}",40.00,1,solved,42,,559,1209,378,798,0.6768,0.6810,1
45,c9bd74f50e6132a8,,idastar,"{""w"": 1.0}",classifier,"{""checkpoint"": ""../phase2_model_training/checkpoints/classifier/best_model.pt"", ""device"": ""mps"", ""temperature"": 2.0, ""threshold"": 0.1}",38.00,1,solved,44,,835,1839,461,995,0.8691,0.8741,1
46,658b1f7cad0e9324,,idastar,"{""w"": 1.0}",classifier,"{""checkpoint"": ""../phase2_model_training/checkpoints/classifier/best_model.pt"", ""device"": ""mps"", ""temperature"": 2.0, ""threshold"": 0.1}",44.00,1,solved,52,,27018,60307,8089,17118,16.4437,16.5722,1
47,cb03ad8e497652f1,,idastar,"{""w"": 1.0}",classifier,"{""checkpoint"": ""../phase2_model_training/checkpoints/classifier/best_model.pt"", ""device"": ""mps"", ""temperature"": 2.0, ""threshold"": 0.1}",54.00,1,solved,60,,464,1033,454,1000,0.8938,0.8980,1
48,ab09c538e671f24d,,idastar,"{""w"": 1.0}",classifier,"{""checkpoint"": ""../phase2_model_training/checkpoints/classifier/best_model.pt"", ""device"": ""mps"", ""temperature"": 2.0, ""threshold"": 0.1}",44.00,1,solved,48,,965,2166,682,1494,1.3218,1.3291,1
49,bd2cf64a35e71098,,idastar,"{""w"": 1.0}",classifier,"{""checkpoint"": ""../phase2_model_training/checkpoints/classifier/best_model.pt"", ""device"": ""mps"", ""temperature"": 2.0, ""threshold"": 0.1}",40.00,1,solved,46,,2889,6544,1307,2885,2.4735,2.4898,1
50,da627fbe01c83954,,idastar,"{""w"": 1.0}",classifier,"{""checkpoint"": ""../phase2_model_training/checkpoints/classifier/best_model.pt"", ""device"": ""mps"", ""temperature"": 2.0, ""threshold"": 0.1}",36.00,1,solved,38,,458,1052,331,724,0.6501,0.6536,1
51,ed2810493f567bca,,idastar,"{""w"": 1.0}",classifier,"{""checkpoint"": ""../phase2_model_training/checkpoints/classifier/best_model.pt"", ""device"": ""mps"", ""temperature"": 2.0, ""threshold"": 0.1}",46.00,1,solved,50,,8362,18599,4253,9131,8.5685,8.6217,1
52,abf68d190c32745e,,idastar,"{""w"": 1.0}",classifier,"{""checkpoint"": ""../phase2_model_training/checkpoints/classifier/best_model.pt"", ""device"": ""mps"", ""temperature"": 2.0, ""threshold"": 0.1}",48.00,1,solved,52,,2305,5099,991,2152,2.2364,2.2508,1
53,e9c8f52b0137a4d6,,idastar,"{""w"": 1.0}",classifier,"{""checkpoint"": ""../phase2_model_training/checkpoints/classifier/best_model.pt"", ""device"": ""mps"", ""temperature"": 2.0, ""threshold"": 0.1}",40.00,1,solved,44,,2938,6545,1069,2271,2.6205,2.6397,1
54,1c563a8de704fb92,,idastar,"{""w"": 1.0}",classifier,"{""checkpoint"": ""../phase2_model_training/checkpoints/classifier/best_model.pt"", ""device"": ""mps"", ""temperature"": 2.0, ""threshold"": 0.1}",44.00,1,solved,50,,1812,3884,913,1933,2.1429,2.1552,1
55,e35cfa28791b6d40,,idastar,"{""w"": 1.0}",classifier,"{""checkpoint"": ""../phase2_model_training/checkpoints/classifier/best_model.pt"", ""device"": ""mps"", ""temperature"": 2.0, ""threshold"": 0.1}",38.00,1,solved,42,,955,2232,464,1047,1.0618,1.0685,1
56,c2a4f1798d05eb36,,idastar,"{""w"": 1.0}",classifier,"{""checkpoint"": ""../phase2_model_training/checkpoints/classifier/best_model.pt"", ""device"": ""mps"", ""temperature"": 2.0, ""threshold"": 0.1}",46.00,1,solved,48,,2487,5635,1430,3075,3.0937,3.1116,1
57,e628f0da179b3c54,,idastar,"{""w"": 1.0}",classifier,"{""checkpoint"": ""../phase2_model_training/checkpoints/classifier/best_model.pt"", ""device"": ""mps"", ""temperature"": 2.0, ""threshold"": 0.1}",40.00,1,solved,48,,6683,15055,2560,5503,5.9131,5.9542,1
58,1a7df295b6048ec3,,idastar,"{""w"": 1.0}",classifier,"{""checkpoint"": ""../phase2_model_training/checkpoints/classifier/best_model.pt"", ""device"": ""mps"", ""temperature"": 2.0, ""threshold"": 0.1}",48.00,1,solved,52,,1024,2283,846,1837,1.9604,1.9700,1
59,afd862537be491c0,,idastar,"{""w"": 1.0}",classifier,"{""checkpoint"": ""../phase2_model_training/checkpoints/classifier/best_model.pt"", ""device"": ""mps"", ""temperature"": 2.0, ""threshold"": 0.1}",42.00,1,solved,44,,118,261,107,232,0.2791,0.2804,1
60,9a7cdb682e31f450,,idastar,"{""w"": 1.0}",classifier,"{""checkpoint"": ""../phase2_model_training/checkpoints/classifier/best_model.pt"", ""device"": ""mps"", ""temperature"": 2.0, ""threshold"": 0.1}",36.00,1,solved,40,,611,1337,495,1076,1.1067,1.1127,1
61,dc1875fea6023b49,,idastar,"{""w"": 1.0}",classifier,"{""checkpoint"": ""../phase2_model_training/checkpoints/classifier/best_model.pt"", ""device"": ""mps"", ""temperature"": 2.0, ""threshold"": 0.1}",40.00,1,solved,42,,2032,4616,1093,2386,2.5705,2.5856,1
62,15fd76b2ea0948c3,,idastar,"{""w"": 1.0}",classifier,"{""checkpoint"": ""../phase2_model_training/checkpoints/classifier/best_model.pt"", ""device"": ""mps"", ""temperature"": 2.0, ""threshold"": 0.1}",54.00,1,solved,56,,172,406,172,402,0.4443,0.4463,1
63,bf8e9a62d4051c73,,idastar,"{""w"": 1.0}",classifier,"{""checkpoint"": ""../phase2_model_training/checkpoints/classifier/best_model.pt"", ""device"": ""mps"", ""temperature"": 2.0, ""threshold"": 0.1}",46.00,1,solved,46,,492,1109,392,860,0.9577,0.9625,1
64,eac510fd29b83674,,idastar,"{""w"": 1.0}",classifier,"{""checkpoint"": ""../phase2_model_training/checkpoints/classifier/best_model.pt"", ""device"": ""mps"", ""temperature"": 2.0, ""threshold"": 0.1}",38.00,1,solved,42,,934,2053,668,1421,1.5972,1.6051,1
65,7ea81b3504cf296d,,idastar,"{""w"": 1.0}",classifier,"{""checkpoint"": ""../phase2_model_training/checkpoints/classifier/best_model.pt"", ""device"": ""mps"", ""temperature"": 2.0, ""threshold"": 0.1}",46.00,1,solved,50,,3353,7312,1694,3629,3.9552,3.9791,1
66,f68c9eb03475a12d,,idastar,"{""w"": 1.0}",classifier,"{""checkpoint"": ""../phase2_model_training/checkpoints/classifier/best_model.pt"", ""device"": ""mps"", ""temperature"": 2.0, ""threshold"": 0.1}",42.00,1,solved,46,,3414,7619,1953,4227,4.6130,4.6389,1
67,3f75e0a4169bdc28,,idastar,"{""w"": 1.0}",classifier,"{""checkpoint"": ""../phase2_model_training/checkpoints/classifier/best_model.pt"", ""device"": ""mps"", ""temperature"": 2.0, ""threshold"": 0.1}",52.00,1,solved,56,,3251,7229,1623,3548,3.8853,3.9080,1
68,cbf92d316805ea47,,idastar,"{""w"": 1.0}",classifier,"{""checkpoint"": ""../phase2_model_training/checkpoints/classifier/best_model.pt"", ""device"": ""mps"", ""temperature"": 2.0, ""threshold"": 0.1}",48.00,1,solved,52,,2639,5790,1486,3214,3.4663,3.4861,1
69,4fec5a10728db963,,idastar,"{""w"": 1.0}",classifier,"{""checkpoint"": ""../phase2_model_training/checkpoints/classifier/best_model.pt"", ""device"": ""mps"", ""temperature"": 2.0, ""threshold"": 0.1}",42.00,1,solved,46,,1056,2302,607,1312,1.4556,1.4637,1
70,b9da7f813e0c2465,,idastar,"{""w"": 1.0}",classifier,"{""checkpoint"": ""../phase2_model_training/checkpoints/classifier/best_model.pt"", ""device"": ""mps"", ""temperature"": 2.0, ""threshold"": 0.1}",30.00,1,solved,32,,382,827,255,538,0.4658,0.4684,1
71,2edc9386f70a41b5,,idastar,"{""w"": 1.0}",classifier,"{""checkpoint"": ""../phase2_model_training/checkpoints/classifier/best_model.pt"", ""device"": ""mps"", ""temperature"": 2.0, ""threshold"": 0.1}",40.00,1,solved,44,,5243,11614,1690,3566,3.5562,3.5821,1
72,671d98a0fe4cb325,,idastar,"{""w"": 1.0}",classifier,"{""checkpoint"": ""../phase2_model_training/checkpoints/classifier/best_model.pt"", ""device"": ""mps"", ""temperature"": 2.0, ""threshold"": 0.1}",36.00,1,solved,42,,5443,12133,2838,6119,5.8338,5.8687,1
73,b7f9e0a23c46d815,,idastar,"{""w"": 1.0}",classifier,"{""checkpoint"": ""../phase2_model_training/checkpoints/classifier/best_model.pt"", ""device"": ""mps"", ""temperature"": 2.0, ""threshold"": 0.1}",44.00,1,solved,50,,979,2228,776,1726,1.4754,1.4828,1
74,a68fd5c09eb23714,,idastar,"{""w"": 1.0}",classifier,"{""checkpoint"": ""../phase2_model_training/checkpoints/classifier/best_model.pt"", ""device"": ""mps"", ""temperature"": 2.0, ""threshold"": 0.1}",38.00,1,solved,38,,398,916,202,441,0.3656,0.3678,1
75,bea52019df867c34,,idastar,"{""w"": 1.0}",classifier,"{""checkpoint"": ""../phase2_model_training/checkpoints/classifier/best_model.pt"", ""device"": ""mps"", ""temperature"": 2.0, ""threshold"": 0.1}",40.00,1,solved,42,,524,1193,378,817,0.6688,0.6725,1
76,d7cab1940f82635e,,idastar,"{""w"": 1.0}",classifier,"{""checkpoint"": ""../phase2_model_training/checkpoints/classifier/best_model.pt"", ""device"": ""mps"", ""temperature"": 2.0, ""threshold"": 0.1}",42.00,1,solved,44,,113,246,109,235,0.1847,0.1856,1
77,c30b52d479a8ef16,,idastar,"{""w"": 1.0}",classifier,"{""checkpoint"": ""../phase2_model_training/checkpoints/classifier/best_model.pt"", ""device"": ""mps"", ""temperature"": 2.0, ""threshold"": 0.1}",52.00,1,solved,56,,9480,20883,4267,9080,8.0132,8.0753,1
78,278cef9d0b64a135,,idastar,"{""w"": 1.0}",classifier,"{""checkpoint"": ""../phase2_model_training/checkpoints/classifier/best_model.pt"", ""device"": ""mps"", ""temperature"": 2.0, ""threshold"": 0.1}",42.00,1,solved,48,,1423,3053,741,1568,1.9808,2.0088,1
79,ac09f2d1b38645e7,,idastar,"{""w"": 1.0}",classifier,"{""checkpoint"": ""../phase2_model_training/checkpoints/classifier/best_model.pt"", ""device"": ""mps"", ""temperature"": 2.0, ""threshold"": 0.1}",42.00,1,solved,44,,138,300,120,256,0.2689,0.2707,1
80,bde8a0c963247f15,,idastar,"{""w"": 1.0}",classifier,"{""checkpoint"": ""../phase2_model_training/checkpoints/classifier/best_model.pt"", ""device"": ""mps"", ""temperature"": 2.0, ""threshold"": 0.1}",34.00,1,solved,38,,181,396,128,269,0.3941,0.4036,1
81,27c619a8b3e54df0,,idastar,"{""w"": 1.0}",classifier,"{""checkpoint"": ""../phase2_model_training/checkpoints/classifier/best_model.pt"", ""device"": ""mps"", ""temperature"": 2.0, ""threshold"": 0.1}",50.00,1,solved,54,,9326,20833,4539,9801,11.2412,11.3544,1
82,faec9d106b584723,,idastar,"{""w"": 1.0}",classifier,"{""checkpoint"": ""../phase2_model_training/checkpoints/classifier/best_model.pt"", ""device"": ""mps"", ""temperature"": 2.0, ""threshold"": 0.1}",34.00,1,solved,42,,10999,24215,3396,7105,7.3012,7.3647,1
83,bae9c12534d786f0,,idastar,"{""w"": 1.0}",classifier,"{""checkpoint"": ""../phase2_model_training/checkpoints/classifier/best_model.pt"", ""device"": ""mps"", ""temperature"": 2.0, ""threshold"": 0.1}",50.00,1,solved,54,,431,965,369,817,0.7872,0.7913,1
84,0fb47a9d86ec5321,,idastar,"{""w"": 1.0}",classifier,"{""checkpoint"": ""../phase2_model_training/checkpoints/classifier/best_model.pt"", ""device"": ""mps"", ""temperature"": 2.0, ""threshold"": 0.1}",36.00,1,solved,42,,526,1206,435,981,0.9363,0.9413,1
85,af059bd6e14c2738,,idastar,"{""w"": 1.0}",classifier,"{""checkpoint"": ""../phase2_model_training/checkpoints/classifier/best_model.pt"", ""device"": ""mps"", ""temperature"": 2.0, ""threshold"": 0.1}",40.00,1,solved,42,,1153,2508,784,1628,1.7631,1.7738,1
86,ef046b9ca3d27581,,idastar,"{""w"": 1.0}",classifier,"{""checkpoint"": ""../phase2_model_training/checkpoints/classifier/best_model.pt"", ""device"": ""mps"", ""temperature"": 2.0, ""threshold"": 0.1}",36.00,1,solved,42,,6039,13118,2953,6215,6.3590,6.4039,1
87,e357d4bc8106f9a2,,idastar,"{""w"": 1.0}",classifier,"{""checkpoint"": ""../phase2_model_training/checkpoints/classifier/best_model.pt"", ""device"": ""mps"", ""temperature"": 2.0, ""threshold"": 0.1}",52.00,1,solved,56,,1504,3406,1078,2335,2.4712,2.4845,1
88,1d59203e7fbca648,,idastar,"{""w"": 1.0}",classifier,"{""checkpoint"": ""../phase2_model_training/checkpoints/classifier/best_model.pt"", ""device"": ""mps"", ""temperature"": 2.0, ""threshold"": 0.1}",42.00,1,solved,50,,6176,13706,3247,7006,7.3846,7.4288,1
89,fed8bc9016a37425,,idastar,"{""w"": 1.0}",classifier,"{""checkpoint"": ""../phase2_model_training/checkpoints/classifier/best_model.pt"", ""device"": ""mps"", ""temperature"": 2.0, ""threshold"": 0.1}",30.00,1,solved,32,,128,296,91,208,0.1996,0.2007,1
90,f2ad168c9e0b7534,,idastar,"{""w"": 1.0}",classifier,"{""checkpoint"": ""../phase2_model_training/checkpoints/classifier/best_model.pt"", ""device"": ""mps"", ""temperature"": 2.0, ""threshold"": 0.1}",38.00,1,solved,40,,605,1419,344,783,0.8135,0.8181,1
91,72ecf9a1b5864d30,,idastar,"{""w"": 1.0}",classifier,"{""checkpoint"": ""../phase2_model_training/checkpoints/classifier/best_model.pt"", ""device"": ""mps"", ""temperature"": 2.0, ""threshold"": 0.1}",42.00,1,solved,46,,1438,3307,789,1716,1.8560,1.8670,1
92,f3cd20e98b45671a,,idastar,"{""w"": 1.0}",classifier,"{""checkpoint"": ""../phase2_model_training/checkpoints/classifier/best_model.pt"", ""device"": ""mps"", ""temperature"": 2.0, ""threshold"": 0.1}",40.00,1,solved,46,,2572,5723,1115,2426,2.6348,2.6523,1
93,5fd43029be618ac7,,idastar,"{""w"": 1.0}",classifier,"{""checkpoint"": ""../phase2_model_training/checkpoints/classifier/best_model.pt"", ""device"": ""mps"", ""temperature"": 2.0, ""threshold"": 0.1}",46.00,1,solved,50,,536,1203,288,640,0.6766,0.6805,1
94,c2ed4f9a057168b3,,idastar,"{""w"": 1.0}",classifier,"{""checkpoint"": ""../phase2_model_training/checkpoints/classifier/best_model.pt"", ""device"": ""mps"", ""temperature"": 2.0, ""threshold"": 0.1}",48.00,1,solved,50,,2558,5715,1236,2733,2.7795,2.7982,1
95,9f6e7358ab1d204c,,idastar,"{""w"": 1.0}",classifier,"{""checkpoint"": ""../phase2_model_training/checkpoints/classifier/best_model.pt"", ""device"": ""mps"", ""temperature"": 2.0, ""threshold"": 0.1}",38.00,1,solved,40,,423,920,309,646,0.7541,0.7581,1
96,b15afc3472e8d096,,idastar,"{""w"": 1.0}",classifier,"{""checkpoint"": ""../phase2_model_training/checkpoints/classifier/best_model.pt"", ""device"": ""mps"", ""temperature"": 2.0, ""threshold"": 0.1}",48.00,1,solved,54,,3655,8036,1680,3576,3.8643,3.8893,1
97,efdc2943a75860b1,,idastar,"{""w"": 1.0}",classifier,"{""checkpoint"": ""../phase2_model_training/checkpoints/classifier/best_model.pt"", ""device"": ""mps"", ""temperature"": 2.0, ""threshold"": 0.1}",36.00,1,solved,40,,337,755,271,583,0.6370,0.6401,1
98,aec2d5f90b861734,,idastar,"{""w"": 1.0}",classifier,"{""checkpoint"": ""../phase2_model_training/checkpoints/classifier/best_model.pt"", ""device"": ""mps"", ""temperature"": 2.0, ""threshold"": 0.1}",40.00,1,solved,44,,400,901,337,741,0.6522,0.6554,1
99,1ac2906e53b7df48,,idastar,"{""w"": 1.0}",classifier,"{""checkpoint"": ""../phase2_model_training/checkpoints/classifier/best_model.pt"", ""device"": ""mps"", ""temperature"": 2.0, ""threshold"": 0.1}",52.00,1,solved,56,,4476,10118,3049,6718,7.0859,7.1234,1
0,8ab57e3c01296df4,,wastar,"{""w"": 1.0}",classifier,"{""checkpoint"": ""../phase2_model_training/checkpoints/classifier/best_model.pt"", ""device"": ""mps"", ""temperature"": 2.0, ""threshold"": 0.1}",46.00,1,solved,46,,96,313,96,214,0.2128,0.2206,1
1,8f4a75ed326cb091,,wastar,"{""w"": 1.0}",classifier,"{""checkpoint"": ""../phase2_model_training/checkpoints/classifier/best_model.pt"", ""device"": ""mps"", ""temperature"": 2.0, ""threshold"": 0.1}",38.00,1,solved,44,,1384,4418,1379,2955,3.1962,3.2731,1
2,8c0edb4f792536a1,,wastar,"{""w"": 1.0}",classifier,"{""checkpoint"": ""../phase2_model_training/checkpoints/classifier/best_model.pt"", ""device"": ""mps"", ""temperature"": 2.0, ""threshold"": 0.1}",36.00,1,solved,42,,157,506,156,345,0.3700,0.3786,1
3,5e692f8d0c43ab17,,wastar,"{""w"": 1.0}",classifier,"{""checkpoint"": ""../phase2_model_training/checkpoints/classifier/best_model.pt"", ""device"": ""mps"", ""temperature"": 2.0, ""threshold"": 0.1}",46.00,1,solved,46,,60,188,61,129,0.1473,0.1508,1
4,01d46fe2bac57398,,wastar,"{""w"": 1.0}",classifier,"{""checkpoint"": ""../phase2_model_training/checkpoints/classifier/best_model.pt"", ""device"": ""mps"", ""temperature"": 2.0, ""threshold"": 0.1}",40.00,1,solved,44,,216,700,215,481,0.4932,0.5055,1
5,ebc8f514da296370,,wastar,"{""w"": 1.0}",classifier,"{""checkpoint"": ""../phase2_model_training/checkpoints/classifier/best_model.pt"", ""device"": ""mps"", ""temperature"": 2.0, ""threshold"": 0.1}",36.00,1,solved,40,,58,186,59,129,0.1393,0.1426,1
6,87c53fbd2e0614a9,,wastar,"{""w"": 1.0}",classifier,"{""checkpoint"": ""../phase2_model_training/checkpoints/classifier/best_model.pt"", ""device"": ""mps"", ""temperature"": 2.0, ""threshold"": 0.1}",36.00,1,solved,40,,378,1214,375,816,0.8451,0.8658,1
7,bc9eaf64035d2178,,wastar,"{""w"": 1.0}",classifier,"{""checkpoint"": ""../phase2_model_training/checkpoints/classifier/best_model.pt"", ""device"": ""mps"", ""temperature"": 2.0, ""threshold"": 0.1}",34.00,1,solved,36,,92,287,93,191,0.2047,0.2092,1
8,d957c832a46be0f1,,wastar,"{""w"": 1.0}",classifier,"{""checkpoint"": ""../phase2_model_training/checkpoints/classifier/best_model.pt"", ""device"": ""mps"", ""temperature"": 2.0, ""threshold"": 0.1}",52.00,1,solved,52,,87,274,88,188,0.2072,0.2116,1
9,a49e3db67f05281c,,wastar,"{""w"": 1.0}",classifier,"{""checkpoint"": ""../phase2_model_training/checkpoints/classifier/best_model.pt"", ""device"": ""mps"", ""temperature"": 2.0, ""threshold"": 0.1}",42.00,1,solved,46,,639,2033,632,1350,1.5071,1.5429,1
10,fc0b42a5378e619d,,wastar,"{""w"": 1.0}",classifier,"{""checkpoint"": ""../phase2_model_training/checkpoints/classifier/best_model.pt"", ""device"": ""mps"", ""temperature"": 2.0, ""threshold"": 0.1}",46.00,1,solved,50,,294,965,295,666,0.6733,0.6888,1
11,c2b1ea483f95d760,,wastar,"{""w"": 1.0}",classifier,"{""checkpoint"": ""../phase2_model_training/checkpoints/classifier/best_model.pt"", ""device"": ""mps"", ""temperature"": 2.0, ""threshold"": 0.1}",46.00,1,solved,50,,874,2795,865,1868,1.9734,2.0193,1
12,c25d10e873ab96f4,,wastar,"{""w"": 1.0}",classifier,"{""checkpoint"": ""../phase2_model_training/checkpoints/classifier/best_model.pt"", ""device"": ""mps"", ""temperature"": 2.0, ""threshold"": 0.1}",50.00,1,solved,54,,2157,7044,2125,4719,5.0372,5.1570,1
13,e8f470ab21dc5693,,wastar,"{""w"": 1.0}",classifier,"{""checkpoint"": ""../phase2_model_training/checkpoints/classifier/best_model.pt"", ""device"": ""mps"", ""temperature"": 2.0, ""threshold"": 0.1}",46.00,1,solved,48,,102,326,103,225,0.2522,0.2576,1
14,72596c10aedf3b84,,wastar,"{""w"": 1.0}",classifier,"{""checkpoint"": ""../phase2_model_training/checkpoints/classifier/best_model.pt"", ""device"": ""mps"", ""temperature"": 2.0, ""threshold"": 0.1}",46.00,1,solved,50,,191,626,189,427,0.4515,0.4621,1
15,ef2d501b867a934c,,wastar,"{""w"": 1.0}",classifier,"{""checkpoint"": ""../phase2_model_training/checkpoints/classifier/best_model.pt"", ""device"": ""mps"", ""temperature"": 2.0, ""threshold"": 0.1}",46.00,1,solved,48,,2283,7435,2251,4951,5.5564,5.6859,1
16,ad84c615be0239f7,,wastar,"{""w"": 1.0}",classifier,"{""checkpoint"": ""../phase2_model_training/checkpoints/classifier/best_model.pt"", ""device"": ""mps"", ""temperature"": 2.0, ""threshold"": 0.1}",42.00,1,solved,44,,95,309,95,214,0.2229,0.2279,1
17,bf4dac98560e3217,,wastar,"{""w"": 1.0}",classifier,"{""checkpoint"": ""../phase2_model_training/checkpoints/classifier/best_model.pt"", ""device"": ""mps"", ""temperature"": 2.0, ""threshold"": 0.1}",38.00,1,solved,40,,212,686,212,470,0.4858,0.4975,1
18,bd08947ce6a1f352,,wastar,"{""w"": 1.0}",classifier,"{""checkpoint"": ""../phase2_model_training/checkpoints/classifier/best_model.pt"", ""device"": ""mps"", ""temperature"": 2.0, ""threshold"": 0.1}",36.00,1,solved,36,,39,124,40,86,0.0696,0.0714,1
19,3ea4bcdf75069218,,wastar,"{""w"": 1.0}",classifier,"{""checkpoint"": ""../phase2_model_training/checkpoints/classifier/best_model.pt"", ""device"": ""mps"", ""temperature"": 2.0, ""threshold"": 0.1}",44.00,1,solved,46,,126,407,127,280,0.2386,0.2440,1
20,2b8d1e3c590476af,,wastar,"{""w"": 1.0}",classifier,"{""checkpoint"": ""../phase2_model_training/checkpoints/classifier/best_model.pt"", ""device"": ""mps"", ""temperature"": 2.0, ""threshold"": 0.1}",46.00,1,solved,50,,1675,5462,1626,3619,3.9745,4.0715,1
21,8fc2a069d1eb3754,,wastar,"{""w"": 1.0}",classifier,"{""checkpoint"": ""../phase2_model_training/checkpoints/classifier/best_model.pt"", ""device"": ""mps"", ""temperature"": 2.0, ""threshold"": 0.1}",44.00,1,solved,48,,300,987,296,669,0.7418,0.7586,1
22,fc5ae0d17324b986,,wastar,"{""w"": 1.0}",classifier,"{""checkpoint"": ""../phase2_model_training/checkpoints/classifier/best_model.pt"", ""device"": ""mps"", ""temperature"": 2.0, ""threshold"": 0.1}",40.00,1,solved,42,,248,791,241,527,0.6529,0.6685,1
23,afb57e4608cd3291,,wastar,"{""w"": 1.0}",classifier,"{""checkpoint"": ""../phase2_model_training/checkpoints/classifier/best_model.pt"", ""device"": ""mps"", ""temperature"": 2.0, ""threshold"": 0.1}",36.00,1,solved,38,,569,1843,530,1161,1.2680,1.2997,1
24,bdcea7f506482931,,wastar,"{""w"": 1.0}",classifier,"{""checkpoint"": ""../phase2_model_training/checkpoints/classifier/best_model.pt"", ""device"": ""mps"", ""temperature"": 2.0, ""threshold"": 0.1}",38.00,1,solved,38,,46,151,47,106,0.1217,0.1245,1
25,06cd48791ef5b3a2,,wastar,"{""w"": 1.0}",classifier,"{""checkpoint"": ""../phase2_model_training/checkpoints/classifier/best_model.pt"", ""device"": ""mps"", ""temperature"": 2.0, ""threshold"": 0.1}",48.00,1,solved,50,,460,1474,457,987,0.9545,0.9763,1
26,af0e769c1d28b345,,wastar,"{""w"": 1.0}",classifier,"{""checkpoint"": ""../phase2_model_training/checkpoints/classifier/best_model.pt"", ""device"": ""mps"", ""temperature"": 2.0, ""threshold"": 0.1}",28.00,1,solved,30,,51,168,52,118,0.1250,0.1278,1
27,da5c9164037feb82,,wastar,"{""w"": 1.0}",classifier,"{""checkpoint"": ""../phase2_model_training/checkpoints/classifier/best_model.pt"", ""device"": ""mps"", ""temperature"": 2.0, ""threshold"": 0.1}",42.00,1,solved,46,,783,2506,768,1668,1.8405,1.8832,1
28,f9ce7168d34520ba,,wastar,"{""w"": 1.0}",classifier,"{""checkpoint"": ""../phase2_model_training/checkpoints/classifier/best_model.pt"", ""device"": ""mps"", ""temperature"": 2.0, ""threshold"": 0.1}",38.00,1,solved,42,,896,2872,883,1923,1.9145,1.9609,1
29,8c94bef105d2a673,,wastar,"{""w"": 1.0}",classifier,"{""checkpoint"": ""../phase2_model_training/checkpoints/classifier/best_model.pt"", ""device"": ""mps"", ""temperature"": 2.0, ""threshold"": 0.1}",40.00,1,solved,42,,86,270,86,184,0.2224,0.2276,1
30,b65e19da284cf073,,wastar,"{""w"": 1.0}",classifier,"{""checkpoint"": ""../phase2_model_training/checkpoints/classifier/best_model.pt"", ""device"": ""mps"", ""temperature"": 2.0, ""threshold"": 0.1}",48.00,1,solved,52,,864,2718,860,1829,2.0381,2.0860,1
31,fbe97065dc813a24,,wastar,"{""w"": 1.0}",classifier,"{""checkpoint"": ""../phase2_model_training/checkpoints/classifier/best_model.pt"", ""device"": ""mps"", ""temperature"": 2.0, ""threshold"": 0.1}",30.00,1,solved,34,,73,250,74,176,0.1678,0.1717,1
32,f9b47de035a216c8,,wastar,"{""w"": 1.0}",classifier,"{""checkpoint"": ""../phase2_model_training/checkpoints/classifier/best_model.pt"", ""device"": ""mps"", ""temperature"": 2.0, ""threshold"": 0.1}",40.00,1,solved,44,,715,2292,712,1543,1.5729,1.6118,1
33,b7da6045ce19f238,,wastar,"{""w"": 1.0}",classifier,"{""checkpoint"": ""../phase2_model_training/checkpoints/classifier/best_model.pt"", ""device"": ""mps"", ""temperature"": 2.0, ""threshold"": 0.1}",44.00,1,solved,44,,173,546,174,374,0.4218,0.4319,1
34,6ecab52037d8f419,,wastar,"{""w"": 1.0}",classifier,"{""checkpoint"": ""../phase2_model_training/checkpoints/classifier/best_model.pt"", ""device"": ""mps"", ""temperature"": 2.0, ""threshold"": 0.1}",40.00,1,solved,44,,171,560,172,390,0.3676,0.3768,1
35,91b6308e25fdac74,,wastar,"{""w"": 1.0}",classifier,"{""checkpoint"": ""../phase2_model_training/checkpoints/classifier/best_model.pt"", ""device"": ""mps"", ""temperature"": 2.0, ""threshold"": 0.1}",46.00,1,solved,46,,76,247,77,168,0.1689,0.1726,1
36,b1fcda64e3092758,,wastar,"{""w"": 1.0}",classifier,"{""checkpoint"": ""../phase2_model_training/checkpoints/classifier/best_model.pt"", ""device"": ""mps"", ""temperature"": 2.0, ""threshold"": 0.1}",36.00,1,solved,40,,823,2673,805,1766,1.9176,1.9644,1
37,db85639caf47e012,,wastar,"{""w"": 1.0}",classifier,"{""checkpoint"": ""../phase2_model_training/checkpoints/classifier/best_model.pt"", ""device"": ""mps"", ""temperature"": 2.0, ""threshold"": 0.1}",44.00,1,solved,46,,293,926,292,627,0.7445,0.7614,1
38,8baef09374dc1625,,wastar,"{""w"": 1.0}",classifier,"{""checkpoint"": ""../phase2_model_training/checkpoints/classifier/best_model.pt"", ""device"": ""mps"", ""temperature"": 2.0, ""threshold"": 0.1}",42.00,1,solved,46,,1086,3533,1066,2341,2.5399,2.6011,1
39,59c6e830fb2a741d,,wastar,"{""w"": 1.0}",classifier,"{""checkpoint"": ""../phase2_model_training/checkpoints/classifier/best_model.pt"", ""device"": ""mps"", ""temperature"": 2.0, ""threshold"": 0.1}",42.00,1,solved,46,,115,383,116,267,0.3042,0.3112,1
40,8dfce0a92b453671,,wastar,"{""w"": 1.0}",classifier,"{""checkpoint"": ""../phase2_model_training/checkpoints/classifier/best_model.pt"", ""device"": ""mps"", ""temperature"": 2.0, ""threshold"": 0.1}",36.00,1,solved,42,,366,1180,366,785,0.8685,0.8885,1
41,9f7385debc64a021,,wastar,"{""w"": 1.0}",classifier,"{""checkpoint"": ""../phase2_model_training/checkpoints/classifier/best_model.pt"", ""device"": ""mps"", ""temperature"": 2.0, ""threshold"": 0.1}",46.00,1,solved,50,,589,1907,587,1292,1.4282,1.4626,1
42,4ec8b659d3f17a20,,wastar,"{""w"": 1.0}",classifier,"{""checkpoint"": ""../phase2_model_training/checkpoints/classifier/best_model.pt"", ""device"": ""mps"", ""temperature"": 2.0, ""threshold"": 0.1}",40.00,1,solved,42,,51,167,52,117,0.1106,0.1136,1
43,d908e16ca7b5f324,,wastar,"{""w"": 1.0}",classifier,"{""checkpoint"": ""../phase2_model_training/checkpoints/classifier/best_model.pt"", ""device"": ""mps"", ""temperature"": 2.0, ""threshold"": 0.1}",32.00,1,solved,38,,267,848,266,569,0.5357,0.5487,1
44,fea98d5432c6b170,,wastar,"{""w"": 1.0}",classifier,"{""checkpoint"": ""../phase2_model_training/checkpoints/classifier/best_model.pt"", ""device"": ""mps"", ""temperature"": 2.0, ""threshold"": 0.1}",40.00,1,solved,42,,293,923,293,615,0.6671,0.6824,1
45,c9bd74f50e6132a8,,wastar,"{""w"": 1.0}",classifier,"{""checkpoint"": ""../phase2_model_training/checkpoints/classifier/best_model.pt"", ""device"": ""mps"", ""temperature"": 2.0, ""threshold"": 0.1}",38.00,1,solved,44,,376,1209,374,820,0.9312,0.9533,1
46,658b1f7cad0e9324,,wastar,"{""w"": 1.0}",classifier,"{""checkpoint"": ""../phase2_model_training/checkpoints/classifier/best_model.pt"", ""device"": ""mps"", ""temperature"": 2.0, ""threshold"": 0.1}",44.00,1,solved,50,,6451,20638,6320,13334,14.4900,14.8517,1
47,cb03ad8e497652f1,,wastar,"{""w"": 1.0}",classifier,"{""checkpoint"": ""../phase2_model_training/checkpoints/classifier/best_model.pt"", ""device"": ""mps"", ""temperature"": 2.0, ""threshold"": 0.1}",54.00,1,solved,60,,483,1550,484,1060,0.8371,0.8584,1
48,ab09c538e671f24d,,wastar,"{""w"": 1.0}",classifier,"{""checkpoint"": ""../phase2_model_training/checkpoints/classifier/best_model.pt"", ""device"": ""mps"", ""temperature"": 2.0, ""threshold"": 0.1}",44.00,1,solved,48,,282,917,280,623,0.4992,0.5112,1
49,bd2cf64a35e71098,,wastar,"{""w"": 1.0}",classifier,"{""checkpoint"": ""../phase2_model_training/checkpoints/classifier/best_model.pt"", ""device"": ""mps"", ""temperature"": 2.0, ""threshold"": 0.1}",40.00,1,solved,44,,1002,3240,994,2184,1.9649,2.0231,1
50,da627fbe01c83954,,wastar,"{""w"": 1.0}",classifier,"{""checkpoint"": ""../phase2_model_training/checkpoints/classifier/best_model.pt"", ""device"": ""mps"", ""temperature"": 2.0, ""threshold"": 0.1}",36.00,1,solved,38,,75,245,75,169,0.1646,0.1704,1
51,ed2810493f567bca,,wastar,"{""w"": 1.0}",classifier,"{""checkpoint"": ""../phase2_model_training/checkpoints/classifier/best_model.pt"", ""device"": ""mps"", ""temperature"": 2.0, ""threshold"": 0.1}",46.00,1,solved,50,,1820,5866,1759,3813,3.7012,3.7959,1
52,abf68d190c32745e,,wastar,"{""w"": 1.0}",classifier,"{""checkpoint"": ""../phase2_model_training/checkpoints/classifier/best_model.pt"", ""device"": ""mps"", ""temperature"": 2.0, ""threshold"": 0.1}",48.00,1,solved,52,,2964,9470,2923,6262,6.6882,6.8567,1
53,e9c8f52b0137a4d6,,wastar,"{""w"": 1.0}",classifier,"{""checkpoint"": ""../phase2_model_training/checkpoints/classifier/best_model.pt"", ""device"": ""mps"", ""temperature"": 2.0, ""threshold"": 0.1}",40.00,1,solved,44,,459,1466,451,963,0.9961,1.0201,1
54,1c563a8de704fb92,,wastar,"{""w"": 1.0}",classifier,"{""checkpoint"": ""../phase2_model_training/checkpoints/classifier/best_model.pt"", ""device"": ""mps"", ""temperature"": 2.0, ""threshold"": 0.1}",44.00,1,solved,50,,508,1607,503,1073,1.2493,1.2779,1
55,e35cfa28791b6d40,,wastar,"{""w"": 1.0}",classifier,"{""checkpoint"": ""../phase2_model_training/checkpoints/classifier/best_model.pt"", ""device"": ""mps"", ""temperature"": 2.0, ""threshold"": 0.1}",38.00,1,solved,42,,294,980,292,671,0.6814,0.6975,1
56,c2a4f1798d05eb36,,wastar,"{""w"": 1.0}",classifier,"{""checkpoint"": ""../phase2_model_training/checkpoints/classifier/best_model.pt"", ""device"": ""mps"", ""temperature"": 2.0, ""threshold"": 0.1}",46.00,1,solved,48,,281,916,282,627,0.6227,0.6369,1
57,e628f0da179b3c54,,wastar,"{""w"": 1.0}",classifier,"{""checkpoint"": ""../phase2_model_training/checkpoints/classifier/best_model.pt"", ""device"": ""mps"", ""temperature"": 2.0, ""threshold"": 0.1}",40.00,1,solved,46,,2064,6665,2035,4397,4.6599,4.7705,1
58,1a7df295b6048ec3,,wastar,"{""w"": 1.0}",classifier,"{""checkpoint"": ""../phase2_model_training/checkpoints/classifier/best_model.pt"", ""device"": ""mps"", ""temperature"": 2.0, ""threshold"": 0.1}",48.00,1,solved,52,,1257,4060,1251,2739,2.8289,2.8980,1
59,afd862537be491c0,,wastar,"{""w"": 1.0}",classifier,"{""checkpoint"": ""../phase2_model_training/checkpoints/classifier/best_model.pt"", ""device"": ""mps"", ""temperature"": 2.0, ""threshold"": 0.1}",42.00,1,solved,44,,77,241,77,160,0.1531,0.1566,1
60,9a7cdb682e31f450,,wastar,"{""w"": 1.0}",classifier,"{""checkpoint"": ""../phase2_model_training/checkpoints/classifier/best_model.pt"", ""device"": ""mps"", ""temperature"": 2.0, ""threshold"": 0.1}",36.00,1,solved,40,,159,511,160,350,0.3762,0.3847,1
61,dc1875fea6023b49,,wastar,"{""w"": 1.0}",classifier,"{""checkpoint"": ""../phase2_model_training/checkpoints/classifier/best_model.pt"", ""device"": ""mps"", ""temperature"": 2.0, ""threshold"": 0.1}",40.00,1,solved,42,,763,2458,741,1620,1.8416,1.8864,1
62,15fd76b2ea0948c3,,wastar,"{""w"": 1.0}",classifier,"{""checkpoint"": ""../phase2_model_training/checkpoints/classifier/best_model.pt"", ""device"": ""mps"", ""temperature"": 2.0, ""threshold"": 0.1}",54.00,1,solved,56,,697,2276,695,1558,1.7788,1.8224,1
63,bf8e9a62d4051c73,,wastar,"{""w"": 1.0}",classifier,"{""checkpoint"": ""../phase2_model_training/checkpoints/classifier/best_model.pt"", ""device"": ""mps"", ""temperature"": 2.0, ""threshold"": 0.1}",46.00,1,solved,46,,75,247,76,171,0.1542,0.1578,1
64,eac510fd29b83674,,wastar,"{""w"": 1.0}",classifier,"{""checkpoint"": ""../phase2_model_training/checkpoints/classifier/best_model.pt"", ""device"": ""mps"", ""temperature"": 2.0, ""threshold"": 0.1}",38.00,1,solved,42,,244,781,242,526,0.5567,0.5698,1
65,7ea81b3504cf296d,,wastar,"{""w"": 1.0}",classifier,"{""checkpoint"": ""../phase2_model_training/checkpoints/classifier/best_model.pt"", ""device"": ""mps"", ""temperature"": 2.0, ""threshold"": 0.1}",46.00,1,solved,50,,818,2588,804,1714,1.9588,2.0054,1
66,f68c9eb03475a12d,,wastar,"{""w"": 1.0}",classifier,"{""checkpoint"": ""../phase2_model_training/checkpoints/classifier/best_model.pt"", ""device"": ""mps"", ""temperature"": 2.0, ""threshold"": 0.1}",42.00,1,solved,46,,614,1972,610,1332,1.2761,1.3076,1
67,3f75e0a4169bdc28,,wastar,"{""w"": 1.0}",classifier,"{""checkpoint"": ""../phase2_model_training/checkpoints/classifier/best_model.pt"", ""device"": ""mps"", ""temperature"": 2.0, ""threshold"": 0.1}",52.00,1,solved,56,,711,2279,703,1511,1.3938,1.4318,1
68,cbf92d316805ea47,,wastar,"{""w"": 1.0}",classifier,"{""checkpoint"": ""../phase2_model_training/checkpoints/classifier/best_model.pt"", ""device"": ""mps"", ""temperature"": 2.0, ""threshold"": 0.1}",48.00,1,solved,52,,619,1982,612,1340,1.2301,1.2613,1
69,4fec5a10728db963,,wastar,"{""w"": 1.0}",classifier,"{""checkpoint"": ""../phase2_model_training/checkpoints/classifier/best_model.pt"", ""device"": ""mps"", ""temperature"": 2.0, ""threshold"": 0.1}",42.00,1,solved,46,,231,732,231,493,0.4394,0.4502,1
70,b9da7f813e0c2465,,wastar,"{""w"": 1.0}",classifier,"{""checkpoint"": ""../phase2_model_training/checkpoints/classifier/best_model.pt"", ""device"": ""mps"", ""temperature"": 2.0, ""threshold"": 0.1}",30.00,1,solved,32,,207,651,193,404,0.3568,0.3662,1
71,2edc9386f70a41b5,,wastar,"{""w"": 1.0}",classifier,"{""checkpoint"": ""../phase2_model_training/checkpoints/classifier/best_model.pt"", ""device"": ""mps"", ""temperature"": 2.0, ""threshold"": 0.1}",40.00,1,solved,44,,1415,4525,1393,2918,2.7356,2.8032,1
72,671d98a0fe4cb325,,wastar,"{""w"": 1.0}",classifier,"{""checkpoint"": ""../phase2_model_training/checkpoints/classifier/best_model.pt"", ""device"": ""mps"", ""temperature"": 2.0, ""threshold"": 0.1}",36.00,1,solved,42,,1087,3514,1084,2379,2.1667,2.2207,1
73,b7f9e0a23c46d815,,wastar,"{""w"": 1.0}",classifier,"{""checkpoint"": ""../phase2_model_training/checkpoints/classifier/best_model.pt"", ""device"": ""mps"", ""temperature"": 2.0, ""threshold"": 0.1}",44.00,1,solved,50,,725,2370,724,1619,1.4579,1.4938,1
74,a68fd5c09eb23714,,wastar,"{""w"": 1.0}",classifier,"{""checkpoint"": ""../phase2_model_training/checkpoints/classifier/best_model.pt"", ""device"": ""mps"", ""temperature"": 2.0, ""threshold"": 0.1}",38.00,1,solved,38,,87,282,85,190,0.2025,0.2073,1
75,bea52019df867c34,,wastar,"{""w"": 1.0}",classifier,"{""checkpoint"": ""../phase2_model_training/checkpoints/classifier/best_model.pt"", ""device"": ""mps"", ""temperature"": 2.0, ""threshold"": 0.1}",40.00,1,solved,42,,192,626,193,425,0.3824,0.3924,1
76,d7cab1940f82635e,,wastar,"{""w"": 1.0}",classifier,"{""checkpoint"": ""../phase2_model_training/checkpoints/classifier/best_model.pt"", ""device"": ""mps"", ""temperature"": 2.0, ""threshold"": 0.1}",42.00,1,solved,44,,99,320,100,222,0.1828,0.1874,1
77,c30b52d479a8ef16,,wastar,"{""w"": 1.0}",classifier,"{""checkpoint"": ""../phase2_model_training/checkpoints/classifier/best_model.pt"", ""device"": ""mps"", ""temperature"": 2.0, ""threshold"": 0.1}",52.00,1,solved,56,,1590,5040,1569,3365,3.1155,3.1947,1
78,278cef9d0b64a135,,wastar,"{""w"": 1.0}",classifier,"{""checkpoint"": ""../phase2_model_training/checkpoints/classifier/best_model.pt"", ""device"": ""mps"", ""temperature"": 2.0, ""threshold"": 0.1}",42.00,1,solved,48,,728,2296,723,1532,1.4203,1.4557,1
79,ac09f2d1b38645e7,,wastar,"{""w"": 1.0}",classifier,"{""checkpoint"": ""../phase2_model_training/checkpoints/classifier/best_model.pt"", ""device"": ""mps"", ""temperature"": 2.0, ""threshold"": 0.1}",42.00,1,solved,44,,61,194,62,134,0.1120,0.1148,1
80,bde8a0c963247f15,,wastar,"{""w"": 1.0}",classifier,"{""checkpoint"": ""../phase2_model_training/checkpoints/classifier/best_model.pt"", ""device"": ""mps"", ""temperature"": 2.0, ""threshold"": 0.1}",34.00,1,solved,38,,63,197,64,135,0.1173,0.1201,1
81,27c619a8b3e54df0,,wastar,"{""w"": 1.0}",classifier,"{""checkpoint"": ""../phase2_model_training/checkpoints/classifier/best_model.pt"", ""device"": ""mps"", ""temperature"": 2.0, ""threshold"": 0.1}",50.00,1,solved,54,,2477,7958,2434,5286,4.7647,4.8860,1
82,faec9d106b584723,,wastar,"{""w"": 1.0}",classifier,"{""checkpoint"": ""../phase2_model_training/checkpoints/classifier/best_model.pt"", ""device"": ""mps"", ""temperature"": 2.0, ""threshold"": 0.1}",34.00,1,solved,40,,2216,7026,2165,4547,4.2739,4.3800,1
83,bae9c12534d786f0,,wastar,"{""w"": 1.0}",classifier,"{""checkpoint"": ""../phase2_model_training/checkpoints/classifier/best_model.pt"", ""device"": ""mps"", ""temperature"": 2.0, ""threshold"": 0.1}",50.00,1,solved,54,,449,1442,449,979,0.8929,0.9159,1
84,0fb47a9d86ec5321,,wastar,"{""w"": 1.0}",classifier,"{""checkpoint"": ""../phase2_model_training/checkpoints/classifier/best_model.pt"", ""device"": ""mps"", ""temperature"": 2.0, ""threshold"": 0.1}",36.00,1,solved,42,,443,1457,444,1004,0.8524,0.8742,1
85,af059bd6e14c2738,,wastar,"{""w"": 1.0}",classifier,"{""checkpoint"": ""../phase2_model_training/checkpoints/classifier/best_model.pt"", ""device"": ""mps"", ""temperature"": 2.0, ""threshold"": 0.1}",40.00,1,solved,42,,221,706,219,475,0.4186,0.4292,1
86,ef046b9ca3d27581,,wastar,"{""w"": 1.0}",classifier,"{""checkpoint"": ""../phase2_model_training/checkpoints/classifier/best_model.pt"", ""device"": ""mps"", ""temperature"": 2.0, ""threshold"": 0.1}",36.00,1,solved,42,,1446,4547,1429,2995,2.8133,2.8829,1
87,e357d4bc8106f9a2,,wastar,"{""w"": 1.0}",classifier,"{""checkpoint"": ""../phase2_model_training/checkpoints/classifier/best_model.pt"", ""device"": ""mps"", ""temperature"": 2.0, ""threshold"": 0.1}",52.00,1,solved,56,,1103,3594,1085,2398,2.0045,2.0561,1
88,1d59203e7fbca648,,wastar,"{""w"": 1.0}",classifier,"{""checkpoint"": ""../phase2_model_training/checkpoints/classifier/best_model.pt"", ""device"": ""mps"", ""temperature"": 2.0, ""threshold"": 0.1}",42.00,1,solved,50,,1553,4976,1547,3340,3.4372,3.5197,1
89,fed8bc9016a37425,,wastar,"{""w"": 1.0}",classifier,"{""checkpoint"": ""../phase2_model_training/checkpoints/classifier/best_model.pt"", ""device"": ""mps"", ""temperature"": 2.0, ""threshold"": 0.1}",30.00,1,solved,32,,53,175,54,123,0.1381,0.1411,1
90,f2ad168c9e0b7534,,wastar,"{""w"": 1.0}",classifier,"{""checkpoint"": ""../phase2_model_training/checkpoints/classifier/best_model.pt"", ""device"": ""mps"", ""temperature"": 2.0, ""threshold"": 0.1}",38.00,1,solved,40,,488,1605,464,1040,1.0533,1.0786,1
91,72ecf9a1b5864d30,,wastar,"{""w"": 1.0}",classifier,"{""checkpoint"": ""../phase2_model_training/checkpoints/classifier/best_model.pt"", ""device"": ""mps"", ""temperature"": 2.0, ""threshold"": 0.1}",42.00,1,solved,46,,278,920,276,627,0.5359,0.5497,1
92,f3cd20e98b45671a,,wastar,"{""w"": 1.0}",classifier,"{""checkpoint"": ""../phase2_model_training/checkpoints/classifier/best_model.pt"", ""device"": ""mps"", ""temperature"": 2.0, ""threshold"": 0.1}",40.00,1,solved,46,,951,3078,938,2053,1.7553,1.8005,1
93,5fd43029be618ac7,,wastar,"{""w"": 1.0}",classifier,"{""checkpoint"": ""../phase2_model_training/checkpoints/classifier/best_model.pt"", ""device"": ""mps"", ""temperature"": 2.0, ""threshold"": 0.1}",46.00,1,solved,50,,268,864,269,590,0.5010,0.5133,1
94,c2ed4f9a057168b3,,wastar,"{""w"": 1.0}",classifier,"{""checkpoint"": ""../phase2_model_training/checkpoints/classifier/best_model.pt"", ""device"": ""mps"", ""temperature"": 2.0, ""threshold"": 0.1}",48.00,1,solved,50,,485,1560,476,1036,0.9073,0.9300,1
95,9f6e7358ab1d204c,,wastar,"{""w"": 1.0}",classifier,"{""checkpoint"": ""../phase2_model_training/checkpoints/classifier/best_model.pt"", ""device"": ""mps"", ""temperature"": 2.0, ""threshold"": 0.1}",38.00,1,solved,40,,202,635,202,428,0.3924,0.4016,1
96,b15afc3472e8d096,,wastar,"{""w"": 1.0}",classifier,"{""checkpoint"": ""../phase2_model_training/checkpoints/classifier/best_model.pt"", ""device"": ""mps"", ""temperature"": 2.0, ""threshold"": 0.1}",48.00,1,solved,52,,538,1712,524,1124,1.0720,1.0982,1
97,efdc2943a75860b1,,wastar,"{""w"": 1.0}",classifier,"{""checkpoint"": ""../phase2_model_training/checkpoints/classifier/best_model.pt"", ""device"": ""mps"", ""temperature"": 2.0, ""threshold"": 0.1}",36.00,1,solved,40,,261,826,258,553,0.5068,0.5194,1
98,aec2d5f90b861734,,wastar,"{""w"": 1.0}",classifier,"{""checkpoint"": ""../phase2_model_training/checkpoints/classifier/best_model.pt"", ""device"": ""mps"", ""temperature"": 2.0, ""threshold"": 0.1}",40.00,1,solved,44,,159,516,160,355,0.3164,0.3239,1
99,1ac2906e53b7df48,,wastar,"{""w"": 1.0}",classifier,"{""checkpoint"": ""../phase2_model_training/checkpoints/classifier/best_model.pt"", ""device"": ""mps"", ""temperature"": 2.0, ""threshold"": 0.1}",52.00,1,solved,56,,996,3228,946,2085,1.9846,2.0328,1
0,8ab57e3c01296df4,,wastar,"{""w"": 2.0}",classifier,"{""checkpoint"": ""../phase2_model_training/checkpoints/classifier/best_model.pt"", ""device"": ""mps"", ""temperature"": 2.0, ""threshold"": 0.1}",46.00,1,solved,54,,95,313,96,219,0.2130,0.2178,1
1,8f4a75ed326cb091,,wastar,"{""w"": 2.0}",classifier,"{""checkpoint"": ""../phase2_model_training/checkpoints/classifier/best_model.pt"", ""device"": ""mps"", ""temperature"": 2.0, ""threshold"": 0.1}",38.00,1,solved,48,,65,210,66,146,0.1523,0.1556,1
2,8c0edb4f792536a1,,wastar,"{""w"": 2.0}",classifier,"{""checkpoint"": ""../phase2_model_training/checkpoints/classifier/best_model.pt"", ""device"": ""mps"", ""temperature"": 2.0, ""threshold"": 0.1}",36.00,1,solved,44,,56,178,57,123,0.1366,0.1396,1
3,5e692f8d0c43ab17,,wastar,"{""w"": 2.0}",classifier,"{""checkpoint"": ""../phase2_model_training/checkpoints/classifier/best_model.pt"", ""device"": ""mps"", ""temperature"": 2.0, ""threshold"": 0.1}",46.00,1,solved,52,,58,188,59,131,0.1367,0.1399,1
4,01d46fe2bac57398,,wastar,"{""w"": 2.0}",classifier,"{""checkpoint"": ""../phase2_model_training/checkpoints/classifier/best_model.pt"", ""device"": ""mps"", ""temperature"": 2.0, ""threshold"": 0.1}",40.00,1,solved,44,,44,140,45,97,0.1075,0.1098,1
5,ebc8f514da296370,,wastar,"{""w"": 2.0}",classifier,"{""checkpoint"": ""../phase2_model_training/checkpoints/classifier/best_model.pt"", ""device"": ""mps"", ""temperature"": 2.0, ""threshold"": 0.1}",36.00,1,solved,40,,51,163,52,113,0.1242,0.1269,1
6,87c53fbd2e0614a9,,wastar,"{""w"": 2.0}",classifier,"{""checkpoint"": ""../phase2_model_training/checkpoints/classifier/best_model.pt"", ""device"": ""mps"", ""temperature"": 2.0, ""threshold"": 0.1}",36.00,1,solved,42,,62,195,63,132,0.1546,0.1581,1
7,bc9eaf64035d2178,,wastar,"{""w"": 2.0}",classifier,"{""checkpoint"": ""../phase2_model_training/checkpoints/classifier/best_model.pt"", ""device"": ""mps"", ""temperature"": 2.0, ""threshold"": 0.1}",34.00,1,solved,36,,37,118,38,82,0.0936,0.0957,1
8,d957c832a46be0f1,,wastar,"{""w"": 2.0}",classifier,"{""checkpoint"": ""../phase2_model_training/checkpoints/classifier/best_model.pt"", ""device"": ""mps"", ""temperature"": 2.0, ""threshold"": 0.1}",52.00,1,solved,58,,71,221,72,151,0.1908,0.1949,1
9,a49e3db67f05281c,,wastar,"{""w"": 2.0}",classifier,"{""checkpoint"": ""../phase2_model_training/checkpoints/classifier/best_model.pt"", ""device"": ""mps"", ""temperature"": 2.0, ""threshold"": 0.1}",42.00,1,solved,50,,104,340,105,237,0.2720,0.2782,1
10,fc0b42a5378e619d,,wastar,"{""w"": 2.0}",classifier,"{""checkpoint"": ""../phase2_model_training/checkpoints/classifier/best_model.pt"", ""device"": ""mps"", ""temperature"": 2.0, ""threshold"": 0.1}",46.00,1,solved,62,,115,364,116,250,0.2604,0.2663,1
11,c2b1ea483f95d760,,wastar,"{""w"": 2.0}",classifier,"{""checkpoint"": ""../phase2_model_training/checkpoints/classifier/best_model.pt"", ""device"": ""mps"", ""temperature"": 2.0, ""threshold"": 0.1}",46.00,1,solved,58,,82,258,83,177,0.1909,0.1951,1
12,c25d10e873ab96f4,,wastar,"{""w"": 2.0}",classifier,"{""checkpoint"": ""../phase2_model_training/checkpoints/classifier/best_model.pt"", ""device"": ""mps"", ""temperature"": 2.0, ""threshold"": 0.1}",50.00,1,solved,64,,119,393,120,275,0.2852,0.2915,1
13,e8f470ab21dc5693,,wastar,"{""w"": 2.0}",classifier,"{""checkpoint"": ""../phase2_model_training/checkpoints/classifier/best_model.pt"", ""device"": ""mps"", ""temperature"": 2.0, ""threshold"": 0.1}",46.00,1,solved,58,,71,235,72,165,0.1687,0.1725,1
14,72596c10aedf3b84,,wastar,"{""w"": 2.0}",classifier,"{""checkpoint"": ""../phase2_model_training/checkpoints/classifier/best_model.pt"", ""device"": ""mps"", ""temperature"": 2.0, ""threshold"": 0.1}",46.00,1,solved,50,,55,186,56,132,0.1262,0.1290,1
15,ef2d501b867a934c,,wastar,"{""w"": 2.0}",classifier,"{""checkpoint"": ""../phase2_model_training/checkpoints/classifier/best_model.pt"", ""device"": ""mps"", ""temperature"": 2.0, ""threshold"": 0.1}",46.00,1,solved,56,,102,332,103,231,0.2437,0.2490,1
16,ad84c615be0239f7,,wastar,"{""w"": 2.0}",classifier,"{""checkpoint"": ""../phase2_model_training/checkpoints/classifier/best_model.pt"", ""device"": ""mps"", ""temperature"": 2.0, ""threshold"": 0.1}",42.00,1,solved,44,,50,158,51,109,0.1246,0.1272,1
17,bf4dac98560e3217,,wastar,"{""w"": 2.0}",classifier,"{""checkpoint"": ""../phase2_model_training/checkpoints/classifier/best_model.pt"", ""device"": ""mps"", ""temperature"": 2.0, ""threshold"": 0.1}",38.00,1,solved,42,,54,181,55,128,0.1311,0.1340,1
18,bd08947ce6a1f352,,wastar,"{""w"": 2.0}",classifier,"{""checkpoint"": ""../phase2_model_training/checkpoints/classifier/best_model.pt"", ""device"": ""mps"", ""temperature"": 2.0, ""threshold"": 0.1}",36.00,1,solved,36,,39,124,40,86,0.0941,0.0963,1
19,3ea4bcdf75069218,,wastar,"{""w"": 2.0}",classifier,"{""checkpoint"": ""../phase2_model_training/checkpoints/classifier/best_model.pt"", ""device"": ""mps"", ""temperature"": 2.0, ""threshold"": 0.1}",44.00,1,solved,52,,58,188,59,131,0.1409,0.1438,1
20,2b8d1e3c590476af,,wastar,"{""w"": 2.0}",classifier,"{""checkpoint"": ""../phase2_model_training/checkpoints/classifier/best_model.pt"", ""device"": ""mps"", ""temperature"": 2.0, ""threshold"": 0.1}",46.00,1,solved,54,,71,231,72,161,0.1651,0.1688,1
21,8fc2a069d1eb3754,,wastar,"{""w"": 2.0}",classifier,"{""checkpoint"": ""../phase2_model_training/checkpoints/classifier/best_model.pt"", ""device"": ""mps"", ""temperature"": 2.0, ""threshold"": 0.1}",44.00,1,solved,52,,62,208,63,147,0.1591,0.1626,1
22,fc5ae0d17324b986,,wastar,"{""w"": 2.0}",classifier,"{""checkpoint"": ""../phase2_model_training/checkpoints/classifier/best_model.pt"", ""device"": ""mps"", ""temperature"": 2.0, ""threshold"": 0.1}",40.00,1,solved,48,,62,202,63,141,0.1528,0.1563,1
23,afb57e4608cd3291,,wastar,"{""w"": 2.0}",classifier,"{""checkpoint"": ""../phase2_model_training/checkpoints/classifier/best_model.pt"", ""device"": ""mps"", ""temperature"": 2.0, ""threshold"": 0.1}",36.00,1,solved,42,,43,138,44,96,0.0860,0.0880,1
24,bdcea7f506482931,,wastar,"{""w"": 2.0}",classifier,"{""checkpoint"": ""../phase2_model_training/checkpoints/classifier/best_model.pt"", ""device"": ""mps"", ""temperature"": 2.0, ""threshold"": 0.1}",38.00,1,solved,38,,46,151,47,106,0.0996,0.1018,1
25,06cd48791ef5b3a2,,wastar,"{""w"": 2.0}",classifier,"{""checkpoint"": ""../phase2_model_training/checkpoints/classifier/best_model.pt"", ""device"": ""mps"", ""temperature"": 2.0, ""threshold"": 0.1}",48.00,1,solved,52,,83,273,84,191,0.1950,0.1993,1
26,af0e769c1d28b345,,wastar,"{""w"": 2.0}",classifier,"{""checkpoint"": ""../phase2_model_training/checkpoints/classifier/best_model.pt"", ""device"": ""mps"", ""temperature"": 2.0, ""threshold"": 0.1}",28.00,1,solved,34,,40,127,41,88,0.0970,0.0990,1
27,da5c9164037feb82,,wastar,"{""w"": 2.0}",classifier,"{""checkpoint"": ""../phase2_model_training/checkpoints/classifier/best_model.pt"", ""device"": ""mps"", ""temperature"": 2.0, ""threshold"": 0.1}",42.00,1,solved,52,,74,238,75,165,0.1761,0.1802,1
28,f9ce7168d34520ba,,wastar,"{""w"": 2.0}",classifier,"{""checkpoint"": ""../phase2_model_training/checkpoints/classifier/best_model.pt"", ""device"": ""mps"", ""temperature"": 2.0, ""threshold"": 0.1}",38.00,1,solved,48,,66,218,67,153,0.1617,0.1654,1
29,8c94bef105d2a673,,wastar,"{""w"": 2.0}",classifier,"{""checkpoint"": ""../phase2_model_training/checkpoints/classifier/best_model.pt"", ""device"": ""mps"", ""temperature"": 2.0, ""threshold"": 0.1}",40.00,1,solved,48,,52,165,53,114,0.1339,0.1370,1
30,b65e19da284cf073,,wastar,"{""w"": 2.0}",classifier,"{""checkpoint"": ""../phase2_model_training/checkpoints/classifier/best_model.pt"", ""device"": ""mps"", ""temperature"": 2.0, ""threshold"": 0.1}",48.00,1,solved,60,,88,288,89,201,0.2179,0.2232,1
31,fbe97065dc813a24,,wastar,"{""w"": 2.0}",classifier,"{""checkpoint"": ""../phase2_model_training/checkpoints/classifier/best_model.pt"", ""device"": ""mps"", ""temperature"": 2.0, ""threshold"": 0.1}",30.00,1,solved,34,,43,150,44,108,0.1037,0.1062,1
32,f9b47de035a216c8,,wastar,"{""w"": 2.0}",classifier,"{""checkpoint"": ""../phase2_model_training/checkpoints/classifier/best_model.pt"", ""device"": ""mps"", ""temperature"": 2.0, ""threshold"": 0.1}",40.00,1,solved,52,,64,205,65,142,0.1487,0.1522,1
33,b7da6045ce19f238,,wastar,"{""w"": 2.0}",classifier,"{""checkpoint"": ""../phase2_model_training/checkpoints/classifier/best_model.pt"", ""device"": ""mps"", ""temperature"": 2.0, ""threshold"": 0.1}",44.00,1,solved,54,,87,289,88,203,0.2199,0.2252,1
34,6ecab52037d8f419,,wastar,"{""w"": 2.0}",classifier,"{""checkpoint"": ""../phase2_model_training/checkpoints/classifier/best_model.pt"", ""device"": ""mps"", ""temperature"": 2.0, ""threshold"": 0.1}",40.00,1,solved,48,,52,163,53,112,0.1258,0.1286,1
35,91b6308e25fdac74,,wastar,"{""w"": 2.0}",classifier,"{""checkpoint"": ""../phase2_model_training/checkpoints/classifier/best_model.pt"", ""device"": ""mps"", ""temperature"": 2.0, ""threshold"": 0.1}",46.00,1,solved,46,,55,176,56,122,0.1398,0.1430,1
36,b1fcda64e3092758,,wastar,"{""w"": 2.0}",classifier,"{""checkpoint"": ""../phase2_model_training/checkpoints/classifier/best_model.pt"", ""device"": ""mps"", ""temperature"": 2.0, ""threshold"": 0.1}",36.00,1,solved,44,,95,306,96,212,0.2245,0.2298,1
37,db85639caf47e012,,wastar,"{""w"": 2.0}",classifier,"{""checkpoint"": ""../phase2_model_training/checkpoints/classifier/best_model.pt"", ""device"": ""mps"", ""temperature"": 2.0, ""threshold"": 0.1}",44.00,1,solved,54,,76,231,77,156,0.1542,0.1577,1
38,8baef09374dc1625,,wastar,"{""w"": 2.0}",classifier,"{""checkpoint"": ""../phase2_model_training/checkpoints/classifier/best_model.pt"", ""device"": ""mps"", ""temperature"": 2.0, ""threshold"": 0.1}",42.00,1,solved,46,,50,162,51,113,0.1161,0.1187,1
39,59c6e830fb2a741d,,wastar,"{""w"": 2.0}",classifier,"{""checkpoint"": ""../phase2_model_training/checkpoints/classifier/best_model.pt"", ""device"": ""mps"", ""temperature"": 2.0, ""threshold"": 0.1}",42.00,1,solved,48,,55,177,56,123,0.1374,0.1402,1
40,8dfce0a92b453671,,wastar,"{""w"": 2.0}",classifier,"{""checkpoint"": ""../phase2_model_training/checkpoints/classifier/best_model.pt"", ""device"": ""mps"", ""temperature"": 2.0, ""threshold"": 0.1}",36.00,1,solved,42,,55,188,56,134,0.1343,0.1372,1
41,9f7385debc64a021,,wastar,"{""w"": 2.0}",classifier,"{""checkpoint"": ""../phase2_model_training/checkpoints/classifier/best_model.pt"", ""device"": ""mps"", ""temperature"": 2.0, ""threshold"": 0.1}",46.00,1,solved,54,,76,251,77,176,0.1910,0.1951,1
42,4ec8b659d3f17a20,,wastar,"{""w"": 2.0}",classifier,"{""checkpoint"": ""../phase2_model_training/checkpoints/classifier/best_model.pt"", ""device"": ""mps"", ""temperature"": 2.0, ""threshold"": 0.1}",40.00,1,solved,42,,48,157,49,110,0.1246,0.1273,1
43,d908e16ca7b5f324,,wastar,"{""w"": 2.0}",classifier,"{""checkpoint"": ""../phase2_model_training/checkpoints/classifier/best_model.pt"", ""device"": ""mps"", ""temperature"": 2.0, ""threshold"": 0.1}",32.00,1,solved,42,,66,214,67,149,0.1763,0.1802,1
44,fea98d5432c6b170,,wastar,"{""w"": 2.0}",classifier,"{""checkpoint"": ""../phase2_model_training/checkpoints/classifier/best_model.pt"", ""device"": ""mps"", ""temperature"": 2.0, ""threshold"": 0.1}",40.00,1,solved,46,,54,173,55,120,0.1425,0.1458,1
45,c9bd74f50e6132a8,,wastar,"{""w"": 2.0}",classifier,"{""checkpoint"": ""../phase2_model_training/checkpoints/classifier/best_model.pt"", ""device"": ""mps"", ""temperature"": 2.0, ""threshold"": 0.1}",38.00,1,solved,52,,84,273,85,190,0.2230,0.2280,1
46,658b1f7cad0e9324,,wastar,"{""w"": 2.0}",classifier,"{""checkpoint"": ""../phase2_model_training/checkpoints/classifier/best_model.pt"", ""device"": ""mps"", ""temperature"": 2.0, ""threshold"": 0.1}",44.00,1,solved,54,,79,263,80,185,0.2078,0.2124,1
47,cb03ad8e497652f1,,wastar,"{""w"": 2.0}",classifier,"{""checkpoint"": ""../phase2_model_training/checkpoints/classifier/best_model.pt"", ""device"": ""mps"", ""temperature"": 2.0, ""threshold"": 0.1}",54.00,1,solved,68,,89,281,90,193,0.2356,0.2411,1
48,ab09c538e671f24d,,wastar,"{""w"": 2.0}",classifier,"{""checkpoint"": ""../phase2_model_training/checkpoints/classifier/best_model.pt"", ""device"": ""mps"", ""temperature"": 2.0, ""threshold"": 0.1}",44.00,1,solved,54,,71,235,72,165,0.1679,0.1716,1
49,bd2cf64a35e71098,,wastar,"{""w"": 2.0}",classifier,"{""checkpoint"": ""../phase2_model_training/checkpoints/classifier/best_model.pt"", ""device"": ""mps"", ""temperature"": 2.0, ""threshold"": 0.1}",40.00,1,solved,46,,64,211,65,148,0.1295,0.1324,1
50,da627fbe01c83954,,wastar,"{""w"": 2.0}",classifier,"{""checkpoint"": ""../phase2_model_training/checkpoints/classifier/best_model.pt"", ""device"": ""mps"", ""temperature"": 2.0, ""threshold"": 0.1}",36.00,1,solved,44,,54,180,55,127,0.1103,0.1128,1
51,ed2810493f567bca,,wastar,"{""w"": 2.0}",classifier,"{""checkpoint"": ""../phase2_model_training/checkpoints/classifier/best_model.pt"", ""device"": ""mps"", ""temperature"": 2.0, ""threshold"": 0.1}",46.00,1,solved,52,,65,209,66,145,0.1493,0.1527,1
52,abf68d190c32745e,,wastar,"{""w"": 2.0}",classifier,"{""checkpoint"": ""../phase2_model_training/checkpoints/classifier/best_model.pt"", ""device"": ""mps"", ""temperature"": 2.0, ""threshold"": 0.1}",48.00,1,solved,56,,89,292,90,204,0.2091,0.2138,1
53,e9c8f52b0137a4d6,,wastar,"{""w"": 2.0}",classifier,"{""checkpoint"": ""../phase2_model_training/checkpoints/classifier/best_model.pt"", ""device"": ""mps"", ""temperature"": 2.0, ""threshold"": 0.1}",40.00,1,solved,50,,66,216,67,151,0.1612,0.1647,1
54,1c563a8de704fb92,,wastar,"{""w"": 2.0}",classifier,"{""checkpoint"": ""../phase2_model_training/checkpoints/classifier/best_model.pt"", ""device"": ""mps"", ""temperature"": 2.0, ""threshold"": 0.1}",44.00,1,solved,50,,52,169,53,118,0.1277,0.1305,1
55,e35cfa28791b6d40,,wastar,"{""w"": 2.0}",classifier,"{""checkpoint"": ""../phase2_model_training/checkpoints/classifier/best_model.pt"", ""device"": ""mps"", ""temperature"": 2.0, ""threshold"": 0.1}",38.00,1,solved,46,,52,176,53,125,0.1263,0.1291,1
56,c2a4f1798d05eb36,,wastar,"{""w"": 2.0}",classifier,"{""checkpoint"": ""../phase2_model_training/checkpoints/classifier/best_model.pt"", ""device"": ""mps"", ""temperature"": 2.0, ""threshold"": 0.1}",46.00,1,solved,54,,59,197,60,139,0.1449,0.1482,1
57,e628f0da179b3c54,,wastar,"{""w"": 2.0}",classifier,"{""checkpoint"": ""../phase2_model_training/checkpoints/classifier/best_model.pt"", ""device"": ""mps"", ""temperature"": 2.0, ""threshold"": 0.1}",40.00,1,solved,50,,66,219,67,154,0.1593,0.1629,1
58,1a7df295b6048ec3,,wastar,"{""w"": 2.0}",classifier,"{""checkpoint"": ""../phase2_model_training/checkpoints/classifier/best_model.pt"", ""device"": ""mps"", ""temperature"": 2.0, ""threshold"": 0.1}",48.00,1,solved,60,,110,355,111,246,0.2619,0.2679,1
59,afd862537be491c0,,wastar,"{""w"": 2.0}",classifier,"{""checkpoint"": ""../phase2_model_training/checkpoints/classifier/best_model.pt"", ""device"": ""mps"", ""temperature"": 2.0, ""threshold"": 0.1}",42.00,1,solved,46,,54,179,55,126,0.1395,0.1425,1
60,9a7cdb682e31f450,,wastar,"{""w"": 2.0}",classifier,"{""checkpoint"": ""../phase2_model_training/checkpoints/classifier/best_model.pt"", ""device"": ""mps"", ""temperature"": 2.0, ""threshold"": 0.1}",36.00,1,solved,40,,45,144,46,100,0.1181,0.1209,1
61,dc1875fea6023b49,,wastar,"{""w"": 2.0}",classifier,"{""checkpoint"": ""../phase2_model_training/checkpoints/classifier/best_model.pt"", ""device"": ""mps"", ""temperature"": 2.0, ""threshold"": 0.1}",40.00,1,solved,46,,54,182,55,129,0.1330,0.1361,1
62,15fd76b2ea0948c3,,wastar,"{""w"": 2.0}",classifier,"{""checkpoint"": ""../phase2_model_training/checkpoints/classifier/best_model.pt"", ""device"": ""mps"", ""temperature"": 2.0, ""threshold"": 0.1}",54.00,1,solved,62,,82,271,83,190,0.1711,0.1754,1
63,bf8e9a62d4051c73,,wastar,"{""w"": 2.0}",classifier,"{""checkpoint"": ""../phase2_model_training/checkpoints/classifier/best_model.pt"", ""device"": ""mps"", ""temperature"": 2.0, ""threshold"": 0.1}",46.00,1,solved,46,,49,164,50,116,0.0941,0.0962,1
64,eac510fd29b83674,,wastar,"{""w"": 2.0}",classifier,"{""checkpoint"": ""../phase2_model_training/checkpoints/classifier/best_model.pt"", ""device"": ""mps"", ""temperature"": 2.0, ""threshold"": 0.1}",38.00,1,solved,46,,74,230,75,157,0.1568,0.1603,1
65,7ea81b3504cf296d,,wastar,"{""w"": 2.0}",classifier,"{""checkpoint"": ""../phase2_model_training/checkpoints/classifier/best_model.pt"", ""device"": ""mps"", ""temperature"": 2.0, ""threshold"": 0.1}",46.00,1,solved,50,,54,170,55,117,0.1298,0.1325,1
66,f68c9eb03475a12d,,wastar,"{""w"": 2.0}",classifier,"{""checkpoint"": ""../phase2_model_training/checkpoints/classifier/best_model.pt"", ""device"": ""mps"", ""temperature"": 2.0, ""threshold"": 0.1}",42.00,1,solved,54,,87,284,88,198,0.2154,0.2202,1
67,3f75e0a4169bdc28,,wastar,"{""w"": 2.0}",classifier,"{""checkpoint"": ""../phase2_model_training/checkpoints/classifier/best_model.pt"", ""device"": ""mps"", ""temperature"": 2.0, ""threshold"": 0.1}",52.00,1,solved,64,,105,345,106,241,0.2859,0.2922,1
68,cbf92d316805ea47,,wastar,"{""w"": 2.0}",classifier,"{""checkpoint"": ""../phase2_model_training/checkpoints/classifier/best_model.pt"", ""device"": ""mps"", ""temperature"": 2.0, ""threshold"": 0.1}",48.00,1,solved,58,,67,222,68,156,0.1743,0.1782,1
69,4fec5a10728db963,,wastar,"{""w"": 2.0}",classifier,"{""checkpoint"": ""../phase2_model_training/checkpoints/classifier/best_model.pt"", ""device"": ""mps"", ""temperature"": 2.0, ""threshold"": 0.1}",42.00,1,solved,50,,89,287,90,199,0.2311,0.2363,1
70,b9da7f813e0c2465,,wastar,"{""w"": 2.0}",classifier,"{""checkpoint"": ""../phase2_model_training/checkpoints/classifier/best_model.pt"", ""device"": ""mps"", ""temperature"": 2.0, ""threshold"": 0.1}",30.00,1,solved,36,,44,146,45,103,0.1156,0.1182,1
71,2edc9386f70a41b5,,wastar,"{""w"": 2.0}",classifier,"{""checkpoint"": ""../phase2_model_training/checkpoints/classifier/best_model.pt"", ""device"": ""mps"", ""temperature"": 2.0, ""threshold"": 0.1}",40.00,1,solved,54,,107,350,108,242,0.2773,0.2836,1
72,671d98a0fe4cb325,,wastar,"{""w"": 2.0}",classifier,"{""checkpoint"": ""../phase2_model_training/checkpoints/classifier/best_model.pt"", ""device"": ""mps"", ""temperature"": 2.0, ""threshold"": 0.1}",36.00,1,solved,44,,55,181,56,127,0.1474,0.1507,1
73,b7f9e0a23c46d815,,wastar,"{""w"": 2.0}",classifier,"{""checkpoint"": ""../phase2_model_training/checkpoints/classifier/best_model.pt"", ""device"": ""mps"", ""temperature"": 2.0, ""threshold"": 0.1}",44.00,1,solved,54,,68,233,69,166,0.1723,0.1763,1
74,a68fd5c09eb23714,,wastar,"{""w"": 2.0}",classifier,"{""checkpoint"": ""../phase2_model_training/checkpoints/classifier/best_model.pt"", ""device"": ""mps"", ""temperature"": 2.0, ""threshold"": 0.1}",38.00,1,solved,38,,44,149,45,106,0.0904,0.0925,1
75,bea52019df867c34,,wastar,"{""w"": 2.0}",classifier,"{""checkpoint"": ""../phase2_model_training/checkpoints/classifier/best_model.pt"", ""device"": ""mps"", ""temperature"": 2.0, ""threshold"": 0.1}",40.00,1,solved,44,,54,184,55,131,0.1238,0.1265,1
76,d7cab1940f82635e,,wastar,"{""w"": 2.0}",classifier,"{""checkpoint"": ""../phase2_model_training/checkpoints/classifier/best_model.pt"", ""device"": ""mps"", ""temperature"": 2.0, ""threshold"": 0.1}",42.00,1,solved,46,,55,181,56,127,0.1329,0.1357,1
77,c30b52d479a8ef16,,wastar,"{""w"": 2.0}",classifier,"{""checkpoint"": ""../phase2_model_training/checkpoints/classifier/best_model.pt"", ""device"": ""mps"", ""temperature"": 2.0, ""threshold"": 0.1}",52.00,1,solved,60,,71,237,72,167,0.1810,0.1850,1
78,278cef9d0b64a135,,wastar,"{""w"": 2.0}",classifier,"{""checkpoint"": ""../phase2_model_training/checkpoints/classifier/best_model.pt"", ""device"": ""mps"", ""temperature"": 2.0, ""threshold"": 0.1}",42.00,1,solved,52,,68,225,69,158,0.1788,0.1828,1
79,ac09f2d1b38645e7,,wastar,"{""w"": 2.0}",classifier,"{""checkpoint"": ""../phase2_model_training/checkpoints/classifier/best_model.pt"", ""device"": ""mps"", ""temperature"": 2.0, ""threshold"": 0.1}",42.00,1,solved,44,,50,161,51,112,0.1328,0.1357,1
80,bde8a0c963247f15,,wastar,"{""w"": 2.0}",classifier,"{""checkpoint"": ""../phase2_model_training/checkpoints/classifier/best_model.pt"", ""device"": ""mps"", ""temperature"": 2.0, ""threshold"": 0.1}",34.00,1,solved,38,,48,150,49,103,0.1268,0.1298,1
81,27c619a8b3e54df0,,wastar,"{""w"": 2.0}",classifier,"{""checkpoint"": ""../phase2_model_training/checkpoints/classifier/best_model.pt"", ""device"": ""mps"", ""temperature"": 2.0, ""threshold"": 0.1}",50.00,1,solved,58,,72,238,73,167,0.1888,0.1931,1
82,faec9d106b584723,,wastar,"{""w"": 2.0}",classifier,"{""checkpoint"": ""../phase2_model_training/checkpoints/classifier/best_model.pt"", ""device"": ""mps"", ""temperature"": 2.0, ""threshold"": 0.1}",34.00,1,solved,42,,52,169,53,118,0.1378,0.1408,1
83,bae9c12534d786f0,,wastar,"{""w"": 2.0}",classifier,"{""checkpoint"": ""../phase2_model_training/checkpoints/classifier/best_model.pt"", ""device"": ""mps"", ""temperature"": 2.0, ""threshold"": 0.1}",50.00,1,solved,60,,87,283,88,197,0.2309,0.2361,1
84,0fb47a9d86ec5321,,wastar,"{""w"": 2.0}",classifier,"{""checkpoint"": ""../phase2_model_training/checkpoints/classifier/best_model.pt"", ""device"": ""mps"", ""temperature"": 2.0, ""threshold"": 0.1}",36.00,1,solved,44,,52,170,53,119,0.1371,0.1402,1
85,af059bd6e14c2738,,wastar,"{""w"": 2.0}",classifier,"{""checkpoint"": ""../phase2_model_training/checkpoints/classifier/best_model.pt"", ""device"": ""mps"", ""temperature"": 2.0, ""threshold"": 0.1}",40.00,1,solved,48,,76,244,77,169,0.2022,0.2068,1
86,ef046b9ca3d27581,,wastar,"{""w"": 2.0}",classifier,"{""checkpoint"": ""../phase2_model_training/checkpoints/classifier/best_model.pt"", ""device"": ""mps"", ""temperature"": 2.0, ""threshold"": 0.1}",36.00,1,solved,50,,72,230,73,159,0.1872,0.1914,1
87,e357d4bc8106f9a2,,wastar,"{""w"": 2.0}",classifier,"{""checkpoint"": ""../phase2_model_training/checkpoints/classifier/best_model.pt"", ""device"": ""mps"", ""temperature"": 2.0, ""threshold"": 0.1}",52.00,1,solved,62,,89,290,90,202,0.1799,0.1843,1
88,1d59203e7fbca648,,wastar,"{""w"": 2.0}",classifier,"{""checkpoint"": ""../phase2_model_training/checkpoints/classifier/best_model.pt"", ""device"": ""mps"", ""temperature"": 2.0, ""threshold"": 0.1}",42.00,1,solved,52,,61,206,62,146,0.1445,0.1476,1
89,fed8bc9016a37425,,wastar,"{""w"": 2.0}",classifier,"{""checkpoint"": ""../phase2_model_training/checkpoints/classifier/best_model.pt"", ""device"": ""mps"", ""temperature"": 2.0, ""threshold"": 0.1}",30.00,1,solved,32,,35,116,36,82,0.0864,0.0883,1
90,f2ad168c9e0b7534,,wastar,"{""w"": 2.0}",classifier,"{""checkpoint"": ""../phase2_model_training/checkpoints/classifier/best_model.pt"", ""device"": ""mps"", ""temperature"": 2.0, ""threshold"": 0.1}",38.00,1,solved,42,,57,196,58,140,0.1467,0.1500,1
91,72ecf9a1b5864d30,,wastar,"{""w"": 2.0}",classifier,"{""checkpoint"": ""../phase2_model_training/checkpoints/classifier/best_model.pt"", ""device"": ""mps"", ""temperature"": 2.0, ""threshold"": 0.1}",42.00,1,solved,50,,69,233,70,165,0.1812,0.1853,1
92,f3cd20e98b45671a,,wastar,"{""w"": 2.0}",classifier,"{""checkpoint"": ""../phase2_model_training/checkpoints/classifier/best_model.pt"", ""device"": ""mps"", ""temperature"": 2.0, ""threshold"": 0.1}",40.00,1,solved,46,,56,182,57,127,0.1460,0.1493,1
93,5fd43029be618ac7,,wastar,"{""w"": 2.0}",classifier,"{""checkpoint"": ""../phase2_model_training/checkpoints/classifier/best_model.pt"", ""device"": ""mps"", ""temperature"": 2.0, ""threshold"": 0.1}",46.00,1,solved,54,,79,256,80,178,0.1971,0.2016,1
94,c2ed4f9a057168b3,,wastar,"{""w"": 2.0}",classifier,"{""checkpoint"": ""../phase2_model_training/checkpoints/classifier/best_model.pt"", ""device"": ""mps"", ""temperature"": 2.0, ""threshold"": 0.1}",48.00,1,solved,50,,155,491,154,333,0.3907,0.3994,1
95,9f6e7358ab1d204c,,wastar,"{""w"": 2.0}",classifier,"{""checkpoint"": ""../phase2_model_training/checkpoints/classifier/best_model.pt"", ""device"": ""mps"", ""temperature"": 2.0, ""threshold"": 0.1}",38.00,1,solved,46,,53,174,54,122,0.1385,0.1416,1
96,b15afc3472e8d096,,wastar,"{""w"": 2.0}",classifier,"{""checkpoint"": ""../phase2_model_training/checkpoints/classifier/best_model.pt"", ""device"": ""mps"", ""temperature"": 2.0, ""threshold"": 0.1}",48.00,1,solved,62,,78,259,79,182,0.2040,0.2086,1
97,efdc2943a75860b1,,wastar,"{""w"": 2.0}",classifier,"{""checkpoint"": ""../phase2_model_training/checkpoints/classifier/best_model.pt"", ""device"": ""mps"", ""temperature"": 2.0, ""threshold"": 0.1}",36.00,1,solved,40,,51,167,52,117,0.1353,0.1383,1
98,aec2d5f90b861734,,wastar,"{""w"": 2.0}",classifier,"{""checkpoint"": ""../phase2_model_training/checkpoints/classifier/best_model.pt"", ""device"": ""mps"", ""temperature"": 2.0, ""threshold"": 0.1}",40.00,1,solved,48,,79,258,80,180,0.1820,0.1863,1
99,1ac2906e53b7df48,,wastar,"{""w"": 2.0}",classifier,"{""checkpoint"": ""../phase2_model_training/checkpoints/classifier/best_model.pt"", ""device"": ""mps"", ""temperature"": 2.0, ""threshold"": 0.1}",52.00,1,solved,66,,82,272,83,191,0.1657,0.1695,1
0,8ab57e3c01296df4,,gbfs,{},classifier,"{""checkpoint"": ""../phase2_model_training/checkpoints/classifier/best_model.pt"", ""device"": ""mps"", ""temperature"": 2.0, ""threshold"": 0.1}",46.00,1,solved,72,,93,306,94,214,0.2229,0.2278,1
1,8f4a75ed326cb091,,gbfs,{},classifier,"{""checkpoint"": ""../phase2_model_training/checkpoints/classifier/best_model.pt"", ""device"": ""mps"", ""temperature"": 2.0, ""threshold"": 0.1}",38.00,1,solved,46,,50,158,51,109,0.1236,0.1263,1
2,8c0edb4f792536a1,,gbfs,{},classifier,"{""checkpoint"": ""../phase2_model_training/checkpoints/classifier/best_model.pt"", ""device"": ""mps"", ""temperature"": 2.0, ""threshold"": 0.1}",36.00,1,solved,58,,65,214,66,150,0.1596,0.1631,1
3,5e692f8d0c43ab17,,gbfs,{},classifier,"{""checkpoint"": ""../phase2_model_training/checkpoints/classifier/best_model.pt"", ""device"": ""mps"", ""temperature"": 2.0, ""threshold"": 0.1}",46.00,1,solved,52,,58,188,59,131,0.1438,0.1470,1
4,01d46fe2bac57398,,gbfs,{},classifier,"{""checkpoint"": ""../phase2_model_training/checkpoints/classifier/best_model.pt"", ""device"": ""mps"", ""temperature"": 2.0, ""threshold"": 0.1}",40.00,1,solved,44,,44,140,45,97,0.1097,0.1121,1
5,ebc8f514da296370,,gbfs,{},classifier,"{""checkpoint"": ""../phase2_model_training/checkpoints/classifier/best_model.pt"", ""device"": ""mps"", ""temperature"": 2.0, ""threshold"": 0.1}",36.00,1,solved,50,,55,176,56,122,0.1396,0.1427,1
6,87c53fbd2e0614a9,,gbfs,{},classifier,"{""checkpoint"": ""../phase2_model_training/checkpoints/classifier/best_model.pt"", ""device"": ""mps"", ""temperature"": 2.0, ""threshold"": 0.1}",36.00,1,solved,44,,46,145,47,100,0.1192,0.1217,1
7,bc9eaf64035d2178,,gbfs,{},classifier,"{""checkpoint"": ""../phase2_model_training/checkpoints/classifier/best_model.pt"", ""device"": ""mps"", ""temperature"": 2.0, ""threshold"": 0.1}",34.00,1,solved,36,,37,118,38,82,0.0949,0.0969,1
8,d957c832a46be0f1,,gbfs,{},classifier,"{""checkpoint"": ""../phase2_model_training/checkpoints/classifier/best_model.pt"", ""device"": ""mps"", ""temperature"": 2.0, ""threshold"": 0.1}",52.00,1,solved,60,,63,201,64,139,0.1665,0.1703,1
9,a49e3db67f05281c,,gbfs,{},classifier,"{""checkpoint"": ""../phase2_model_training/checkpoints/classifier/best_model.pt"", ""device"": ""mps"", ""temperature"": 2.0, ""threshold"": 0.1}",42.00,1,solved,62,,76,257,77,182,0.2031,0.2078,1
10,fc0b42a5378e619d,,gbfs,{},classifier,"{""checkpoint"": ""../phase2_model_training/checkpoints/classifier/best_model.pt"", ""device"": ""mps"", ""temperature"": 2.0, ""threshold"": 0.1}",46.00,1,solved,60,,69,224,70,156,0.1891,0.1931,1
11,c2b1ea483f95d760,,gbfs,{},classifier,"{""checkpoint"": ""../phase2_model_training/checkpoints/classifier/best_model.pt"", ""device"": ""mps"", ""temperature"": 2.0, ""threshold"": 0.1}",46.00,1,solved,54,,56,179,57,124,0.1543,0.1578,1
12,c25d10e873ab96f4,,gbfs,{},classifier,"{""checkpoint"": ""../phase2_model_training/checkpoints/classifier/best_model.pt"", ""device"": ""mps"", ""temperature"": 2.0, ""threshold"": 0.1}",50.00,1,solved,70,,84,271,85,188,0.1771,0.1816,1
13,e8f470ab21dc5693,,gbfs,{},classifier,"{""checkpoint"": ""../phase2_model_training/checkpoints/classifier/best_model.pt"", ""device"": ""mps"", ""temperature"": 2.0, ""threshold"": 0.1}",46.00,1,solved,64,,73,247,74,175,0.1550,0.1587,1
14,72596c10aedf3b84,,gbfs,{},classifier,"{""checkpoint"": ""../phase2_model_training/checkpoints/classifier/best_model.pt"", ""device"": ""mps"", ""temperature"": 2.0, ""threshold"": 0.1}",46.00,1,solved,58,,68,236,69,169,0.1636,0.1671,1
15,ef2d501b867a934c,,gbfs,{},classifier,"{""checkpoint"": ""../phase2_model_training/checkpoints/classifier/best_model.pt"", ""device"": ""mps"", ""temperature"": 2.0, ""threshold"": 0.1}",46.00,1,solved,56,,61,198,62,138,0.1398,0.1429,1
16,ad84c615be0239f7,,gbfs,{},classifier,"{""checkpoint"": ""../phase2_model_training/checkpoints/classifier/best_model.pt"", ""device"": ""mps"", ""temperature"": 2.0, ""threshold"": 0.1}",42.00,1,solved,46,,50,164,51,115,0.1159,0.1183,1
17,bf4dac98560e3217,,gbfs,{},classifier,"{""checkpoint"": ""../phase2_model_training/checkpoints/classifier/best_model.pt"", ""device"": ""mps"", ""temperature"": 2.0, ""threshold"": 0.1}",38.00,1,solved,44,,50,165,51,116,0.1128,0.1153,1
18,bd08947ce6a1f352,,gbfs,{},classifier,"{""checkpoint"": ""../phase2_model_training/checkpoints/classifier/best_model.pt"", ""device"": ""mps"", ""temperature"": 2.0, ""threshold"": 0.1}",36.00,1,solved,36,,37,117,38,81,0.0871,0.0889,1
19,3ea4bcdf75069218,,gbfs,{},classifier,"{""checkpoint"": ""../phase2_model_training/checkpoints/classifier/best_model.pt"", ""device"": ""mps"", ""temperature"": 2.0, ""threshold"": 0.1}",44.00,1,solved,50,,58,189,59,132,0.1424,0.1454,1
20,2b8d1e3c590476af,,gbfs,{},classifier,"{""checkpoint"": ""../phase2_model_training/checkpoints/classifier/best_model.pt"", ""device"": ""mps"", ""temperature"": 2.0, ""threshold"": 0.1}",46.00,1,solved,54,,58,191,59,134,0.1481,0.1513,1
21,8fc2a069d1eb3754,,gbfs,{},classifier,"{""checkpoint"": ""../phase2_model_training/checkpoints/classifier/best_model.pt"", ""device"": ""mps"", ""temperature"": 2.0, ""threshold"": 0.1}",44.00,1,solved,62,,70,238,71,169,0.1843,0.1885,1
22,fc5ae0d17324b986,,gbfs,{},classifier,"{""checkpoint"": ""../phase2_model_training/checkpoints/classifier/best_model.pt"", ""device"": ""mps"", ""temperature"": 2.0, ""threshold"": 0.1}",40.00,1,solved,50,,56,181,57,126,0.1472,0.1507,1
23,afb57e4608cd3291,,gbfs,{},classifier,"{""checkpoint"": ""../phase2_model_training/checkpoints/classifier/best_model.pt"", ""device"": ""mps"", ""temperature"": 2.0, ""threshold"": 0.1}",36.00,1,solved,42,,42,134,43,93,0.1068,0.1091,1
24,bdcea7f506482931,,gbfs,{},classifier,"{""checkpoint"": ""../phase2_model_training/checkpoints/classifier/best_model.pt"", ""device"": ""mps"", ""temperature"": 2.0, ""threshold"": 0.1}",38.00,1,solved,52,,58,187,59,130,0.1490,0.1524,1
25,06cd48791ef5b3a2,,gbfs,{},classifier,"{""checkpoint"": ""../phase2_model_training/checkpoints/classifier/best_model.pt"", ""device"": ""mps"", ""temperature"": 2.0, ""threshold"": 0.1}",48.00,1,solved,60,,66,213,67,148,0.1778,0.1816,1
26,af0e769c1d28b345,,gbfs,{},classifier,"{""checkpoint"": ""../phase2_model_training/checkpoints/classifier/best_model.pt"", ""device"": ""mps"", ""temperature"": 2.0, ""threshold"": 0.1}",28.00,1,solved,36,,40,129,41,90,0.1073,0.1097,1
27,da5c9164037feb82,,gbfs,{},classifier,"{""checkpoint"": ""../phase2_model_training/checkpoints/classifier/best_model.pt"", ""device"": ""mps"", ""temperature"": 2.0, ""threshold"": 0.1}",42.00,1,solved,48,,52,169,53,118,0.1064,0.1091,1
28,f9ce7168d34520ba,,gbfs,{},classifier,"{""checkpoint"": ""../phase2_model_training/checkpoints/classifier/best_model.pt"", ""device"": ""mps"", ""temperature"": 2.0, ""threshold"": 0.1}",38.00,1,solved,50,,54,177,55,124,0.1222,0.1249,1
29,8c94bef105d2a673,,gbfs,{},classifier,"{""checkpoint"": ""../phase2_model_training/checkpoints/classifier/best_model.pt"", ""device"": ""mps"", ""temperature"": 2.0, ""threshold"": 0.1}",40.00,1,solved,48,,51,163,52,113,0.1272,0.1299,1
30,b65e19da284cf073,,gbfs,{},classifier,"{""checkpoint"": ""../phase2_model_training/checkpoints/classifier/best_model.pt"", ""device"": ""mps"", ""temperature"": 2.0, ""threshold"": 0.1}",48.00,1,solved,86,,111,355,112,245,0.2878,0.2943,1
31,fbe97065dc813a24,,gbfs,{},classifier,"{""checkpoint"": ""../phase2_model_training/checkpoints/classifier/best_model.pt"", ""device"": ""mps"", ""temperature"": 2.0, ""threshold"": 0.1}",30.00,1,solved,38,,51,172,52,122,0.1431,0.1461,1
32,f9b47de035a216c8,,gbfs,{},classifier,"{""checkpoint"": ""../phase2_model_training/checkpoints/classifier/best_model.pt"", ""device"": ""mps"", ""temperature"": 2.0, ""threshold"": 0.1}",40.00,1,solved,50,,52,173,53,122,0.1456,0.1488,1
33,b7da6045ce19f238,,gbfs,{},classifier,"{""checkpoint"": ""../phase2_model_training/checkpoints/classifier/best_model.pt"", ""device"": ""mps"", ""temperature"": 2.0, ""threshold"": 0.1}",44.00,1,solved,58,,65,214,66,150,0.1832,0.1873,1
34,6ecab52037d8f419,,gbfs,{},classifier,"{""checkpoint"": ""../phase2_model_training/checkpoints/classifier/best_model.pt"", ""device"": ""mps"", ""temperature"": 2.0, ""threshold"": 0.1}",40.00,1,solved,48,,53,166,54,114,0.1468,0.1500,1
35,91b6308e25fdac74,,gbfs,{},classifier,"{""checkpoint"": ""../phase2_model_training/checkpoints/classifier/best_model.pt"", ""device"": ""mps"", ""temperature"": 2.0, ""threshold"": 0.1}",46.00,1,solved,60,,68,225,69,158,0.1889,0.1932,1
36,b1fcda64e3092758,,gbfs,{},classifier,"{""checkpoint"": ""../phase2_model_training/checkpoints/classifier/best_model.pt"", ""device"": ""mps"", ""temperature"": 2.0, ""threshold"": 0.1}",36.00,1,solved,50,,60,199,61,140,0.1601,0.1636,1
37,db85639caf47e012,,gbfs,{},classifier,"{""checkpoint"": ""../phase2_model_training/checkpoints/classifier/best_model.pt"", ""device"": ""mps"", ""temperature"": 2.0, ""threshold"": 0.1}",44.00,1,solved,60,,64,201,65,138,0.1766,0.1806,1
38,8baef09374dc1625,,gbfs,{},classifier,"{""checkpoint"": ""../phase2_model_training/checkpoints/classifier/best_model.pt"", ""device"": ""mps"", ""temperature"": 2.0, ""threshold"": 0.1}",42.00,1,solved,54,,59,196,60,138,0.1681,0.1719,1
39,59c6e830fb2a741d,,gbfs,{},classifier,"{""checkpoint"": ""../phase2_model_training/checkpoints/classifier/best_model.pt"", ""device"": ""mps"", ""temperature"": 2.0, ""threshold"": 0.1}",42.00,1,solved,48,,54,174,55,121,0.1386,0.1420,1
40,8dfce0a92b453671,,gbfs,{},classifier,"{""checkpoint"": ""../phase2_model_training/checkpoints/classifier/best_model.pt"", ""device"": ""mps"", ""temperature"": 2.0, ""threshold"": 0.1}",36.00,1,solved,46,,57,193,58,137,0.1183,0.1211,1
41,9f7385debc64a021,,gbfs,{},classifier,"{""checkpoint"": ""../phase2_model_training/checkpoints/classifier/best_model.pt"", ""device"": ""mps"", ""temperature"": 2.0, ""threshold"": 0.1}",46.00,1,solved,60,,63,209,64,147,0.1377,0.1407,1
42,4ec8b659d3f17a20,,gbfs,{},classifier,"{""checkpoint"": ""../phase2_model_training/checkpoints/classifier/best_model.pt"", ""device"": ""mps"", ""temperature"": 2.0, ""threshold"": 0.1}",40.00,1,solved,42,,48,157,49,110,0.1078,0.1102,1
43,d908e16ca7b5f324,,gbfs,{},classifier,"{""checkpoint"": ""../phase2_model_training/checkpoints/classifier/best_model.pt"", ""device"": ""mps"", ""temperature"": 2.0, ""threshold"": 0.1}",32.00,1,solved,38,,42,131,43,90,0.0981,0.1001,1
44,fea98d5432c6b170,,gbfs,{},classifier,"{""checkpoint"": ""../phase2_model_training/checkpoints/classifier/best_model.pt"", ""device"": ""mps"", ""temperature"": 2.0, ""threshold"": 0.1}",40.00,1,solved,50,,59,197,60,139,0.1408,0.1438,1
45,c9bd74f50e6132a8,,gbfs,{},classifier,"{""checkpoint"": ""../phase2_model_training/checkpoints/classifier/best_model.pt"", ""device"": ""mps"", ""temperature"": 2.0, ""threshold"": 0.1}",38.00,1,solved,48,,64,212,65,149,0.1624,0.1659,1
46,658b1f7cad0e9324,,gbfs,{},classifier,"{""checkpoint"": ""../phase2_model_training/checkpoints/classifier/best_model.pt"", ""device"": ""mps"", ""temperature"": 2.0, ""threshold"": 0.1}",44.00,1,solved,68,,89,289,90,201,0.2116,0.2167,1
47,cb03ad8e497652f1,,gbfs,{},classifier,"{""checkpoint"": ""../phase2_model_training/checkpoints/classifier/best_model.pt"", ""device"": ""mps"", ""temperature"": 2.0, ""threshold"": 0.1}",54.00,1,solved,74,,77,252,78,176,0.1678,0.1716,1
48,ab09c538e671f24d,,gbfs,{},classifier,"{""checkpoint"": ""../phase2_model_training/checkpoints/classifier/best_model.pt"", ""device"": ""mps"", ""temperature"": 2.0, ""threshold"": 0.1}",44.00,1,solved,58,,61,197,62,137,0.1433,0.1464,1
49,bd2cf64a35e71098,,gbfs,{},classifier,"{""checkpoint"": ""../phase2_model_training/checkpoints/classifier/best_model.pt"", ""device"": ""mps"", ""temperature"": 2.0, ""threshold"": 0.1}",40.00,1,solved,56,,83,273,84,191,0.1918,0.1958,1
50,da627fbe01c83954,,gbfs,{},classifier,"{""checkpoint"": ""../phase2_model_training/checkpoints/classifier/best_model.pt"", ""device"": ""mps"", ""temperature"": 2.0, ""threshold"": 0.1}",36.00,1,solved,52,,63,209,64,147,0.1609,0.1644,1
51,ed2810493f567bca,,gbfs,{},classifier,"{""checkpoint"": ""../phase2_model_training/checkpoints/classifier/best_model.pt"", ""device"": ""mps"", ""temperature"": 2.0, ""threshold"": 0.1}",46.00,1,solved,58,,62,200,63,139,0.1666,0.1701,1
52,abf68d190c32745e,,gbfs,{},classifier,"{""checkpoint"": ""../phase2_model_training/checkpoints/classifier/best_model.pt"", ""device"": ""mps"", ""temperature"": 2.0, ""threshold"": 0.1}",48.00,1,solved,66,,75,246,76,172,0.1985,0.2029,1
53,e9c8f52b0137a4d6,,gbfs,{},classifier,"{""checkpoint"": ""../phase2_model_training/checkpoints/classifier/best_model.pt"", ""device"": ""mps"", ""temperature"": 2.0, ""threshold"": 0.1}",40.00,1,solved,62,,73,251,74,179,0.1537,0.1573,1
54,1c563a8de704fb92,,gbfs,{},classifier,"{""checkpoint"": ""../phase2_model_training/checkpoints/classifier/best_model.pt"", ""device"": ""mps"", ""temperature"": 2.0, ""threshold"": 0.1}",44.00,1,solved,50,,52,169,53,118,0.1042,0.1066,1
55,e35cfa28791b6d40,,gbfs,{},classifier,"{""checkpoint"": ""../phase2_model_training/checkpoints/classifier/best_model.pt"", ""device"": ""mps"", ""temperature"": 2.0, ""threshold"": 0.1}",38.00,1,solved,54,,61,203,62,143,0.1270,0.1298,1
56,c2a4f1798d05eb36,,gbfs,{},classifier,"{""checkpoint"": ""../phase2_model_training/checkpoints/classifier/best_model.pt"", ""device"": ""mps"", ""temperature"": 2.0, ""threshold"": 0.1}",46.00,1,solved,54,,59,197,60,139,0.1399,0.1428,1
57,e628f0da179b3c54,,gbfs,{},classifier,"{""checkpoint"": ""../phase2_model_training/checkpoints/classifier/best_model.pt"", ""device"": ""mps"", ""temperature"": 2.0, ""threshold"": 0.1}",40.00,1,solved,50,,53,176,54,124,0.1301,0.1329,1
58,1a7df295b6048ec3,,gbfs,{},classifier,"{""checkpoint"": ""../phase2_model_training/checkpoints/classifier/best_model.pt"", ""device"": ""mps"", ""temperature"": 2.0, ""threshold"": 0.1}",48.00,1,solved,64,,77,256,78,180,0.1943,0.1985,1
59,afd862537be491c0,,gbfs,{},classifier,"{""checkpoint"": ""../phase2_model_training/checkpoints/classifier/best_model.pt"", ""device"": ""mps"", ""temperature"": 2.0, ""threshold"": 0.1}",42.00,1,solved,52,,56,180,57,125,0.1451,0.1483,1
60,9a7cdb682e31f450,,gbfs,{},classifier,"{""checkpoint"": ""../phase2_model_training/checkpoints/classifier/best_model.pt"", ""device"": ""mps"", ""temperature"": 2.0, ""threshold"": 0.1}",36.00,1,solved,40,,45,144,46,100,0.1209,0.1236,1
61,dc1875fea6023b49,,gbfs,{},classifier,"{""checkpoint"": ""../phase2_model_training/checkpoints/classifier/best_model.pt"", ""device"": ""mps"", ""temperature"": 2.0, ""threshold"": 0.1}",40.00,1,solved,46,,55,185,56,131,0.1548,0.1583,1
62,15fd76b2ea0948c3,,gbfs,{},classifier,"{""checkpoint"": ""../phase2_model_training/checkpoints/classifier/best_model.pt"", ""device"": ""mps"", ""temperature"": 2.0, ""threshold"": 0.1}",54.00,1,solved,78,,85,274,86,190,0.2222,0.2272,1
63,bf8e9a62d4051c73,,gbfs,{},classifier,"{""checkpoint"": ""../phase2_model_training/checkpoints/classifier/best_model.pt"", ""device"": ""mps"", ""temperature"": 2.0, ""threshold"": 0.1}",46.00,1,solved,46,,49,164,50,116,0.1265,0.1293,1
64,eac510fd29b83674,,gbfs,{},classifier,"{""checkpoint"": ""../phase2_model_training/checkpoints/classifier/best_model.pt"", ""device"": ""mps"", ""temperature"": 2.0, ""threshold"": 0.1}",38.00,1,solved,46,,50,164,51,115,0.1310,0.1339,1
65,7ea81b3504cf296d,,gbfs,{},classifier,"{""checkpoint"": ""../phase2_model_training/checkpoints/classifier/best_model.pt"", ""device"": ""mps"", ""temperature"": 2.0, ""threshold"": 0.1}",46.00,1,solved,62,,68,222,69,155,0.1713,0.1753,1
66,f68c9eb03475a12d,,gbfs,{},classifier,"{""checkpoint"": ""../phase2_model_training/checkpoints/classifier/best_model.pt"", ""device"": ""mps"", ""temperature"": 2.0, ""threshold"": 0.1}",42.00,1,solved,64,,81,263,82,183,0.1964,0.2009,1
67,3f75e0a4169bdc28,,gbfs,{},classifier,"{""checkpoint"": ""../phase2_model_training/checkpoints/classifier/best_model.pt"", ""device"": ""mps"", ""temperature"": 2.0, ""threshold"": 0.1}",52.00,1,solved,66,,74,247,75,174,0.1425,0.1460,1
68,cbf92d316805ea47,,gbfs,{},classifier,"{""checkpoint"": ""../phase2_model_training/checkpoints/classifier/best_model.pt"", ""device"": ""mps"", ""temperature"": 2.0, ""threshold"": 0.1}",48.00,1,solved,64,,76,248,77,173,0.1497,0.1533,1
69,4fec5a10728db963,,gbfs,{},classifier,"{""checkpoint"": ""../phase2_model_training/checkpoints/classifier/best_model.pt"", ""device"": ""mps"", ""temperature"": 2.0, ""threshold"": 0.1}",42.00,1,solved,62,,67,223,68,157,0.1420,0.1454,1
70,b9da7f813e0c2465,,gbfs,{},classifier,"{""checkpoint"": ""../phase2_model_training/checkpoints/classifier/best_model.pt"", ""device"": ""mps"", ""temperature"": 2.0, ""threshold"": 0.1}",30.00,1,solved,44,,52,170,53,119,0.1226,0.1254,1
71,2edc9386f70a41b5,,gbfs,{},classifier,"{""checkpoint"": ""../phase2_model_training/checkpoints/classifier/best_model.pt"", ""device"": ""mps"", ""temperature"": 2.0, ""threshold"": 0.1}",40.00,1,solved,50,,53,174,54,122,0.1261,0.1290,1
72,671d98a0fe4cb325,,gbfs,{},classifier,"{""checkpoint"": ""../phase2_model_training/checkpoints/classifier/best_model.pt"", ""device"": ""mps"", ""temperature"": 2.0, ""threshold"": 0.1}",36.00,1,solved,50,,65,209,66,145,0.1530,0.1566,1
73,b7f9e0a23c46d815,,gbfs,{},classifier,"{""checkpoint"": ""../phase2_model_training/checkpoints/classifier/best_model.pt"", ""device"": ""mps"", ""temperature"": 2.0, ""threshold"": 0.1}",44.00,1,solved,60,,69,230,70,162,0.1626,0.1665,1
74,a68fd5c09eb23714,,gbfs,{},classifier,"{""checkpoint"": ""../phase2_model_training/checkpoints/classifier/best_model.pt"", ""device"": ""mps"", ""temperature"": 2.0, ""threshold"": 0.1}",38.00,1,solved,40,,43,147,44,105,0.1024,0.1048,1
75,bea52019df867c34,,gbfs,{},classifier,"{""checkpoint"": ""../phase2_model_training/checkpoints/classifier/best_model.pt"", ""device"": ""mps"", ""temperature"": 2.0, ""threshold"": 0.1}",40.00,1,solved,50,,52,182,53,131,0.1231,0.1259,1
76,d7cab1940f82635e,,gbfs,{},classifier,"{""checkpoint"": ""../phase2_model_training/checkpoints/classifier/best_model.pt"", ""device"": ""mps"", ""temperature"": 2.0, ""threshold"": 0.1}",42.00,1,solved,46,,50,165,51,116,0.1226,0.1255,1
77,c30b52d479a8ef16,,gbfs,{},classifier,"{""checkpoint"": ""../phase2_model_training/checkpoints/classifier/best_model.pt"", ""device"": ""mps"", ""temperature"": 2.0, ""threshold"": 0.1}",52.00,1,solved,70,,88,287,89,200,0.2179,0.2226,1
78,278cef9d0b64a135,,gbfs,{},classifier,"{""checkpoint"": ""../phase2_model_training/checkpoints/classifier/best_model.pt"", ""device"": ""mps"", ""temperature"": 2.0, ""threshold"": 0.1}",42.00,1,solved,52,,62,200,63,139,0.1306,0.1337,1
79,ac09f2d1b38645e7,,gbfs,{},classifier,"{""checkpoint"": ""../phase2_model_training/checkpoints/classifier/best_model.pt"", ""device"": ""mps"", ""temperature"": 2.0, ""threshold"": 0.1}",42.00,1,solved,52,,68,217,69,150,0.1234,0.1262,1
80,bde8a0c963247f15,,gbfs,{},classifier,"{""checkpoint"": ""../phase2_model_training/checkpoints/classifier/best_model.pt"", ""device"": ""mps"", ""temperature"": 2.0, ""threshold"": 0.1}",34.00,1,solved,46,,49,159,50,111,0.0919,0.0940,1
81,27c619a8b3e54df0,,gbfs,{},classifier,"{""checkpoint"": ""../phase2_model_training/checkpoints/classifier/best_model.pt"", ""device"": ""mps"", ""temperature"": 2.0, ""threshold"": 0.1}",50.00,1,solved,68,,77,251,78,175,0.1530,0.1564,1
82,faec9d106b584723,,gbfs,{},classifier,"{""checkpoint"": ""../phase2_model_training/checkpoints/classifier/best_model.pt"", ""device"": ""mps"", ""temperature"": 2.0, ""threshold"": 0.1}",34.00,1,solved,42,,53,172,54,120,0.1006,0.1030,1
83,bae9c12534d786f0,,gbfs,{},classifier,"{""checkpoint"": ""../phase2_model_training/checkpoints/classifier/best_model.pt"", ""device"": ""mps"", ""temperature"": 2.0, ""threshold"": 0.1}",50.00,1,solved,64,,74,240,75,167,0.1411,0.1445,1
84,0fb47a9d86ec5321,,gbfs,{},classifier,"{""checkpoint"": ""../phase2_model_training/checkpoints/classifier/best_model.pt"", ""device"": ""mps"", ""temperature"": 2.0, ""threshold"": 0.1}",36.00,1,solved,44,,53,172,54,120,0.1086,0.1111,1
85,af059bd6e14c2738,,gbfs,{},classifier,"{""checkpoint"": ""../phase2_model_training/checkpoints/classifier/best_model.pt"", ""device"": ""mps"", ""temperature"": 2.0, ""threshold"": 0.1}",40.00,1,solved,58,,62,204,63,143,0.1470,0.1502,1
86,ef046b9ca3d27581,,gbfs,{},classifier,"{""checkpoint"": ""../phase2_model_training/checkpoints/classifier/best_model.pt"", ""device"": ""mps"", ""temperature"": 2.0, ""threshold"": 0.1}",36.00,1,solved,58,,68,220,69,153,0.1648,0.1683,1
87,e357d4bc8106f9a2,,gbfs,{},classifier,"{""checkpoint"": ""../phase2_model_training/checkpoints/classifier/best_model.pt"", ""device"": ""mps"", ""temperature"": 2.0, ""threshold"": 0.1}",52.00,1,solved,68,,86,284,87,199,0.2085,0.2132,1
88,1d59203e7fbca648,,gbfs,{},classifier,"{""checkpoint"": ""../phase2_model_training/checkpoints/classifier/best_model.pt"", ""device"": ""mps"", ""temperature"": 2.0, ""threshold"": 0.1}",42.00,1,solved,80,,106,351,107,246,0.2395,0.2449,1
89,fed8bc9016a37425,,gbfs,{},classifier,"{""checkpoint"": ""../phase2_model_training/checkpoints/classifier/best_model.pt"", ""device"": ""mps"", ""temperature"": 2.0, ""threshold"": 0.1}",30.00,1,solved,56,,65,220,66,155,0.1545,0.1580,1
90,f2ad168c9e0b7534,,gbfs,{},classifier,"{""checkpoint"": ""../phase2_model_training/checkpoints/classifier/best_model.pt"", ""device"": ""mps"", ""temperature"": 2.0, ""threshold"": 0.1}",38.00,1,solved,68,,79,264,80,186,0.1880,0.1921,1
91,72ecf9a1b5864d30,,gbfs,{},classifier,"{""checkpoint"": ""../phase2_model_training/checkpoints/classifier/best_model.pt"", ""device"": ""mps"", ""temperature"": 2.0, ""threshold"": 0.1}",42.00,1,solved,52,,58,193,59,136,0.1410,0.1440,1
92,f3cd20e98b45671a,,gbfs,{},classifier,"{""checkpoint"": ""../phase2_model_training/checkpoints/classifier/best_model.pt"", ""device"": ""mps"", ""temperature"": 2.0, ""threshold"": 0.1}",40.00,1,solved,50,,53,170,54,118,0.1351,0.1380,1
93,5fd43029be618ac7,,gbfs,{},classifier,"{""checkpoint"": ""../phase2_model_training/checkpoints/classifier/best_model.pt"", ""device"": ""mps"", ""temperature"": 2.0, ""threshold"": 0.1}",46.00,1,solved,60,,67,216,68,150,0.1749,0.1789,1
94,c2ed4f9a057168b3,,gbfs,{},classifier,"{""checkpoint"": ""../phase2_model_training/checkpoints/classifier/best_model.pt"", ""device"": ""mps"", ""temperature"": 2.0, ""threshold"": 0.1}",48.00,1,solved,60,,77,249,78,173,0.1980,0.2024,1
95,9f6e7358ab1d204c,,gbfs,{},classifier,"{""checkpoint"": ""../phase2_model_training/checkpoints/classifier/best_model.pt"", ""device"": ""mps"", ""temperature"": 2.0, ""threshold"": 0.1}",38.00,1,solved,44,,52,171,53,120,0.1056,0.1082,1
96,b15afc3472e8d096,,gbfs,{},classifier,"{""checkpoint"": ""../phase2_model_training/checkpoints/classifier/best_model.pt"", ""device"": ""mps"", ""temperature"": 2.0, ""threshold"": 0.1}",48.00,1,solved,70,,75,244,76,170,0.1610,0.1648,1
97,efdc2943a75860b1,,gbfs,{},classifier,"{""checkpoint"": ""../phase2_model_training/checkpoints/classifier/best_model.pt"", ""device"": ""mps"", ""temperature"": 2.0, ""threshold"": 0.1}",36.00,1,solved,44,,52,173,53,122,0.1279,0.1307,1
98,aec2d5f90b861734,,gbfs,{},classifier,"{""checkpoint"": ""../phase2_model_training/checkpoints/classifier/best_model.pt"", ""device"": ""mps"", ""temperature"": 2.0, ""threshold"": 0.1}",40.00,1,solved,52,,68,232,69,165,0.1648,0.1684,1
99,1ac2906e53b7df48,,gbfs,{},classifier,"{""checkpoint"": ""../phase2_model_training/checkpoints/classifier/best_model.pt"", ""device"": ""mps"", ""temperature"": 2.0, ""threshold"": 0.1}",52.00,1,solved,66,,74,248,75,175,0.1795,0.1836,1
0,8ab57e3c01296df4,,idastar,"{""w"": 1.0}",regressor,"{""checkpoint"": ""../phase2_model_training/checkpoints/regressor/best_model.pt"", ""device"": ""mps""}",47.00,1,solved,52,,3037,6671,1162,2482,2.0226,2.0403,1
1,8f4a75ed326cb091,,idastar,"{""w"": 1.0}",regressor,"{""checkpoint"": ""../phase2_model_training/checkpoints/regressor/best_model.pt"", ""device"": ""mps""}",41.00,1,solved,46,,2462,5452,1506,3254,3.3769,3.4000,1
2,8c0edb4f792536a1,,idastar,"{""w"": 1.0}",regressor,"{""checkpoint"": ""../phase2_model_training/checkpoints/regressor/best_model.pt"", ""device"": ""mps""}",40.00,1,solved,42,,222,499,141,312,0.2834,0.2853,1
3,5e692f8d0c43ab17,,idastar,"{""w"": 1.0}",regressor,"{""checkpoint"": ""../phase2_model_training/checkpoints/regressor/best_model.pt"", ""device"": ""mps""}",48.00,1,solved,50,,115,255,95,211,0.1860,0.1871,1
4,01d46fe2bac57398,,idastar,"{""w"": 1.0}",regressor,"{""checkpoint"": ""../phase2_model_training/checkpoints/regressor/best_model.pt"", ""device"": ""mps""}",44.00,1,solved,48,,1655,3723,750,1617,1.6799,1.6939,1
5,ebc8f514da296370,,idastar,"{""w"": 1.0}",regressor,"{""checkpoint"": ""../phase2_model_training/checkpoints/regressor/best_model.pt"", ""device"": ""mps""}",40.00,1,solved,40,,52,114,52,112,0.1177,0.1184,1
6,87c53fbd2e0614a9,,idastar,"{""w"": 1.0}",regressor,"{""checkpoint"": ""../phase2_model_training/checkpoints/regressor/best_model.pt"", ""device"": ""mps""}",37.00,1,solved,42,,656,1462,305,664,0.4752,0.4790,1
7,bc9eaf64035d2178,,idastar,"{""w"": 1.0}",regressor,"{""checkpoint"": ""../phase2_model_training/checkpoints/regressor/best_model.pt"", ""device"": ""mps""}",36.00,1,solved,40,,2059,4426,538,1125,0.8051,0.8134,1
8,d957c832a46be0f1,,idastar,"{""w"": 1.0}",regressor,"{""checkpoint"": ""../phase2_model_training/checkpoints/regressor/best_model.pt"", ""device"": ""mps""}",56.00,1,solved,52,,127,276,128,275,0.2098,0.2109,1
9,a49e3db67f05281c,,idastar,"{""w"": 1.0}",regressor,"{""checkpoint"": ""../phase2_model_training/checkpoints/regressor/best_model.pt"", ""device"": ""mps""}",45.00,1,solved,48,,280,628,202,436,0.3967,0.3992,1
10,fc0b42a5378e619d,,idastar,"{""w"": 1.0}",regressor,"{""checkpoint"": ""../phase2_model_training/checkpoints/regressor/best_model.pt"", ""device"": ""mps""}",47.00,1,solved,50,,303,688,236,532,0.4849,0.4879,1
11,c2b1ea483f95d760,,idastar,"{""w"": 1.0}",regressor,"{""checkpoint"": ""../phase2_model_training/checkpoints/regressor/best_model.pt"", ""device"": ""mps""}",48.00,1,solved,54,,27829,61644,8836,18719,17.7731,17.9501,1
12,c25d10e873ab96f4,,idastar,"{""w"": 1.0}",regressor,"{""checkpoint"": ""../phase2_model_training/checkpoints/regressor/best_model.pt"", ""device"": ""mps""}",51.00,1,solved,56,,3737,8628,2472,5559,5.1916,5.2271,1
13,e8f470ab21dc5693,,idastar,"{""w"": 1.0}",regressor,"{""checkpoint"": ""../phase2_model_training/checkpoints/regressor/best_model.pt"", ""device"": ""mps""}",48.00,1,solved,48,,675,1502,442,963,0.9489,0.9554,1
14,72596c10aedf3b84,,idastar,"{""w"": 1.0}",regressor,"{""checkpoint"": ""../phase2_model_training/checkpoints/regressor/best_model.pt"", ""device"": ""mps""}",48.00,1,solved,52,,206,462,165,364,0.3669,0.3691,1
15,ef2d501b867a934c,,idastar,"{""w"": 1.0}",regressor,"{""checkpoint"": ""../phase2_model_training/checkpoints/regressor/best_model.pt"", ""device"": ""mps""}",47.00,1,solved,52,,4459,10059,2582,5628,5.5886,5.6298,1
16,ad84c615be0239f7,,idastar,"{""w"": 1.0}",regressor,"{""checkpoint"": ""../phase2_model_training/checkpoints/regressor/best_model.pt"", ""device"": ""mps""}",42.00,1,solved,44,,497,1139,307,683,0.7266,0.7316,1
17,bf4dac98560e3217,,idastar,"{""w"": 1.0}",regressor,"{""checkpoint"": ""../phase2_model_training/checkpoints/regressor/best_model.pt"", ""device"": ""mps""}",39.00,1,solved,40,,428,967,274,601,0.6197,0.6238,1
18,bd08947ce6a1f352,,idastar,"{""w"": 1.0}",regressor,"{""checkpoint"": ""../phase2_model_training/checkpoints/regressor/best_model.pt"", ""device"": ""mps""}",37.00,1,solved,38,,54,118,49,106,0.1141,0.1147,1
19,3ea4bcdf75069218,,idastar,"{""w"": 1.0}",regressor,"{""checkpoint"": ""../phase2_model_training/checkpoints/regressor/best_model.pt"", ""device"": ""mps""}",46.00,1,solved,50,,3995,8843,2294,4926,4.6898,4.7227,1
20,2b8d1e3c590476af,,idastar,"{""w"": 1.0}",regressor,"{""checkpoint"": ""../phase2_model_training/checkpoints/regressor/best_model.pt"", ""device"": ""mps""}",48.00,1,solved,52,,2748,6221,1795,3947,3.8998,3.9257,1
21,8fc2a069d1eb3754,,idastar,"{""w"": 1.0}",regressor,"{""checkpoint"": ""../phase2_model_training/checkpoints/regressor/best_model.pt"", ""device"": ""mps""}",45.00,1,solved,48,,229,514,158,339,0.3216,0.3236,1
22,fc5ae0d17324b986,,idastar,"{""w"": 1.0}",regressor,"{""checkpoint"": ""../phase2_model_training/checkpoints/regressor/best_model.pt"", ""device"": ""mps""}",41.00,1,solved,44,,463,1040,351,756,0.8144,0.8192,1
23,afb57e4608cd3291,,idastar,"{""w"": 1.0}",regressor,"{""checkpoint"": ""../phase2_model_training/checkpoints/regressor/best_model.pt"", ""device"": ""mps""}",38.00,1,solved,40,,241,551,146,331,0.3468,0.3491,1
24,bdcea7f506482931,,idastar,"{""w"": 1.0}",regressor,"{""checkpoint"": ""../phase2_model_training/checkpoints/regressor/best_model.pt"", ""device"": ""mps""}",38.00,1,solved,38,,102,227,79,173,0.1876,0.1887,1
25,06cd48791ef5b3a2,,idastar,"{""w"": 1.0}",regressor,"{""checkpoint"": ""../phase2_model_training/checkpoints/regressor/best_model.pt"", ""device"": ""mps""}",49.00,1,solved,54,,50701,114157,11831,25029,22.9821,23.2750,1
26,af0e769c1d28b345,,idastar,"{""w"": 1.0}",regressor,"{""checkpoint"": ""../phase2_model_training/checkpoints/regressor/best_model.pt"", ""device"": ""mps""}",30.00,1,solved,36,,8182,18246,1772,3666,3.6608,3.7062,1
27,da5c9164037feb82,,idastar,"{""w"": 1.0}",regressor,"{""checkpoint"": ""../phase2_model_training/checkpoints/regressor/best_model.pt"", ""device"": ""mps""}",44.00,1,solved,48,,872,1953,557,1209,1.1557,1.1637,1
28,f9ce7168d34520ba,,idastar,"{""w"": 1.0}",regressor,"{""checkpoint"": ""../phase2_model_training/checkpoints/regressor/best_model.pt"", ""device"": ""mps""}",40.00,1,solved,46,,2054,4499,1200,2567,2.1530,2.1677,1
29,8c94bef105d2a673,,idastar,"{""w"": 1.0}",regressor,"{""checkpoint"": ""../phase2_model_training/checkpoints/regressor/best_model.pt"", ""device"": ""mps""}",41.00,1,solved,42,,159,349,119,248,0.2639,0.2655,1
30,b65e19da284cf073,,idastar,"{""w"": 1.0}",regressor,"{""checkpoint"": ""../phase2_model_training/checkpoints/regressor/best_model.pt"", ""device"": ""mps""}",49.00,1,solved,54,,315,679,238,506,0.5340,0.5373,1
31,fbe97065dc813a24,,idastar,"{""w"": 1.0}",regressor,"{""checkpoint"": ""../phase2_model_training/checkpoints/regressor/best_model.pt"", ""device"": ""mps""}",33.00,1,solved,34,,43,110,43,106,0.0930,0.0936,1
32,f9b47de035a216c8,,idastar,"{""w"": 1.0}",regressor,"{""checkpoint"": ""../phase2_model_training/checkpoints/regressor/best_model.pt"", ""device"": ""mps""}",42.00,1,solved,46,,365,825,282,623,0.6301,0.6340,1
33,b7da6045ce19f238,,idastar,"{""w"": 1.0}",regressor,"{""checkpoint"": ""../phase2_model_training/checkpoints/regressor/best_model.pt"", ""device"": ""mps""}",46.00,1,solved,48,,209,469,175,380,0.3797,0.3821,1
34,6ecab52037d8f419,,idastar,"{""w"": 1.0}",regressor,"{""checkpoint"": ""../phase2_model_training/checkpoints/regressor/best_model.pt"", ""device"": ""mps""}",43.00,1,solved,46,,307,690,247,540,0.3610,0.3631,1
35,91b6308e25fdac74,,idastar,"{""w"": 1.0}",regressor,"{""checkpoint"": ""../phase2_model_training/checkpoints/regressor/best_model.pt"", ""device"": ""mps""}",49.00,1,solved,48,,919,2070,409,860,0.7677,0.7744,1
36,b1fcda64e3092758,,idastar,"{""w"": 1.0}",regressor,"{""checkpoint"": ""../phase2_model_training/checkpoints/regressor/best_model.pt"", ""device"": ""mps""}",36.00,1,solved,44,,13878,31198,3658,7718,6.9469,7.0235,1
37,db85639caf47e012,,idastar,"{""w"": 1.0}",regressor,"{""checkpoint"": ""../phase2_model_training/checkpoints/regressor/best_model.pt"", ""device"": ""mps""}",46.00,1,solved,46,,105,226,105,223,0.2261,0.2273,1
38,8baef09374dc1625,,idastar,"{""w"": 1.0}",regressor,"{""checkpoint"": ""../phase2_model_training/checkpoints/regressor/best_model.pt"", ""device"": ""mps""}",44.00,1,solved,46,,7764,17273,2728,5823,5.7436,5.7975,1
39,59c6e830fb2a741d,,idastar,"{""w"": 1.0}",regressor,"{""checkpoint"": ""../phase2_model_training/checkpoints/regressor/best_model.pt"", ""device"": ""mps""}",45.00,1,solved,46,,136,307,99,223,0.2251,0.2266,1
40,8dfce0a92b453671,,idastar,"{""w"": 1.0}",regressor,"{""checkpoint"": ""../phase2_model_training/checkpoints/regressor/best_model.pt"", ""device"": ""mps""}",37.00,1,solved,42,,757,1715,398,837,0.7817,0.7876,1
41,9f7385debc64a021,,idastar,"{""w"": 1.0}",regressor,"{""checkpoint"": ""../phase2_model_training/checkpoints/regressor/best_model.pt"", ""device"": ""mps""}",49.00,1,solved,50,,197,456,151,340,0.3326,0.3345,1
42,4ec8b659d3f17a20,,idastar,"{""w"": 1.0}",regressor,"{""checkpoint"": ""../phase2_model_training/checkpoints/regressor/best_model.pt"", ""device"": ""mps""}",42.00,1,solved,44,,1100,2480,719,1588,1.7298,1.7410,1
43,d908e16ca7b5f324,,idastar,"{""w"": 1.0}",regressor,"{""checkpoint"": ""../phase2_model_training/checkpoints/regressor/best_model.pt"", ""device"": ""mps""}",33.00,1,solved,38,,837,1895,523,1142,1.2403,1.2486,1
44,fea98d5432c6b170,,idastar,"{""w"": 1.0}",regressor,"{""checkpoint"": ""../phase2_model_training/checkpoints/regressor/best_model.pt"", ""device"": ""mps""}",42.00,1,solved,44,,591,1282,412,879,0.8535,0.8589,1
45,c9bd74f50e6132a8,,idastar,"{""w"": 1.0}",regressor,"{""checkpoint"": ""../phase2_model_training/checkpoints/regressor/best_model.pt"", ""device"": ""mps""}",41.00,1,solved,44,,164,363,134,293,0.2893,0.2910,1
46,658b1f7cad0e9324,,idastar,"{""w"": 1.0}",regressor,"{""checkpoint"": ""../phase2_model_training/checkpoints/regressor/best_model.pt"", ""device"": ""mps""}",46.00,1,solved,52,,8183,18296,3701,7837,6.4358,6.4874,1
47,cb03ad8e497652f1,,idastar,"{""w"": 1.0}",regressor,"{""checkpoint"": ""../phase2_model_training/checkpoints/regressor/best_model.pt"", ""device"": ""mps""}",56.00,1,solved,58,,978,2225,743,1649,1.3151,1.3234,1
48,ab09c538e671f24d,,idastar,"{""w"": 1.0}",regressor,"{""checkpoint"": ""../phase2_model_training/checkpoints/regressor/best_model.pt"", ""device"": ""mps""}",45.00,1,solved,48,,807,1831,518,1149,0.8015,0.8067,1
49,bd2cf64a35e71098,,idastar,"{""w"": 1.0}",regressor,"{""checkpoint"": ""../phase2_model_training/checkpoints/regressor/best_model.pt"", ""device"": ""mps""}",42.00,1,solved,46,,2794,6437,1552,3338,2.7819,2.8021,1
50,da627fbe01c83954,,idastar,"{""w"": 1.0}",regressor,"{""checkpoint"": ""../phase2_model_training/checkpoints/regressor/best_model.pt"", ""device"": ""mps""}",40.00,1,solved,44,,5766,13311,1592,3374,2.8888,2.9186,1
51,ed2810493f567bca,,idastar,"{""w"": 1.0}",regressor,"{""checkpoint"": ""../phase2_model_training/checkpoints/regressor/best_model.pt"", ""device"": ""mps""}",48.00,1,solved,54,,49251,110583,14737,31425,30.8410,31.1684,1
52,abf68d190c32745e,,idastar,"{""w"": 1.0}",regressor,"{""checkpoint"": ""../phase2_model_training/checkpoints/regressor/best_model.pt"", ""device"": ""mps""}",48.00,1,solved,52,,920,2073,756,1678,1.6002,1.6095,1
53,e9c8f52b0137a4d6,,idastar,"{""w"": 1.0}",regressor,"{""checkpoint"": ""../phase2_model_training/checkpoints/regressor/best_model.pt"", ""device"": ""mps""}",45.00,1,solved,48,,3672,8239,844,1807,1.7303,1.7526,1
54,1c563a8de704fb92,,idastar,"{""w"": 1.0}",regressor,"{""checkpoint"": ""../phase2_model_training/checkpoints/regressor/best_model.pt"", ""device"": ""mps""}",48.00,1,solved,50,,77,175,74,164,0.1435,0.1443,1
55,e35cfa28791b6d40,,idastar,"{""w"": 1.0}",regressor,"{""checkpoint"": ""../phase2_model_training/checkpoints/regressor/best_model.pt"", ""device"": ""mps""}",41.00,1,solved,42,,1725,3999,622,1370,1.1276,1.1379,1
56,c2a4f1798d05eb36,,idastar,"{""w"": 1.0}",regressor,"{""checkpoint"": ""../phase2_model_training/checkpoints/regressor/best_model.pt"", ""device"": ""mps""}",48.00,1,solved,52,,20397,46402,4062,8600,7.6090,7.7148,1
57,e628f0da179b3c54,,idastar,"{""w"": 1.0}",regressor,"{""checkpoint"": ""../phase2_model_training/checkpoints/regressor/best_model.pt"", ""device"": ""mps""}",43.00,1,solved,46,,364,807,268,579,0.6131,0.6170,1
58,1a7df295b6048ec3,,idastar,"{""w"": 1.0}",regressor,"{""checkpoint"": ""../phase2_model_training/checkpoints/regressor/best_model.pt"", ""device"": ""mps""}",50.00,1,solved,52,,366,832,298,669,0.6155,0.6191,1
59,afd862537be491c0,,idastar,"{""w"": 1.0}",regressor,"{""checkpoint"": ""../phase2_model_training/checkpoints/regressor/best_model.pt"", ""device"": ""mps""}",42.00,1,solved,44,,218,476,136,285,0.2505,0.2521,1
60,9a7cdb682e31f450,,idastar,"{""w"": 1.0}",regressor,"{""checkpoint"": ""../phase2_model_training/checkpoints/regressor/best_model.pt"", ""device"": ""mps""}",39.00,1,solved,44,,5208,11442,1904,4034,3.5708,3.6011,1
61,dc1875fea6023b49,,idastar,"{""w"": 1.0}",regressor,"{""checkpoint"": ""../phase2_model_training/checkpoints/regressor/best_model.pt"", ""device"": ""mps""}",42.00,1,solved,46,,4824,10754,1802,3889,3.5540,3.5869,1
62,15fd76b2ea0948c3,,idastar,"{""w"": 1.0}",regressor,"{""checkpoint"": ""../phase2_model_training/checkpoints/regressor/best_model.pt"", ""device"": ""mps""}",54.00,1,solved,58,,583,1356,411,944,0.9254,0.9312,1
63,bf8e9a62d4051c73,,idastar,"{""w"": 1.0}",regressor,"{""checkpoint"": ""../phase2_model_training/checkpoints/regressor/best_model.pt"", ""device"": ""mps""}",47.00,1,solved,50,,2499,5585,1116,2377,2.3379,2.3574,1
64,eac510fd29b83674,,idastar,"{""w"": 1.0}",regressor,"{""checkpoint"": ""../phase2_model_training/checkpoints/regressor/best_model.pt"", ""device"": ""mps""}",39.00,1,solved,42,,1736,3797,872,1841,1.9490,1.9630,1
65,7ea81b3504cf296d,,idastar,"{""w"": 1.0}",regressor,"{""checkpoint"": ""../phase2_model_training/checkpoints/regressor/best_model.pt"", ""device"": ""mps""}",48.00,1,solved,54,,6449,14241,3258,7030,5.5255,5.5673,1
66,f68c9eb03475a12d,,idastar,"{""w"": 1.0}",regressor,"{""checkpoint"": ""../phase2_model_training/checkpoints/regressor/best_model.pt"", ""device"": ""mps""}",46.00,1,solved,48,,1116,2517,795,1751,1.4939,1.5035,1
67,3f75e0a4169bdc28,,idastar,"{""w"": 1.0}",regressor,"{""checkpoint"": ""../phase2_model_training/checkpoints/regressor/best_model.pt"", ""device"": ""mps""}",54.00,1,solved,56,,1478,3367,737,1630,1.5616,1.5731,1
68,cbf92d316805ea47,,idastar,"{""w"": 1.0}",regressor,"{""checkpoint"": ""../phase2_model_training/checkpoints/regressor/best_model.pt"", ""device"": ""mps""}",50.00,1,solved,54,,504,1119,393,852,0.7918,0.7966,1
69,4fec5a10728db963,,idastar,"{""w"": 1.0}",regressor,"{""checkpoint"": ""../phase2_model_training/checkpoints/regressor/best_model.pt"", ""device"": ""mps""}",46.00,1,solved,46,,1342,2865,793,1676,1.7194,1.7314,1
70,b9da7f813e0c2465,,idastar,"{""w"": 1.0}",regressor,"{""checkpoint"": ""../phase2_model_training/checkpoints/regressor/best_model.pt"", ""device"": ""mps""}",30.00,1,solved,36,,795,1727,295,633,0.6797,0.6855,1
71,2edc9386f70a41b5,,idastar,"{""w"": 1.0}",regressor,"{""checkpoint"": ""../phase2_model_training/checkpoints/regressor/best_model.pt"", ""device"": ""mps""}",41.00,1,solved,46,,3129,6981,1537,3253,3.2095,3.2341,1
72,671d98a0fe4cb325,,idastar,"{""w"": 1.0}",regressor,"{""checkpoint"": ""../phase2_model_training/checkpoints/regressor/best_model.pt"", ""device"": ""mps""}",39.00,1,solved,46,,10851,24160,4206,8994,9.1275,9.2087,1
73,b7f9e0a23c46d815,,idastar,"{""w"": 1.0}",regressor,"{""checkpoint"": ""../phase2_model_training/checkpoints/regressor/best_model.pt"", ""device"": ""mps""}",47.00,1,solved,50,,209,479,183,408,0.3459,0.3479,1
74,a68fd5c09eb23714,,idastar,"{""w"": 1.0}",regressor,"{""checkpoint"": ""../phase2_model_training/checkpoints/regressor/best_model.pt"", ""device"": ""mps""}",40.00,1,solved,44,,21920,49553,1912,3993,3.7082,3.8002,1
75,bea52019df867c34,,idastar,"{""w"": 1.0}",regressor,"{""checkpoint"": ""../phase2_model_training/checkpoints/regressor/best_model.pt"", ""device"": ""mps""}",44.00,1,solved,44,,324,745,257,568,0.3828,0.3854,1
76,d7cab1940f82635e,,idastar,"{""w"": 1.0}",regressor,"{""checkpoint"": ""../phase2_model_training/checkpoints/regressor/best_model.pt"", ""device"": ""mps""}",44.00,1,solved,44,,115,254,109,238,0.1607,0.1615,1
77,c30b52d479a8ef16,,idastar,"{""w"": 1.0}",regressor,"{""checkpoint"": ""../phase2_model_training/checkpoints/regressor/best_model.pt"", ""device"": ""mps""}",56.00,1,solved,58,,15659,34735,5321,11211,10.5353,10.6390,1
78,278cef9d0b64a135,,idastar,"{""w"": 1.0}",regressor,"{""checkpoint"": ""../phase2_model_training/checkpoints/regressor/best_model.pt"", ""device"": ""mps""}",44.00,1,solved,50,,3252,7128,1608,3440,3.3619,3.3882,1
79,ac09f2d1b38645e7,,idastar,"{""w"": 1.0}",regressor,"{""checkpoint"": ""../phase2_model_training/checkpoints/regressor/best_model.pt"", ""device"": ""mps""}",44.00,1,solved,44,,180,395,152,330,0.3438,0.3458,1
80,bde8a0c963247f15,,idastar,"{""w"": 1.0}",regressor,"{""checkpoint"": ""../phase2_model_training/checkpoints/regressor/best_model.pt"", ""device"": ""mps""}",36.00,1,solved,38,,231,507,140,302,0.3084,0.3105,1
81,27c619a8b3e54df0,,idastar,"{""w"": 1.0}",regressor,"{""checkpoint"": ""../phase2_model_training/checkpoints/regressor/best_model.pt"", ""device"": ""mps""}",53.00,1,solved,58,,42155,95675,12818,27461,26.2185,26.4951,1
82,faec9d106b584723,,idastar,"{""w"": 1.0}",regressor,"{""checkpoint"": ""../phase2_model_training/checkpoints/regressor/best_model.pt"", ""device"": ""mps""}",36.00,1,solved,42,,6089,13456,2196,4674,4.4725,4.5119,1
83,bae9c12534d786f0,,idastar,"{""w"": 1.0}",regressor,"{""checkpoint"": ""../phase2_model_training/checkpoints/regressor/best_model.pt"", ""device"": ""mps""}",51.00,1,solved,56,,327,735,227,507,0.5081,0.5114,1
84,0fb47a9d86ec5321,,idastar,"{""w"": 1.0}",regressor,"{""checkpoint"": ""../phase2_model_training/checkpoints/regressor/best_model.pt"", ""device"": ""mps""}",39.00,1,solved,42,,412,946,258,576,0.5927,0.5966,1
85,af059bd6e14c2738,,idastar,"{""w"": 1.0}",regressor,"{""checkpoint"": ""../phase2_model_training/checkpoints/regressor/best_model.pt"", ""device"": ""mps""}",40.00,1,solved,44,,511,1127,380,831,0.8140,0.8191,1
86,ef046b9ca3d27581,,idastar,"{""w"": 1.0}",regressor,"{""checkpoint"": ""../phase2_model_training/checkpoints/regressor/best_model.pt"", ""device"": ""mps""}",38.00,1,solved,44,,2787,6019,1659,3499,3.3429,3.3656,1
87,e357d4bc8106f9a2,,idastar,"{""w"": 1.0}",regressor,"{""checkpoint"": ""../phase2_model_training/checkpoints/regressor/best_model.pt"", ""device"": ""mps""}",53.00,1,solved,56,,7362,16890,3197,6976,6.8284,6.8856,1
88,1d59203e7fbca648,,idastar,"{""w"": 1.0}",regressor,"{""checkpoint"": ""../phase2_model_training/checkpoints/regressor/best_model.pt"", ""device"": ""mps""}",46.00,1,solved,52,,5587,12625,3219,6952,6.8881,6.9388,1
89,fed8bc9016a37425,,idastar,"{""w"": 1.0}",regressor,"{""checkpoint"": ""../phase2_model_training/checkpoints/regressor/best_model.pt"", ""device"": ""mps""}",34.00,1,solved,36,,579,1288,323,694,0.7442,0.7494,1
90,f2ad168c9e0b7534,,idastar,"{""w"": 1.0}",regressor,"{""checkpoint"": ""../phase2_model_training/checkpoints/regressor/best_model.pt"", ""device"": ""mps""}",40.00,1,solved,42,,187,436,171,393,0.4122,0.4146,1
91,72ecf9a1b5864d30,,idastar,"{""w"": 1.0}",regressor,"{""checkpoint"": ""../phase2_model_training/checkpoints/regressor/best_model.pt"", ""device"": ""mps""}",46.00,1,solved,48,,236,553,198,459,0.4786,0.4816,1
92,f3cd20e98b45671a,,idastar,"{""w"": 1.0}",regressor,"{""checkpoint"": ""../phase2_model_training/checkpoints/regressor/best_model.pt"", ""device"": ""mps""}",42.00,1,solved,46,,402,898,234,518,0.4614,0.4647,1
93,5fd43029be618ac7,,idastar,"{""w"": 1.0}",regressor,"{""checkpoint"": ""../phase2_model_training/checkpoints/regressor/best_model.pt"", ""device"": ""mps""}",49.00,1,solved,50,,430,948,340,737,0.7217,0.7260,1
94,c2ed4f9a057168b3,,idastar,"{""w"": 1.0}",regressor,"{""checkpoint"": ""../phase2_model_training/checkpoints/regressor/best_model.pt"", ""device"": ""mps""}",50.00,1,solved,52,,510,1141,393,856,0.9414,0.9477,1
95,9f6e7358ab1d204c,,idastar,"{""w"": 1.0}",regressor,"{""checkpoint"": ""../phase2_model_training/checkpoints/regressor/best_model.pt"", ""device"": ""mps""}",41.00,1,solved,42,,109,232,107,222,0.2609,0.2623,1
96,b15afc3472e8d096,,idastar,"{""w"": 1.0}",regressor,"{""checkpoint"": ""../phase2_model_training/checkpoints/regressor/best_model.pt"", ""device"": ""mps""}",51.00,1,solved,56,,4441,10050,1392,3003,3.3156,3.3481,1
97,efdc2943a75860b1,,idastar,"{""w"": 1.0}",regressor,"{""checkpoint"": ""../phase2_model_training/checkpoints/regressor/best_model.pt"", ""device"": ""mps""}",37.00,1,solved,40,,1837,4035,839,1772,1.9145,1.9296,1
98,aec2d5f90b861734,,idastar,"{""w"": 1.0}",regressor,"{""checkpoint"": ""../phase2_model_training/checkpoints/regressor/best_model.pt"", ""device"": ""mps""}",41.00,1,solved,44,,228,522,168,376,0.3915,0.3940,1
99,1ac2906e53b7df48,,idastar,"{""w"": 1.0}",regressor,"{""checkpoint"": ""../phase2_model_training/checkpoints/regressor/best_model.pt"", ""device"": ""mps""}",54.00,1,solved,56,,768,1741,635,1416,1.4742,1.4829,1
0,8ab57e3c01296df4,,wastar,"{""w"": 1.0}",regressor,"{""checkpoint"": ""../phase2_model_training/checkpoints/regressor/best_model.pt"", ""device"": ""mps""}",47.00,1,solved,52,,1040,3325,1022,2183,2.4322,2.5046,1
1,8f4a75ed326cb091,,wastar,"{""w"": 1.0}",regressor,"{""checkpoint"": ""../phase2_model_training/checkpoints/regressor/best_model.pt"", ""device"": ""mps""}",41.00,1,solved,46,,1323,4254,1312,2834,2.9470,3.0333,1
2,8c0edb4f792536a1,,wastar,"{""w"": 1.0}",regressor,"{""checkpoint"": ""../phase2_model_training/checkpoints/regressor/best_model.pt"", ""device"": ""mps""}",40.00,1,solved,42,,102,326,103,225,0.1426,0.1467,1
3,5e692f8d0c43ab17,,wastar,"{""w"": 1.0}",regressor,"{""checkpoint"": ""../phase2_model_training/checkpoints/regressor/best_model.pt"", ""device"": ""mps""}",48.00,1,solved,50,,95,294,96,200,0.1372,0.1408,1
4,01d46fe2bac57398,,wastar,"{""w"": 1.0}",regressor,"{""checkpoint"": ""../phase2_model_training/checkpoints/regressor/best_model.pt"", ""device"": ""mps""}",44.00,1,solved,48,,639,2038,626,1350,1.1110,1.1436,1
5,ebc8f514da296370,,wastar,"{""w"": 1.0}",regressor,"{""checkpoint"": ""../phase2_model_training/checkpoints/regressor/best_model.pt"", ""device"": ""mps""}",40.00,1,solved,40,,119,376,118,245,0.1881,0.1931,1
6,87c53fbd2e0614a9,,wastar,"{""w"": 1.0}",regressor,"{""checkpoint"": ""../phase2_model_training/checkpoints/regressor/best_model.pt"", ""device"": ""mps""}",37.00,1,solved,42,,278,879,272,582,0.4959,0.5094,1
7,bc9eaf64035d2178,,wastar,"{""w"": 1.0}",regressor,"{""checkpoint"": ""../phase2_model_training/checkpoints/regressor/best_model.pt"", ""device"": ""mps""}",36.00,1,solved,40,,444,1408,438,919,0.7207,0.7403,1
8,d957c832a46be0f1,,wastar,"{""w"": 1.0}",regressor,"{""checkpoint"": ""../phase2_model_training/checkpoints/regressor/best_model.pt"", ""device"": ""mps""}",56.00,1,solved,52,,57,183,58,127,0.1175,0.1206,1
9,a49e3db67f05281c,,wastar,"{""w"": 1.0}",regressor,"{""checkpoint"": ""../phase2_model_training/checkpoints/regressor/best_model.pt"", ""device"": ""mps""}",45.00,1,solved,48,,140,449,140,307,0.3107,0.3193,1
10,fc0b42a5378e619d,,wastar,"{""w"": 1.0}",regressor,"{""checkpoint"": ""../phase2_model_training/checkpoints/regressor/best_model.pt"", ""device"": ""mps""}",47.00,1,solved,50,,233,765,234,531,0.5468,0.5631,1
11,c2b1ea483f95d760,,wastar,"{""w"": 1.0}",regressor,"{""checkpoint"": ""../phase2_model_training/checkpoints/regressor/best_model.pt"", ""device"": ""mps""}",48.00,1,solved,54,,9712,30972,9304,19680,19.1358,19.7319,1
12,c25d10e873ab96f4,,wastar,"{""w"": 1.0}",regressor,"{""checkpoint"": ""../phase2_model_training/checkpoints/regressor/best_model.pt"", ""device"": ""mps""}",51.00,1,solved,56,,1283,4232,1282,2915,2.6998,2.7779,1
13,e8f470ab21dc5693,,wastar,"{""w"": 1.0}",regressor,"{""checkpoint"": ""../phase2_model_training/checkpoints/regressor/best_model.pt"", ""device"": ""mps""}",48.00,1,solved,48,,120,390,121,271,0.2572,0.2639,1
14,72596c10aedf3b84,,wastar,"{""w"": 1.0}",regressor,"{""checkpoint"": ""../phase2_model_training/checkpoints/regressor/best_model.pt"", ""device"": ""mps""}",48.00,1,solved,50,,117,379,118,261,0.2783,0.2859,1
15,ef2d501b867a934c,,wastar,"{""w"": 1.0}",regressor,"{""checkpoint"": ""../phase2_model_training/checkpoints/regressor/best_model.pt"", ""device"": ""mps""}",47.00,1,solved,52,,2304,7428,2279,4958,5.2080,5.3613,1
16,ad84c615be0239f7,,wastar,"{""w"": 1.0}",regressor,"{""checkpoint"": ""../phase2_model_training/checkpoints/regressor/best_model.pt"", ""device"": ""mps""}",42.00,1,solved,44,,275,887,273,598,0.5816,0.5984,1
17,bf4dac98560e3217,,wastar,"{""w"": 1.0}",regressor,"{""checkpoint"": ""../phase2_model_training/checkpoints/regressor/best_model.pt"", ""device"": ""mps""}",39.00,1,solved,40,,279,906,277,609,0.6781,0.6978,1
18,bd08947ce6a1f352,,wastar,"{""w"": 1.0}",regressor,"{""checkpoint"": ""../phase2_model_training/checkpoints/regressor/best_model.pt"", ""device"": ""mps""}",37.00,1,solved,36,,37,118,38,82,0.0983,0.1012,1
19,3ea4bcdf75069218,,wastar,"{""w"": 1.0}",regressor,"{""checkpoint"": ""../phase2_model_training/checkpoints/regressor/best_model.pt"", ""device"": ""mps""}",46.00,1,solved,50,,1534,4890,1510,3239,3.3524,3.4532,1
20,2b8d1e3c590476af,,wastar,"{""w"": 1.0}",regressor,"{""checkpoint"": ""../phase2_model_training/checkpoints/regressor/best_model.pt"", ""device"": ""mps""}",48.00,1,solved,52,,525,1701,516,1146,1.2176,1.2537,1
21,8fc2a069d1eb3754,,wastar,"{""w"": 1.0}",regressor,"{""checkpoint"": ""../phase2_model_training/checkpoints/regressor/best_model.pt"", ""device"": ""mps""}",45.00,1,solved,46,,106,348,107,243,0.1824,0.1876,1
22,fc5ae0d17324b986,,wastar,"{""w"": 1.0}",regressor,"{""checkpoint"": ""../phase2_model_training/checkpoints/regressor/best_model.pt"", ""device"": ""mps""}",41.00,1,solved,44,,502,1613,499,1085,1.0543,1.0853,1
23,afb57e4608cd3291,,wastar,"{""w"": 1.0}",regressor,"{""checkpoint"": ""../phase2_model_training/checkpoints/regressor/best_model.pt"", ""device"": ""mps""}",38.00,1,solved,40,,205,683,160,366,0.3501,0.3624,1
24,bdcea7f506482931,,wastar,"{""w"": 1.0}",regressor,"{""checkpoint"": ""../phase2_model_training/checkpoints/regressor/best_model.pt"", ""device"": ""mps""}",38.00,1,solved,38,,130,423,130,292,0.3476,0.3584,1
25,06cd48791ef5b3a2,,wastar,"{""w"": 1.0}",regressor,"{""checkpoint"": ""../phase2_model_training/checkpoints/regressor/best_model.pt"", ""device"": ""mps""}",49.00,1,solved,54,,7717,24682,7317,15484,16.4107,16.9232,1
26,af0e769c1d28b345,,wastar,"{""w"": 1.0}",regressor,"{""checkpoint"": ""../phase2_model_training/checkpoints/regressor/best_model.pt"", ""device"": ""mps""}",30.00,1,solved,36,,971,3069,941,1962,2.2182,2.2845,1
27,da5c9164037feb82,,wastar,"{""w"": 1.0}",regressor,"{""checkpoint"": ""../phase2_model_training/checkpoints/regressor/best_model.pt"", ""device"": ""mps""}",44.00,1,solved,48,,776,2516,773,1687,1.7224,1.7733,1
28,f9ce7168d34520ba,,wastar,"{""w"": 1.0}",regressor,"{""checkpoint"": ""../phase2_model_training/checkpoints/regressor/best_model.pt"", ""device"": ""mps""}",40.00,1,solved,46,,783,2488,772,1651,1.6722,1.7228,1
29,8c94bef105d2a673,,wastar,"{""w"": 1.0}",regressor,"{""checkpoint"": ""../phase2_model_training/checkpoints/regressor/best_model.pt"", ""device"": ""mps""}",41.00,1,solved,42,,79,252,80,172,0.1760,0.1811,1
30,b65e19da284cf073,,wastar,"{""w"": 1.0}",regressor,"{""checkpoint"": ""../phase2_model_training/checkpoints/regressor/best_model.pt"", ""device"": ""mps""}",49.00,1,solved,54,,229,698,230,467,0.4636,0.4770,1
31,fbe97065dc813a24,,wastar,"{""w"": 1.0}",regressor,"{""checkpoint"": ""../phase2_model_training/checkpoints/regressor/best_model.pt"", ""device"": ""mps""}",33.00,1,solved,34,,43,150,44,108,0.0903,0.0928,1
32,f9b47de035a216c8,,wastar,"{""w"": 1.0}",regressor,"{""checkpoint"": ""../phase2_model_training/checkpoints/regressor/best_model.pt"", ""device"": ""mps""}",42.00,1,solved,46,,231,764,232,529,0.5388,0.5551,1
33,b7da6045ce19f238,,wastar,"{""w"": 1.0}",regressor,"{""checkpoint"": ""../phase2_model_training/checkpoints/regressor/best_model.pt"", ""device"": ""mps""}",46.00,1,solved,46,,114,365,115,250,0.2664,0.2742,1
34,6ecab52037d8f419,,wastar,"{""w"": 1.0}",regressor,"{""checkpoint"": ""../phase2_model_training/checkpoints/regressor/best_model.pt"", ""device"": ""mps""}",43.00,1,solved,44,,305,976,303,660,0.7208,0.7418,1
35,91b6308e25fdac74,,wastar,"{""w"": 1.0}",regressor,"{""checkpoint"": ""../phase2_model_training/checkpoints/regressor/best_model.pt"", ""device"": ""mps""}",49.00,1,solved,48,,743,2361,717,1483,1.6177,1.6680,1
36,b1fcda64e3092758,,wastar,"{""w"": 1.0}",regressor,"{""checkpoint"": ""../phase2_model_training/checkpoints/regressor/best_model.pt"", ""device"": ""mps""}",36.00,1,solved,44,,3012,9615,2877,6040,6.3221,6.5147,1
37,db85639caf47e012,,wastar,"{""w"": 1.0}",regressor,"{""checkpoint"": ""../phase2_model_training/checkpoints/regressor/best_model.pt"", ""device"": ""mps""}",46.00,1,solved,46,,93,294,94,200,0.2238,0.2304,1
38,8baef09374dc1625,,wastar,"{""w"": 1.0}",regressor,"{""checkpoint"": ""../phase2_model_training/checkpoints/regressor/best_model.pt"", ""device"": ""mps""}",44.00,1,solved,48,,2335,7502,2257,4829,5.1835,5.3395,1
39,59c6e830fb2a741d,,wastar,"{""w"": 1.0}",regressor,"{""checkpoint"": ""../phase2_model_training/checkpoints/regressor/best_model.pt"", ""device"": ""mps""}",45.00,1,solved,46,,67,217,68,151,0.1566,0.1607,1
40,8dfce0a92b453671,,wastar,"{""w"": 1.0}",regressor,"{""checkpoint"": ""../phase2_model_training/checkpoints/regressor/best_model.pt"", ""device"": ""mps""}",37.00,1,solved,42,,567,1821,564,1197,1.3291,1.3692,1
41,9f7385debc64a021,,wastar,"{""w"": 1.0}",regressor,"{""checkpoint"": ""../phase2_model_training/checkpoints/regressor/best_model.pt"", ""device"": ""mps""}",49.00,1,solved,50,,74,237,75,164,0.1806,0.1858,1
42,4ec8b659d3f17a20,,wastar,"{""w"": 1.0}",regressor,"{""checkpoint"": ""../phase2_model_training/checkpoints/regressor/best_model.pt"", ""device"": ""mps""}",42.00,1,solved,44,,614,1994,614,1349,1.3436,1.3830,1
43,d908e16ca7b5f324,,wastar,"{""w"": 1.0}",regressor,"{""checkpoint"": ""../phase2_model_training/checkpoints/regressor/best_model.pt"", ""device"": ""mps""}",33.00,1,solved,38,,187,605,187,416,0.4553,0.4685,1
44,fea98d5432c6b170,,wastar,"{""w"": 1.0}",regressor,"{""checkpoint"": ""../phase2_model_training/checkpoints/regressor/best_model.pt"", ""device"": ""mps""}",42.00,1,solved,44,,454,1434,448,945,1.0134,1.0437,1
45,c9bd74f50e6132a8,,wastar,"{""w"": 1.0}",regressor,"{""checkpoint"": ""../phase2_model_training/checkpoints/regressor/best_model.pt"", ""device"": ""mps""}",41.00,1,solved,44,,116,370,117,255,0.2681,0.2761,1
46,658b1f7cad0e9324,,wastar,"{""w"": 1.0}",regressor,"{""checkpoint"": ""../phase2_model_training/checkpoints/regressor/best_model.pt"", ""device"": ""mps""}",46.00,1,solved,52,,1540,4961,1527,3303,3.4986,3.6021,1
47,cb03ad8e497652f1,,wastar,"{""w"": 1.0}",regressor,"{""checkpoint"": ""../phase2_model_training/checkpoints/regressor/best_model.pt"", ""device"": ""mps""}",56.00,1,solved,60,,609,1987,597,1330,1.3765,1.4179,1
48,ab09c538e671f24d,,wastar,"{""w"": 1.0}",regressor,"{""checkpoint"": ""../phase2_model_training/checkpoints/regressor/best_model.pt"", ""device"": ""mps""}",45.00,1,solved,48,,344,1119,343,763,0.7686,0.7907,1
49,bd2cf64a35e71098,,wastar,"{""w"": 1.0}",regressor,"{""checkpoint"": ""../phase2_model_training/checkpoints/regressor/best_model.pt"", ""device"": ""mps""}",42.00,1,solved,46,,464,1502,445,976,1.0583,1.0907,1
50,da627fbe01c83954,,wastar,"{""w"": 1.0}",regressor,"{""checkpoint"": ""../phase2_model_training/checkpoints/regressor/best_model.pt"", ""device"": ""mps""}",40.00,1,solved,44,,948,3030,914,1947,2.1065,2.1711,1
51,ed2810493f567bca,,wastar,"{""w"": 1.0}",regressor,"{""checkpoint"": ""../phase2_model_training/checkpoints/regressor/best_model.pt"", ""device"": ""mps""}",48.00,1,solved,54,,12852,41333,12343,26327,27.1670,28.0153,1
52,abf68d190c32745e,,wastar,"{""w"": 1.0}",regressor,"{""checkpoint"": ""../phase2_model_training/checkpoints/regressor/best_model.pt"", ""device"": ""mps""}",48.00,1,solved,52,,1430,4590,1390,3017,3.1126,3.2052,1
53,e9c8f52b0137a4d6,,wastar,"{""w"": 1.0}",regressor,"{""checkpoint"": ""../phase2_model_training/checkpoints/regressor/best_model.pt"", ""device"": ""mps""}",45.00,1,solved,48,,1039,3314,1021,2168,2.2235,2.2925,1
54,1c563a8de704fb92,,wastar,"{""w"": 1.0}",regressor,"{""checkpoint"": ""../phase2_model_training/checkpoints/regressor/best_model.pt"", ""device"": ""mps""}",48.00,1,solved,50,,55,182,56,128,0.1449,0.1489,1
55,e35cfa28791b6d40,,wastar,"{""w"": 1.0}",regressor,"{""checkpoint"": ""../phase2_model_training/checkpoints/regressor/best_model.pt"", ""device"": ""mps""}",41.00,1,solved,42,,525,1728,520,1146,1.2046,1.2412,1
56,c2a4f1798d05eb36,,wastar,"{""w"": 1.0}",regressor,"{""checkpoint"": ""../phase2_model_training/checkpoints/regressor/best_model.pt"", ""device"": ""mps""}",48.00,1,solved,52,,5620,17964,5342,11258,11.4202,11.7793,1
57,e628f0da179b3c54,,wastar,"{""w"": 1.0}",regressor,"{""checkpoint"": ""../phase2_model_training/checkpoints/regressor/best_model.pt"", ""device"": ""mps""}",43.00,1,solved,46,,182,585,183,403,0.2891,0.2968,1
58,1a7df295b6048ec3,,wastar,"{""w"": 1.0}",regressor,"{""checkpoint"": ""../phase2_model_training/checkpoints/regressor/best_model.pt"", ""device"": ""mps""}",50.00,1,solved,52,,155,497,156,342,0.2707,0.2785,1
59,afd862537be491c0,,wastar,"{""w"": 1.0}",regressor,"{""checkpoint"": ""../phase2_model_training/checkpoints/regressor/best_model.pt"", ""device"": ""mps""}",42.00,1,solved,44,,124,392,125,263,0.1892,0.1945,1
60,9a7cdb682e31f450,,wastar,"{""w"": 1.0}",regressor,"{""checkpoint"": ""../phase2_model_training/checkpoints/regressor/best_model.pt"", ""device"": ""mps""}",39.00,1,solved,44,,1601,5079,1552,3298,2.3044,2.3822,1
61,dc1875fea6023b49,,wastar,"{""w"": 1.0}",regressor,"{""checkpoint"": ""../phase2_model_training/checkpoints/regressor/best_model.pt"", ""device"": ""mps""}",42.00,1,solved,46,,1406,4518,1342,2901,1.9977,2.0602,1
62,15fd76b2ea0948c3,,wastar,"{""w"": 1.0}",regressor,"{""checkpoint"": ""../phase2_model_training/checkpoints/regressor/best_model.pt"", ""device"": ""mps""}",54.00,1,solved,58,,921,3058,912,2100,1.4065,1.4508,1
63,bf8e9a62d4051c73,,wastar,"{""w"": 1.0}",regressor,"{""checkpoint"": ""../phase2_model_training/checkpoints/regressor/best_model.pt"", ""device"": ""mps""}",47.00,1,solved,50,,1153,3667,1100,2351,1.6066,1.6564,1
64,eac510fd29b83674,,wastar,"{""w"": 1.0}",regressor,"{""checkpoint"": ""../phase2_model_training/checkpoints/regressor/best_model.pt"", ""device"": ""mps""}",39.00,1,solved,42,,633,1998,627,1306,0.8900,0.9164,1
65,7ea81b3504cf296d,,wastar,"{""w"": 1.0}",regressor,"{""checkpoint"": ""../phase2_model_training/checkpoints/regressor/best_model.pt"", ""device"": ""mps""}",48.00,1,solved,54,,3041,9714,3003,6397,4.3467,4.4757,1
66,f68c9eb03475a12d,,wastar,"{""w"": 1.0}",regressor,"{""checkpoint"": ""../phase2_model_training/checkpoints/regressor/best_model.pt"", ""device"": ""mps""}",46.00,1,solved,48,,865,2777,858,1879,1.1501,1.1848,1
67,3f75e0a4169bdc28,,wastar,"{""w"": 1.0}",regressor,"{""checkpoint"": ""../phase2_model_training/checkpoints/regressor/best_model.pt"", ""device"": ""mps""}",54.00,1,solved,58,,406,1323,401,884,0.5597,0.5754,1
68,cbf92d316805ea47,,wastar,"{""w"": 1.0}",regressor,"{""checkpoint"": ""../phase2_model_training/checkpoints/regressor/best_model.pt"", ""device"": ""mps""}",50.00,1,solved,54,,222,721,221,490,0.3195,0.3295,1
69,4fec5a10728db963,,wastar,"{""w"": 1.0}",regressor,"{""checkpoint"": ""../phase2_model_training/checkpoints/regressor/best_model.pt"", ""device"": ""mps""}",46.00,1,solved,46,,288,895,289,602,0.4023,0.4148,1
70,b9da7f813e0c2465,,wastar,"{""w"": 1.0}",regressor,"{""checkpoint"": ""../phase2_model_training/checkpoints/regressor/best_model.pt"", ""device"": ""mps""}",30.00,1,solved,36,,314,1000,299,636,0.4039,0.4155,1
71,2edc9386f70a41b5,,wastar,"{""w"": 1.0}",regressor,"{""checkpoint"": ""../phase2_model_training/checkpoints/regressor/best_model.pt"", ""device"": ""mps""}",41.00,1,solved,46,,634,2031,629,1351,0.8922,0.9179,1
72,671d98a0fe4cb325,,wastar,"{""w"": 1.0}",regressor,"{""checkpoint"": ""../phase2_model_training/checkpoints/regressor/best_model.pt"", ""device"": ""mps""}",39.00,1,solved,46,,2718,8743,2683,5793,3.5468,3.6485,1
73,b7f9e0a23c46d815,,wastar,"{""w"": 1.0}",regressor,"{""checkpoint"": ""../phase2_model_training/checkpoints/regressor/best_model.pt"", ""device"": ""mps""}",47.00,1,solved,50,,215,702,215,484,0.2818,0.2900,1
74,a68fd5c09eb23714,,wastar,"{""w"": 1.0}",regressor,"{""checkpoint"": ""../phase2_model_training/checkpoints/regressor/best_model.pt"", ""device"": ""mps""}",40.00,1,solved,44,,1119,3525,1079,2232,1.5535,1.6017,1
75,bea52019df867c34,,wastar,"{""w"": 1.0}",regressor,"{""checkpoint"": ""../phase2_model_training/checkpoints/regressor/best_model.pt"", ""device"": ""mps""}",44.00,1,solved,44,,125,414,125,283,0.1731,0.1781,1
76,d7cab1940f82635e,,wastar,"{""w"": 1.0}",regressor,"{""checkpoint"": ""../phase2_model_training/checkpoints/regressor/best_model.pt"", ""device"": ""mps""}",44.00,1,solved,44,,74,238,75,165,0.1085,0.1115,1
77,c30b52d479a8ef16,,wastar,"{""w"": 1.0}",regressor,"{""checkpoint"": ""../phase2_model_training/checkpoints/regressor/best_model.pt"", ""device"": ""mps""}",56.00,1,solved,60,,5560,17627,5390,11299,7.9620,8.2025,1
78,278cef9d0b64a135,,wastar,"{""w"": 1.0}",regressor,"{""checkpoint"": ""../phase2_model_training/checkpoints/regressor/best_model.pt"", ""device"": ""mps""}",44.00,1,solved,48,,1790,5690,1770,3774,2.9895,3.0779,1
79,ac09f2d1b38645e7,,wastar,"{""w"": 1.0}",regressor,"{""checkpoint"": ""../phase2_model_training/checkpoints/regressor/best_model.pt"", ""device"": ""mps""}",44.00,1,solved,44,,71,228,72,158,0.1355,0.1398,1
80,bde8a0c963247f15,,wastar,"{""w"": 1.0}",regressor,"{""checkpoint"": ""../phase2_model_training/checkpoints/regressor/best_model.pt"", ""device"": ""mps""}",36.00,1,solved,38,,111,356,112,244,0.1769,0.1820,1
81,27c619a8b3e54df0,,wastar,"{""w"": 1.0}",regressor,"{""checkpoint"": ""../phase2_model_training/checkpoints/regressor/best_model.pt"", ""device"": ""mps""}",53.00,1,solved,58,,7406,23987,7152,15538,10.4772,10.7916,1
82,faec9d106b584723,,wastar,"{""w"": 1.0}",regressor,"{""checkpoint"": ""../phase2_model_training/checkpoints/regressor/best_model.pt"", ""device"": ""mps""}",36.00,1,solved,42,,1217,3859,1201,2536,1.6627,1.7085,1
83,bae9c12534d786f0,,wastar,"{""w"": 1.0}",regressor,"{""checkpoint"": ""../phase2_model_training/checkpoints/regressor/best_model.pt"", ""device"": ""mps""}",51.00,1,solved,56,,156,498,157,342,0.2337,0.2402,1
84,0fb47a9d86ec5321,,wastar,"{""w"": 1.0}",regressor,"{""checkpoint"": ""../phase2_model_training/checkpoints/regressor/best_model.pt"", ""device"": ""mps""}",39.00,1,solved,42,,219,719,220,493,0.3261,0.3346,1
85,af059bd6e14c2738,,wastar,"{""w"": 1.0}",regressor,"{""checkpoint"": ""../phase2_model_training/checkpoints/regressor/best_model.pt"", ""device"": ""mps""}",40.00,1,solved,44,,369,1175,366,795,0.5568,0.5720,1
86,ef046b9ca3d27581,,wastar,"{""w"": 1.0}",regressor,"{""checkpoint"": ""../phase2_model_training/checkpoints/regressor/best_model.pt"", ""device"": ""mps""}",38.00,1,solved,44,,1455,4582,1434,3009,2.2698,2.3331,1
87,e357d4bc8106f9a2,,wastar,"{""w"": 1.0}",regressor,"{""checkpoint"": ""../phase2_model_training/checkpoints/regressor/best_model.pt"", ""device"": ""mps""}",53.00,1,solved,58,,3177,10304,3010,6559,4.6229,4.7574,1
88,1d59203e7fbca648,,wastar,"{""w"": 1.0}",regressor,"{""checkpoint"": ""../phase2_model_training/checkpoints/regressor/best_model.pt"", ""device"": ""mps""}",46.00,1,solved,52,,2100,6773,2082,4517,3.9705,4.0881,1
89,fed8bc9016a37425,,wastar,"{""w"": 1.0}",regressor,"{""checkpoint"": ""../phase2_model_training/checkpoints/regressor/best_model.pt"", ""device"": ""mps""}",34.00,1,solved,36,,208,657,206,442,0.4391,0.4523,1
90,f2ad168c9e0b7534,,wastar,"{""w"": 1.0}",regressor,"{""checkpoint"": ""../phase2_model_training/checkpoints/regressor/best_model.pt"", ""device"": ""mps""}",40.00,1,solved,42,,103,340,103,235,0.1719,0.1770,1
91,72ecf9a1b5864d30,,wastar,"{""w"": 1.0}",regressor,"{""checkpoint"": ""../phase2_model_training/checkpoints/regressor/best_model.pt"", ""device"": ""mps""}",46.00,1,solved,48,,142,469,141,320,0.2389,0.2460,1
92,f3cd20e98b45671a,,wastar,"{""w"": 1.0}",regressor,"{""checkpoint"": ""../phase2_model_training/checkpoints/regressor/best_model.pt"", ""device"": ""mps""}",42.00,1,solved,46,,168,548,168,376,0.3250,0.3340,1
93,5fd43029be618ac7,,wastar,"{""w"": 1.0}",regressor,"{""checkpoint"": ""../phase2_model_training/checkpoints/regressor/best_model.pt"", ""device"": ""mps""}",49.00,1,solved,50,,206,663,207,452,0.4006,0.4117,1
94,c2ed4f9a057168b3,,wastar,"{""w"": 1.0}",regressor,"{""checkpoint"": ""../phase2_model_training/checkpoints/regressor/best_model.pt"", ""device"": ""mps""}",50.00,1,solved,52,,507,1632,485,1053,0.7749,0.7981,1
95,9f6e7358ab1d204c,,wastar,"{""w"": 1.0}",regressor,"{""checkpoint"": ""../phase2_model_training/checkpoints/regressor/best_model.pt"", ""device"": ""mps""}",41.00,1,solved,40,,58,183,59,126,0.1020,0.1048,1
96,b15afc3472e8d096,,wastar,"{""w"": 1.0}",regressor,"{""checkpoint"": ""../phase2_model_training/checkpoints/regressor/best_model.pt"", ""device"": ""mps""}",51.00,1,solved,56,,1167,3724,1112,2374,1.6276,1.6776,1
97,efdc2943a75860b1,,wastar,"{""w"": 1.0}",regressor,"{""checkpoint"": ""../phase2_model_training/checkpoints/regressor/best_model.pt"", ""device"": ""mps""}",37.00,1,solved,40,,813,2593,810,1713,1.1199,1.1531,1
98,aec2d5f90b861734,,wastar,"{""w"": 1.0}",regressor,"{""checkpoint"": ""../phase2_model_training/checkpoints/regressor/best_model.pt"", ""device"": ""mps""}",41.00,1,solved,44,,136,438,137,301,0.2015,0.2071,1
99,1ac2906e53b7df48,,wastar,"{""w"": 1.0}",regressor,"{""checkpoint"": ""../phase2_model_training/checkpoints/regressor/best_model.pt"", ""device"": ""mps""}",54.00,1,solved,56,,477,1554,478,1069,0.7324,0.7540,1
0,8ab57e3c01296df4,,wastar,"{""w"": 2.0}",regressor,"{""checkpoint"": ""../phase2_model_training/checkpoints/regressor/best_model.pt"", ""device"": ""mps""}",47.00,1,solved,70,,143,462,143,319,0.2075,0.2133,1
1,8f4a75ed326cb091,,wastar,"{""w"": 2.0}",regressor,"{""checkpoint"": ""../phase2_model_training/checkpoints/regressor/best_model.pt"", ""device"": ""mps""}",41.00,1,solved,56,,100,319,100,219,0.1595,0.1645,1
2,8c0edb4f792536a1,,wastar,"{""w"": 2.0}",regressor,"{""checkpoint"": ""../phase2_model_training/checkpoints/regressor/best_model.pt"", ""device"": ""mps""}",40.00,1,solved,50,,77,250,78,174,0.1272,0.1315,1
3,5e692f8d0c43ab17,,wastar,"{""w"": 2.0}",regressor,"{""checkpoint"": ""../phase2_model_training/checkpoints/regressor/best_model.pt"", ""device"": ""mps""}",48.00,1,solved,62,,342,1074,338,715,0.4821,0.4980,1
4,01d46fe2bac57398,,wastar,"{""w"": 2.0}",regressor,"{""checkpoint"": ""../phase2_model_training/checkpoints/regressor/best_model.pt"", ""device"": ""mps""}",44.00,1,solved,54,,219,684,203,426,0.2999,0.3091,1
5,ebc8f514da296370,,wastar,"{""w"": 2.0}",regressor,"{""checkpoint"": ""../phase2_model_training/checkpoints/regressor/best_model.pt"", ""device"": ""mps""}",40.00,1,solved,40,,47,149,48,103,0.0813,0.0833,1
6,87c53fbd2e0614a9,,wastar,"{""w"": 2.0}",regressor,"{""checkpoint"": ""../phase2_model_training/checkpoints/regressor/best_model.pt"", ""device"": ""mps""}",37.00,1,solved,50,,111,352,111,241,0.1831,0.1885,1
7,bc9eaf64035d2178,,wastar,"{""w"": 2.0}",regressor,"{""checkpoint"": ""../phase2_model_training/checkpoints/regressor/best_model.pt"", ""device"": ""mps""}",36.00,1,solved,44,,175,553,175,377,0.2952,0.3051,1
8,d957c832a46be0f1,,wastar,"{""w"": 2.0}",regressor,"{""checkpoint"": ""../phase2_model_training/checkpoints/regressor/best_model.pt"", ""device"": ""mps""}",56.00,1,solved,52,,53,167,54,115,0.0976,0.1003,1
9,a49e3db67f05281c,,wastar,"{""w"": 2.0}",regressor,"{""checkpoint"": ""../phase2_model_training/checkpoints/regressor/best_model.pt"", ""device"": ""mps""}",45.00,1,solved,64,,301,956,298,643,0.6332,0.6535,1
10,fc0b42a5378e619d,,wastar,"{""w"": 2.0}",regressor,"{""checkpoint"": ""../phase2_model_training/checkpoints/regressor/best_model.pt"", ""device"": ""mps""}",47.00,1,solved,54,,64,205,65,142,0.1066,0.1099,1
11,c2b1ea483f95d760,,wastar,"{""w"": 2.0}",regressor,"{""checkpoint"": ""../phase2_model_training/checkpoints/regressor/best_model.pt"", ""device"": ""mps""}",48.00,1,solved,66,,390,1239,352,762,0.4871,0.5011,1
12,c25d10e873ab96f4,,wastar,"{""w"": 2.0}",regressor,"{""checkpoint"": ""../phase2_model_training/checkpoints/regressor/best_model.pt"", ""device"": ""mps""}",51.00,1,solved,66,,229,723,226,483,0.4634,0.4764,1
13,e8f470ab21dc5693,,wastar,"{""w"": 2.0}",regressor,"{""checkpoint"": ""../phase2_model_training/checkpoints/regressor/best_model.pt"", ""device"": ""mps""}",48.00,1,solved,60,,76,253,77,178,0.1387,0.1443,1
14,72596c10aedf3b84,,wastar,"{""w"": 2.0}",regressor,"{""checkpoint"": ""../phase2_model_training/checkpoints/regressor/best_model.pt"", ""device"": ""mps""}",48.00,1,solved,64,,164,522,163,352,0.3204,0.3316,1
15,ef2d501b867a934c,,wastar,"{""w"": 2.0}",regressor,"{""checkpoint"": ""../phase2_model_training/checkpoints/regressor/best_model.pt"", ""device"": ""mps""}",47.00,1,solved,56,,233,740,232,500,0.5270,0.5455,1
16,ad84c615be0239f7,,wastar,"{""w"": 2.0}",regressor,"{""checkpoint"": ""../phase2_model_training/checkpoints/regressor/best_model.pt"", ""device"": ""mps""}",42.00,1,solved,46,,50,164,51,115,0.0915,0.0943,1
17,bf4dac98560e3217,,wastar,"{""w"": 2.0}",regressor,"{""checkpoint"": ""../phase2_model_training/checkpoints/regressor/best_model.pt"", ""device"": ""mps""}",39.00,1,solved,42,,46,154,47,109,0.0932,0.0958,1
18,bd08947ce6a1f352,,wastar,"{""w"": 2.0}",regressor,"{""checkpoint"": ""../phase2_model_training/checkpoints/regressor/best_model.pt"", ""device"": ""mps""}",37.00,1,solved,36,,36,115,37,80,0.0809,0.0829,1
19,3ea4bcdf75069218,,wastar,"{""w"": 2.0}",regressor,"{""checkpoint"": ""../phase2_model_training/checkpoints/regressor/best_model.pt"", ""device"": ""mps""}",46.00,1,solved,58,,163,516,163,352,0.4002,0.4115,1
20,2b8d1e3c590476af,,wastar,"{""w"": 2.0}",regressor,"{""checkpoint"": ""../phase2_model_training/checkpoints/regressor/best_model.pt"", ""device"": ""mps""}",48.00,1,solved,60,,100,333,101,234,0.2459,0.2526,1
21,8fc2a069d1eb3754,,wastar,"{""w"": 2.0}",regressor,"{""checkpoint"": ""../phase2_model_training/checkpoints/regressor/best_model.pt"", ""device"": ""mps""}",45.00,1,solved,54,,59,198,60,140,0.1321,0.1359,1
22,fc5ae0d17324b986,,wastar,"{""w"": 2.0}",regressor,"{""checkpoint"": ""../phase2_model_training/checkpoints/regressor/best_model.pt"", ""device"": ""mps""}",41.00,1,solved,50,,61,194,62,134,0.1574,0.1619,1
23,afb57e4608cd3291,,wastar,"{""w"": 2.0}",regressor,"{""checkpoint"": ""../phase2_model_training/checkpoints/regressor/best_model.pt"", ""device"": ""mps""}",38.00,1,solved,52,,104,335,104,231,0.2484,0.2562,1
24,bdcea7f506482931,,wastar,"{""w"": 2.0}",regressor,"{""checkpoint"": ""../phase2_model_training/checkpoints/regressor/best_model.pt"", ""device"": ""mps""}",38.00,1,solved,48,,97,309,98,213,0.1863,0.1920,1
25,06cd48791ef5b3a2,,wastar,"{""w"": 2.0}",regressor,"{""checkpoint"": ""../phase2_model_training/checkpoints/regressor/best_model.pt"", ""device"": ""mps""}",49.00,1,solved,64,,699,2193,638,1320,1.2238,1.2703,1
26,af0e769c1d28b345,,wastar,"{""w"": 2.0}",regressor,"{""checkpoint"": ""../phase2_model_training/checkpoints/regressor/best_model.pt"", ""device"": ""mps""}",30.00,1,solved,36,,177,558,171,359,0.3024,0.3120,1
27,da5c9164037feb82,,wastar,"{""w"": 2.0}",regressor,"{""checkpoint"": ""../phase2_model_training/checkpoints/regressor/best_model.pt"", ""device"": ""mps""}",44.00,1,solved,62,,266,847,256,551,0.5282,0.5468,1
28,f9ce7168d34520ba,,wastar,"{""w"": 2.0}",regressor,"{""checkpoint"": ""../phase2_model_training/checkpoints/regressor/best_model.pt"", ""device"": ""mps""}",40.00,1,solved,46,,54,173,55,120,0.1189,0.1220,1
29,8c94bef105d2a673,,wastar,"{""w"": 2.0}",regressor,"{""checkpoint"": ""../phase2_model_training/checkpoints/regressor/best_model.pt"", ""device"": ""mps""}",41.00,1,solved,44,,45,141,46,97,0.1025,0.1051,1
30,b65e19da284cf073,,wastar,"{""w"": 2.0}",regressor,"{""checkpoint"": ""../phase2_model_training/checkpoints/regressor/best_model.pt"", ""device"": ""mps""}",49.00,1,solved,62,,98,313,98,211,0.2133,0.2192,1
31,fbe97065dc813a24,,wastar,"{""w"": 2.0}",regressor,"{""checkpoint"": ""../phase2_model_training/checkpoints/regressor/best_model.pt"", ""device"": ""mps""}",33.00,1,solved,34,,43,150,44,108,0.0570,0.0584,1
32,f9b47de035a216c8,,wastar,"{""w"": 2.0}",regressor,"{""checkpoint"": ""../phase2_model_training/checkpoints/regressor/best_model.pt"", ""device"": ""mps""}",42.00,1,solved,60,,311,981,279,590,0.4161,0.4278,1
33,b7da6045ce19f238,,wastar,"{""w"": 2.0}",regressor,"{""checkpoint"": ""../phase2_model_training/checkpoints/regressor/best_model.pt"", ""device"": ""mps""}",46.00,1,solved,58,,233,729,233,494,0.4331,0.4448,1
34,6ecab52037d8f419,,wastar,"{""w"": 2.0}",regressor,"{""checkpoint"": ""../phase2_model_training/checkpoints/regressor/best_model.pt"", ""device"": ""mps""}",43.00,1,solved,60,,433,1349,426,887,1.0859,1.1163,1
35,91b6308e25fdac74,,wastar,"{""w"": 2.0}",regressor,"{""checkpoint"": ""../phase2_model_training/checkpoints/regressor/best_model.pt"", ""device"": ""mps""}",49.00,1,solved,60,,325,1024,295,629,0.6647,0.6847,1
36,b1fcda64e3092758,,wastar,"{""w"": 2.0}",regressor,"{""checkpoint"": ""../phase2_model_training/checkpoints/regressor/best_model.pt"", ""device"": ""mps""}",36.00,1,solved,46,,119,386,119,265,0.3078,0.3160,1
37,db85639caf47e012,,wastar,"{""w"": 2.0}",regressor,"{""checkpoint"": ""../phase2_model_training/checkpoints/regressor/best_model.pt"", ""device"": ""mps""}",46.00,1,solved,52,,63,200,64,138,0.1676,0.1719,1
38,8baef09374dc1625,,wastar,"{""w"": 2.0}",regressor,"{""checkpoint"": ""../phase2_model_training/checkpoints/regressor/best_model.pt"", ""device"": ""mps""}",44.00,1,solved,60,,309,992,305,668,0.8194,0.8450,1
39,59c6e830fb2a741d,,wastar,"{""w"": 2.0}",regressor,"{""checkpoint"": ""../phase2_model_training/checkpoints/regressor/best_model.pt"", ""device"": ""mps""}",45.00,1,solved,52,,65,209,66,145,0.1647,0.1704,1
40,8dfce0a92b453671,,wastar,"{""w"": 2.0}",regressor,"{""checkpoint"": ""../phase2_model_training/checkpoints/regressor/best_model.pt"", ""device"": ""mps""}",37.00,1,solved,54,,208,656,195,415,0.3594,0.3712,1
41,9f7385debc64a021,,wastar,"{""w"": 2.0}",regressor,"{""checkpoint"": ""../phase2_model_training/checkpoints/regressor/best_model.pt"", ""device"": ""mps""}",49.00,1,solved,66,,113,364,113,251,0.2295,0.2355,1
42,4ec8b659d3f17a20,,wastar,"{""w"": 2.0}",regressor,"{""checkpoint"": ""../phase2_model_training/checkpoints/regressor/best_model.pt"", ""device"": ""mps""}",42.00,1,solved,62,,500,1585,493,1055,1.1437,1.1754,1
43,d908e16ca7b5f324,,wastar,"{""w"": 2.0}",regressor,"{""checkpoint"": ""../phase2_model_training/checkpoints/regressor/best_model.pt"", ""device"": ""mps""}",33.00,1,solved,44,,72,233,73,162,0.1183,0.1218,1
44,fea98d5432c6b170,,wastar,"{""w"": 2.0}",regressor,"{""checkpoint"": ""../phase2_model_training/checkpoints/regressor/best_model.pt"", ""device"": ""mps""}",42.00,1,solved,46,,411,1306,389,838,0.6047,0.6219,1
45,c9bd74f50e6132a8,,wastar,"{""w"": 2.0}",regressor,"{""checkpoint"": ""../phase2_model_training/checkpoints/regressor/best_model.pt"", ""device"": ""mps""}",41.00,1,solved,46,,58,183,59,126,0.0949,0.0974,1
46,658b1f7cad0e9324,,wastar,"{""w"": 2.0}",regressor,"{""checkpoint"": ""../phase2_model_training/checkpoints/regressor/best_model.pt"", ""device"": ""mps""}",46.00,1,solved,68,,290,892,290,598,0.5947,0.6105,1
47,cb03ad8e497652f1,,wastar,"{""w"": 2.0}",regressor,"{""checkpoint"": ""../phase2_model_training/checkpoints/regressor/best_model.pt"", ""device"": ""mps""}",56.00,1,solved,64,,74,240,75,167,0.1735,0.1788,1
48,ab09c538e671f24d,,wastar,"{""w"": 2.0}",regressor,"{""checkpoint"": ""../phase2_model_training/checkpoints/regressor/best_model.pt"", ""device"": ""mps""}",45.00,1,solved,54,,59,188,60,130,0.1453,0.1502,1
49,bd2cf64a35e71098,,wastar,"{""w"": 2.0}",regressor,"{""checkpoint"": ""../phase2_model_training/checkpoints/regressor/best_model.pt"", ""device"": ""mps""}",42.00,1,solved,58,,179,560,176,371,0.4033,0.4149,1
50,da627fbe01c83954,,wastar,"{""w"": 2.0}",regressor,"{""checkpoint"": ""../phase2_model_training/checkpoints/regressor/best_model.pt"", ""device"": ""mps""}",40.00,1,solved,48,,103,335,103,231,0.2642,0.2716,1
51,ed2810493f567bca,,wastar,"{""w"": 2.0}",regressor,"{""checkpoint"": ""../phase2_model_training/checkpoints/regressor/best_model.pt"", ""device"": ""mps""}",48.00,1,solved,72,,131,439,132,309,0.2621,0.2697,1
52,abf68d190c32745e,,wastar,"{""w"": 2.0}",regressor,"{""checkpoint"": ""../phase2_model_training/checkpoints/regressor/best_model.pt"", ""device"": ""mps""}",48.00,1,solved,70,,429,1335,421,881,1.0249,1.0539,1
53,e9c8f52b0137a4d6,,wastar,"{""w"": 2.0}",regressor,"{""checkpoint"": ""../phase2_model_training/checkpoints/regressor/best_model.pt"", ""device"": ""mps""}",45.00,1,solved,52,,341,1084,326,696,0.8430,0.8665,1
54,1c563a8de704fb92,,wastar,"{""w"": 2.0}",regressor,"{""checkpoint"": ""../phase2_model_training/checkpoints/regressor/best_model.pt"", ""device"": ""mps""}",48.00,1,solved,50,,53,174,54,122,0.1096,0.1128,1
55,e35cfa28791b6d40,,wastar,"{""w"": 2.0}",regressor,"{""checkpoint"": ""../phase2_model_training/checkpoints/regressor/best_model.pt"", ""device"": ""mps""}",41.00,1,solved,50,,64,212,65,149,0.1548,0.1590,1
56,c2a4f1798d05eb36,,wastar,"{""w"": 2.0}",regressor,"{""checkpoint"": ""../phase2_model_training/checkpoints/regressor/best_model.pt"", ""device"": ""mps""}",48.00,1,solved,68,,399,1262,356,765,0.9515,0.9796,1
57,e628f0da179b3c54,,wastar,"{""w"": 2.0}",regressor,"{""checkpoint"": ""../phase2_model_training/checkpoints/regressor/best_model.pt"", ""device"": ""mps""}",43.00,1,solved,52,,313,995,292,630,0.7777,0.8010,1
58,1a7df295b6048ec3,,wastar,"{""w"": 2.0}",regressor,"{""checkpoint"": ""../phase2_model_training/checkpoints/regressor/best_model.pt"", ""device"": ""mps""}",50.00,1,solved,74,,218,686,218,467,0.4847,0.4982,1
59,afd862537be491c0,,wastar,"{""w"": 2.0}",regressor,"{""checkpoint"": ""../phase2_model_training/checkpoints/regressor/best_model.pt"", ""device"": ""mps""}",42.00,1,solved,46,,58,191,59,134,0.1308,0.1345,1
60,9a7cdb682e31f450,,wastar,"{""w"": 2.0}",regressor,"{""checkpoint"": ""../phase2_model_training/checkpoints/regressor/best_model.pt"", ""device"": ""mps""}",39.00,1,solved,48,,95,302,95,207,0.2349,0.2411,1
61,dc1875fea6023b49,,wastar,"{""w"": 2.0}",regressor,"{""checkpoint"": ""../phase2_model_training/checkpoints/regressor/best_model.pt"", ""device"": ""mps""}",42.00,1,solved,58,,392,1240,383,821,0.9986,1.0264,1
62,15fd76b2ea0948c3,,wastar,"{""w"": 2.0}",regressor,"{""checkpoint"": ""../phase2_model_training/checkpoints/regressor/best_model.pt"", ""device"": ""mps""}",54.00,1,solved,58,,64,209,65,146,0.1548,0.1590,1
63,bf8e9a62d4051c73,,wastar,"{""w"": 2.0}",regressor,"{""checkpoint"": ""../phase2_model_training/checkpoints/regressor/best_model.pt"", ""device"": ""mps""}",47.00,1,solved,54,,167,531,167,363,0.3979,0.4083,1
64,eac510fd29b83674,,wastar,"{""w"": 2.0}",regressor,"{""checkpoint"": ""../phase2_model_training/checkpoints/regressor/best_model.pt"", ""device"": ""mps""}",39.00,1,solved,44,,89,287,89,195,0.2162,0.2220,1
65,7ea81b3504cf296d,,wastar,"{""w"": 2.0}",regressor,"{""checkpoint"": ""../phase2_model_training/checkpoints/regressor/best_model.pt"", ""device"": ""mps""}",48.00,1,solved,62,,399,1258,377,798,0.9940,1.0228,1
66,f68c9eb03475a12d,,wastar,"{""w"": 2.0}",regressor,"{""checkpoint"": ""../phase2_model_training/checkpoints/regressor/best_model.pt"", ""device"": ""mps""}",46.00,1,solved,74,,248,779,248,529,0.6057,0.6256,1
67,3f75e0a4169bdc28,,wastar,"{""w"": 2.0}",regressor,"{""checkpoint"": ""../phase2_model_training/checkpoints/regressor/best_model.pt"", ""device"": ""mps""}",54.00,1,solved,68,,114,375,114,261,0.2164,0.2226,1
68,cbf92d316805ea47,,wastar,"{""w"": 2.0}",regressor,"{""checkpoint"": ""../phase2_model_training/checkpoints/regressor/best_model.pt"", ""device"": ""mps""}",50.00,1,solved,72,,212,676,209,453,0.4490,0.4618,1
69,4fec5a10728db963,,wastar,"{""w"": 2.0}",regressor,"{""checkpoint"": ""../phase2_model_training/checkpoints/regressor/best_model.pt"", ""device"": ""mps""}",46.00,1,solved,46,,60,192,61,133,0.1433,0.1470,1
70,b9da7f813e0c2465,,wastar,"{""w"": 2.0}",regressor,"{""checkpoint"": ""../phase2_model_training/checkpoints/regressor/best_model.pt"", ""device"": ""mps""}",30.00,1,solved,40,,137,425,137,287,0.3291,0.3379,1
71,2edc9386f70a41b5,,wastar,"{""w"": 2.0}",regressor,"{""checkpoint"": ""../phase2_model_training/checkpoints/regressor/best_model.pt"", ""device"": ""mps""}",41.00,1,solved,62,,347,1077,346,719,0.8550,0.8784,1
72,671d98a0fe4cb325,,wastar,"{""w"": 2.0}",regressor,"{""checkpoint"": ""../phase2_model_training/checkpoints/regressor/best_model.pt"", ""device"": ""mps""}",39.00,1,solved,56,,203,636,198,414,0.3998,0.4109,1
73,b7f9e0a23c46d815,,wastar,"{""w"": 2.0}",regressor,"{""checkpoint"": ""../phase2_model_training/checkpoints/regressor/best_model.pt"", ""device"": ""mps""}",47.00,1,solved,62,,203,647,203,442,0.4742,0.4871,1
74,a68fd5c09eb23714,,wastar,"{""w"": 2.0}",regressor,"{""checkpoint"": ""../phase2_model_training/checkpoints/regressor/best_model.pt"", ""device"": ""mps""}",40.00,1,solved,46,,96,312,95,212,0.2248,0.2310,1
75,bea52019df867c34,,wastar,"{""w"": 2.0}",regressor,"{""checkpoint"": ""../phase2_model_training/checkpoints/regressor/best_model.pt"", ""device"": ""mps""}",44.00,1,solved,50,,96,315,96,219,0.2274,0.2336,1
76,d7cab1940f82635e,,wastar,"{""w"": 2.0}",regressor,"{""checkpoint"": ""../phase2_model_training/checkpoints/regressor/best_model.pt"", ""device"": ""mps""}",44.00,1,solved,62,,156,495,152,328,0.3604,0.3702,1
77,c30b52d479a8ef16,,wastar,"{""w"": 2.0}",regressor,"{""checkpoint"": ""../phase2_model_training/checkpoints/regressor/best_model.pt"", ""device"": ""mps""}",56.00,1,solved,68,,200,632,200,431,0.4970,0.5110,1
78,278cef9d0b64a135,,wastar,"{""w"": 2.0}",regressor,"{""checkpoint"": ""../phase2_model_training/checkpoints/regressor/best_model.pt"", ""device"": ""mps""}",44.00,1,solved,68,,261,822,259,553,0.4743,0.4888,1
79,ac09f2d1b38645e7,,wastar,"{""w"": 2.0}",regressor,"{""checkpoint"": ""../phase2_model_training/checkpoints/regressor/best_model.pt"", ""device"": ""mps""}",44.00,1,solved,56,,360,1137,347,739,0.7147,0.7413,1
80,bde8a0c963247f15,,wastar,"{""w"": 2.0}",regressor,"{""checkpoint"": ""../phase2_model_training/checkpoints/regressor/best_model.pt"", ""device"": ""mps""}",36.00,1,solved,38,,49,152,50,104,0.1095,0.1134,1
81,27c619a8b3e54df0,,wastar,"{""w"": 2.0}",regressor,"{""checkpoint"": ""../phase2_model_training/checkpoints/regressor/best_model.pt"", ""device"": ""mps""}",53.00,1,solved,60,,227,712,220,463,0.4867,0.5020,1
82,faec9d106b584723,,wastar,"{""w"": 2.0}",regressor,"{""checkpoint"": ""../phase2_model_training/checkpoints/regressor/best_model.pt"", ""device"": ""mps""}",36.00,1,solved,42,,79,253,80,175,0.1906,0.1957,1
83,bae9c12534d786f0,,wastar,"{""w"": 2.0}",regressor,"{""checkpoint"": ""../phase2_model_training/checkpoints/regressor/best_model.pt"", ""device"": ""mps""}",51.00,1,solved,64,,82,274,83,193,0.1574,0.1622,1
84,0fb47a9d86ec5321,,wastar,"{""w"": 2.0}",regressor,"{""checkpoint"": ""../phase2_model_training/checkpoints/regressor/best_model.pt"", ""device"": ""mps""}",39.00,1,solved,50,,200,628,200,427,0.4198,0.4314,1
85,af059bd6e14c2738,,wastar,"{""w"": 2.0}",regressor,"{""checkpoint"": ""../phase2_model_training/checkpoints/regressor/best_model.pt"", ""device"": ""mps""}",40.00,1,solved,56,,120,386,120,266,0.2899,0.2990,1
86,ef046b9ca3d27581,,wastar,"{""w"": 2.0}",regressor,"{""checkpoint"": ""../phase2_model_training/checkpoints/regressor/best_model.pt"", ""device"": ""mps""}",38.00,1,solved,48,,124,395,124,271,0.2822,0.2900,1
87,e357d4bc8106f9a2,,wastar,"{""w"": 2.0}",regressor,"{""checkpoint"": ""../phase2_model_training/checkpoints/regressor/best_model.pt"", ""device"": ""mps""}",53.00,1,solved,70,,318,1011,306,659,0.7042,0.7259,1
88,1d59203e7fbca648,,wastar,"{""w"": 2.0}",regressor,"{""checkpoint"": ""../phase2_model_training/checkpoints/regressor/best_model.pt"", ""device"": ""mps""}",46.00,1,solved,54,,70,230,71,161,0.1806,0.1856,1
89,fed8bc9016a37425,,wastar,"{""w"": 2.0}",regressor,"{""checkpoint"": ""../phase2_model_training/checkpoints/regressor/best_model.pt"", ""device"": ""mps""}",34.00,1,solved,40,,150,479,150,328,0.2922,0.3004,1
90,f2ad168c9e0b7534,,wastar,"{""w"": 2.0}",regressor,"{""checkpoint"": ""../phase2_model_training/checkpoints/regressor/best_model.pt"", ""device"": ""mps""}",40.00,1,solved,54,,119,392,119,273,0.2609,0.2677,1
91,72ecf9a1b5864d30,,wastar,"{""w"": 2.0}",regressor,"{""checkpoint"": ""../phase2_model_training/checkpoints/regressor/best_model.pt"", ""device"": ""mps""}",46.00,1,solved,54,,76,252,76,176,0.1839,0.1888,1
92,f3cd20e98b45671a,,wastar,"{""w"": 2.0}",regressor,"{""checkpoint"": ""../phase2_model_training/checkpoints/regressor/best_model.pt"", ""device"": ""mps""}",42.00,1,solved,46,,55,175,56,121,0.1381,0.1420,1
93,5fd43029be618ac7,,wastar,"{""w"": 2.0}",regressor,"{""checkpoint"": ""../phase2_model_training/checkpoints/regressor/best_model.pt"", ""device"": ""mps""}",49.00,1,solved,52,,58,192,59,135,0.1492,0.1535,1
94,c2ed4f9a057168b3,,wastar,"{""w"": 2.0}",regressor,"{""checkpoint"": ""../phase2_model_training/checkpoints/regressor/best_model.pt"", ""device"": ""mps""}",50.00,1,solved,70,,373,1175,340,722,0.7724,0.7970,1
95,9f6e7358ab1d204c,,wastar,"{""w"": 2.0}",regressor,"{""checkpoint"": ""../phase2_model_training/checkpoints/regressor/best_model.pt"", ""device"": ""mps""}",41.00,1,solved,52,,210,665,204,438,0.4533,0.4662,1
96,b15afc3472e8d096,,wastar,"{""w"": 2.0}",regressor,"{""checkpoint"": ""../phase2_model_training/checkpoints/regressor/best_model.pt"", ""device"": ""mps""}",51.00,1,solved,62,,192,616,174,381,0.3772,0.3878,1
97,efdc2943a75860b1,,wastar,"{""w"": 2.0}",regressor,"{""checkpoint"": ""../phase2_model_training/checkpoints/regressor/best_model.pt"", ""device"": ""mps""}",37.00,1,solved,40,,51,164,52,114,0.1198,0.1229,1
98,aec2d5f90b861734,,wastar,"{""w"": 2.0}",regressor,"{""checkpoint"": ""../phase2_model_training/checkpoints/regressor/best_model.pt"", ""device"": ""mps""}",41.00,1,solved,46,,55,180,56,126,0.1329,0.1364,1
99,1ac2906e53b7df48,,wastar,"{""w"": 2.0}",regressor,"{""checkpoint"": ""../phase2_model_training/checkpoints/regressor/best_model.pt"", ""device"": ""mps""}",54.00,1,solved,64,,160,506,160,345,0.3800,0.3904,1
0,8ab57e3c01296df4,,gbfs,{},regressor,"{""checkpoint"": ""../phase2_model_training/checkpoints/regressor/best_model.pt"", ""device"": ""mps""}",47.00,1,solved,66,,98,314,98,216,0.2391,0.2462,1
1,8f4a75ed326cb091,,gbfs,{},regressor,"{""checkpoint"": ""../phase2_model_training/checkpoints/regressor/best_model.pt"", ""device"": ""mps""}",41.00,1,solved,58,,112,364,112,252,0.2641,0.2713,1
2,8c0edb4f792536a1,,gbfs,{},regressor,"{""checkpoint"": ""../phase2_model_training/checkpoints/regressor/best_model.pt"", ""device"": ""mps""}",40.00,1,solved,114,,337,1064,337,724,0.7264,0.7465,1
3,5e692f8d0c43ab17,,gbfs,{},regressor,"{""checkpoint"": ""../phase2_model_training/checkpoints/regressor/best_model.pt"", ""device"": ""mps""}",48.00,1,solved,102,,282,882,282,597,0.7082,0.7275,1
4,01d46fe2bac57398,,gbfs,{},regressor,"{""checkpoint"": ""../phase2_model_training/checkpoints/regressor/best_model.pt"", ""device"": ""mps""}",44.00,1,solved,92,,208,655,208,445,0.5001,0.5139,1
5,ebc8f514da296370,,gbfs,{},regressor,"{""checkpoint"": ""../phase2_model_training/checkpoints/regressor/best_model.pt"", ""device"": ""mps""}",40.00,1,solved,42,,43,140,44,98,0.0987,0.1021,1
6,87c53fbd2e0614a9,,gbfs,{},regressor,"{""checkpoint"": ""../phase2_model_training/checkpoints/regressor/best_model.pt"", ""device"": ""mps""}",37.00,1,solved,94,,274,857,274,580,0.5658,0.5819,1
7,bc9eaf64035d2178,,gbfs,{},regressor,"{""checkpoint"": ""../phase2_model_training/checkpoints/regressor/best_model.pt"", ""device"": ""mps""}",36.00,1,solved,70,,186,584,186,396,0.3856,0.3968,1
8,d957c832a46be0f1,,gbfs,{},regressor,"{""checkpoint"": ""../phase2_model_training/checkpoints/regressor/best_model.pt"", ""device"": ""mps""}",56.00,1,solved,98,,270,846,270,573,0.6215,0.6382,1
9,a49e3db67f05281c,,gbfs,{},regressor,"{""checkpoint"": ""../phase2_model_training/checkpoints/regressor/best_model.pt"", ""device"": ""mps""}",45.00,1,solved,86,,216,681,216,463,0.5838,0.5989,1
10,fc0b42a5378e619d,,gbfs,{},regressor,"{""checkpoint"": ""../phase2_model_training/checkpoints/regressor/best_model.pt"", ""device"": ""mps""}",47.00,1,solved,116,,301,948,301,644,0.6724,0.6897,1
11,c2b1ea483f95d760,,gbfs,{},regressor,"{""checkpoint"": ""../phase2_model_training/checkpoints/regressor/best_model.pt"", ""device"": ""mps""}",48.00,1,solved,84,,209,660,209,449,0.4013,0.4119,1
12,c25d10e873ab96f4,,gbfs,{},regressor,"{""checkpoint"": ""../phase2_model_training/checkpoints/regressor/best_model.pt"", ""device"": ""mps""}",51.00,1,solved,112,,286,914,286,625,0.6925,0.7115,1
13,e8f470ab21dc5693,,gbfs,{},regressor,"{""checkpoint"": ""../phase2_model_training/checkpoints/regressor/best_model.pt"", ""device"": ""mps""}",48.00,1,solved,96,,277,870,277,590,0.6474,0.6666,1
14,72596c10aedf3b84,,gbfs,{},regressor,"{""checkpoint"": ""../phase2_model_training/checkpoints/regressor/best_model.pt"", ""device"": ""mps""}",48.00,1,solved,100,,227,719,227,490,0.3631,0.3735,1
15,ef2d501b867a934c,,gbfs,{},regressor,"{""checkpoint"": ""../phase2_model_training/checkpoints/regressor/best_model.pt"", ""device"": ""mps""}",47.00,1,solved,94,,271,855,271,581,0.4753,0.4879,1
16,ad84c615be0239f7,,gbfs,{},regressor,"{""checkpoint"": ""../phase2_model_training/checkpoints/regressor/best_model.pt"", ""device"": ""mps""}",42.00,1,solved,62,,86,276,86,190,0.1895,0.1945,1
17,bf4dac98560e3217,,gbfs,{},regressor,"{""checkpoint"": ""../phase2_model_training/checkpoints/regressor/best_model.pt"", ""device"": ""mps""}",39.00,1,solved,42,,45,147,46,103,0.1093,0.1122,1
18,bd08947ce6a1f352,,gbfs,{},regressor,"{""checkpoint"": ""../phase2_model_training/checkpoints/regressor/best_model.pt"", ""device"": ""mps""}",37.00,1,solved,36,,36,115,37,80,0.0883,0.0907,1
19,3ea4bcdf75069218,,gbfs,{},regressor,"{""checkpoint"": ""../phase2_model_training/checkpoints/regressor/best_model.pt"", ""device"": ""mps""}",46.00,1,solved,68,,153,482,153,329,0.2422,0.2491,1
20,2b8d1e3c590476af,,gbfs,{},regressor,"{""checkpoint"": ""../phase2_model_training/checkpoints/regressor/best_model.pt"", ""device"": ""mps""}",48.00,1,solved,60,,66,221,67,156,0.0890,0.0914,1
21,8fc2a069d1eb3754,,gbfs,{},regressor,"{""checkpoint"": ""../phase2_model_training/checkpoints/regressor/best_model.pt"", ""device"": ""mps""}",45.00,1,solved,62,,69,222,70,154,0.0914,0.0940,1
22,fc5ae0d17324b986,,gbfs,{},regressor,"{""checkpoint"": ""../phase2_model_training/checkpoints/regressor/best_model.pt"", ""device"": ""mps""}",41.00,1,solved,86,,213,672,213,457,0.2891,0.2970,1
23,afb57e4608cd3291,,gbfs,{},regressor,"{""checkpoint"": ""../phase2_model_training/checkpoints/regressor/best_model.pt"", ""device"": ""mps""}",38.00,1,solved,48,,50,166,51,117,0.0686,0.0705,1
24,bdcea7f506482931,,gbfs,{},regressor,"{""checkpoint"": ""../phase2_model_training/checkpoints/regressor/best_model.pt"", ""device"": ""mps""}",38.00,1,solved,96,,293,924,293,628,0.3870,0.3982,1
25,06cd48791ef5b3a2,,gbfs,{},regressor,"{""checkpoint"": ""../phase2_model_training/checkpoints/regressor/best_model.pt"", ""device"": ""mps""}",49.00,1,solved,70,,82,267,83,186,0.1093,0.1123,1
26,af0e769c1d28b345,,gbfs,{},regressor,"{""checkpoint"": ""../phase2_model_training/checkpoints/regressor/best_model.pt"", ""device"": ""mps""}",30.00,1,solved,46,,66,208,66,142,0.0860,0.0884,1
27,da5c9164037feb82,,gbfs,{},regressor,"{""checkpoint"": ""../phase2_model_training/checkpoints/regressor/best_model.pt"", ""device"": ""mps""}",44.00,1,solved,64,,96,307,96,211,0.1244,0.1277,1
28,f9ce7168d34520ba,,gbfs,{},regressor,"{""checkpoint"": ""../phase2_model_training/checkpoints/regressor/best_model.pt"", ""device"": ""mps""}",40.00,1,solved,54,,84,273,84,189,0.1328,0.1367,1
29,8c94bef105d2a673,,gbfs,{},regressor,"{""checkpoint"": ""../phase2_model_training/checkpoints/regressor/best_model.pt"", ""device"": ""mps""}",41.00,1,solved,44,,45,141,46,97,0.0989,0.1020,1
30,b65e19da284cf073,,gbfs,{},regressor,"{""checkpoint"": ""../phase2_model_training/checkpoints/regressor/best_model.pt"", ""device"": ""mps""}",49.00,1,solved,60,,70,217,71,148,0.1654,0.1701,1
31,fbe97065dc813a24,,gbfs,{},regressor,"{""checkpoint"": ""../phase2_model_training/checkpoints/regressor/best_model.pt"", ""device"": ""mps""}",33.00,1,solved,66,,145,464,145,319,0.2695,0.2776,1
32,f9b47de035a216c8,,gbfs,{},regressor,"{""checkpoint"": ""../phase2_model_training/checkpoints/regressor/best_model.pt"", ""device"": ""mps""}",42.00,1,solved,60,,67,206,68,140,0.1583,0.1625,1
33,b7da6045ce19f238,,gbfs,{},regressor,"{""checkpoint"": ""../phase2_model_training/checkpoints/regressor/best_model.pt"", ""device"": ""mps""}",46.00,1,solved,58,,62,205,63,144,0.1440,0.1478,1
34,6ecab52037d8f419,,gbfs,{},regressor,"{""checkpoint"": ""../phase2_model_training/checkpoints/regressor/best_model.pt"", ""device"": ""mps""}",43.00,1,solved,54,,79,247,79,168,0.1759,0.1805,1
35,91b6308e25fdac74,,gbfs,{},regressor,"{""checkpoint"": ""../phase2_model_training/checkpoints/regressor/best_model.pt"", ""device"": ""mps""}",49.00,1,solved,60,,61,204,62,144,0.1402,0.1441,1
36,b1fcda64e3092758,,gbfs,{},regressor,"{""checkpoint"": ""../phase2_model_training/checkpoints/regressor/best_model.pt"", ""device"": ""mps""}",36.00,1,solved,86,,258,816,258,555,0.5288,0.5435,1
37,db85639caf47e012,,gbfs,{},regressor,"{""checkpoint"": ""../phase2_model_training/checkpoints/regressor/best_model.pt"", ""device"": ""mps""}",46.00,1,solved,74,,121,386,121,265,0.2626,0.2696,1
38,8baef09374dc1625,,gbfs,{},regressor,"{""checkpoint"": ""../phase2_model_training/checkpoints/regressor/best_model.pt"", ""device"": ""mps""}",44.00,1,solved,60,,80,254,80,174,0.1692,0.1739,1
39,59c6e830fb2a741d,,gbfs,{},regressor,"{""checkpoint"": ""../phase2_model_training/checkpoints/regressor/best_model.pt"", ""device"": ""mps""}",45.00,1,solved,66,,83,264,84,182,0.1854,0.1906,1
40,8dfce0a92b453671,,gbfs,{},regressor,"{""checkpoint"": ""../phase2_model_training/checkpoints/regressor/best_model.pt"", ""device"": ""mps""}",37.00,1,solved,56,,78,252,78,174,0.1795,0.1845,1
41,9f7385debc64a021,,gbfs,{},regressor,"{""checkpoint"": ""../phase2_model_training/checkpoints/regressor/best_model.pt"", ""device"": ""mps""}",49.00,1,solved,68,,88,284,88,196,0.2016,0.2071,1
42,4ec8b659d3f17a20,,gbfs,{},regressor,"{""checkpoint"": ""../phase2_model_training/checkpoints/regressor/best_model.pt"", ""device"": ""mps""}",42.00,1,solved,100,,274,861,274,584,0.6478,0.6652,1
43,d908e16ca7b5f324,,gbfs,{},regressor,"{""checkpoint"": ""../phase2_model_training/checkpoints/regressor/best_model.pt"", ""device"": ""mps""}",33.00,1,solved,88,,264,832,264,565,0.5199,0.5345,1
44,fea98d5432c6b170,,gbfs,{},regressor,"{""checkpoint"": ""../phase2_model_training/checkpoints/regressor/best_model.pt"", ""device"": ""mps""}",42.00,1,solved,64,,76,245,77,170,0.1733,0.1779,1
45,c9bd74f50e6132a8,,gbfs,{},regressor,"{""checkpoint"": ""../phase2_model_training/checkpoints/regressor/best_model.pt"", ""device"": ""mps""}",41.00,1,solved,48,,51,167,52,117,0.1361,0.1409,1
46,658b1f7cad0e9324,,gbfs,{},regressor,"{""checkpoint"": ""../phase2_model_training/checkpoints/regressor/best_model.pt"", ""device"": ""mps""}",46.00,1,solved,60,,63,205,64,143,0.1546,0.1604,1
47,cb03ad8e497652f1,,gbfs,{},regressor,"{""checkpoint"": ""../phase2_model_training/checkpoints/regressor/best_model.pt"", ""device"": ""mps""}",56.00,1,solved,74,,82,264,83,183,0.1871,0.1921,1
48,ab09c538e671f24d,,gbfs,{},regressor,"{""checkpoint"": ""../phase2_model_training/checkpoints/regressor/best_model.pt"", ""device"": ""mps""}",45.00,1,solved,68,,85,275,86,191,0.2084,0.2139,1
49,bd2cf64a35e71098,,gbfs,{},regressor,"{""checkpoint"": ""../phase2_model_training/checkpoints/regressor/best_model.pt"", ""device"": ""mps""}",42.00,1,solved,64,,106,333,106,227,0.2740,0.2812,1
50,da627fbe01c83954,,gbfs,{},regressor,"{""checkpoint"": ""../phase2_model_training/checkpoints/regressor/best_model.pt"", ""device"": ""mps""}",40.00,1,solved,102,,279,882,279,600,0.6875,0.7067,1
51,ed2810493f567bca,,gbfs,{},regressor,"{""checkpoint"": ""../phase2_model_training/checkpoints/regressor/best_model.pt"", ""device"": ""mps""}",48.00,1,solved,94,,222,708,222,484,0.5038,0.5172,1
52,abf68d190c32745e,,gbfs,{},regressor,"{""checkpoint"": ""../phase2_model_training/checkpoints/regressor/best_model.pt"", ""device"": ""mps""}",48.00,1,solved,78,,98,314,98,216,0.2454,0.2522,1
53,e9c8f52b0137a4d6,,gbfs,{},regressor,"{""checkpoint"": ""../phase2_model_training/checkpoints/regressor/best_model.pt"", ""device"": ""mps""}",45.00,1,solved,64,,86,280,86,194,0.2055,0.2112,1
54,1c563a8de704fb92,,gbfs,{},regressor,"{""checkpoint"": ""../phase2_model_training/checkpoints/regressor/best_model.pt"", ""device"": ""mps""}",48.00,1,solved,88,,216,682,216,464,0.5232,0.5373,1
55,e35cfa28791b6d40,,gbfs,{},regressor,"{""checkpoint"": ""../phase2_model_training/checkpoints/regressor/best_model.pt"", ""device"": ""mps""}",41.00,1,solved,56,,62,198,63,137,0.1588,0.1630,1
56,c2a4f1798d05eb36,,gbfs,{},regressor,"{""checkpoint"": ""../phase2_model_training/checkpoints/regressor/best_model.pt"", ""device"": ""mps""}",48.00,1,solved,58,,77,248,77,171,0.1924,0.1977,1
57,e628f0da179b3c54,,gbfs,{},regressor,"{""checkpoint"": ""../phase2_model_training/checkpoints/regressor/best_model.pt"", ""device"": ""mps""}",43.00,1,solved,72,,104,338,104,234,0.2528,0.2601,1
58,1a7df295b6048ec3,,gbfs,{},regressor,"{""checkpoint"": ""../phase2_model_training/checkpoints/regressor/best_model.pt"", ""device"": ""mps""}",50.00,1,solved,68,,78,261,79,184,0.1828,0.1874,1
59,afd862537be491c0,,gbfs,{},regressor,"{""checkpoint"": ""../phase2_model_training/checkpoints/regressor/best_model.pt"", ""device"": ""mps""}",42.00,1,solved,58,,81,252,81,171,0.2135,0.2186,1
60,9a7cdb682e31f450,,gbfs,{},regressor,"{""checkpoint"": ""../phase2_model_training/checkpoints/regressor/best_model.pt"", ""device"": ""mps""}",39.00,1,solved,98,,279,877,279,595,0.7251,0.7451,1
61,dc1875fea6023b49,,gbfs,{},regressor,"{""checkpoint"": ""../phase2_model_training/checkpoints/regressor/best_model.pt"", ""device"": ""mps""}",42.00,1,solved,104,,284,898,284,611,0.7013,0.7204,1
62,15fd76b2ea0948c3,,gbfs,{},regressor,"{""checkpoint"": ""../phase2_model_training/checkpoints/regressor/best_model.pt"", ""device"": ""mps""}",54.00,1,solved,78,,90,295,91,206,0.1934,0.1987,1
63,bf8e9a62d4051c73,,gbfs,{},regressor,"{""checkpoint"": ""../phase2_model_training/checkpoints/regressor/best_model.pt"", ""device"": ""mps""}",47.00,1,solved,58,,83,264,83,181,0.1652,0.1695,1
64,eac510fd29b83674,,gbfs,{},regressor,"{""checkpoint"": ""../phase2_model_training/checkpoints/regressor/best_model.pt"", ""device"": ""mps""}",39.00,1,solved,62,,68,223,69,156,0.1592,0.1633,1
65,7ea81b3504cf296d,,gbfs,{},regressor,"{""checkpoint"": ""../phase2_model_training/checkpoints/regressor/best_model.pt"", ""device"": ""mps""}",48.00,1,solved,80,,149,466,149,317,0.3310,0.3403,1
66,f68c9eb03475a12d,,gbfs,{},regressor,"{""checkpoint"": ""../phase2_model_training/checkpoints/regressor/best_model.pt"", ""device"": ""mps""}",46.00,1,solved,80,,155,490,155,335,0.3891,0.3996,1
67,3f75e0a4169bdc28,,gbfs,{},regressor,"{""checkpoint"": ""../phase2_model_training/checkpoints/regressor/best_model.pt"", ""device"": ""mps""}",54.00,1,solved,60,,87,279,87,192,0.2570,0.2636,1
68,cbf92d316805ea47,,gbfs,{},regressor,"{""checkpoint"": ""../phase2_model_training/checkpoints/regressor/best_model.pt"", ""device"": ""mps""}",50.00,1,solved,100,,217,689,217,470,0.6397,0.6564,1
69,4fec5a10728db963,,gbfs,{},regressor,"{""checkpoint"": ""../phase2_model_training/checkpoints/regressor/best_model.pt"", ""device"": ""mps""}",46.00,1,solved,102,,264,834,264,567,0.6836,0.7011,1
70,b9da7f813e0c2465,,gbfs,{},regressor,"{""checkpoint"": ""../phase2_model_training/checkpoints/regressor/best_model.pt"", ""device"": ""mps""}",30.00,1,solved,48,,74,234,74,160,0.1855,0.1906,1
71,2edc9386f70a41b5,,gbfs,{},regressor,"{""checkpoint"": ""../phase2_model_training/checkpoints/regressor/best_model.pt"", ""device"": ""mps""}",41.00,1,solved,64,,100,326,100,226,0.2663,0.2735,1
72,671d98a0fe4cb325,,gbfs,{},regressor,"{""checkpoint"": ""../phase2_model_training/checkpoints/regressor/best_model.pt"", ""device"": ""mps""}",39.00,1,solved,64,,78,247,79,170,0.2278,0.2338,1
73,b7f9e0a23c46d815,,gbfs,{},regressor,"{""checkpoint"": ""../phase2_model_training/checkpoints/regressor/best_model.pt"", ""device"": ""mps""}",47.00,1,solved,76,,159,504,159,345,0.4430,0.4549,1
74,a68fd5c09eb23714,,gbfs,{},regressor,"{""checkpoint"": ""../phase2_model_training/checkpoints/regressor/best_model.pt"", ""device"": ""mps""}",40.00,1,solved,48,,70,226,70,156,0.1953,0.2000,1
75,bea52019df867c34,,gbfs,{},regressor,"{""checkpoint"": ""../phase2_model_training/checkpoints/regressor/best_model.pt"", ""device"": ""mps""}",44.00,1,solved,50,,52,172,53,121,0.1316,0.1350,1
76,d7cab1940f82635e,,gbfs,{},regressor,"{""checkpoint"": ""../phase2_model_training/checkpoints/regressor/best_model.pt"", ""device"": ""mps""}",44.00,1,solved,62,,90,287,90,197,0.1890,0.1940,1
77,c30b52d479a8ef16,,gbfs,{},regressor,"{""checkpoint"": ""../phase2_model_training/checkpoints/regressor/best_model.pt"", ""device"": ""mps""}",56.00,1,solved,110,,279,881,279,599,0.7354,0.7550,1
78,278cef9d0b64a135,,gbfs,{},regressor,"{""checkpoint"": ""../phase2_model_training/checkpoints/regressor/best_model.pt"", ""device"": ""mps""}",44.00,1,solved,58,,62,206,63,145,0.1772,0.1819,1
79,ac09f2d1b38645e7,,gbfs,{},regressor,"{""checkpoint"": ""../phase2_model_training/checkpoints/regressor/best_model.pt"", ""device"": ""mps""}",44.00,1,solved,94,,212,671,212,457,0.5291,0.5447,1
80,bde8a0c963247f15,,gbfs,{},regressor,"{""checkpoint"": ""../phase2_model_training/checkpoints/regressor/best_model.pt"", ""device"": ""mps""}",36.00,1,solved,90,,253,791,253,535,0.5323,0.5479,1
81,27c619a8b3e54df0,,gbfs,{},regressor,"{""checkpoint"": ""../phase2_model_training/checkpoints/regressor/best_model.pt"", ""device"": ""mps""}",53.00,1,solved,104,,275,864,275,586,0.5022,0.5159,1
82,faec9d106b584723,,gbfs,{},regressor,"{""checkpoint"": ""../phase2_model_training/checkpoints/regressor/best_model.pt"", ""device"": ""mps""}",36.00,1,solved,48,,53,177,54,125,0.1212,0.1244,1
83,bae9c12534d786f0,,gbfs,{},regressor,"{""checkpoint"": ""../phase2_model_training/checkpoints/regressor/best_model.pt"", ""device"": ""mps""}",51.00,1,solved,76,,85,274,86,190,0.2009,0.2064,1
84,0fb47a9d86ec5321,,gbfs,{},regressor,"{""checkpoint"": ""../phase2_model_training/checkpoints/regressor/best_model.pt"", ""device"": ""mps""}",39.00,1,solved,56,,65,212,66,148,0.1458,0.1497,1
85,af059bd6e14c2738,,gbfs,{},regressor,"{""checkpoint"": ""../phase2_model_training/checkpoints/regressor/best_model.pt"", ""device"": ""mps""}",40.00,1,solved,98,,241,757,241,514,0.5731,0.5888,1
86,ef046b9ca3d27581,,gbfs,{},regressor,"{""checkpoint"": ""../phase2_model_training/checkpoints/regressor/best_model.pt"", ""device"": ""mps""}",38.00,1,solved,64,,85,268,85,183,0.2015,0.2070,1
87,e357d4bc8106f9a2,,gbfs,{},regressor,"{""checkpoint"": ""../phase2_model_training/checkpoints/regressor/best_model.pt"", ""device"": ""mps""}",53.00,1,solved,58,,60,202,61,143,0.1451,0.1490,1
88,1d59203e7fbca648,,gbfs,{},regressor,"{""checkpoint"": ""../phase2_model_training/checkpoints/regressor/best_model.pt"", ""device"": ""mps""}",46.00,1,solved,60,,72,238,73,167,0.1515,0.1559,1
89,fed8bc9016a37425,,gbfs,{},regressor,"{""checkpoint"": ""../phase2_model_training/checkpoints/regressor/best_model.pt"", ""device"": ""mps""}",34.00,1,solved,50,,119,374,119,255,0.2303,0.2364,1
90,f2ad168c9e0b7534,,gbfs,{},regressor,"{""checkpoint"": ""../phase2_model_training/checkpoints/regressor/best_model.pt"", ""device"": ""mps""}",40.00,1,solved,88,,183,587,183,404,0.4132,0.4241,1
91,72ecf9a1b5864d30,,gbfs,{},regressor,"{""checkpoint"": ""../phase2_model_training/checkpoints/regressor/best_model.pt"", ""device"": ""mps""}",46.00,1,solved,56,,58,199,59,142,0.1401,0.1439,1
92,f3cd20e98b45671a,,gbfs,{},regressor,"{""checkpoint"": ""../phase2_model_training/checkpoints/regressor/best_model.pt"", ""device"": ""mps""}",42.00,1,solved,54,,55,179,56,125,0.1316,0.1351,1
93,5fd43029be618ac7,,gbfs,{},regressor,"{""checkpoint"": ""../phase2_model_training/checkpoints/regressor/best_model.pt"", ""device"": ""mps""}",49.00,1,solved,90,,206,646,206,438,0.4840,0.4970,1
94,c2ed4f9a057168b3,,gbfs,{},regressor,"{""checkpoint"": ""../phase2_model_training/checkpoints/regressor/best_model.pt"", ""device"": ""mps""}",50.00,1,solved,62,,78,256,79,179,0.1902,0.1952,1
95,9f6e7358ab1d204c,,gbfs,{},regressor,"{""checkpoint"": ""../phase2_model_training/checkpoints/regressor/best_model.pt"", ""device"": ""mps""}",41.00,1,solved,54,,99,317,99,218,0.2365,0.2431,1
96,b15afc3472e8d096,,gbfs,{},regressor,"{""checkpoint"": ""../phase2_model_training/checkpoints/regressor/best_model.pt"", ""device"": ""mps""}",51.00,1,solved,74,,81,272,82,192,0.1987,0.2043,1
97,efdc2943a75860b1,,gbfs,{},regressor,"{""checkpoint"": ""../phase2_model_training/checkpoints/regressor/best_model.pt"", ""device"": ""mps""}",37.00,1,solved,48,,49,160,50,112,0.0890,0.0916,1
98,aec2d5f90b861734,,gbfs,{},regressor,"{""checkpoint"": ""../phase2_model_training/checkpoints/regressor/best_model.pt"", ""device"": ""mps""}",41.00,1,solved,56,,108,345,108,237,0.1760,0.1808,1
99,1ac2906e53b7df48,,gbfs,{},regressor,"{""checkpoint"": ""../phase2_model_training/checkpoints/regressor/best_model.pt"", ""device"": ""mps""}",54.00,1,solved,96,,225,722,225,495,0.4125,0.4235,1
